movie_id	year	id	character_name	actor_name	actor_imdb	gender	role	importance	seconds
a.boy.named.cha_tt0064107	1969	Charlie_Brown	Charlie_Brown		nm0730435	male	protagonist		2450.98
a.boy.named.cha_tt0064107	1969	Linus_Van_Pelt	Linus_Van_Pelt		nm0318537	male	protagonist		1231.08
a.boy.named.cha_tt0064107	1969	Lucy_Van_Pelt	Lucy_Van_Pelt		nm0272244	female	antagonist		998.22
a.boy.named.cha_tt0064107	1969	Schroeder	Schroeder		nm0679568	male			460.05
a.boy.named.cha_tt0064107	1969	Frieda	Frieda		nm0578883	female			119.08
a.boy.named.cha_tt0064107	1969	Violet_Gray	Violet_Gray		nm0022817	female	antagonist		297.47
a.boy.named.cha_tt0064107	1969	Patty	Patty		nm0238741	female	antagonist		485.49
a.boy.named.cha_tt0064107	1969	Pig_Pen	Pig_Pen		nm0002211	male			36.50
a.boy.named.cha_tt0064107	1969	Sally_Brown	Sally_Brown		nm0838060	unknown			178.39
a.boy.named.cha_tt0064107	1969	Snoopy	Snoopy		nm0006837	male	protagonist		356.32
a.boy.named.cha_tt0064107	1969	3rd_Boy	3rd_Boy		nm0679569	unknown			33.08
a.boy.named.cha_tt0064107	1969	2nd_Boy	2nd_Boy		nm0136931	unknown			13.89
a.bugs.life_tt0120623	1998	Princess_Atta	Princess_Atta		nm0000506	female	protagonist		302.80
a.bugs.life_tt0120623	1998	Dot	Dot		nm0659363	female	protagonist		1062.48
a.bugs.life_tt0120623	1998	Flik	Flik		nm0004929	male	protagonist		108.32
a.bugs.life_tt0120623	1998	Mr._Soil	Mr._Soil		nm0001522	male			792.17
a.bugs.life_tt0120623	1998	Doctor_Flora	Doctor_Flora		nm0566052	female			352.02
a.bugs.life_tt0120623	1998	Cornelius	Cornelius		nm0652250	male			133.26
a.bugs.life_tt0120623	1998	Queen	Queen		nm0226887	female	protagonist		247.71
a.bugs.life_tt0120623	1998	Rosie	Rosie		nm0001372	female			333.33
a.bugs.life_tt0120623	1998	Francis	Francis		nm0001459	male			392.14
a.bugs.life_tt0120623	1998	Loco	Loco			unknown			119.16
a.bugs.life_tt0120623	1998	Axel	Axel		nm0348562	male			147.36
a.bugs.life_tt0120623	1998	Molt	Molt		nm0454236	male	antagonist		115.99
a.bugs.life_tt0120623	1998	P.T._Flea	P.T._Flea		nm0001652	male			51.80
a.bugs.life_tt0120623	1998	Hopper	Hopper		nm0000228	male	antagonist		258.80
a.bugs.life_tt0120623	1998	Harry_Mosquito	Harry_Mosquito		nm0120309	male			26.19
a.bugs.life_tt0120623	1998	Gypsy	Gypsy		nm0001404	female			318.44
a.bugs.life_tt0120623	1998	Dim	Dim		nm0004951	male			103.02
a.bugs.life_tt0120623	1998	Fly_Brother_#1	Fly_Brother_#1			unknown			26.36
a.bugs.life_tt0120623	1998	Thud	Thud		nm0029460	male			27.44
a.bugs.life_tt0120623	1998	Manny	Manny		nm0364893	male			239.91
a.bugs.life_tt0120623	1998	Tuck_and_Roll	Tuck_and_Roll		nm0574540	male			195.45
a.christmas.car_tt1067106	2009	Ebenezer_Scrooge	Ebenezer_Scrooge		nm0000120	male	protagonist		1488.24
a.christmas.car_tt1067106	2009	Funerary_Undertaker	Funerary_Undertaker		nm0884313	male			62.04
a.christmas.car_tt1067106	2009	Undertaker's_Apprentice	Undertaker's_Apprentice		nm0754512	male			60.84
a.christmas.car_tt1067106	2009	Caroline	Caroline		nm0557739	female			38.60
a.christmas.car_tt1067106	2009	Tiny_Tim	Tiny_Tim		nm2452327	male	protagonist		115.08
a.christmas.car_tt1067106	2009	Scrooge_as_a_Teenage_Boy	Scrooge_as_a_Teenage_Boy			unknown			57.76
a.christmas.car_tt1067106	2009	Want_Woman	Want_Woman		nm0719444	unknown			14.32
a.christmas.car_tt1067106	2009	Mrs._Cratchit	Mrs._Cratchit		nm0544334	female			170.16
a.christmas.car_tt1067106	2009	Belinda_Cratchit	Belinda_Cratchit		nm0703939	female			113.24
a.christmas.car_tt1067106	2009	Bob_Cratchit	Bob_Cratchit		nm0000198	male	protagonist		286.76
a.christmas.car_tt1067106	2009	Fred's_Wife	Fred's_Wife		nm0366667	female			39.60
a.christmas.car_tt1067106	2009	Want_Girl	Want_Girl		nm1767820	female			13.28
a.christmas.car_tt1067106	2009	Caroline's_Husband	Caroline's_Husband		nm0089485	male			29.92
a.christmas.car_tt1067106	2009	Portly_Gentleman	Portly_Gentleman		nm0000144	male			83.04
a.christmas.car_tt1067106	2009	Fat_Cook	Fat_Cook		nm0391327	male			6.68
a.christmas.car_tt1067106	2009	Ignorance_Man	Ignorance_Man		nm0398473	unknown			5.84
a.christmas.car_tt1067106	2009	Fred	Fred		nm0000147	male	protagonist		196.00
a.christmas.car_tt1067106	2009	Scrooge_as_a_Young_Man	Scrooge_as_a_Young_Man		nm0000120	male			103.24
a.christmas.car_tt1067106	2009	Fred's_Sister-in-Law	Fred's_Sister-in-Law		nm0055444	female			72.64
a.christmas.car_tt1067106	2009	Scrooge_as_a_Middle-Aged_Man	Scrooge_as_a_Middle-Aged_Man		nm0000120	male			35.44
a.christmas.car_tt1067106	2009	Fezziwig	Fezziwig		nm0001364	male			45.92
a.christmas.car_tt1067106	2009	Business_Man_2	Business_Man_2		nm0085860	male			29.00
a.christmas.car_tt1067106	2009	Jacob_Marley	Jacob_Marley		nm0000198	male	protagonist		157.96
a.christmas.car_tt1067106	2009	Mrs._Fezziwig	Mrs._Fezziwig		nm0055444	female			20.56
a.christmas.car_tt1067106	2009	Ghost_of_Christmas_Past	Ghost_of_Christmas_Past		nm0000120	male	protagonist		192.80
a.christmas.car_tt1067106	2009	Belle	Belle		nm0000705	female			103.08
a.christmas.car_tt1067106	2009	Ghost_of_Christmas_Present	Ghost_of_Christmas_Present		nm0000120	male	protagonist		154.80
a.christmas.car_tt1067106	2009	Ignorance_Boy	Ignorance_Boy		nm2452327	male			9.40
a.christmas.car_tt1067106	2009	Mrs._Dilber	Mrs._Dilber		nm0001217	female			55.68
a.goofy.movie_tt0113198	1995	Max_Goof	Max_Goof		nm0005189	male	protagonist		1862.23
a.goofy.movie_tt0113198	1995	Roxanne	Roxanne		nm0005192	female	protagonist		331.46
a.goofy.movie_tt0113198	1995	Miss_Maples	Miss_Maples		nm0941506	female			63.94
a.goofy.movie_tt0113198	1995	Goofy	Goofy		nm0267724	male	protagonist		1258.05
a.goofy.movie_tt0113198	1995	Goth_Girls	Goth_Girls			unknown			58.47
a.goofy.movie_tt0113198	1995	Powerline	Powerline		nm0004796	male			63.77
a.goofy.movie_tt0113198	1995	Lisa	Lisa		nm0113935	female			53.22
a.goofy.movie_tt0113198	1995	P.J.	P.J.		nm0667326	male	protagonist		197.66
a.goofy.movie_tt0113198	1995	Nerdy_kid	Nerdy_kid			unknown			24.98
a.goofy.movie_tt0113198	1995	Stacey	Stacey		nm0001883	female			75.95
a.goofy.movie_tt0113198	1995	Bobby_Zimuruski	Bobby_Zimuruski			male	protagonist		145.19
a.goofy.movie_tt0113198	1995	Bigfoot	Bigfoot		nm0919798	male	antagonist		69.69
a.goofy.movie_tt0113198	1995	Pete	Pete		nm0191906	male	antagonist		230.90
a.goofy.movie_tt0113198	1995	Roxanne's_Father	Roxanne's_Father			male			12.05
a.goofy.movie_tt0113198	1995	Lester_the_Possum	Lester_the_Possum		nm0510674	male			24.86
abominable_tt6324278	2019	Dr._Zara	Dr._Zara		nm0005299	female	antagonist		379.09
abominable_tt6324278	2019	Teenage_Girl_#2	Teenage_Girl_#2		nm3174887	unknown			35.04
abominable_tt6324278	2019	Mei	Mei		nm2800003	female			134.26
abominable_tt6324278	2019	Teenage_Girl_#1	Teenage_Girl_#1		nm2374936	unknown			49.59
abominable_tt6324278	2019	Goon_Leader	Goon_Leader		nm0226206	unknown	antagonist		242.20
abominable_tt6324278	2019	Everest	Everest		nm1660488	male	protagonist		931.93
abominable_tt6324278	2019	Peng	Peng		nm5294965	male	protagonist		808.85
abominable_tt6324278	2019	Van_Driver	Van_Driver		nm0222175	male			33.70
abominable_tt6324278	2019	Female_Customer	Female_Customer		nm2374936	unknown			32.12
abominable_tt6324278	2019	Merchant	Merchant		nm0157312	male			5.92
abominable_tt6324278	2019	Jin	Jin		nm5529735	male	protagonist		976.44
abominable_tt6324278	2019	Nai_Nai	Nai_Nai		nm0157796	female			150.86
abominable_tt6324278	2019	Yi	Yi		nm4032297	female	protagonist		1782.20
abominable_tt6324278	2019	Boy's_Mom	Boy's_Mom		nm2374936	unknown			6.92
abominable_tt6324278	2019	Dock_Worker	Dock_Worker		nm0401235	female			2.42
abominable_tt6324278	2019	Teenage_Boy	Teenage_Boy		nm3419526	unknown			30.61
abominable_tt6324278	2019	Burnish	Burnish		nm0412850	male	antagonist		317.11
abominable_tt6324278	2019	Goons	Goons		nm0659004	unknown			74.28
abominable_tt6324278	2019	Jin_Impersonator	Jin_Impersonator		nm0152059	male			5.09
abominable_tt6324278	2019	Yak_Herder	Yak_Herder		nm0393222	male			11.51
addams.family.2_tt11125620	2021	Dorky_Girl	Dorky_Girl		nm2236836	female			4.80
addams.family.2_tt11125620	2021	Cyrus_Strange	Cyrus_Strange		nm0352778	male	antagonist		433.06
addams.family.2_tt11125620	2021	Dorky_Boy	Dorky_Boy		nm4232585	male			38.37
addams.family.2_tt11125620	2021	Girl_on_Beach	Girl_on_Beach		nm2236836	female			107.23
addams.family.2_tt11125620	2021	Proposing_Girl	Proposing_Girl		nm2010454	unknown			17.39
addams.family.2_tt11125620	2021	Girl_in_Water	Girl_in_Water		nm1057696	female			28.03
addams.family.2_tt11125620	2021	Gomez_Addams	Gomez_Addams		nm1209966	male	protagonist		979.89
addams.family.2_tt11125620	2021	Pugsley_Addams	Pugsley_Addams		nm9937520	male	protagonist		450.49
addams.family.2_tt11125620	2021	Texas_Lady	Texas_Lady		nm4171388	female			39.00
addams.family.2_tt11125620	2021	Morticia_Addams	Morticia_Addams		nm0000234	female	protagonist		858.61
addams.family.2_tt11125620	2021	Book_Girl	Book_Girl		nm0695497	female			69.69
addams.family.2_tt11125620	2021	Jerk_on_Beach	Jerk_on_Beach		nm2010454	unknown			40.00
addams.family.2_tt11125620	2021	Peggy	Peggy		nm0695497	female			84.13
addams.family.2_tt11125620	2021	Volcano_Kid	Volcano_Kid		nm0695497	female			55.39
addams.family.2_tt11125620	2021	Miss_Lurleen	Miss_Lurleen		nm4171388	female			45.30
addams.family.2_tt11125620	2021	Pageant_Lady	Pageant_Lady		nm4171388	female			49.05
addams.family.2_tt11125620	2021	Festival_Kids	Festival_Kids			unknown			64.52
addams.family.2_tt11125620	2021	Wednesday_Addams	Wednesday_Addams		nm1631269	female	protagonist		973.85
addams.family.2_tt11125620	2021	Uncle_Fester	Uncle_Fester		nm1802209	male	protagonist		463.50
addams.family.2_tt11125620	2021	Ophelia	Ophelia		nm0473873	female			81.33
addams.family.2_tt11125620	2021	Madison	Madison		nm2236836	female			13.68
addams.family.2_tt11125620	2021	Granny	Granny		nm0000541	female			95.14
addams.family.2_tt11125620	2021	Lurch	Lurch		nm0970447	male	protagonist		254.09
addams.family.2_tt11125620	2021	Mr._Mustela	Mr._Mustela		nm0001728	male	antagonist		77.49
addams.family.2_tt11125620	2021	Pongo	Pongo		nm0263252	unknown	antagonist		62.60
addams.family.2_tt11125620	2021	Corny_Girl	Corny_Girl		nm12986287	unknown			29.32
addams.family.2_tt11125620	2021	Merch_Guy	Merch_Guy		nm4056962	unknown			12.01
addams.family.2_tt11125620	2021	Truck_Driver	Truck_Driver		nm2010454	unknown			2.13
addams.family.2_tt11125620	2021	Big_Bad_Ronny	Big_Bad_Ronny		nm2273205	male			47.63
addams.family_tt1620981	2019	Morticia_Addams	Morticia_Addams		nm0000234	female	protagonist		898.48
addams.family_tt1620981	2019	Character_1	Character_1			unknown			97.43
addams.family_tt1620981	2019	Layla	Layla		nm2962353	female			187.31
addams.family_tt1620981	2019	Great_Auntie_Sloom	Great_Auntie_Sloom		nm0507338	female			85.29
addams.family_tt1620981	2019	Priest	Priest		nm0970447	male			59.56
addams.family_tt1620981	2019	Gomez_Addams	Gomez_Addams		nm1209966	male	protagonist		956.66
addams.family_tt1620981	2019	Norman_Pickering	Norman_Pickering		nm0005558	male			101.18
addams.family_tt1620981	2019	Granny	Granny		nm0000541	female			240.57
addams.family_tt1620981	2019	Uncle_Fester	Uncle_Fester		nm1802209	male	protagonist		418.29
addams.family_tt1620981	2019	Parker_Needler	Parker_Needler		nm3220568	female	protagonist		269.19
addams.family_tt1620981	2019	Candi_the_Barista	Candi_the_Barista		nm5700898	female			56.51
addams.family_tt1620981	2019	Lurch	Lurch		nm0970447	male			284.78
addams.family_tt1620981	2019	Wednesday_Addams	Wednesday_Addams		nm1631269	female	protagonist		625.79
addams.family_tt1620981	2019	Pugsley	Pugsley		nm6016511	male	protagonist		473.22
addams.family_tt1620981	2019	Trudy_Pickering	Trudy_Pickering		nm0923909	female			58.98
addams.family_tt1620981	2019	Margaux_Needler	Margaux_Needler		nm0005049	female	antagonist		468.72
addams.family_tt1620981	2019	Glenn	Glenn		nm4270695	male			148.02
addams.family_tt1620981	2019	Bethany	Bethany		nm5104090	female	antagonist		110.28
addams.family_tt1620981	2019	Dr._Flambe	Dr._Flambe		nm0970447	male			17.68
addams.family_tt1620981	2019	Denise	Denise		nm0305083	female			119.58
addams.family_tt1620981	2019	Mitch	Mitch		nm1025419	unknown			14.89
addams.family_tt1620981	2019	Ms._Gravely	Ms._Gravely		nm1143722	female			44.34
addams.family_tt1620981	2019	Kayla	Kayla		nm2962353	female			63.06
addams.family_tt1620981	2019	Cousin_Itt	Cousin_Itt		nm0004879	male			7.59
aladdin_tt0103639	1992	Peddler	Peddler		nm0000245	male			73.28
aladdin_tt0103639	1992	Gazeem	Gazeem		nm0012121	male			49.01
aladdin_tt0103639	1992	Jafar	Jafar		nm0293455	male	antagonist		560.10
aladdin_tt0103639	1992	Iago	Iago		nm0331906	male	antagonist		291.63
aladdin_tt0103639	1992	Aladdin	Aladdin		nm0918334	male	protagonist		1482.36
aladdin_tt0103639	1992	Cave_of_Wonders	Cave_of_Wonders		nm0919798	male			25.65
aladdin_tt0103639	1992	Royal_Guards_(Aladdin)	Royal_Guards_(Aladdin)			male	antagonist		131.38
aladdin_tt0103639	1992	Harem_Girls	Harem_Girls		nm0220635	female			29.95
aladdin_tt0103639	1992	Abu	Abu		nm0919798	male	protagonist		423.88
aladdin_tt0103639	1992	Jasmine	Jasmine		nm0488306	female	protagonist		830.12
aladdin_tt0103639	1992	Elephant_Abu	Elephant_Abu		nm0919798	male			38.96
aladdin_tt0103639	1992	Sultan	Sultan		nm0780528	male	protagonist		347.60
aladdin_tt0103639	1992	Rajah	Rajah		nm0919798	male			98.93
aladdin_tt0103639	1992	Farouk	Farouk		nm0191906	male			38.46
aladdin_tt0103639	1992	Genie	Genie		nm0000245	male	protagonist		528.82
alice.in.wonder_tt0043274	1951	Cards	Cards		nm0054036	male			126.58
alice.in.wonder_tt0043274	1951	White_Rabbit	White_Rabbit		nm0859892	male			177.01
alice.in.wonder_tt0043274	1951	Alice	Alice		nm0064607	female	protagonist		1455.37
alice.in.wonder_tt0043274	1951	Bill_the_Lizard	Bill_the_Lizard		nm0340606	male			39.71
alice.in.wonder_tt0043274	1951	Carpenter	Carpenter		nm0641729	male			96.47
alice.in.wonder_tt0043274	1951	March_Hare	March_Hare		nm0173160	male			160.54
alice.in.wonder_tt0043274	1951	The_Walrus_and_the_Carpenter	The_Walrus_and_the_Carpenter			male			141.47
alice.in.wonder_tt0043274	1951	Mad_Hatter	Mad_Hatter		nm0943956	male			235.61
alice.in.wonder_tt0043274	1951	Cheshire_Cat	Cheshire_Cat		nm0001359	male			152.65
alice.in.wonder_tt0043274	1951	Tweedle_Dee_and_Tweedle_Dum	Tweedle_Dee_and_Tweedle_Dum			unknown			139.10
alice.in.wonder_tt0043274	1951	Queen_of_Hearts	Queen_of_Hearts		nm0271658	female	antagonist		245.75
alice.in.wonder_tt0043274	1951	Flamingos	Flamingos		nm0173416	male			33.87
alice.in.wonder_tt0043274	1951	Alice's_Sister	Alice's_Sister		nm0029456	female			40.67
alice.in.wonder_tt0043274	1951	Dinah	Dinah			female			82.29
alice.in.wonder_tt0043274	1951	The_Doorknob	The_Doorknob		nm0444012	male			77.83
alice.in.wonder_tt0043274	1951	Caucus_Race_Animals	Caucus_Race_Animals			unknown			69.61
alice.in.wonder_tt0043274	1951	Dodo	Dodo		nm0859892	male			75.95
alice.in.wonder_tt0043274	1951	Hammer_and_Pencil_Birds	Hammer_and_Pencil_Birds			unknown			25.57
alice.in.wonder_tt0043274	1951	Caterpillar	Caterpillar		nm0370821	male			99.97
alice.in.wonder_tt0043274	1951	Curious_Oysters	Curious_Oysters		nm0641729	male			45.92
alice.in.wonder_tt0043274	1951	Dormouse	Dormouse		nm0531763	male			29.28
alice.in.wonder_tt0043274	1951	King_of_Hearts	King_of_Hearts		nm0873790	male	antagonist		67.19
alvin.and.the.c_tt0952640	2007	Alvin	Alvin		nm0519043	male	protagonist		806.26
alvin.and.the.c_tt0952640	2007	Simon	Simon		nm1131557	male	protagonist		588.71
alvin.and.the.c_tt0952640	2007	Theodore	Theodore		nm0565366	male	protagonist		721.43
alvin.and.the.c_tt0952640	2007	Dave	Dave						1791.87
alvin.and.the.c_tt0952640	2007	Claire_Wilson	Claire_Wilson						240.74
alvin.and.the.c_tt0952640	2007	Character_1	Character_1						142.39
alvin.and.the.c_tt0952640	2007	Ian	Ian						671.17
alvin.and.the.c_tt0952640	2007	Character_2	Character_2						84.58
alvin.and.the.c_tt0952640	2007	Character_3	Character_3						21.98
alvin.and.the.c_tt0952640	2007	0.NOTAFACE	0.NOTAFACE						10.09
alvin.and.the.c_tt1231580	2009	Human_Character_2	Human_Character_2						699.82
alvin.and.the.c_tt1231580	2009	Alvin	Alvin		nm0519043	male	protagonist		1046.50
alvin.and.the.c_tt1231580	2009	Human_character_6	Human_character_6						226.81
alvin.and.the.c_tt1231580	2009	Theodore	Theodore		nm0565366	male	protagonist		816.86
alvin.and.the.c_tt1231580	2009	Becca_Kingston	Becca_Kingston						171.42
alvin.and.the.c_tt1231580	2009	Human_character_4	Human_character_4						156.41
alvin.and.the.c_tt1231580	2009	Human_character_8	Human_character_8						73.24
alvin.and.the.c_tt1231580	2009	Simon	Simon		nm1131557	male	protagonist		950.37
alvin.and.the.c_tt1231580	2009	Brittany	Brittany		nm0000775	female	protagonist		492.91
alvin.and.the.c_tt1231580	2009	Eleanor	Eleanor		nm0688132	female	protagonist		427.84
alvin.and.the.c_tt1231580	2009	Human_character_3	Human_character_3						286.33
alvin.and.the.c_tt1231580	2009	Dave	Dave						44.13
alvin.and.the.c_tt1231580	2009	Human_character_1	Human_character_1						463.05
alvin.and.the.c_tt1231580	2009	Human_Character_5	Human_Character_5						181.64
alvin.and.the.c_tt1231580	2009	0.NOTAFACE	0.NOTAFACE						31.07
alvin.and.the.c_tt1231580	2009	Ian	Ian						533.32
alvin.and.the.c_tt1231580	2009	Human_character_7	Human_character_7						66.98
alvin.and.the.c_tt1231580	2009	Jeanette	Jeanette		nm0267506	female	protagonist		365.11
alvin.and.the.c_tt1615918	2011	Dave	Dave						808.10
alvin.and.the.c_tt1615918	2011	Brittany	Brittany		nm0000775	female	protagonist		749.21
alvin.and.the.c_tt1615918	2011	Elanor	Elanor		nm0688132	female	protagonist		542.21
alvin.and.the.c_tt1615918	2011	Jeanette	Jeanette		nm0267506	female	protagonist		705.62
alvin.and.the.c_tt1615918	2011	Simon	Simon		nm1131557	male	protagonist		813.52
alvin.and.the.c_tt1615918	2011	Theodore	Theodore		nm0565366	male	protagonist		584.67
alvin.and.the.c_tt1615918	2011	Alvin	Alvin		nm0519043	male	protagonist		1045.50
alvin.and.the.c_tt1615918	2011	Ian	Ian						288.50
alvin.and.the.c_tt1615918	2011	Zoe	Zoe						423.59
alvin.and.the.c_tt1615918	2011	Character_2	Character_2						33.53
alvin.and.the.c_tt1615918	2011	Spalding_Basketball	Spalding_Basketball			unknown			32.28
alvin.and.the.c_tt1615918	2011	0.NOTAFACE	0.NOTAFACE			unknown			5.84
an.american.tai_tt0090633	1986	Papa_Mousekewitz	Papa_Mousekewitz		nm0675490	male	protagonist		387.35
an.american.tai_tt0090633	1986	Mama_Mousekewitz	Mama_Mousekewitz		nm0948361	female	protagonist		100.53
an.american.tai_tt0090633	1986	Henri	Henri		nm0001626	male	protagonist		120.09
an.american.tai_tt0090633	1986	Fievel_Mousekewitz	Fievel_Mousekewitz		nm0322064	male	protagonist		970.04
an.american.tai_tt0090633	1986	Bridget	Bridget		nm0089310	female	protagonist		239.64
an.american.tai_tt0090633	1986	Tanya_Mousekewitz	Tanya_Mousekewitz		nm0337602	female	protagonist		150.62
an.american.tai_tt0090633	1986	Tony_Toponi	Tony_Toponi		nm0615730	male	protagonist		287.75
an.american.tai_tt0090633	1986	Honest_John	Honest_John		nm0743719	male	protagonist		148.15
an.american.tai_tt0090633	1986	Warren_T._Rat	Warren_T._Rat		nm0278201	male	antagonist		113.58
an.american.tai_tt0090633	1986	Gussie_Mausheimer	Gussie_Mausheimer		nm0001404	female	protagonist		170.94
an.american.tai_tt0090633	1986	Moe	Moe		nm0808401	male			14.38
an.american.tai_tt0090633	1986	Tiger	Tiger		nm0001123	male	protagonist		189.16
anastasia_tt0118617	1997	Dowager_Empress_Marie_Feodorovna	Dowager_Empress_Marie_Feodorovna		nm0001450	female	protagonist		197.61
anastasia_tt0118617	1997	Czar_Nicolas_II	Czar_Nicolas_II		nm0429115	male			50.84
anastasia_tt0118617	1997	Anastasia_(Young)	Anastasia_(Young)		nm0000379	female	protagonist		1382.84
anastasia_tt0118617	1997	Dimitri_(Young)	Dimitri_(Young)		nm0364385	male	protagonist		695.53
anastasia_tt0118617	1997	Revolutionary_Soldier	Revolutionary_Soldier		nm0429115	male			34.49
anastasia_tt0118617	1997	Sophie	Sophie		nm0001613	female	protagonist		356.81
anastasia_tt0118617	1997	Vladimir	Vladimir		nm0001288	male	protagonist		607.98
anastasia_tt0118617	1997	Dimitri	Dimitri		nm0000131	male	protagonist		605.48
anastasia_tt0118617	1997	Grigori_Rasputin	Grigori_Rasputin		nm0000502	male	antagonist		347.76
anastasia_tt0118617	1997	Bartok	Bartok		nm0000279	male	antagonist		118.79
anastasia_tt0118617	1997	Phlegmenkoff	Phlegmenkoff		nm0551908	female			55.35
anastasia_tt0118617	1997	Anastasia_Nikolaevna	Anastasia_Nikolaevna		nm0000212	female	protagonist		232.07
angry.birds.mov_tt1985949	2016	Red	Red		nm0837177	male	protagonist		838.59
angry.birds.mov_tt1985949	2016	Terence	Terence		nm0000576	male			256.51
angry.birds.mov_tt1985949	2016	Red_(Young)	Red_(Young)		nm6512897	male			1008.26
angry.birds.mov_tt1985949	2016	Timothy_the_Birthday_Boy	Timothy_the_Birthday_Boy		nm3732165	female			144.69
angry.birds.mov_tt1985949	2016	Edward_the_Birthday_Dad	Edward_the_Birthday_Dad		nm2868110	male			151.82
angry.birds.mov_tt1985949	2016	Phillip	Phillip		nm2813994	male			222.51
angry.birds.mov_tt1985949	2016	Eva_the_Birthday_Mom	Eva_the_Birthday_Mom		nm0571952	female			84.50
angry.birds.mov_tt1985949	2016	Helen_the_Lunch_Mom	Helen_the_Lunch_Mom		nm3255459	female			531.49
angry.birds.mov_tt1985949	2016	Bobby_Bird	Bobby_Bird		nm1934618	male			399.48
angry.birds.mov_tt1985949	2016	Clayton_the_Waiter_Bird	Clayton_the_Waiter_Bird		nm0443505	male			119.91
angry.birds.mov_tt1985949	2016	Mime	Mime		nm0355024	male			50.43
angry.birds.mov_tt1985949	2016	Stella	Stella		nm0571952	female			319.03
angry.birds.mov_tt1985949	2016	Olive_Blue	Olive_Blue		nm5335029	female			121.33
angry.birds.mov_tt1985949	2016	Hatchling_Singers	Hatchling_Singers		nm8148777	unknown			120.20
angry.birds.mov_tt1985949	2016	Cyrus	Cyrus		nm0355024	male			51.51
angry.birds.mov_tt1985949	2016	Hug_Trader	Hug_Trader		nm5000758	unknown			63.73
angry.birds.mov_tt1985949	2016	Greg_Blue	Greg_Blue		nm3707003	male			73.11
angry.birds.mov_tt1985949	2016	Brad_Bird	Brad_Bird		nm2590280	male			69.53
angry.birds.mov_tt1985949	2016	Matilda	Matilda		nm0748973	female			401.53
angry.birds.mov_tt1985949	2016	Judge_Peckinpah	Judge_Peckinpah		nm1221047	male			188.27
angry.birds.mov_tt1985949	2016	Monica_the_Crossing_Guard	Monica_the_Crossing_Guard		nm5335029	female			65.44
angry.birds.mov_tt1985949	2016	Day_Care_Teacher	Day_Care_Teacher		nm0034309	male			63.65
angry.birds.mov_tt1985949	2016	Early_Bird	Early_Bird		nm4761982	male			36.29
angry.birds.mov_tt1985949	2016	Shirley_the_Old_Lady_Bird	Shirley_the_Old_Lady_Bird		nm2242399	female			56.81
angry.birds.mov_tt1985949	2016	Yoga_Instructor	Yoga_Instructor		nm3255459	female			26.65
angry.birds.mov_tt1985949	2016	Billy_the_Sign	Billy_the_Sign		nm0934671	male			38.37
angry.birds.mov_tt1985949	2016	Chuck	Chuck		nm1265802	male	protagonist		781.20
angry.birds.mov_tt1985949	2016	Bomb	Bomb		nm1104131	male	protagonist		830.91
angry.birds.mov_tt1985949	2016	Bubbles	Bubbles		nm3597252	male			55.64
angry.birds.mov_tt1985949	2016	Leonard	Leonard		nm0352778	male	antagonist		449.37
angry.birds.mov_tt1985949	2016	Ross	Ross		nm0355024	male	antagonist		353.56
angry.birds.mov_tt1985949	2016	Tiny	Tiny		nm0054697	male			50.30
angry.birds.mov_tt1985949	2016	Acrobat_Pig_(2)	Acrobat_Pig_(2)		nm2407919	trans woman			86.42
angry.birds.mov_tt1985949	2016	Acrobat_Pig_(1)	Acrobat_Pig_(1)		nm3804613	male			30.57
angry.birds.mov_tt1985949	2016	Photog	Photog		nm4270695	male			55.89
angry.birds.mov_tt1985949	2016	Mighty_Eagle	Mighty_Eagle		nm0227759	male			199.62
angry.birds.mov_tt1985949	2016	Monty_Pig	Monty_Pig		nm0851317	male			57.72
angry.birds.mov_tt1985949	2016	Foreman_Pig	Foreman_Pig		nm0717678	male			50.30
angry.birds.mov_tt1985949	2016	Earl_Pig	Earl_Pig		nm1627901	male			99.97
angry.birds.mov_tt1985949	2016	Chef_Pig	Chef_Pig		nm2813994	male			18.10
antz_tt0120587	1998	Z	Z		nm0000095	male	protagonist		1454.37
antz_tt0120587	1998	Colonel_Cutter	Colonel_Cutter		nm0000686	male	antagonist		230.31
antz_tt0120587	1998	Grebs_(Drunk_Scout)	Grebs_(Drunk_Scout)		nm0001498	male			98.43
antz_tt0120587	1998	Barbatus	Barbatus		nm0000418	male	protagonist		287.58
antz_tt0120587	1998	Azteca	Azteca		nm0000182	female			290.96
antz_tt0120587	1998	General_Mandible	General_Mandible		nm0000432	male	antagonist		493.91
antz_tt0120587	1998	Princess_Bala	Princess_Bala		nm0000232	female	protagonist		800.30
antz_tt0120587	1998	Foreman	Foreman		nm0789470	male			134.22
antz_tt0120587	1998	Queen	Queen		nm0000843	female			150.65
antz_tt0120587	1998	Weaver	Weaver		nm0000230	male	protagonist		336.63
antz_tt0120587	1998	Chip	Chip		nm0000101	male			48.51
antz_tt0120587	1998	Muffy	Muffy		nm0004852	female			37.00
antz_tt0120587	1998	Fly	Fly			unknown			11.51
atlantis.the.lo_tt0230011	2001	Joshua_Sweet	Joshua_Sweet		nm0606862	male	protagonist		320.57
atlantis.the.lo_tt0230011	2001	Kida_Nedakh	Kida_Nedakh		nm0838588	female	protagonist		637.93
atlantis.the.lo_tt0230011	2001	Kashekim_Nedakh	Kashekim_Nedakh		nm0000559	male	protagonist		137.85
atlantis.the.lo_tt0230011	2001	Queen_of_Atlantis	Queen_of_Atlantis			female			22.23
atlantis.the.lo_tt0230011	2001	Preston_B._Whitmore	Preston_B._Whitmore		nm0001498	male	protagonist		146.65
atlantis.the.lo_tt0230011	2001	Audrey_Ramirez	Audrey_Ramirez		nm0005283	female	protagonist		300.34
atlantis.the.lo_tt0230011	2001	Helga_Sinclair	Helga_Sinclair		nm0160004	female	antagonist		282.66
atlantis.the.lo_tt0230011	2001	Milo_Thatch	Milo_Thatch		nm0000150	male	protagonist		1853.14
atlantis.the.lo_tt0230011	2001	Thaddeus_Thatch	Thaddeus_Thatch			male			31.45
atlantis.the.lo_tt0230011	2001	Fenton_Q._Harcourt	Fenton_Q._Harcourt		nm0001773	male			58.43
atlantis.the.lo_tt0230011	2001	Cookie_(Atlantis:_The_Lost_Empire)	Cookie_(Atlantis:_The_Lost_Empire)		nm0001815	male	protagonist		134.68
atlantis.the.lo_tt0230011	2001	Vincenzo_Santorini	Vincenzo_Santorini		nm0637038	male	protagonist		321.24
atlantis.the.lo_tt0230011	2001	Lyle_Tiberius_Rourke	Lyle_Tiberius_Rourke		nm0001258	male	antagonist		520.06
atlantis.the.lo_tt0230011	2001	Wilhelmina_Packard	Wilhelmina_Packard		nm0822476	female	protagonist		96.47
atlantis.the.lo_tt0230011	2001	Gaetan_Molière	Gaetan_Molière		nm0123553	male	protagonist		159.41
bad.guys.2_tt30017619	2025	Billionaire	Billionaire		nm0229084	male			94.47
bad.guys.2_tt30017619	2025	Ms._Tarantula	Ms._Tarantula		nm5377144	female	protagonist		358.28
bad.guys.2_tt30017619	2025	Agents	Agents			unknown			67.78
bad.guys.2_tt30017619	2025	Mr._Snake	Mr._Snake		nm0549505	male	protagonist		539.96
bad.guys.2_tt30017619	2025	Mr._Wolf	Mr._Wolf		nm0005377	male	protagonist		1259.68
bad.guys.2_tt30017619	2025	Mr._Pirahna	Mr._Pirahna		nm6588867	male	protagonist		595.35
bad.guys.2_tt30017619	2025	Mr._Shark	Mr._Shark		nm0732497	male	protagonist		595.51
bad.guys.2_tt30017619	2025	Pigtail_Petrova	Pigtail_Petrova		nm7210025	female	antagonist		158.45
bad.guys.2_tt30017619	2025	Tiffany_Fluffit	Tiffany_Fluffit		nm6530360	female			70.78
bad.guys.2_tt30017619	2025	Diane_Foxington	Diane_Foxington		nm5939164	female	protagonist		319.07
bad.guys.2_tt30017619	2025	Professor_Marmalade	Professor_Marmalade		nm1547964	male			109.28
bad.guys.2_tt30017619	2025	Police_Chief_Misty_Luggins	Police_Chief_Misty_Luggins		nm0097504	female	protagonist		353.14
bad.guys.2_tt30017619	2025	Bank_Manager	Bank_Manager		nm0324233	unknown			31.53
bad.guys.2_tt30017619	2025	Bride	Bride		nm1648492	female			43.34
bad.guys.2_tt30017619	2025	Character_1	Character_1			unknown			117.20
bad.guys.2_tt30017619	2025	Maureen	Maureen		nm1261587	female			20.90
bad.guys.2_tt30017619	2025	Character_2	Character_2			unknown			26.99
bad.guys.2_tt30017619	2025	Doom_/_Susan	Doom_/_Susan		nm0005169	female	antagonist		182.60
bad.guys.2_tt30017619	2025	Prison_Guard	Prison_Guard		nm5620984	unknown			14.43
bad.guys.2_tt30017619	2025	Kitty_Kat	Kitty_Kat		nm5335029	female	antagonist		347.72
bad.guys.2_tt30017619	2025	Aunt_Sharon	Aunt_Sharon		nm0033977	female			24.57
bad.guys.2_tt30017619	2025	Wedding_Head_of_Security	Wedding_Head_of_Security		nm0130843	unknown			4.67
bad.guys.2_tt30017619	2025	Officiant	Officiant		nm5620984	unknown			5.30
bad.guys_tt8115900	2022	Mr._Wolf	Mr._Wolf		nm0005377	male	protagonist		1639.14
bad.guys_tt8115900	2022	Mr._Snake	Mr._Snake		nm0549505	male	protagonist		939.69
bad.guys_tt8115900	2022	Ms._Tarantula	Ms._Tarantula		nm5377144	female	protagonist		249.50
bad.guys_tt8115900	2022	Mr._Shark	Mr._Shark		nm0732497	male	protagonist		700.66
bad.guys_tt8115900	2022	Mr._Pirahna	Mr._Pirahna		nm6588867	male	protagonist		549.17
bad.guys_tt8115900	2022	Police_Chief_Misty_Luggins	Police_Chief_Misty_Luggins		nm0097504	female			265.27
bad.guys_tt8115900	2022	Tiffany_Fluffit	Tiffany_Fluffit		nm6530360	female			111.57
bad.guys_tt8115900	2022	Diane_Foxington	Diane_Foxington		nm5939164	female	protagonist		550.43
bad.guys_tt8115900	2022	Professor_Marmalade	Professor_Marmalade		nm1547964	male	antagonist		446.82
bad.guys_tt8115900	2022	Old_Lady	Old_Lady		nm0329361	female			26.99
bambi_tt0034492	1942	Friend_Owl	Friend_Owl		nm0942926	male	protagonist		225.68
bambi_tt0034492	1942	Thumper_(Young)	Thumper_(Young)		nm0066951	male	protagonist		120.54
bambi_tt0034492	1942	Bambi_(Young)	Bambi_(Young)		nm0241760	male	protagonist		809.10
bambi_tt0034492	1942	Thumper_(Teen)	Thumper_(Teen)		nm0205561	male	protagonist		139.64
bambi_tt0034492	1942	Thumper_(Adult)	Thumper_(Adult)		nm0249855	male	protagonist		316.48
bambi_tt0034492	1942	Thumper's_Mother	Thumper's_Mother			unknown			161.79
bambi_tt0034492	1942	Bambi's_Mother	Bambi's_Mother		nm0935514	female	protagonist		154.45
bambi_tt0034492	1942	Faline_(Adult)	Faline_(Adult)		nm0319268	female	protagonist		21.77
bambi_tt0034492	1942	Mrs._Possum	Mrs._Possum		nm0487104	female			22.15
bambi_tt0034492	1942	Faline_(Young)	Faline_(Young)			female	protagonist		140.18
bambi_tt0034492	1942	Bambi_(Teen)	Bambi_(Teen)		nm0017013	male	protagonist		369.91
bambi_tt0034492	1942	Flower_(Young)	Flower_(Young)		nm0018755	male	protagonist		69.24
bambi_tt0034492	1942	Flower_(Adult)	Flower_(Adult)		nm0001359	male	protagonist		37.29
bambi_tt0034492	1942	The_Great_Prince	The_Great_Prince		nm0793195	male	protagonist		103.19
bambi_tt0034492	1942	Flower_(Teen)	Flower_(Teen)		nm0205561	male	protagonist		63.94
barnyard_tt0414853	2006	Farmer	Farmer		nm0851317	male			74.37
barnyard_tt0414853	2006	Duke_the_Dog	Duke_the_Dog		nm0410101	male			213.13
barnyard_tt0414853	2006	Root_the_Rooster	Root_the_Rooster		nm0247456	male			72.03
barnyard_tt0414853	2006	Miles_the_Mule	Miles_the_Mule		nm0000418	male	protagonist		219.89
barnyard_tt0414853	2006	Pig_the_Pig	Pig_the_Pig		nm0409361	male	protagonist		485.69
barnyard_tt0414853	2006	Ben_the_Cow	Ben_the_Cow		nm0000385	male	protagonist		348.18
barnyard_tt0414853	2006	Eddy_the_Cow	Eddy_the_Cow		nm0120180	male			190.69
barnyard_tt0414853	2006	Bud_the_Cow	Bud_the_Cow		nm0224007	male			131.88
barnyard_tt0414853	2006	Igg_the_Cow	Igg_the_Cow		nm0005606	male			156.16
barnyard_tt0414853	2006	Maddy_the_Chick	Maddy_the_Chick		nm1375655	female			101.31
barnyard_tt0414853	2006	Etta_the_Hen	Etta_the_Hen		nm0000510	female			153.78
barnyard_tt0414853	2006	Otis_the_Cow	Otis_the_Cow		nm0416673	male	protagonist		1374.79
barnyard_tt0414853	2006	Pip_the_Mouse	Pip_the_Mouse		nm0305261	male	protagonist		138.35
barnyard_tt0414853	2006	Peck_the_Rooster	Peck_the_Rooster		nm0667326	male	protagonist		270.77
barnyard_tt0414853	2006	Freddy_the_Ferret	Freddy_the_Ferret		nm0164682	male	protagonist		296.13
barnyard_tt0414853	2006	Gopher	Gopher		nm0667326	male			74.16
barnyard_tt0414853	2006	Character_1	Character_1			unknown			48.92
barnyard_tt0414853	2006	Bessy_the_Cow	Bessy_the_Cow		nm0843100	female			327.24
barnyard_tt0414853	2006	Daisy_the_Cow	Daisy_the_Cow		nm0001073	female	protagonist		374.46
barnyard_tt0414853	2006	Snotty_Boy's_Father	Snotty_Boy's_Father		nm0644203	male			6.92
barnyard_tt0414853	2006	Officer_O'Hanlon	Officer_O'Hanlon		nm0224007	male			36.41
barnyard_tt0414853	2006	Mrs._Beady	Mrs._Beady		nm0051469	female			117.87
barnyard_tt0414853	2006	Mr._Beady	Mr._Beady		nm0644203	male			46.42
barnyard_tt0414853	2006	Dag_the_Coyote	Dag_the_Coyote		nm0462712	male	antagonist		213.50
barnyard_tt0414853	2006	Snotty_Boy	Snotty_Boy		nm0644203	male	antagonist		49.51
barnyard_tt0414853	2006	Snotty_Boy's_Friend_1	Snotty_Boy's_Friend_1		nm0628170	female			9.09
barnyard_tt0414853	2006	Snotty_Boy's_Friend_2	Snotty_Boy's_Friend_2		nm0500246	female			8.13
beauty.and.the._tt0101414	1991	Beast	Beast		nm0000913	male	protagonist		581.79
beauty.and.the._tt0101414	1991	Belle	Belle		nm0641314	female	protagonist		1231.52
beauty.and.the._tt0101414	1991	Cogsworth	Cogsworth		nm0001773	male	protagonist		448.07
beauty.and.the._tt0101414	1991	Gaston's_Cronies	Gaston's_Cronies			male			188.40
beauty.and.the._tt0101414	1991	LeFou	LeFou		nm0181425	male			343.51
beauty.and.the._tt0101414	1991	The_Bimbettes	The_Bimbettes		nm0074834	female			77.91
beauty.and.the._tt0101414	1991	The_Bookseller	The_Bookseller		nm0258423	male			23.90
beauty.and.the._tt0101414	1991	Maurice	Maurice		nm0263591	male	protagonist		298.88
beauty.and.the._tt0101414	1991	Monsieur_D'Arque	Monsieur_D'Arque		nm0419645	male	antagonist		38.62
beauty.and.the._tt0101414	1991	Mrs._Potts	Mrs._Potts		nm0001450	female	protagonist		261.09
beauty.and.the._tt0101414	1991	Gaston	Gaston		nm0925369	male	antagonist		538.58
beauty.and.the._tt0101414	1991	Wardrobe	Wardrobe		nm0941506	female			56.68
beauty.and.the._tt0101414	1991	Philippe	Philippe		nm0808401	male	protagonist		98.10
beauty.and.the._tt0101414	1991	Lumiere	Lumiere		nm0001583	male	protagonist		358.78
beauty.and.the._tt0101414	1991	Chip_Potts	Chip_Potts		nm0682300	male	protagonist		124.08
beauty.and.the._tt0101414	1991	Fifi	Fifi			female			18.77
beauty.and.the._tt0101414	1991	Chef_Bouche	Chef_Bouche			male			6.59
beavis.and.butt_tt0115641	1996	Principal_McVicker	Principal_McVicker		nm0431918	male			123.50
beavis.and.butt_tt0115641	1996	Butt-Head	Butt-Head		nm0431918	male	protagonist		1472.26
beavis.and.butt_tt0115641	1996	Indian_Dignitary	Indian_Dignitary		nm0623319	male			18.27
beavis.and.butt_tt0115641	1996	White_House_Press_Secretary	White_House_Press_Secretary		nm0091899	male			138.26
beavis.and.butt_tt0115641	1996	French_Dignitary	French_Dignitary		nm0241500	unknown			194.74
beavis.and.butt_tt0115641	1996	President_Clinton	President_Clinton		nm1236674	unknown			130.59
beavis.and.butt_tt0115641	1996	Announcer_in_Capitol	Announcer_in_Capitol		nm0680547	unknown			80.87
beavis.and.butt_tt0115641	1996	Concierge	Concierge		nm0403947	male			40.37
beavis.and.butt_tt0115641	1996	FBI_Agent_Hurly	FBI_Agent_Hurly		nm0053148	female			103.44
beavis.and.butt_tt0115641	1996	Martha_the_Old_Lady	Martha_the_Old_Lady		nm0001458	female			338.88
beavis.and.butt_tt0115641	1996	ATF_Agent_Bork	ATF_Agent_Bork		nm0001427	male			468.89
beavis.and.butt_tt0115641	1996	Tom_Anderson	Tom_Anderson		nm0431918	male			224.14
beavis.and.butt_tt0115641	1996	Mr._Van_Driessen	Mr._Van_Driessen		nm0431918	male			97.81
beavis.and.butt_tt0115641	1996	Dallas_Grimes	Dallas_Grimes		nm0000193	female	antagonist		156.16
beavis.and.butt_tt0115641	1996	Old_Guy	Old_Guy		nm0003249	male			95.51
beavis.and.butt_tt0115641	1996	Muddy_Grimes	Muddy_Grimes		nm0000246	male	antagonist		235.23
beavis.and.butt_tt0115641	1996	Beavis	Beavis		nm0431918	male	protagonist		1478.64
beavis.and.butt_tt0115641	1996	General_at_Strategic_Air_Command	General_at_Strategic_Air_Command		nm0750575	unknown			87.38
beavis.and.butt_tt0115641	1996	ATF_Agent_Flemming	ATF_Agent_Flemming		nm0821041	male	antagonist		537.66
beavis.and.butt_tt0115641	1996	Tour_Bus_Driver	Tour_Bus_Driver		nm0000500	male			89.80
beavis.and.butt_tt0115641	1996	Lieutenant_at_Strategic_Air_Command	Lieutenant_at_Strategic_Air_Command		nm0091899	male			22.11
bedknobs.and.br_tt0066817	1971	Mrs._Jessica_Hobday	Mrs._Jessica_Hobday						263.60
bedknobs.and.br_tt0066817	1971	Professor_Emelius_Browne	Professor_Emelius_Browne						2027.23
bedknobs.and.br_tt0066817	1971	Paul_Rawlins	Paul_Rawlins						808.85
bedknobs.and.br_tt0066817	1971	Charlie_Rawlins	Charlie_Rawlins						1177.05
bedknobs.and.br_tt0066817	1971	Carrie_Rawlins	Carrie_Rawlins						886.72
bedknobs.and.br_tt0066817	1971	Miss_Eglantine_Price	Miss_Eglantine_Price						2233.23
bedknobs.and.br_tt0066817	1971	Cosmic_Creepers	Cosmic_Creepers						60.77
bedknobs.and.br_tt0066817	1971	Professor_Emelius_Browne_transformed	Professor_Emelius_Browne_transformed						30.20
bedknobs.and.br_tt0066817	1971	King_Leonidas	King_Leonidas		nm0918396	male	antagonist		161.04
bedknobs.and.br_tt0066817	1971	Bookman	Bookman						153.70
bedknobs.and.br_tt0066817	1971	Mr._Codfish	Mr._Codfish		nm0357090	male			37.12
bedknobs.and.br_tt0066817	1971	Pig	Pig			unknown			18.98
bedknobs.and.br_tt0066817	1971	Vulture	Vulture			unknown			24.86
bedknobs.and.br_tt0066817	1971	Fisherman_Bear	Fisherman_Bear		nm0268428	male			90.88
bedknobs.and.br_tt0066817	1971	Secretary_Bird	Secretary_Bird		nm0918396	male			45.42
bedknobs.and.br_tt0066817	1971	Elephant	Elephant			unknown			28.40
bedknobs.and.br_tt0066817	1971	Ostrich	Ostrich						30.32
bedknobs.and.br_tt0066817	1971	Crocodile	Crocodile			unknown			72.32
bedknobs.and.br_tt0066817	1971	Kangaroo	Kangaroo			unknown			10.39
bedknobs.and.br_tt0066817	1971	Hippopotamus	Hippopotamus			unknown			27.36
bee.movie_tt0389790	2007	Barry_B._Benson	Barry_B._Benson		nm0000632	male	protagonist		1800.51
bee.movie_tt0389790	2007	Jeanette_Chung	Jeanette_Chung		nm0534134	female			91.05
bee.movie_tt0389790	2007	Sandy_Shrimpkin	Sandy_Shrimpkin			unknown			85.04
bee.movie_tt0389790	2007	Martin_Benson	Martin_Benson		nm0001469	male			134.80
bee.movie_tt0389790	2007	Janet_Benson	Janet_Benson		nm0000870	female			142.23
bee.movie_tt0389790	2007	Adam_Flayman	Adam_Flayman		nm0000111	male	protagonist		520.31
bee.movie_tt0389790	2007	Mooseblood	Mooseblood		nm0001674	male			71.40
bee.movie_tt0389790	2007	Buzz	Buzz		nm0379114	male			129.17
bee.movie_tt0389790	2007	Dean_Buzzwell	Dean_Buzzwell		nm0588777	male			113.57
bee.movie_tt0389790	2007	Trudy	Trudy		nm0005259	female			147.06
bee.movie_tt0389790	2007	Press_Person_2	Press_Person_2		nm0936670	unknown			93.30
bee.movie_tt0389790	2007	Jock_1	Jock_1		nm0936670	unknown			136.93
bee.movie_tt0389790	2007	Mother	Mother		nm0534134	female			127.63
bee.movie_tt0389790	2007	Splitz	Splitz		nm1166844	male			34.16
bee.movie_tt0389790	2007	Lou_Lo_Duca	Lou_Lo_Duca		nm0001800	male			59.23
bee.movie_tt0389790	2007	Vanessa_Bloome	Vanessa_Bloome		nm0000250	female	protagonist		633.80
bee.movie_tt0389790	2007	Bob_Bumble	Bob_Bumble		nm0379114	male			35.54
bee.movie_tt0389790	2007	Waterbug	Waterbug		nm0546267	male			7.80
bee.movie_tt0389790	2007	Ken	Ken		nm0911320	male	antagonist		213.92
bee.movie_tt0389790	2007	Little_Girl	Little_Girl		nm2810621	unknown			67.28
bee.movie_tt0389790	2007	Timmy	Timmy		nm0607402	unknown			38.41
bee.movie_tt0389790	2007	Bud_Ditchwater	Bud_Ditchwater		nm0724245	male			50.93
bee.movie_tt0389790	2007	Pilot	Pilot		nm0379114	male			196.82
bee.movie_tt0389790	2007	TSA_Agent	TSA_Agent			unknown			32.66
bee.movie_tt0389790	2007	Klauss_Vanderhayden	Klauss_Vanderhayden		nm1166844	male			122.25
bee.movie_tt0389790	2007	Janitor	Janitor		nm0224007	male			15.97
bee.movie_tt0389790	2007	Layton_T._Montgomery	Layton_T._Montgomery		nm0000422	male	antagonist		211.88
bee.movie_tt0389790	2007	Bailiff	Bailiff		nm0224007	male			24.02
bee.movie_tt0389790	2007	Hector	Hector			unknown			55.93
bee.movie_tt0389790	2007	Ray_Liotta	Ray_Liotta		nm0000501	male			80.96
bee.movie_tt0389790	2007	Ladybug	Ladybug		nm0084190	male			6.51
bee.movie_tt0389790	2007	Freddy	Freddy		nm0970447	male			25.19
bee.movie_tt0389790	2007	Uncle_Carl	Uncle_Carl		nm0022901	male			30.11
bee.movie_tt0389790	2007	Bee_Larry_King	Bee_Larry_King		nm0005092	male			51.80
bee.movie_tt0389790	2007	Press_Person_1	Press_Person_1		nm0500140	female			16.64
bee.movie_tt0389790	2007	Judge_Bumbleton	Judge_Bumbleton		nm0001856	female			67.15
bee.movie_tt0389790	2007	Sting	Sting		nm0001776	male			35.29
bee.movie_tt0389790	2007	Cow	Cow		nm0534134	female			11.30
beowulf_tt0442933	2007	Wealthow	Wealthow		nm0000705	female			505.17
beowulf_tt0442933	2007	Cain	Cain		nm0444098	male			60.85
beowulf_tt0442933	2007	Estrith	Estrith		nm1083395	female			20.48
beowulf_tt0442933	2007	Yrsa	Yrsa		nm0366667	female			75.24
beowulf_tt0442933	2007	Hild	Hild		nm0048922	female			32.45
beowulf_tt0442933	2007	Frisian_Leader	Frisian_Leader		nm0384886	male			116.57
beowulf_tt0442933	2007	Cille	Cille		nm0719444	unknown			38.79
beowulf_tt0442933	2007	Aesher	Aesher		nm0776376	male			15.22
beowulf_tt0442933	2007	Ursula	Ursula		nm0517844	female			190.86
beowulf_tt0442933	2007	Olaf	Olaf		nm0178875	male			104.35
beowulf_tt0442933	2007	Hondshew	Hondshew		nm0541908	male			87.38
beowulf_tt0442933	2007	Scylding's_Watch	Scylding's_Watch		nm0240474	male			60.69
beowulf_tt0442933	2007	Wiglaf	Wiglaf		nm0322407	male	protagonist		218.26
beowulf_tt0442933	2007	Hrothgar	Hrothgar		nm0000164	male			889.76
beowulf_tt0442933	2007	Beowulf	Beowulf		nm0935653	male	protagonist		972.51
beowulf_tt0442933	2007	Unferth	Unferth		nm0000518	male			333.00
beowulf_tt0442933	2007	Wulfgar	Wulfgar		nm0003067	male			5.38
beowulf_tt0442933	2007	Grendel's_Mother	Grendel's_Mother		nm0001401	female	antagonist		130.51
beowulf_tt0442933	2007	Grendel	Grendel		nm0000417	male	antagonist		65.15
big.hero.6_tt2245084	2014	The_Ringleader	The_Ringleader		nm3254464	unknown			20.02
big.hero.6_tt2245084	2014	Yama_	Yama_		nm2128363	male			54.26
big.hero.6_tt2245084	2014	Abigail_Callaghan	Abigail_Callaghan		nm1705090	female			42.46
big.hero.6_tt2245084	2014	Hiro_Hamada	Hiro_Hamada		nm3994407	male	protagonist		1737.32
big.hero.6_tt2245084	2014	Tadashi_Hamada	Tadashi_Hamada		nm2024644	male	protagonist		519.06
big.hero.6_tt2245084	2014	Heathcliff	Heathcliff		nm0789479	male			43.33
big.hero.6_tt2245084	2014	Honey_Lemon	Honey_Lemon		nm1270009	female	protagonist		460.75
big.hero.6_tt2245084	2014	Go_Go_Tomago	Go_Go_Tomago		nm1512166	female	protagonist		496.25
big.hero.6_tt2245084	2014	Aunt_Cass	Aunt_Cass		nm0748973	female			176.59
big.hero.6_tt2245084	2014	Mochi	Mochi			male			2.84
big.hero.6_tt2245084	2014	Wasabi	Wasabi		nm0915458	male	protagonist		412.87
big.hero.6_tt2245084	2014	Fred	Fred		nm2554352	male	protagonist		354.31
big.hero.6_tt2245084	2014	Alistair_Krei	Alistair_Krei		nm0876138	male			156.70
big.hero.6_tt2245084	2014	Baymax	Baymax		nm0012523	male	protagonist		441.07
big.hero.6_tt2245084	2014	Professor_Robert_Callaghan	Professor_Robert_Callaghan		nm0000342	male	antagonist		159.12
big.hero.6_tt2245084	2014	Judy_	Judy_			female			59.02
big.hero.6_tt2245084	2014	Sergeant_Gerson	Sergeant_Gerson			male			62.31
big.hero.6_tt2245084	2014	Mr._Frederickson	Mr._Frederickson			male			15.35
big.hero.6_tt2245084	2014	Yokai	Yokai			male	antagonist		60.44
black.cauldron_tt0088814	1985	Dallben	Dallben		nm0428086	male	protagonist		149.02
black.cauldron_tt0088814	1985	Taran	Taran		nm0054344	male	protagonist		1239.78
black.cauldron_tt0088814	1985	Duck	Duck			unknown			11.26
black.cauldron_tt0088814	1985	Pig	Pig			unknown			218.76
black.cauldron_tt0088814	1985	Fflewddur_Fflam	Fflewddur_Fflam		nm0001329	male	protagonist		445.70
black.cauldron_tt0088814	1985	Gurgi	Gurgi		nm0125956	male	protagonist		414.50
black.cauldron_tt0088814	1985	Dog	Dog			unknown			37.41
black.cauldron_tt0088814	1985	Henchmen	Henchmen		nm0719115	male	antagonist		72.49
black.cauldron_tt0088814	1985	Creeper	Creeper		nm0284496	male			276.19
black.cauldron_tt0088814	1985	Frog	Frog		nm0000305	male			15.85
black.cauldron_tt0088814	1985	Orgoch	Orgoch		nm0370906	female			50.93
black.cauldron_tt0088814	1985	Orddu	Orddu		nm0580783	female			130.55
black.cauldron_tt0088814	1985	Horned_King	Horned_King		nm0000457	male	antagonist		86.00
black.cauldron_tt0088814	1985	Princess_Eilonwy	Princess_Eilonwy		nm0792262	female	protagonist		496.37
black.cauldron_tt0088814	1985	Rat	Rat		nm0357090	male			7.63
black.cauldron_tt0088814	1985	Fair_Folk_Boy	Fair_Folk_Boy		nm0130085	male			16.39
black.cauldron_tt0088814	1985	Fair_Folk_Girl	Fair_Folk_Girl		nm0723679	female			23.86
black.cauldron_tt0088814	1985	Doli	Doli		nm0125956	male	protagonist		58.56
black.cauldron_tt0088814	1985	King_Eidilleg	King_Eidilleg		nm0539395	male	protagonist		59.93
black.cauldron_tt0088814	1985	Orwen	Orwen		nm0539737	female			109.07
bobs.burgers.mo_tt7466442	2022	Linda_Belcher	Linda_Belcher		nm4064518	female	protagonist		1065.15
bobs.burgers.mo_tt7466442	2022	Louise_Belcher	Louise_Belcher		nm1102891	female	protagonist		1646.39
bobs.burgers.mo_tt7466442	2022	Gene_Belcher	Gene_Belcher		nm1483349	male	protagonist		1567.98
bobs.burgers.mo_tt7466442	2022	Tina_Belcher	Tina_Belcher		nm2089814	female	protagonist		1555.51
bobs.burgers.mo_tt7466442	2022	Bob_Belcher	Bob_Belcher		nm0071304	male	protagonist		1219.09
bobs.burgers.mo_tt7466442	2022	Jimmy_Jr.	Jimmy_Jr.		nm0071304	male			401.32
bobs.burgers.mo_tt7466442	2022	Phillip_Frond	Phillip_Frond		nm0379114	male			625.04
bobs.burgers.mo_tt7466442	2022	Chloe_Barbash	Chloe_Barbash		nm3715867	female			121.25
bobs.burgers.mo_tt7466442	2022	Sergeant_Bosco	Sergeant_Bosco		nm0170550	male			237.45
bobs.burgers.mo_tt7466442	2022	Teddy	Teddy		nm1926427	male	protagonist		398.73
bobs.burgers.mo_tt7466442	2022	Calvin_Fischoeder	Calvin_Fischoeder		nm0000177	male	protagonist		414.71
bobs.burgers.mo_tt7466442	2022	Felix_Fischoeder	Felix_Fischoeder		nm0302108	male	protagonist		495.62
bobs.burgers.mo_tt7466442	2022	Jericho	Jericho		nm0748620	male			4.25
bobs.burgers.mo_tt7466442	2022	Kuchi_Kopi	Kuchi_Kopi			unknown			61.81
bolt_tt0397892	2008	Officer_Ester	Officer_Ester		nm1851408	female			57.14
bolt_tt0397892	2008	Bolt	Bolt		nm0000237	male	protagonist		1761.47
bolt_tt0397892	2008	Rhino	Rhino		nm0910559	male	protagonist		439.23
bolt_tt0397892	2008	Penny's_Mother	Penny's_Mother			female			128.17
bolt_tt0397892	2008	Penny	Penny		nm1415323	female	protagonist		565.06
bolt_tt0397892	2008	Penny's_Father_(Actor)	Penny's_Father_(Actor)			male			60.73
bolt_tt0397892	2008	Character_1	Character_1			unknown			114.61
bolt_tt0397892	2008	Dr._Calico	Dr._Calico		nm0000532	male	antagonist		63.31
bolt_tt0397892	2008	Mittens	Mittens		nm0261435	female	protagonist		923.38
bolt_tt0397892	2008	Dr._Calico_Guard	Dr._Calico_Guard		nm0000532	male			27.69
bolt_tt0397892	2008	Character_2	Character_2			unknown			76.79
bolt_tt0397892	2008	Character_5	Character_5			unknown			73.95
bolt_tt0397892	2008	Character_4	Character_4			unknown			73.20
bolt_tt0397892	2008	Character_6	Character_6			unknown			88.63
bolt_tt0397892	2008	The_Director	The_Director		nm0513851	male			62.81
bolt_tt0397892	2008	Officer_Martin	Officer_Martin		nm0826745	male			36.37
bolt_tt0397892	2008	Mindy_Parker	Mindy_Parker		nm1312566	female			123.37
bolt_tt0397892	2008	Director	Director			male	antagonist		40.21
bolt_tt0397892	2008	Agent	Agent		nm0314524	male	antagonist		207.54
bolt_tt0397892	2008	Dr._Calico's_Fluffy_Cat	Dr._Calico's_Fluffy_Cat			unknown			85.84
bolt_tt0397892	2008	Dr._Calico's_Black_Cat	Dr._Calico's_Black_Cat			unknown			87.59
bolt_tt0397892	2008	0.NOTAFACE	0.NOTAFACE						10.22
bolt_tt0397892	2008	Joey,_Vinnie,_and_Bobby	Joey,_Vinnie,_and_Bobby			male			111.32
bolt_tt0397892	2008	*Pigeons	*Pigeons			male			73.82
bolt_tt0397892	2008	Officer_Lloyd	Officer_Lloyd		nm0071818	male			17.14
boss.baby.2.fam_tt6932874	2021	Tim_Templeton_(Young)	Tim_Templeton_(Young)		nm2857474	male	protagonist		1276.23
boss.baby.2.fam_tt6932874	2021	Boss_Baby_/_Theodore_Templeton_(Young)	Boss_Baby_/_Theodore_Templeton_(Young)		nm0000285	male	protagonist		1039.87
boss.baby.2.fam_tt6932874	2021	Ted_Templeton	Ted_Templeton		nm0453994	male	protagonist		145.94
boss.baby.2.fam_tt6932874	2021	Tabitha_Templeton	Tabitha_Templeton		nm7567556	female	protagonist		1058.22
boss.baby.2.fam_tt6932874	2021	Carol_Templeton	Carol_Templeton		nm0519456	female			388.30
boss.baby.2.fam_tt6932874	2021	Tim_Templeton	Tim_Templeton		nm0005188	male	protagonist		589.17
boss.baby.2.fam_tt6932874	2021	Tina_Templeton	Tina_Templeton		nm0781238	female	protagonist		1051.38
boss.baby.2.fam_tt6932874	2021	Jimbo	Jimbo		nm1659741	male			44.00
boss.baby.2.fam_tt6932874	2021	Character_3	Character_3			unknown			266.64
boss.baby.2.fam_tt6932874	2021	*Police_Officers	*Police_Officers			male			13.35
boss.baby.2.fam_tt6932874	2021	Precious_Templeton_(Horse)	Precious_Templeton_(Horse)			unknown	protagonist		94.64
boss.baby.2.fam_tt6932874	2021	Boss_Baby_/_Theodore_Templeton	Boss_Baby_/_Theodore_Templeton		nm0000285	male			262.93
boss.baby.2.fam_tt6932874	2021	Wizzie	Wizzie		nm4642699	male			58.73
boss.baby.2.fam_tt6932874	2021	Pageant_Mom_#2	Pageant_Mom_#2		nm1154908	unknown			37.16
boss.baby.2.fam_tt6932874	2021	Nathan_Pickles	Nathan_Pickles		nm6004682	male			179.30
boss.baby.2.fam_tt6932874	2021	Time_Out_Kid	Time_Out_Kid		nm4847816	unknown			31.28
boss.baby.2.fam_tt6932874	2021	Connie_(Story_Bear)	Connie_(Story_Bear)		nm1121631	male			53.01
boss.baby.2.fam_tt6932874	2021	*Baby_Triplets	*Baby_Triplets		nm12725945	unknown			91.17
boss.baby.2.fam_tt6932874	2021	Dr._Tiffany_Hamilton	Dr._Tiffany_Hamilton		nm0569891	male			146.94
boss.baby.2.fam_tt6932874	2021	Dr._Armstrong	Dr._Armstrong		nm0000156	male	antagonist		129.17
boss.baby.2.fam_tt6932874	2021	Character_2	Character_2			unknown			189.94
boss.baby.2.fam_tt6932874	2021	Meghan_Glick	Meghan_Glick		nm6744017	female			81.29
boss.baby.2.fam_tt6932874	2021	Character_1	Character_1			unknown			244.12
boss.baby.2.fam_tt6932874	2021	Purple_Glasses_Baby	Purple_Glasses_Baby			unknown			61.02
boss.baby.2.fam_tt6932874	2021	Box_Kid	Box_Kid		nm9176330	male			81.41
boss.baby.2.fam_tt6932874	2021	Dreidel_Kid	Dreidel_Kid		nm12725946	unknown			9.22
boss.baby.2.fam_tt6932874	2021	Glue_Baby	Glue_Baby		nm2554464	male			34.08
boss.baby.2.fam_tt6932874	2021	Character_6	Character_6			unknown			34.28
boss.baby.2.fam_tt6932874	2021	No_Girl	No_Girl		nm7875278	unknown			40.96
boss.baby.2.fam_tt6932874	2021	Janice_Templeton	Janice_Templeton		nm0001435	female			138.22
boss.baby.2.fam_tt6932874	2021	Movie_Patron	Movie_Patron		nm1019583	male			21.10
boss.baby.2.fam_tt6932874	2021	Little_Bo_Peep_Baby	Little_Bo_Peep_Baby		nm8500309	unknown			44.21
boss.baby.2.fam_tt6932874	2021	Creepy_Girl	Creepy_Girl		nm8093015	unknown			27.57
boss.baby.2.fam_tt6932874	2021	Character_4	Character_4			unknown			26.15
boss.baby.2.fam_tt6932874	2021	*Baby_Ninjas	*Baby_Ninjas			unknown	antagonist		40.92
boss.baby.2.fam_tt6932874	2021	Character_5	Character_5			unknown			18.27
boss.baby_tt3874544	2017	Tim_Templeton	Tim_Templeton		nm2857474	male	protagonist		2004.26
boss.baby_tt3874544	2017	Janice_Templeton	Janice_Templeton		nm0001435	female			325.33
boss.baby_tt3874544	2017	Ted_Timpleton	Ted_Timpleton		nm0453994	male			310.48
boss.baby_tt3874544	2017	Francis_E._Francis	Francis_E._Francis		nm0000114	male	antagonist		168.96
boss.baby_tt3874544	2017	Wizzie	Wizzie		nm4642699	unknown			71.91
boss.baby_tt3874544	2017	Theodore_Templeton_(Boss_Baby)	Theodore_Templeton_(Boss_Baby)		nm0000285	male	protagonist		1800.13
boss.baby_tt3874544	2017	Character_1	Character_1			unknown			78.91
boss.baby_tt3874544	2017	Staci	Staci		nm6510248	female			153.03
boss.baby_tt3874544	2017	Jimbo	Jimbo		nm1659741	male			144.31
boss.baby_tt3874544	2017	Pirate_Theodore	Pirate_Theodore			unknown			54.64
boss.baby_tt3874544	2017	Yellow_Triplet	Yellow_Triplet			unknown			85.42
boss.baby_tt3874544	2017	Pirate_Tim_Templeton	Pirate_Tim_Templeton		nm2857474	male			28.36
boss.baby_tt3874544	2017	Blue_Triplet	Blue_Triplet			unknown			114.57
boss.baby_tt3874544	2017	0.NOTAFACE	0.NOTAFACE						28.65
boss.baby_tt3874544	2017	Ski_Mask_Tim_Templeton	Ski_Mask_Tim_Templeton			male			19.39
boss.baby_tt3874544	2017	Big_Boss_Baby	Big_Boss_Baby		nm0592437	female			41.25
boss.baby_tt3874544	2017	Eugene_Francis	Eugene_Francis		nm0970447	male	antagonist		53.26
boss.baby_tt3874544	2017	*Forever_Puppies	*Forever_Puppies			unknown			26.90
boss.baby_tt3874544	2017	Character_2	Character_2			unknown			53.76
brave_tt1217209	2012	Queen_Elinor	Queen_Elinor		nm0000668	female	protagonist		540.12
brave_tt1217209	2012	Merida	Merida		nm5104064	female	protagonist		1359.44
brave_tt1217209	2012	King_Fergus	King_Fergus		nm0175262	male			423.84
brave_tt1217209	2012	Wee_Dingwall	Wee_Dingwall		nm1625656	male			60.85
brave_tt1217209	2012	Maudie	Maudie		nm0455435	female			74.28
brave_tt1217209	2012	Harris,_Hubert,_and_Hamish	Harris,_Hubert,_and_Hamish			unknown			100.56
brave_tt1217209	2012	Lord_MacGuffin	Lord_MacGuffin		nm0571727	male			139.68
brave_tt1217209	2012	Young_Macintosh	Young_Macintosh		nm2189243	male			53.14
brave_tt1217209	2012	Lord_Dingwall	Lord_Dingwall		nm0001059	male			140.35
brave_tt1217209	2012	Lord_Macintosh	Lord_Macintosh		nm0272401	male			120.79
brave_tt1217209	2012	Young_MacGuffin	Young_MacGuffin		nm0571727	male			86.21
brave_tt1217209	2012	Witch_(Brave)	Witch_(Brave)		nm0910278	female			146.06
brave_tt1217209	2012	Queen_Elinor_(Bear)	Queen_Elinor_(Bear)		nm0000668	female	protagonist		301.68
brave_tt1217209	2012	Harris,_Hubert,_Hamish_(Bears)	Harris,_Hubert,_Hamish_(Bears)			unknown			19.94
brother.bear_tt0328880	2003	Older_Denahi	Older_Denahi		nm0332390	male			23.40
brother.bear_tt0328880	2003	Tanana	Tanana		nm0178616	female	protagonist		210.08
brother.bear_tt0328880	2003	Denahi	Denahi		nm0707262	male	antagonist		591.38
brother.bear_tt0328880	2003	Sitka	Sitka		nm0000665	male	protagonist		178.43
brother.bear_tt0328880	2003	Tuke	Tuke		nm0858686	male	protagonist		245.29
brother.bear_tt0328880	2003	Kenai	Kenai		nm0001618	male	protagonist		1253.38
brother.bear_tt0328880	2003	Ram_#1	Ram_#1		nm0160364	male			41.88
brother.bear_tt0328880	2003	Male_Lover_Bear	Male_Lover_Bear		nm0698681	male			125.92
brother.bear_tt0328880	2003	Koda	Koda		nm0836836	male	protagonist		863.57
brother.bear_tt0328880	2003	Chipmunks	Chipmunks		nm0732436	male			23.90
brother.bear_tt0328880	2003	Tug	Tug		nm0003817	male			107.73
brother.bear_tt0328880	2003	Female_Lover_Bear	Female_Lover_Bear		nm0005306	female			37.83
brother.bear_tt0328880	2003	Croatian_Bear	Croatian_Bear		nm1194068	male			24.32
brother.bear_tt0328880	2003	Old_Lady_Bear	Old_Lady_Bear		nm0364680	female			22.81
captain.underpa_tt2091256	2017	Harold_Hutchins	Harold_Hutchins		nm3042755	male	protagonist		1660.16
captain.underpa_tt2091256	2017	Goody_Two-Shoes_Girl	Goody_Two-Shoes_Girl		nm0063944	female			110.11
captain.underpa_tt2091256	2017	Captain_Underpants_/_Mr._Krupp	Captain_Underpants_/_Mr._Krupp		nm1159180	male	protagonist		1129.84
captain.underpa_tt2091256	2017	George_Beard	George_Beard		nm0366389	male	protagonist		1675.38
captain.underpa_tt2091256	2017	Tommy	Tommy		nm1659741	male			189.06
captain.underpa_tt2091256	2017	Edith	Edith		nm1102891	female	protagonist		160.04
captain.underpa_tt2091256	2017	Mr._Fyde	Mr._Fyde		nm0735440	male			41.50
captain.underpa_tt2091256	2017	Ms._Ribble	Ms._Ribble		nm0720191	female			92.80
captain.underpa_tt2091256	2017	Ms._Dayken	Ms._Dayken		nm0280164	female			39.21
captain.underpa_tt2091256	2017	Sad_Girl	Sad_Girl		nm2294312	unknown			93.30
captain.underpa_tt2091256	2017	Melvin_Sneedly	Melvin_Sneedly		nm1443502	male	antagonist		251.13
captain.underpa_tt2091256	2017	Green_Dinosaur	Green_Dinosaur			unknown			30.86
captain.underpa_tt2091256	2017	Mime	Mime		nm1121631	male			16.85
captain.underpa_tt2091256	2017	Professor_Poopypants	Professor_Poopypants		nm1802209	male	antagonist		507.88
captain.underpa_tt2091256	2017	Nobel_Moderator	Nobel_Moderator		nm0630149	female			45.50
care.bears.movi_tt0088885	1985	Mrs._Kim_Cherrywood	Mrs._Kim_Cherrywood		nm0247720	female			48.59
care.bears.movi_tt0088885	1985	Jason	Jason		nm0861898	male	protagonist		551.22
care.bears.movi_tt0088885	1985	Mr._Nicholas_Cherrywood	Mr._Nicholas_Cherrywood		nm0001682	male			76.95
care.bears.movi_tt0088885	1985	Kim	Kim		nm0838588	female	protagonist		556.22
care.bears.movi_tt0088885	1985	Nicholas	Nicholas		nm0443058	male	antagonist		511.39
care.bears.movi_tt0088885	1985	Playful_Heart_Monkey	Playful_Heart_Monkey		nm0525716	male			226.10
care.bears.movi_tt0088885	1985	Brave_Heart_Lion	Brave_Heart_Lion		nm0377243	male			289.79
care.bears.movi_tt0088885	1985	Birthday_Bear	Birthday_Bear			male			87.13
care.bears.movi_tt0088885	1985	Baby_Hugs_Bear	Baby_Hugs_Bear		nm0370049	female			34.78
care.bears.movi_tt0088885	1985	Proud_Heart_Cat	Proud_Heart_Cat			female			333.67
care.bears.movi_tt0088885	1985	Tenderheart_Bear	Tenderheart_Bear		nm0723982	male	protagonist		367.20
care.bears.movi_tt0088885	1985	Friend_Bear	Friend_Bear		nm0021993	female	protagonist		227.81
care.bears.movi_tt0088885	1985	Wish_Bear	Wish_Bear		nm0337945	female			236.03
care.bears.movi_tt0088885	1985	Cheer_Bear	Cheer_Bear		nm0114265	female			220.43
care.bears.movi_tt0088885	1985	Share_Bear	Share_Bear		nm0085461	female			141.89
care.bears.movi_tt0088885	1985	Cozy_Heart_Penguin	Cozy_Heart_Penguin		nm0719697	female			155.53
care.bears.movi_tt0088885	1985	Bright_Heart_Raccoon	Bright_Heart_Raccoon		nm0378130	male			112.03
care.bears.movi_tt0088885	1985	Good_Luck_Bear	Good_Luck_Bear		nm0525716	male			80.96
care.bears.movi_tt0088885	1985	Swift_Heart_Rabbit	Swift_Heart_Rabbit		nm0021993	female			87.59
care.bears.movi_tt0088885	1985	Bedtime_Bear	Bedtime_Bear		nm0276757	male			133.05
care.bears.movi_tt0088885	1985	Gentle_Heart_Lamb	Gentle_Heart_Lamb		nm0333009	female			119.12
care.bears.movi_tt0088885	1985	Grumpy_Bear	Grumpy_Bear		nm0220429	male			154.15
care.bears.movi_tt0088885	1985	Love-A-Lot_Bear	Love-A-Lot_Bear		nm0257077	female			348.18
care.bears.movi_tt0088885	1985	Champ_Bear	Champ_Bear			male			151.23
care.bears.movi_tt0088885	1985	Treat_Heart_Pig	Treat_Heart_Pig		nm0719697	female			45.34
care.bears.movi_tt0088885	1985	Secret_Bear	Secret_Bear		nm0262541	female	protagonist		40.50
care.bears.movi_tt0088885	1985	Funshine_Bear	Funshine_Bear		nm0085461	male			144.85
care.bears.movi_tt0088885	1985	Great_Fetuccini	Great_Fetuccini		nm0313364	male			126.63
care.bears.movi_tt0088885	1985	Spirit	Spirit		nm0123201	female	antagonist		21.02
care.bears.movi_tt0088885	1985	Loyal_Heart_Dog	Loyal_Heart_Dog		nm0377243	male			31.99
care.bears.movi_tt0088885	1985	Grams_Bear	Grams_Bear		nm0719697	female			15.81
care.bears.movi_tt0088885	1985	Baby_Tugs_Bear	Baby_Tugs_Bear		nm0114265	male			81.46
care.bears.movi_tt0088885	1985	Lotsa_Heart_Elephant	Lotsa_Heart_Elephant		nm0333009	female			114.49
cars.2_tt1216475	2011	Lightning_McQueen	Lightning_McQueen		nm0005562	male	protagonist		804.35
cars.2_tt1216475	2011	Francesco_Bernoulli	Francesco_Bernoulli		nm0001806	male			282.99
cars.2_tt1216475	2011	Sally_Carrera	Sally_Carrera		nm0001372	female			354.35
cars.2_tt1216475	2011	Professor_Zundapp	Professor_Zundapp		nm0470981	male	antagonist		150.90
cars.2_tt1216475	2011	Miles_Axlerod	Miles_Axlerod			male	antagonist		253.38
cars.2_tt1216475	2011	Holley_Shiftwell	Holley_Shiftwell		nm0607865	female	protagonist		366.53
cars.2_tt1216475	2011	Red	Red			male			111.65
cars.2_tt1216475	2011	Combat_Ship	Combat_Ship		nm1204201	male			0.38
cars.2_tt1216475	2011	Raoul_CaRoule	Raoul_CaRoule			male			28.95
cars.2_tt1216475	2011	Mater	Mater		nm1249256	male	protagonist		730.81
cars.2_tt1216475	2011	Guido	Guido		nm0702925	male	protagonist		92.93
cars.2_tt1216475	2011	Otis	Otis		nm0307531	male			24.86
cars.2_tt1216475	2011	Luigi	Luigi		nm0001724	male	protagonist		166.83
cars.2_tt1216475	2011	Fillmore	Fillmore		nm1204201	male	protagonist		118.58
cars.2_tt1216475	2011	Flo	Flo		nm0507338	female			79.29
cars.2_tt1216475	2011	Mel_Dorado	Mel_Dorado		nm1746722	unknown			53.39
cars.2_tt1216475	2011	Tubbs_Pacer	Tubbs_Pacer			male			72.66
cars.2_tt1216475	2011	Minny	Minny		nm0566052	female			32.57
cars.2_tt1216475	2011	The_Queen	The_Queen		nm0000603	female			21.02
cars.2_tt1216475	2011	Mama_Topolino	Mama_Topolino		nm0000603	female			20.31
cars.2_tt1216475	2011	Jeff_Gorvette	Jeff_Gorvette		nm0330298	male			49.59
cars.2_tt1216475	2011	Van	Van		nm0454236	male			73.41
cars.2_tt1216475	2011	Daisu_Tsashimi	Daisu_Tsashimi		nm1156606	male			5.96
cars.2_tt1216475	2011	Carla_Veloso	Carla_Veloso		nm3518830	female			26.61
cars.2_tt1216475	2011	Japanese_Toilet_Assistant_Cartoon	Japanese_Toilet_Assistant_Cartoon		nm0814484	female			8.84
cars.3_tt3606752	2017	Lightning_McQueen	Lightning_McQueen		nm0005562	male	protagonist		1447.86
cars.3_tt3606752	2017	Cal_Weathers	Cal_Weathers		nm0678799	male			88.13
cars.3_tt3606752	2017	Chase_Racelott	Chase_Racelott		nm6243733	male			26.36
cars.3_tt3606752	2017	Sterling	Sterling		nm0277213	male	antagonist		330.29
cars.3_tt3606752	2017	Maddy_McGear	Maddy_McGear		nm6421259	female			242.70
cars.3_tt3606752	2017	Fillmore	Fillmore		nm1204201	male			67.94
cars.3_tt3606752	2017	Guido	Guido		nm0702925	male			146.44
cars.3_tt3606752	2017	Shannon_Spokes	Shannon_Spokes		nm2062257	female			217.63
cars.3_tt3606752	2017	Mater	Mater		nm1249256	male	protagonist		168.13
cars.3_tt3606752	2017	Luigi	Luigi		nm0001724	male			229.35
cars.3_tt3606752	2017	Dusty_Rust-eze	Dusty_Rust-eze		nm1137136	male			111.24
cars.3_tt3606752	2017	Cruz_Ramirez	Cruz_Ramirez		nm2242399	female	protagonist		826.66
cars.3_tt3606752	2017	Sally_Carrera	Sally_Carrera		nm0001372	female			180.89
cars.3_tt3606752	2017	Sweet_Tea	Sweet_Tea		nm7363531	female			26.82
cars.3_tt3606752	2017	Louise_Nash	Louise_Nash		nm0553269	female	protagonist		90.55
cars.3_tt3606752	2017	Miss_Fritter	Miss_Fritter		nm0216466	female			24.11
cars_tt0317219	2006	Mia	Mia		nm0172491	female			115.45
cars_tt0317219	2006	Van	Van		nm0454236	male			123.12
cars_tt0317219	2006	Lightning_McQueen	Lightning_McQueen		nm0005562	male	protagonist		1595.18
cars_tt0317219	2006	Sally_Carrera	Sally_Carrera		nm0001372	female	protagonist		565.31
cars_tt0317219	2006	Ramone	Ramone		nm0001507	male			68.19
cars_tt0317219	2006	Michael_Schumacher_Ferrari	Michael_Schumacher_Ferrari		nm1635856	male			42.79
cars_tt0317219	2006	Motorhome_Race_Fans	Motorhome_Race_Fans			unknown			33.95
cars_tt0317219	2006	Dusty_Rust-eze	Dusty_Rust-eze		nm1137136	male			89.34
cars_tt0317219	2006	Flik_Car	Flik_Car		nm0004929	male			49.34
cars_tt0317219	2006	Darrell_Cartrip	Darrell_Cartrip		nm1267353	male			12.68
cars_tt0317219	2006	Kori_Turbowitz	Kori_Turbowitz		nm2277851	female			104.02
cars_tt0317219	2006	Flo	Flo		nm0507338	female			337.05
cars_tt0317219	2006	Minny	Minny		nm0566052	female			94.05
cars_tt0317219	2006	Luigi	Luigi		nm0001724	male			309.81
cars_tt0317219	2006	Sullivan_Truck	Sullivan_Truck		nm0000422	male			15.52
cars_tt0317219	2006	Mike_Car	Mike_Car		nm0000345	male			11.34
cars_tt0317219	2006	Mrs._The_King	Mrs._The_King		nm1872135	female			94.30
cars_tt0317219	2006	Red	Red		nm0710020	male			137.93
cars_tt0317219	2006	Fred	Fred		nm0004056	male			74.57
cars_tt0317219	2006	Snotrod	Snotrod		nm0738918	male			16.10
cars_tt0317219	2006	Mater	Mater		nm1249256	male	protagonist		336.79
cars_tt0317219	2006	Hamm_Truck	Hamm_Truck		nm0001652	male			7.05
chicken.little_tt0371606	2005	Chicken_Little	Chicken_Little		nm0103785	male	protagonist		1226.10
chicken.little_tt0371606	2005	*Rabbits	*Rabbits			unknown			191.40
chicken.little_tt0371606	2005	Character_6	Character_6			unknown			104.69
chicken.little_tt0371606	2005	Dalmation	Dalmation			unknown			25.11
chicken.little_tt0371606	2005	Character_1	Character_1			unknown			72.03
chicken.little_tt0371606	2005	Character_4	Character_4			unknown			26.11
chicken.little_tt0371606	2005	Leapard	Leapard			unknown			92.51
chicken.little_tt0371606	2005	Buck_Cluck	Buck_Cluck		nm0005190	male	protagonist		672.80
chicken.little_tt0371606	2005	Character_2	Character_2			unknown			29.32
chicken.little_tt0371606	2005	Donkey	Donkey			unknown			44.84
chicken.little_tt0371606	2005	Dog_Announcer	Dog_Announcer		nm0733427	male			58.77
chicken.little_tt0371606	2005	Mayor_Turkey_Lurkey	Mayor_Turkey_Lurkey		nm0461455	male			24.94
chicken.little_tt0371606	2005	Rodriguez	Rodriguez		nm0926679	male			24.02
chicken.little_tt0371606	2005	Foxy_Loxy	Foxy_Loxy		nm0781238	female			108.19
chicken.little_tt0371606	2005	Character_3	Character_3			unknown			33.03
chicken.little_tt0371606	2005	Coach	Coach		nm0227540	male			65.57
chicken.little_tt0371606	2005	Mr._Woolensworth	Mr._Woolensworth		nm0001772	male			31.36
chicken.little_tt0371606	2005	Runt_of_the_Litter	Runt_of_the_Litter		nm0001872	male	protagonist		371.91
chicken.little_tt0371606	2005	Morkubine_Porcupine	Morkubine_Porcupine		nm0227540	male			16.27
chicken.little_tt0371606	2005	Fish_Out_of_Water	Fish_Out_of_Water		nm0007171	male	protagonist		158.53
chicken.little_tt0371606	2005	Abby_Mallard	Abby_Mallard		nm0000349	female	protagonist		525.82
chicken.little_tt0371606	2005	Hollywood_Fish	Hollywood_Fish		nm0278181	male			18.39
chicken.little_tt0371606	2005	Hollywood_Abby	Hollywood_Abby		nm0568942	unknown			13.89
chicken.little_tt0371606	2005	Character_5	Character_5			unknown			20.94
chicken.little_tt0371606	2005	Acorn_Mascot	Acorn_Mascot		nm0926679	male			7.38
chicken.little_tt0371606	2005	Mama_Runt	Mama_Runt		nm1851408	unknown			23.19
chicken.little_tt0371606	2005	Melvin	Melvin		nm0929609	male			41.75
chicken.little_tt0371606	2005	Bull	Bull			unknown			14.97
chicken.little_tt0371606	2005	Hollywood_Runt	Hollywood_Runt		nm0448208	male			6.76
chicken.little_tt0371606	2005	Kirby	Kirby		nm2060519	male			147.56
chicken.little_tt0371606	2005	Tina	Tina		nm0001573	female			30.49
chicken.little_tt0371606	2005	Alien_Cop	Alien_Cop		nm0911320	male			16.02
chicken.little_tt0371606	2005	Hollywood_Chicken_Little	Hollywood_Chicken_Little		nm0001842	male			36.41
chicken.run_tt0120630	2000	Dog	Dog			female			32.91
chicken.run_tt0120630	2000	Ginger	Ginger		nm0768018	female	protagonist		1313.23
chicken.run_tt0120630	2000	Rocky	Rocky		nm0000154	male	protagonist		1135.09
chicken.run_tt0120630	2000	Bunty	Bunty		nm0001767	female			456.66
chicken.run_tt0120630	2000	Babs	Babs		nm0001363	female			383.42
chicken.run_tt0120630	2000	Fowler	Fowler		nm0926368	male	protagonist		293.29
chicken.run_tt0120630	2000	Troll	Troll			unknown			8.05
chicken.run_tt0120630	2000	Mr._Tweedy	Mr._Tweedy		nm0371304	male	antagonist		250.25
chicken.run_tt0120630	2000	Mrs._Tweedy	Mrs._Tweedy		nm0001669	female	antagonist		265.35
chicken.run_tt0120630	2000	Mac	Mac		nm0272521	female			285.87
chicken.run_tt0120630	2000	Nick	Nick		nm0001758	male			154.90
chicken.run_tt0120630	2000	Fetcher	Fetcher		nm0200057	male			207.87
chicken.run_tt0120630	2000	Circus_Man	Circus_Man			unknown			12.55
cinderella_tt0042332	1950	Cinderella's_Father	Cinderella's_Father			unknown			7.09
cinderella_tt0042332	1950	Cinderella	Cinderella		nm0940627	female	protagonist		617.70
cinderella_tt0042332	1950	Lucifer	Lucifer		nm0004931	male	antagonist		410.66
cinderella_tt0042332	1950	Drizella_Tremaine	Drizella_Tremaine		nm0931521	female	antagonist		157.57
cinderella_tt0042332	1950	Anastasia_Tremaine	Anastasia_Tremaine		nm0088520	female	antagonist		173.26
cinderella_tt0042332	1950	Lady_Tremaine	Lady_Tremaine		nm0041598	female	antagonist		237.53
cinderella_tt0042332	1950	Birds	Birds		nm0201428;nm0621699	female			114.16
cinderella_tt0042332	1950	The_Chickens	The_Chickens			unknown			25.73
cinderella_tt0042332	1950	Jaq	Jaq		nm0531763	male	protagonist		559.93
cinderella_tt0042332	1950	Gus/Gus_Gus	Gus/Gus_Gus		nm0531763	male	protagonist		489.49
cinderella_tt0042332	1950	Perla	Perla		nm0931199	female			38.00
cinderella_tt0042332	1950	Luke	Luke			unknown			138.14
cinderella_tt0042332	1950	Mary	Mary			female			52.64
cinderella_tt0042332	1950	Bert_and_Mert	Bert_and_Mert			unknown			96.81
cinderella_tt0042332	1950	Bruno	Bruno		nm0531763	male			91.26
cinderella_tt0042332	1950	Major	Major			male			86.25
cinderella_tt0042332	1950	The_King	The_King		nm0887887	male			202.62
cinderella_tt0042332	1950	The_Grand_Duke	The_Grand_Duke		nm0887887	male			345.43
cinderella_tt0042332	1950	Prince_Charming	Prince_Charming		nm0681055	male	protagonist		101.27
cinderella_tt0042332	1950	White_Horses	White_Horses			unknown			30.03
cinderella_tt0042332	1950	Fairy_Godmother	Fairy_Godmother		nm0271658	female	protagonist		152.11
cinderella_tt0042332	1950	The_Herald	The_Herald		nm2210148	male			73.07
cinderella_tt0042332	1950	Royal_Guards	Royal_Guards			female			2.00
cloudy.with.a.c_tt0844471	2009	Regina_Devereaux	Regina_Devereaux		nm1447581	female			274.48
cloudy.with.a.c_tt0844471	2009	Cal_Devereaux	Cal_Devereaux		nm1442928	male			138.14
cloudy.with.a.c_tt0844471	2009	Baby_Brent	Baby_Brent		nm1676221	male	protagonist		195.65
cloudy.with.a.c_tt0844471	2009	Fran_Lockwood	Fran_Lockwood		nm0334179	female			227.06
cloudy.with.a.c_tt0844471	2009	Sam_Sparks	Sam_Sparks		nm0267506	female	protagonist		949.99
cloudy.with.a.c_tt0844471	2009	Flint_(Young)	Flint_(Young)		nm3599186	male			130.63
cloudy.with.a.c_tt0844471	2009	Tim_Lockwood	Tim_Lockwood		nm0001001	male	protagonist		297.09
cloudy.with.a.c_tt0844471	2009	Flint_Lockwood	Flint_Lockwood		nm0352778	male	protagonist		1651.19
cloudy.with.a.c_tt0844471	2009	Steve	Steve		nm0000439	male	protagonist		151.57
cloudy.with.a.c_tt0844471	2009	Patrick_Patrickson	Patrick_Patrickson		nm0737963	male			86.04
cloudy.with.a.c_tt0844471	2009	Earl_Devereaux	Earl_Devereaux		nm0001558	male			200.33
cloudy.with.a.c_tt0844471	2009	Mayor_Shelbourne	Mayor_Shelbourne		nm0132257	male	antagonist		263.39
cloudy.with.a.c_tt1985966	2013	Barry	Barry		nm0970606	male	protagonist		255.05
cloudy.with.a.c_tt1985966	2013	Flint_(Young)	Flint_(Young)		nm0033977	male			30.03
cloudy.with.a.c_tt1985966	2013	Chester_V	Chester_V		nm0287182	male	antagonist		732.36
cloudy.with.a.c_tt1985966	2013	Sentinel_Louise	Sentinel_Louise		nm3596979	female			57.39
cloudy.with.a.c_tt1985966	2013	Cal_Devereaux	Cal_Devereaux		nm1367048	male			50.63
cloudy.with.a.c_tt1985966	2013	Sam_Sparks	Sam_Sparks		nm0267506	female	protagonist		1039.41
cloudy.with.a.c_tt1985966	2013	Flint_Lockwood	Flint_Lockwood		nm0352778	male	protagonist		1627.38
cloudy.with.a.c_tt1985966	2013	Barb	Barb		nm1102891	female	antagonist		430.81
cloudy.with.a.c_tt1985966	2013	Brent_McHale	Brent_McHale		nm1676221	male	protagonist		429.10
cloudy.with.a.c_tt1985966	2013	Earl_Devereaux	Earl_Devereaux		nm0187719	male	protagonist		517.56
cloudy.with.a.c_tt1985966	2013	Steve	Steve		nm0000439	male	protagonist		415.71
cloudy.with.a.c_tt1985966	2013	Tim_Lockwood	Tim_Lockwood		nm0001001	male	protagonist		370.50
cloudy.with.a.c_tt1985966	2013	Manny	Manny		nm0000973	male	protagonist		65.94
cloudy.with.a.c_tt1985966	2013	Flinty_McCallahan	Flinty_McCallahan		nm0446063	male			9.84
cloudy.with.a.c_tt1985966	2013	Sentinel_Peter	Sentinel_Peter		nm2329165	male			50.38
coco_tt2380307	2017	Elena_Rivera	Elena_Rivera			female			247.41
coco_tt2380307	2017	Mama_Coco_(child)	Mama_Coco_(child)		nm0613872	female			117.87
coco_tt2380307	2017	Miguel_Rivera	Miguel_Rivera		nm5645519	male	protagonist		2152.15
coco_tt2380307	2017	Mama_Coco	Mama_Coco		nm0613872	female			195.95
coco_tt2380307	2017	Enrique_Rivera	Enrique_Rivera			male			152.61
coco_tt2380307	2017	Plaza_Mariachi	Plaza_Mariachi		nm0101603	male			54.01
coco_tt2380307	2017	Luisa_Rivera	Luisa_Rivera			female			183.14
coco_tt2380307	2017	Berto_Rivera	Berto_Rivera			unknown			119.70
coco_tt2380307	2017	Ernesto_de_la_Cruz	Ernesto_de_la_Cruz		nm0000973	male	antagonist		395.98
coco_tt2380307	2017	Dante	Dante			male			113.49
coco_tt2380307	2017	Héctor	Héctor		nm0305558	male	protagonist		1038.83
coco_tt2380307	2017	Rosita	Rosita		nm0526090	female			249.71
coco_tt2380307	2017	Frida_Kahlo	Frida_Kahlo		nm3086285	female			121.08
coco_tt2380307	2017	Imelda_Rivera	Imelda_Rivera		nm0005513	female			525.15
coco_tt2380307	2017	Victoria_Rivera	Victoria_Rivera		nm0650969	female			180.47
coco_tt2380307	2017	Rosa	Rosa			unknown			57.52
coco_tt2380307	2017	Felipe/Oscar	Felipe/Oscar		nm0797567	male			172.59
coco_tt2380307	2017	Papa_Julio	Papa_Julio		nm0000778	male			137.97
coco_tt2380307	2017	Corrections_Officer	Corrections_Officer		nm0001507	male			14.81
coco_tt2380307	2017	Juan_Ortodoncia	Juan_Ortodoncia		nm0001652	male			11.30
coco_tt2380307	2017	Head_Clerk	Head_Clerk		nm0407101	male			53.76
coco_tt2380307	2017	Pepita	Pepita			unknown			72.11
coco_tt2380307	2017	Cecilia_(Coco)	Cecilia_(Coco)			unknown			15.85
coco_tt2380307	2017	Monkey_Alebrije	Monkey_Alebrije			unknown			19.52
coco_tt2380307	2017	Gustavo_(Coco)	Gustavo_(Coco)		nm0101603	male			32.87
coco_tt2380307	2017	Chicharrón	Chicharrón		nm0001579	male			43.25
coraline_tt0327597	2009	Doll_of_The_Sweet_Ghost_Girl	Doll_of_The_Sweet_Ghost_Girl			unknown			12.61
coraline_tt0327597	2009	April_Spink	April_Spink		nm0766837	female	protagonist		150.78
coraline_tt0327597	2009	Other_Father	Other_Father		nm1894655	male			148.05
coraline_tt0327597	2009	Coraline_Jones	Coraline_Jones		nm0266824	female	protagonist		2599.80
coraline_tt0327597	2009	The_Cat	The_Cat		nm0202966	male	protagonist		171.20
coraline_tt0327597	2009	Wyborn_Lovat	Wyborn_Lovat			male	protagonist		252.89
coraline_tt0327597	2009	Other_Wybie	Other_Wybie			unknown	protagonist		117.88
coraline_tt0327597	2009	Mel_Jones	Mel_Jones		nm0000159	female	protagonist		233.90
coraline_tt0327597	2009	Charlie_Jones	Charlie_Jones		nm1894655	male	protagonist		132.03
coraline_tt0327597	2009	Taffy_Monster	Taffy_Monster			unknown			10.41
coraline_tt0327597	2009	Other_Mother	Other_Mother		nm0000159	female	antagonist		228.23
coraline_tt0327597	2009	Sergei_Alexander_Bobinsky	Sergei_Alexander_Bobinsky		nm0574534	male	protagonist		33.03
coraline_tt0327597	2009	Miriam_Forcible	Miriam_Forcible		nm0294067	female	protagonist		88.09
coraline_tt0327597	2009	The_Jumping_Mice/Mouse_Circus	The_Jumping_Mice/Mouse_Circus			unknown			25.33
coraline_tt0327597	2009	Young_Other_Miriam_Forcible	Young_Other_Miriam_Forcible		nm0294067	female			30.16
coraline_tt0327597	2009	The_Beldam	The_Beldam		nm0000159	female	antagonist		83.18
coraline_tt0327597	2009	Grandma's_Missing_Sister/The_Sweet_Ghost_Girl	Grandma's_Missing_Sister/The_Sweet_Ghost_Girl			unknown	protagonist		51.82
coraline_tt0327597	2009	The_Ghost_Boy	The_Ghost_Boy		nm3275474	male			29.66
coraline_tt0327597	2009	Angus	Angus						0.40
corpse.bride_tt0121164	2005	Victor_Van_Dort	Victor_Van_Dort		nm0000136	male	protagonist		1169.67
corpse.bride_tt0121164	2005	Victoria_Everglot	Victoria_Everglot		nm0001833	female	protagonist		546.09
corpse.bride_tt0121164	2005	William_Van_Dort	William_Van_Dort		nm0925768	male			161.87
corpse.bride_tt0121164	2005	Scraps	Scraps			male	protagonist		66.36
corpse.bride_tt0121164	2005	Finis_Everglot	Finis_Everglot		nm0001215	male			305.18
corpse.bride_tt0121164	2005	Emil_the_Butler	Emil_the_Butler		nm0050573	male			34.12
corpse.bride_tt0121164	2005	Maudeline_Everglot	Maudeline_Everglot		nm0525921	female			268.43
corpse.bride_tt0121164	2005	Barkis_Bittern	Barkis_Bittern		nm0001290	male	antagonist		278.99
corpse.bride_tt0121164	2005	Nell_Van_Dort	Nell_Van_Dort		nm0001808	female			149.23
corpse.bride_tt0121164	2005	Solemn_Village_Boy	Solemn_Village_Boy		nm0443120	male			19.14
corpse.bride_tt0121164	2005	Hildegarde	Hildegarde		nm0001808	female			73.95
corpse.bride_tt0121164	2005	Pastor_Galswells	Pastor_Galswells		nm0000489	male			86.09
corpse.bride_tt0121164	2005	Town_Crier	Town_Crier		nm0718572	male			23.69
corpse.bride_tt0121164	2005	Corpse_Bride	Corpse_Bride		nm0000307	female	protagonist		846.55
corpse.bride_tt0121164	2005	Alfred	Alfred			male			62.56
corpse.bride_tt0121164	2005	Bonejangles	Bonejangles		nm0000384	male			112.65
corpse.bride_tt0121164	2005	Miss_Plum	Miss_Plum		nm0001363	female			82.96
corpse.bride_tt0121164	2005	General_Bonesapart	General_Bonesapart		nm0746989	male			63.52
corpse.bride_tt0121164	2005	General_Wellington	General_Wellington		nm0552311	male			37.12
corpse.bride_tt0121164	2005	Paul_the_Head_Waiter	Paul_the_Head_Waiter		nm0925768	male			43.04
corpse.bride_tt0121164	2005	Maggot	Maggot		nm0718572	male			92.88
corpse.bride_tt0121164	2005	Fat_Chef	Fat_Chef		nm0552311	male			25.48
corpse.bride_tt0121164	2005	The_Black_Widow	The_Black_Widow		nm0001363	female			51.26
corpse.bride_tt0121164	2005	Elder_Gutknecht	Elder_Gutknecht		nm0001284	male	protagonist		63.98
corpse.bride_tt0121164	2005	Grandfather_Everglot	Grandfather_Everglot		nm0001215	male			3.63
croods.a.new.ag_tt2850386	2020	Belt_Crood	Belt_Crood		nm0761498	male	protagonist		87.59
croods.a.new.ag_tt2850386	2020	Guy_Crood	Guy_Crood		nm0005351	male	protagonist		1008.30
croods.a.new.ag_tt2850386	2020	Eep_Crood	Eep_Crood		nm1297015	female	protagonist		946.86
croods.a.new.ag_tt2850386	2020	Grug_Crood	Grug_Crood		nm0000115	male	protagonist		1038.25
croods.a.new.ag_tt2850386	2020	Sandy_Crood	Sandy_Crood		nm12080960	female			177.14
croods.a.new.ag_tt2850386	2020	Ugga_Crood	Ugga_Crood		nm0001416	female	protagonist		636.01
croods.a.new.ag_tt2850386	2020	Thunk_Crood	Thunk_Crood		nm0241173	male			248.87
croods.a.new.ag_tt2850386	2020	Douglas	Douglas			male	protagonist		26.78
croods.a.new.ag_tt2850386	2020	Dawn_Betterman	Dawn_Betterman		nm4511652	female	protagonist		514.89
croods.a.new.ag_tt2850386	2020	Gran_Crood	Gran_Crood		nm0001458	female			205.79
croods.a.new.ag_tt2850386	2020	Chunky	Chunky			male	protagonist		103.60
croods.a.new.ag_tt2850386	2020	Hope_Betterman	Hope_Betterman		nm0005182	female	antagonist		571.28
croods.a.new.ag_tt2850386	2020	Phil_Betterman	Phil_Betterman		nm0227759	male	antagonist		667.50
croods.a.new.ag_tt2850386	2020	Wigasus	Wigasus			unknown			18.18
croods.a.new.ag_tt2850386	2020	Spiny_Mandrilla	Spiny_Mandrilla			unknown	antagonist		87.63
croods.a.new.ag_tt2850386	2020	Wolf_Spider	Wolf_Spider			unknown	antagonist		73.74
croods_tt0481499	2013	Thunk_Crood	Thunk_Crood		nm0241173	male			562.65
croods_tt0481499	2013	Eep_Crood	Eep_Crood		nm1297015	female	protagonist		1175.55
croods_tt0481499	2013	Ugga_Crood	Ugga_Crood		nm0001416	female	protagonist		674.13
croods_tt0481499	2013	Sandy_Crood	Sandy_Crood		nm0858378	female			376.67
croods_tt0481499	2013	Grug_Crood	Grug_Crood		nm0000115	male	protagonist		1265.76
croods_tt0481499	2013	Bear_Owl	Bear_Owl			unknown			56.10
croods_tt0481499	2013	Liyotes	Liyotes			unknown			22.48
croods_tt0481499	2013	Guy	Guy		nm0005351	male	protagonist		930.05
croods_tt0481499	2013	Gran_Crood	Gran_Crood		nm0001458	female	protagonist		425.51
croods_tt0481499	2013	Brabby_&_Nabby	Brabby_&_Nabby			unknown			9.05
croods_tt0481499	2013	Belt	Belt		nm0761498	male	protagonist		143.18
croods_tt0481499	2013	Mousephant	Mousephant			unknown			8.88
croods_tt0481499	2013	Chunky	Chunky			male	antagonist		97.76
croods_tt0481499	2013	Punch_Monkeys	Punch_Monkeys			unknown			26.07
croods_tt0481499	2013	Douglas	Douglas			male			40.25
dc.league.of.su_tt8912936	2022	Krypto_the_Superdog	Krypto_the_Superdog		nm0425005	male	protagonist		1598.76
dc.league.of.su_tt8912936	2022	Lulu	Lulu		nm0571952	female	antagonist		662.58
dc.league.of.su_tt8912936	2022	Lara	Lara		nm0372176	female			28.74
dc.league.of.su_tt8912936	2022	Jor-El	Jor-El		nm0000547	male			19.73
dc.league.of.su_tt8912936	2022	Superman_/_Clark_Kent_/_Kal-El	Superman_/_Clark_Kent_/_Kal-El		nm1024677	male	protagonist		391.35
dc.league.of.su_tt8912936	2022	Wonder_Woman_/_Diana	Wonder_Woman_/_Diana		nm3553139	female			88.59
dc.league.of.su_tt8912936	2022	Lois_Lane	Lois_Lane		nm1312575	female			174.09
dc.league.of.su_tt8912936	2022	Carl	Carl		nm0283945	male			18.48
dc.league.of.su_tt8912936	2022	Waffles	Waffles		nm0505946	male			57.60
dc.league.of.su_tt8912936	2022	Foofy_Dog	Foofy_Dog		nm0005311	female			53.85
dc.league.of.su_tt8912936	2022	PB	PB		nm3364779	female	protagonist		474.89
dc.league.of.su_tt8912936	2022	Ace_the_Bat-Hound	Ace_the_Bat-Hound		nm0366389	male	protagonist		968.72
dc.league.of.su_tt8912936	2022	Patty	Patty		nm1304328	female			29.07
dc.league.of.su_tt8912936	2022	Chip	Chip		nm0526019	male	protagonist		293.42
dc.league.of.su_tt8912936	2022	Merton	Merton		nm0005169	female	protagonist		146.35
dc.league.of.su_tt8912936	2022	Corgi	Corgi			unknown			26.28
dc.league.of.su_tt8912936	2022	Flash_/_Barry_Allen	Flash_/_Barry_Allen		nm4696553	male			40.25
dc.league.of.su_tt8912936	2022	Lex_Luthor	Lex_Luthor		nm0549505	male	antagonist		168.42
dc.league.of.su_tt8912936	2022	Mercy_Graves	Mercy_Graves		nm4224109	female			68.28
dc.league.of.su_tt8912936	2022	Mega_Lulu	Mega_Lulu		nm0571952	female			64.36
dc.league.of.su_tt8912936	2022	Aquaman_/_Arthur_Curry	Aquaman_/_Arthur_Curry		nm1318596	male			57.77
dc.league.of.su_tt8912936	2022	Cyborg_/_Victor_Stone	Cyborg_/_Victor_Stone		nm4377526	male			41.58
dc.league.of.su_tt8912936	2022	Green_Lantern_/_Jessica_Cruz	Green_Lantern_/_Jessica_Cruz		nm4745601	female			51.34
dc.league.of.su_tt8912936	2022	Whiskers	Whiskers		nm13882777	unknown	antagonist		69.19
dc.league.of.su_tt8912936	2022	Batman_/_Bruce_Wayne	Batman_/_Bruce_Wayne		nm0000206	male			120.33
dc.league.of.su_tt8912936	2022	Dog-El	Dog-El		nm0202966	male			58.27
dc.league.of.su_tt8912936	2022	Keith	Keith		nm3042755	male			66.32
dc.league.of.su_tt8912936	2022	Mark	Mark		nm2355635	male			56.97
dc.league.of.su_tt8912936	2022	Anubis	Anubis		nm0425005	male			28.99
despicable.me.2_tt1690953	2013	Minions	Minions			male	protagonist		180.68
despicable.me.2_tt1690953	2013	Stuart_the_Minion	Stuart_the_Minion		nm1853544	male			301.93
despicable.me.2_tt1690953	2013	Bob_the_Minion	Bob_the_Minion		nm1853544	male			418.63
despicable.me.2_tt1690953	2013	Flight_Attendant	Flight_Attendant		nm3364779	female			40.04
despicable.me.2_tt1690953	2013	Silas_Ramsbottom	Silas_Ramsbottom		nm0176869	male	protagonist		179.14
despicable.me.2_tt1690953	2013	Lucy_Wilde	Lucy_Wilde		nm1325419	female	protagonist		876.21
despicable.me.2_tt1690953	2013	Gru	Gru		nm0136797	male	protagonist		1625.62
despicable.me.2_tt1690953	2013	Agnes	Agnes		nm3220568	female	protagonist		403.65
despicable.me.2_tt1690953	2013	Edith	Edith			unknown			211.71
despicable.me.2_tt1690953	2013	Antonio	Antonio		nm2030779	male			183.02
despicable.me.2_tt1690953	2013	Margo	Margo		nm1388927	female	protagonist		397.06
despicable.me.2_tt1690953	2013	Jillian	Jillian		nm1840659	female			96.60
despicable.me.2_tt1690953	2013	Italian_Waiter	Italian_Waiter		nm0719208	male			31.41
despicable.me.2_tt1690953	2013	Kevin_the_Minion	Kevin_the_Minion		nm1853544	male	antagonist		256.01
despicable.me.2_tt1690953	2013	Dr._Nefario	Dr._Nefario		nm1258970	male	protagonist		173.92
despicable.me.2_tt1690953	2013	Floyd	Floyd		nm0421822	male			50.63
despicable.me.2_tt1690953	2013	Shannon	Shannon		nm1102891	female			73.28
despicable.me.3_tt3469046	2017	Minions	Minions		nm1853544	male	protagonist		281.91
despicable.me.3_tt3469046	2017	TV_Show_Host	TV_Show_Host		nm0064170	male			29.07
despicable.me.3_tt3469046	2017	Clive_the_Robot	Clive_the_Robot		nm0638762	male			34.03
despicable.me.3_tt3469046	2017	Balthazar_Bratt	Balthazar_Bratt		nm0005295	male	antagonist		344.93
despicable.me.3_tt3469046	2017	Military_Officer	Military_Officer		nm1281932	male			35.87
despicable.me.3_tt3469046	2017	Agnes	Agnes		nm7058841	female	protagonist		428.76
despicable.me.3_tt3469046	2017	Niko	Niko		nm7777139	unknown			92.55
despicable.me.3_tt3469046	2017	Lucy_Wilde	Lucy_Wilde		nm1325419	female	protagonist		621.50
despicable.me.3_tt3469046	2017	Gru	Gru		nm0136797	male	protagonist		1262.80
despicable.me.3_tt3469046	2017	Silas_Ramsbottom	Silas_Ramsbottom		nm0176869	male			131.67
despicable.me.3_tt3469046	2017	Museum_Director	Museum_Director		nm1853544	male			26.82
despicable.me.3_tt3469046	2017	Marlena_Gru	Marlena_Gru		nm0000267	female			31.41
despicable.me.3_tt3469046	2017	Valerie_Da_Vinci	Valerie_Da_Vinci		nm2809577	female	antagonist		57.77
despicable.me.3_tt3469046	2017	Edith	Edith			unknown	protagonist		254.55
despicable.me.3_tt3469046	2017	Scar-Faced_Man	Scar-Faced_Man		nm0064170	male			89.30
despicable.me.3_tt3469046	2017	Margo	Margo		nm1388927	female	protagonist		279.49
despicable.me.3_tt3469046	2017	Niko's_Mother	Niko's_Mother		nm9086298	female			70.61
despicable.me.3_tt3469046	2017	Fritz	Fritz		nm0176869	male			47.80
despicable.me.3_tt3469046	2017	Dru	Dru		nm0136797	male	protagonist		427.51
despicable.me.4_tt7510222	2024	Minions	Minions		nm1853544	male	protagonist		502.29
despicable.me.4_tt7510222	2024	Gru	Gru		nm0136797	male	protagonist		1274.53
despicable.me.4_tt7510222	2024	Silas_Ramsbottom	Silas_Ramsbottom		nm0176869	male	protagonist		239.61
despicable.me.4_tt7510222	2024	Maxime_Le_Mal	Maxime_Le_Mal		nm0002071	male	antagonist		473.81
despicable.me.4_tt7510222	2024	Melora	Melora		nm0628170	female			34.70
despicable.me.4_tt7510222	2024	Valentina	Valentina		nm0005527	female	antagonist		124.79
despicable.me.4_tt7510222	2024	Agnes	Agnes		nm13211210	female			422.46
despicable.me.4_tt7510222	2024	Principal_Ubelschlecht	Principal_Ubelschlecht		nm0719208	male	antagonist		91.34
despicable.me.4_tt7510222	2024	Perry_Prescott	Perry_Prescott		nm0170306	male			114.61
despicable.me.4_tt7510222	2024	Bus_Driver_Carl	Bus_Driver_Carl		nm0224007	male			31.78
despicable.me.4_tt7510222	2024	Poppy_Prescott	Poppy_Prescott		nm1428821	female	protagonist		319.19
despicable.me.4_tt7510222	2024	Margo	Margo		nm1388927	female	protagonist		217.72
despicable.me.4_tt7510222	2024	Edith	Edith		nm3269138	female			235.07
despicable.me.4_tt7510222	2024	Lucy_Wilde	Lucy_Wilde		nm1325419	female	protagonist		551.80
despicable.me.4_tt7510222	2024	Gru_Jr.	Gru_Jr.			male	protagonist		617.20
despicable.me.4_tt7510222	2024	Lenny	Lenny			male			33.24
despicable.me.4_tt7510222	2024	Patsy_Prescott	Patsy_Prescott		nm4806887	female			69.57
despicable.me.4_tt7510222	2024	Sensei_O'Sullivan	Sensei_O'Sullivan			male			77.29
despicable.me_tt1323594	2010	Justin	Justin			male			21.94
despicable.me_tt1323594	2010	Justin's_Mother	Justin's_Mother			unknown			67.69
despicable.me_tt1323594	2010	Gertrude	Gertrude			unknown			3.55
despicable.me_tt1323594	2010	Justin's_Father	Justin's_Father			male			14.97
despicable.me_tt1323594	2010	Dr._Nefario	Dr._Nefario		nm1258970	male	protagonist		239.99
despicable.me_tt1323594	2010	Mr._Perkins	Mr._Perkins		nm0004715	male	antagonist		150.78
despicable.me_tt1323594	2010	MSNBC_Anchorman	MSNBC_Anchorman		nm1097364	male			28.53
despicable.me_tt1323594	2010	Felonious_Gru	Felonious_Gru		nm0136797	male	protagonist		1821.36
despicable.me_tt1323594	2010	Agnes_Gru	Agnes_Gru		nm3220568	female	protagonist		921.67
despicable.me_tt1323594	2010	Carnival_Ride_Worker	Carnival_Ride_Worker		nm0579914	male			9.93
despicable.me_tt1323594	2010	Fred_McDade	Fred_McDade		nm1104131	male			38.46
despicable.me_tt1323594	2010	Vector_Perkins	Vector_Perkins		nm0781981	male	antagonist		308.60
despicable.me_tt1323594	2010	Kyle_Gru	Kyle_Gru		nm0136797	male			30.11
despicable.me_tt1323594	2010	Margo_Gru	Margo_Gru		nm1388927	female	protagonist		882.51
despicable.me_tt1323594	2010	Edith_Gru	Edith_Gru		nm3269138	female	protagonist		691.07
despicable.me_tt1323594	2010	Minions	Minions			male	protagonist		364.78
despicable.me_tt1323594	2010	Miss_Hattie	Miss_Hattie		nm1325419	female	antagonist		141.18
despicable.me_tt1323594	2010	Marlena_Gru	Marlena_Gru		nm0000267	female			70.36
despicable.me_tt1323594	2010	Carnival_Barker	Carnival_Barker		nm1442113	male			56.18
despicable.me_tt1323594	2010	Vector's_Shark	Vector's_Shark			male			6.17
dinosaur_tt0130623	2000	Triceratops	Triceratops			unknown			13.85
dinosaur_tt0130623	2000	Neera	Neera		nm0000523	female	protagonist		274.67
dinosaur_tt0130623	2000	Aladar	Aladar		nm0000665	male	protagonist		711.78
dinosaur_tt0130623	2000	T_Rex	T_Rex			unknown			65.97
dinosaur_tt0130623	2000	Kron	Kron		nm0942787	male	antagonist		203.27
dinosaur_tt0130623	2000	Suri	Suri		nm0659363	female	protagonist		111.51
dinosaur_tt0130623	2000	Plio	Plio		nm0005569	female	protagonist		321.49
dinosaur_tt0130623	2000	Yar	Yar		nm0001115	male	protagonist		240.47
dinosaur_tt0130623	2000	Zini_(Young)	Zini_(Young)			male			38.71
dinosaur_tt0130623	2000	Zini	Zini		nm0143295	male	protagonist		121.99
dinosaur_tt0130623	2000	Baby_Dino	Baby_Dino			unknown			35.67
dinosaur_tt0130623	2000	Styracosaurus	Styracosaurus			unknown			72.34
dinosaur_tt0130623	2000	Baylene	Baylene		nm0687506	female	protagonist		85.55
dog.man_tt10954718	2025	Chief	Chief		nm2577076	male	protagonist		554.93
dog.man_tt10954718	2025	Petey_the_Cat	Petey_the_Cat		nm0203457	male	antagonist		983.56
dog.man_tt10954718	2025	Dog_Man	Dog_Man		nm0368614	male	protagonist		1195.36
dog.man_tt10954718	2025	Officer_Knight	Officer_Knight		nm0368614	male	protagonist		96.26
dog.man_tt10954718	2025	Grump	Grump		nm2162374	unknown			22.90
dog.man_tt10954718	2025	Nurse	Nurse		nm0923909	female			48.30
dog.man_tt10954718	2025	Lil_Petey	Lil_Petey		nm16808810	male	protagonist		624.08
dog.man_tt10954718	2025	Butler	Butler		nm8097440	female			78.16
dog.man_tt10954718	2025	Doctor	Doctor		nm1195879	female			26.44
dog.man_tt10954718	2025	Sarah_Hatoff	Sarah_Hatoff		nm0279545	female	protagonist		359.44
dog.man_tt10954718	2025	Seamus	Seamus		nm0101710	male	protagonist		83.17
dog.man_tt10954718	2025	Harold_Hutchins	Harold_Hutchins		nm1261587	female			5.46
dog.man_tt10954718	2025	Mayor	Mayor		nm0652783	female			76.24
dog.man_tt10954718	2025	Milly	Milly		nm0132685	female			40.17
dog.man_tt10954718	2025	Realtor	Realtor		nm3830257	female			44.29
dog.man_tt10954718	2025	Surfer	Surfer		nm3060627	unknown			5.09
dog.man_tt10954718	2025	Big_Jim	Big_Jim		nm2326037	unknown			28.11
dog.man_tt10954718	2025	Mr._Whiskers	Mr._Whiskers		nm11398939	unknown			7.30
dog.man_tt10954718	2025	Fish	Fish		nm0315041	male			201.91
dog.man_tt10954718	2025	Scientist	Scientist		nm0628170	female			47.13
dog.man_tt10954718	2025	Dippy	Dippy		nm2177528	female			22.90
dog.man_tt10954718	2025	Janet	Janet		nm7968922	female			17.68
dog.man_tt10954718	2025	Rocco	Rocco		nm1631893	male			18.69
dog.man_tt10954718	2025	Grampa	Grampa		nm0740535	male	antagonist		61.39
dog.man_tt10954718	2025	Flippy_the_Fish	Flippy_the_Fish		nm0315041	male	antagonist		27.82
dog.man_tt10954718	2025	Apartment_Building	Apartment_Building		nm0820298	unknown			2.38
dog.man_tt10954718	2025	3D_Guy	3D_Guy		nm0579914	male			1.50
dog.man_tt10954718	2025	Ice_Cream_Building	Ice_Cream_Building		nm0340582	male			5.30
elemental_tt15789038	2023	Bernie_Lumen	Bernie_Lumen		nm0215455	male	protagonist		823.53
elemental_tt15789038	2023	Cinder_Lumen	Cinder_Lumen		nm1937116	female	protagonist		465.01
elemental_tt15789038	2023	Clod	Clod		nm14290527	male			111.57
elemental_tt15789038	2023	Wood_Immigration_Official	Wood_Immigration_Official		nm3268490	unknown			49.59
elemental_tt15789038	2023	Eddy_Ripple	Eddy_Ripple			female			48.76
elemental_tt15789038	2023	Alan_Ripple	Alan_Ripple		nm0455058	male			209.17
elemental_tt15789038	2023	Polo_Ripple	Polo_Ripple		nm11236221	male			53.01
elemental_tt15789038	2023	Marco_Ripple	Marco_Ripple		nm11236221	male			109.07
elemental_tt15789038	2023	Brook_Ripple	Brook_Ripple		nm0001573	female			140.97
elemental_tt15789038	2023	Lutz	Lutz		nm0455058	male			29.24
elemental_tt15789038	2023	Lake_Ripple	Lake_Ripple			non-binary			172.63
elemental_tt15789038	2023	Ember_Lumen	Ember_Lumen		nm2301427	female	protagonist		759.92
elemental_tt15789038	2023	Gale_Cumulus	Gale_Cumulus		nm1018488	female			128.34
elemental_tt15789038	2023	Ember_(Big_Kid)	Ember_(Big_Kid)		nm8738974	female			554.76
elemental_tt15789038	2023	Ember_(Little_Kid)	Ember_(Little_Kid)		nm14942750	female			1065.23
elemental_tt15789038	2023	Flarry	Flarry		nm0011095	male			187.15
elemental_tt15789038	2023	Flarietta	Flarietta		nm0094335	female			91.34
elemental_tt15789038	2023	Wade_Ripple	Wade_Ripple		nm6974206	male	protagonist		875.79
elemental_tt15789038	2023	Fern_Grouchwood	Fern_Grouchwood		nm3419214	male			20.69
elemental_tt15789038	2023	Harold	Harold		nm0481573	male			44.38
elemental_tt15789038	2023	Doorman	Doorman		nm0114383	unknown			12.18
elemental_tt15789038	2023	Ghibli	Ghibli			female			10.05
elio_tt4900148	2025	Olga_Solis	Olga_Solis		nm0757855	female	protagonist		799.96
elio_tt4900148	2025	Elio_Solis	Elio_Solis		nm10354026	male	protagonist		2328.57
elio_tt4900148	2025	Colonel_Markwell	Colonel_Markwell		nm0876645	female			48.84
elio_tt4900148	2025	Bryce	Bryce		nm5242533	male	antagonist		210.71
elio_tt4900148	2025	Caleb	Caleb		nm6285673	male	antagonist		48.42
elio_tt4900148	2025	Gunther_Melmac	Gunther_Melmac		nm0402360	male	protagonist		72.66
elio_tt4900148	2025	Ambassador_Mira	Ambassador_Mira		nm5057049	unknown			70.90
elio_tt4900148	2025	OOOOO	OOOOO		nm0376602	female	protagonist		180.85
elio_tt4900148	2025	Ambassador_Questa	Ambassador_Questa		nm3553139	female	protagonist		159.95
elio_tt4900148	2025	Ambassador_Helix	Ambassador_Helix		nm16762572	male			203.04
elio_tt4900148	2025	Ambassador_Tegmen	Ambassador_Tegmen		nm0777788	male			16.68
elio_tt4900148	2025	Ambassador_Grigon	Ambassador_Grigon		nm0004951	male	antagonist		262.22
elio_tt4900148	2025	Aquarii	Aquarii			unknown			19.64
elio_tt4900148	2025	Turais	Turais		nm0307143	male			10.14
elio_tt4900148	2025	Glordon	Glordon		nm10419915	male	protagonist		307.35
emoji.movie_tt4877122	2017	Nerd_Emoji	Nerd_Emoji		nm0226206	unknown			45.50
emoji.movie_tt4877122	2017	Alex	Alex		nm1545471	male	protagonist		184.85
emoji.movie_tt4877122	2017	Travis	Travis		nm4677867	male			111.44
emoji.movie_tt4877122	2017	Akiko_Glitter	Akiko_Glitter		nm0004694	female			73.16
emoji.movie_tt4877122	2017	Addie	Addie		nm6616259	female			101.06
emoji.movie_tt4877122	2017	Mr._Schnoebelen	Mr._Schnoebelen		nm0244195	unknown			41.79
emoji.movie_tt4877122	2017	Poop_Jr.	Poop_Jr.		nm9138270	unknown			32.74
emoji.movie_tt4877122	2017	Angel	Angel		nm3596979	female			90.21
emoji.movie_tt4877122	2017	Devil_Steven	Devil_Steven		nm0005003	male			98.72
emoji.movie_tt4877122	2017	Smiler	Smiler		nm0748973	female	antagonist		275.23
emoji.movie_tt4877122	2017	Poop	Poop		nm0001772	male			104.73
emoji.movie_tt4877122	2017	Hysterical_Laughter	Hysterical_Laughter		nm4412715	male			159.24
emoji.movie_tt4877122	2017	Mel_Meh	Mel_Meh		nm0942833	male	protagonist		411.37
emoji.movie_tt4877122	2017	Laughter	Laughter		nm1902232	male			99.60
emoji.movie_tt4877122	2017	Gene	Gene		nm2554352	male	protagonist		1368.16
emoji.movie_tt4877122	2017	Cat_Heart_Eyes	Cat_Heart_Eyes		nm9138272	unknown			65.98
emoji.movie_tt4877122	2017	Rocket	Rocket		nm7699979	unknown			11.43
emoji.movie_tt4877122	2017	Hi-5	Hi-5		nm0179479	male	protagonist		831.41
emoji.movie_tt4877122	2017	Flamenca	Flamenca		nm0005527	female			13.18
emoji.movie_tt4877122	2017	Heart_Eyes	Heart_Eyes			unknown			34.08
emoji.movie_tt4877122	2017	Thumbs_Up	Thumbs_Up			unknown			17.52
emoji.movie_tt4877122	2017	Fist_Bump	Fist_Bump			unknown			14.31
emoji.movie_tt4877122	2017	Gavel	Gavel		nm0150255	male			37.45
emoji.movie_tt4877122	2017	Mary_Meh	Mary_Meh		nm0177639	female	protagonist		325.16
emoji.movie_tt4877122	2017	Reggie_Ram_Tech	Reggie_Ram_Tech		nm0796928	unknown			45.13
emoji.movie_tt4877122	2017	Pizza	Pizza		nm1902232	male			8.55
emoji.movie_tt4877122	2017	Ronnie_Ram_Tech	Ronnie_Ram_Tech		nm0014582	male			19.89
emoji.movie_tt4877122	2017	Ram_Tech_Bouncer	Ram_Tech_Bouncer		nm11091744	unknown			29.28
emoji.movie_tt4877122	2017	Alien	Alien		nm0134945	unknown			19.56
emoji.movie_tt4877122	2017	Broom	Broom		nm1902232	male			2.04
emoji.movie_tt4877122	2017	Spam	Spam		nm1301904	female			20.85
emoji.movie_tt4877122	2017	Trojan_Horse	Trojan_Horse		nm0970447	male			5.51
emoji.movie_tt4877122	2017	Trojan_Soldier	Trojan_Soldier		nm5000758	unknown			7.09
emoji.movie_tt4877122	2017	Jailbreak	Jailbreak		nm0267506	female	protagonist		772.73
encanto_tt2953050	2021	Mirabel_(Young)	Mirabel_(Young)		nm13117200	female			322.78
encanto_tt2953050	2021	Abuela_Alma	Abuela_Alma		nm1239720	female	antagonist		663.12
encanto_tt2953050	2021	Character_2	Character_2			unknown			165.67
encanto_tt2953050	2021	Pedro_Madrigal	Pedro_Madrigal			male			70.20
encanto_tt2953050	2021	Mariano_Guzman	Mariano_Guzman		nm8349062	male			111.95
encanto_tt2953050	2021	*Town_Kids	*Town_Kids		nm13117202	unknown			204.91
encanto_tt2953050	2021	Agustin_Madrigal	Agustin_Madrigal		nm0005519	male	protagonist		200.32
encanto_tt2953050	2021	Luisa_Madrigal	Luisa_Madrigal		nm8731846	female	protagonist		336.21
encanto_tt2953050	2021	Mirabel_Madrigal	Mirabel_Madrigal		nm3715867	female	protagonist		1794.75
encanto_tt2953050	2021	Antonio_Madrigal	Antonio_Madrigal		nm7418176	male			295.84
encanto_tt2953050	2021	Isabela_Madrigal	Isabela_Madrigal		nm4058898	female	protagonist		355.73
encanto_tt2953050	2021	Coffee_Kid	Coffee_Kid			unknown			105.06
encanto_tt2953050	2021	Julieta_Madrigal	Julieta_Madrigal		nm0148382	female			361.82
encanto_tt2953050	2021	Camilo_Madrigal	Camilo_Madrigal		nm7968341	male			251.79
encanto_tt2953050	2021	Dolores_Madrigal	Dolores_Madrigal		nm4624481	female			239.57
encanto_tt2953050	2021	Pepa_Madrigal	Pepa_Madrigal		nm1333962	female			286.24
encanto_tt2953050	2021	Felix_Madrigal	Felix_Madrigal		nm8871347	male			209.33
encanto_tt2953050	2021	Bruno_Madrigal	Bruno_Madrigal		nm0000491	male	protagonist		385.93
encanto_tt2953050	2021	*Donkeys	*Donkeys			female			70.28
encanto_tt2953050	2021	Senora_Guzman	Senora_Guzman		nm0692419	female			30.99
encanto_tt2953050	2021	Character_1	Character_1			unknown			47.92
encanto_tt2953050	2021	Osvaldo	Osvaldo		nm4222238	male			107.19
encanto_tt2953050	2021	Old_Arturo	Old_Arturo		nm0253476	unknown			21.40
encanto_tt2953050	2021	Pico	Pico		nm0876138	male			30.28
encanto_tt2953050	2021	Capybara	Capybara			unknown			24.19
enchanted_tt0461770	2007	Queen_Narissa_(Animated)	Queen_Narissa_(Animated)		nm0000215	female	antagonist		135.68
enchanted_tt0461770	2007	Nathaniel_(Animated)	Nathaniel_(Animated)		nm0001758	male	antagonist		95.47
enchanted_tt0461770	2007	Prince_Edward_(Live)	Prince_Edward_(Live)						625.88
enchanted_tt0461770	2007	Forest_Owl	Forest_Owl			unknown			15.68
enchanted_tt0461770	2007	Giselle_(Animated)	Giselle_(Animated)		nm0010736	female	protagonist		214.76
enchanted_tt0461770	2007	Forest_Deer	Forest_Deer			unknown			48.30
enchanted_tt0461770	2007	Forest_Birds	Forest_Birds			unknown			21.73
enchanted_tt0461770	2007	Pip_(Animated)	Pip_(Animated)		nm0071818	male	protagonist		63.94
enchanted_tt0461770	2007	Bunny	Bunny		nm1911958	female			31.95
enchanted_tt0461770	2007	Turtle	Turtle			unknown			17.52
enchanted_tt0461770	2007	Hedgehogs	Hedgehogs			unknown			10.97
enchanted_tt0461770	2007	Pip_(Live)	Pip_(Live)		nm0071818	male	protagonist		87.50
enchanted_tt0461770	2007	Fox	Fox			unknown			10.84
enchanted_tt0461770	2007	Troll	Troll		nm0851317	male	antagonist		28.74
enchanted_tt0461770	2007	Morgan_Philip	Morgan_Philip						343.22
enchanted_tt0461770	2007	Destiny_(Animated)	Destiny_(Animated)			male			16.68
enchanted_tt0461770	2007	Robert_Philip	Robert_Philip						1400.77
enchanted_tt0461770	2007	Giselle_(Live)	Giselle_(Live)						1573.57
enchanted_tt0461770	2007	Nathaniel_(Live)	Nathaniel_(Live)						246.16
enchanted_tt0461770	2007	Phoebe_Banks	Phoebe_Banks						127.21
enchanted_tt0461770	2007	Ethan_Banks	Ethan_Banks						113.03
enchanted_tt0461770	2007	Nancy_Tremaine	Nancy_Tremaine						291.21
enchanted_tt0461770	2007	Sam	Sam						93.38
enchanted_tt0461770	2007	Queen_Narissa_(Live)	Queen_Narissa_(Live)						107.98
enchanted_tt0461770	2007	Queen_Narissa_as_a_Dragon	Queen_Narissa_as_a_Dragon			unknown	antagonist		39.16
epic_tt0848537	2013	Father	Father			unknown			164.79
epic_tt0848537	2013	Bomba	Bomba		nm0837177	male	protagonist		242.91
epic_tt0848537	2013	Dagda	Dagda		nm2981935	male	antagonist		52.68
epic_tt0848537	2013	Nod	Nod		nm1242688	male	protagonist		702.08
epic_tt0848537	2013	Ronin	Ronin		nm0268199	male	protagonist		637.30
epic_tt0848537	2013	Jinn_Flower	Jinn_Flower			unknown			20.02
epic_tt0848537	2013	Taxi_Driver	Taxi_Driver		nm0295103	male			17.10
epic_tt0848537	2013	MK_(Mary_Katherine)	MK_(Mary_Katherine)		nm1086543	female	protagonist		1255.96
epic_tt0848537	2013	Ozzi_(Dog)	Ozzi_(Dog)			unknown			57.35
epic_tt0848537	2013	Thistle_Jinn	Thistle_Jinn		nm0263283	male			8.30
epic_tt0848537	2013	Jinn_Mom	Jinn_Mom		nm2187104	female			22.69
epic_tt0848537	2013	Marigold_Girl	Marigold_Girl		nm3160752	female			55.97
epic_tt0848537	2013	Queen_Tara	Queen_Tara		nm0461498	female	protagonist		183.35
epic_tt0848537	2013	*Mandrake's_Minions	*Mandrake's_Minions			unknown			21.52
epic_tt0848537	2013	Mandrake	Mandrake		nm0910607	male	antagonist		185.81
epic_tt0848537	2013	Pinecone_Jinn	Pinecone_Jinn		nm0224007	male			14.14
epic_tt0848537	2013	Purple_Flower_Girl	Purple_Flower_Girl			unknown			12.60
epic_tt0848537	2013	Nod's_Bird	Nod's_Bird			unknown			37.66
epic_tt0848537	2013	Stickman_Jockey	Stickman_Jockey		nm4115048	male			4.71
epic_tt0848537	2013	Mub	Mub		nm2106637	male	protagonist		99.14
epic_tt0848537	2013	Grub	Grub		nm1483369	male	protagonist		24.27
epic_tt0848537	2013	Bufo's_Goon	Bufo's_Goon		nm1723600	male			12.51
epic_tt0848537	2013	Bufo	Bufo		nm2100284	male			65.86
epic_tt0848537	2013	Berry_Lady	Berry_Lady		nm1960185	unknown			15.43
epic_tt0848537	2013	Character_1	Character_1			unknown			21.27
epic_tt0848537	2013	Mouse	Mouse			unknown			21.69
epic_tt0848537	2013	Old_Snail	Old_Snail			unknown			9.80
epic_tt0848537	2013	Dandelion_Jinn	Dandelion_Jinn		nm3535974	unknown			5.05
epic_tt0848537	2013	Pink_Flower_Girl	Pink_Flower_Girl			unknown			4.55
epic_tt0848537	2013	Nim_Galuu	Nim_Galuu		nm0878911	male			180.60
epic_tt0848537	2013	Mary_Katherine_with_Mask	Mary_Katherine_with_Mask		nm1086543	female			20.98
epic_tt0848537	2013	Mandrake's_Creature	Mandrake's_Creature			unknown			30.24
fantasia.2000_tt0120910	1999	Donald_Duck	Donald_Duck		nm0030615	male			98.01
fantasia.2000_tt0120910	1999	Mickey_Mouse	Mickey_Mouse		nm0021656	male			268.73
fantasia.2000_tt0120910	1999	Character_8	Character_8			unknown			36.37
fantasia.2000_tt0120910	1999	Character_2	Character_2			unknown			48.05
fantasia.2000_tt0120910	1999	Flamingo	Flamingo			unknown			48.67
fantasia.2000_tt0120910	1999	Character_3	Character_3			unknown			41.83
fantasia.2000_tt0120910	1999	Character_7	Character_7			unknown			28.15
fantasia.2000_tt0120910	1999	Character_20	Character_20			unknown			5.34
fantasia.2000_tt0120910	1999	Character_16	Character_16			unknown			88.17
fantasia.2000_tt0120910	1999	Character_5	Character_5			unknown			74.03
fantasia.2000_tt0120910	1999	Character_6	Character_6			unknown			12.76
fantasia.2000_tt0120910	1999	Character_12	Character_12			unknown			19.64
fantasia.2000_tt0120910	1999	Character_10	Character_10			unknown			29.07
fantasia.2000_tt0120910	1999	Character_17	Character_17			unknown			25.36
fantasia.2000_tt0120910	1999	Character_11	Character_11			unknown			25.57
fantasia.2000_tt0120910	1999	Character_19	Character_19			unknown			19.77
fantasia.2000_tt0120910	1999	Character_18	Character_18			unknown			29.74
fantasia.2000_tt0120910	1999	Character_13	Character_13			unknown			79.54
fantasia.2000_tt0120910	1999	Bird	Bird			unknown			3.88
fantasia.2000_tt0120910	1999	Character_14	Character_14			unknown			54.60
fantasia.2000_tt0120910	1999	Character_4	Character_4			unknown			72.66
fantasia.2000_tt0120910	1999	Character_9	Character_9			unknown			67.48
fantasia.2000_tt0120910	1999	Character_1	Character_1			unknown			37.91
fantasia.2000_tt0120910	1999	Rabbit	Rabbit			unknown			6.92
fantasia.2000_tt0120910	1999	Character_15	Character_15			unknown			32.28
fantasia.2000_tt0120910	1999	Daisy_Duck	Daisy_Duck		nm0853122	female			49.76
fantasia_tt0032455	1940	Horns_2	Horns_2			unknown			127.54
fantasia_tt0032455	1940	Horns	Horns			unknown			60.73
fantasia_tt0032455	1940	Pink_Unicorn	Pink_Unicorn			unknown			23.27
fantasia_tt0032455	1940	Pony	Pony			unknown			75.37
fantasia_tt0032455	1940	Girl_2	Girl_2			unknown			75.83
fantasia_tt0032455	1940	Mickey_Mouse	Mickey_Mouse		nm0000370	male			263.60
fantasia_tt0032455	1940	Red	Red			unknown			17.10
fantasia_tt0032455	1940	Purple	Purple			unknown			35.33
fantasia_tt0032455	1940	Black_Pony	Black_Pony			unknown			54.51
fantasia_tt0032455	1940	T_Rex	T_Rex			unknown			47.55
fantasia_tt0032455	1940	Dinosaur	Dinosaur			unknown			51.63
fantasia_tt0032455	1940	Hippo	Hippo			unknown			172.96
fantasia_tt0032455	1940	Unicorn	Unicorn			unknown			38.91
fantasia_tt0032455	1940	Cherub	Cherub			unknown			272.23
fantasia_tt0032455	1940	Horse	Horse			unknown			57.81
fantasia_tt0032455	1940	Bird_2	Bird_2			unknown			116.24
fantasia_tt0032455	1940	Girl_1	Girl_1			unknown			87.71
fantasia_tt0032455	1940	Character_1	Character_1			unknown			87.13
fantasia_tt0032455	1940	Dionysus	Dionysus			unknown			75.99
fantasia_tt0032455	1940	Donkey	Donkey			unknown			54.64
fantasia_tt0032455	1940	Elephant	Elephant			unknown			77.16
fantasia_tt0032455	1940	Crocodile	Crocodile			unknown			102.39
fantasia_tt0032455	1940	Bird	Bird			unknown			2.59
finding.dory_tt2277860	2016	Dory_(Young)	Dory_(Young)		nm8204463	female			180.35
finding.dory_tt2277860	2016	Jenny	Jenny		nm0000473	female	protagonist		229.77
finding.dory_tt2277860	2016	Charlie	Charlie		nm0506405	male	protagonist		213.55
finding.dory_tt2277860	2016	Husband_Fish_(Stan)	Husband_Fish_(Stan)		nm0352778	male			51.84
finding.dory_tt2277860	2016	Dory_(Tween)	Dory_(Tween)		nm8204464	female			172.21
finding.dory_tt2277860	2016	Sunfish	Sunfish		nm0533691	female			6.59
finding.dory_tt2277860	2016	Dory	Dory		nm0001122	female	protagonist		1172.97
finding.dory_tt2277860	2016	Marlin	Marlin		nm0000983	male	protagonist		546.80
finding.dory_tt2277860	2016	Nemo	Nemo		nm5348776	male	protagonist		453.45
finding.dory_tt2277860	2016	Chickenfish	Chickenfish		nm0727611	female			19.69
finding.dory_tt2277860	2016	Squirt	Squirt		nm8034501	male			11.01
finding.dory_tt2277860	2016	Passenger_Carl	Passenger_Carl		nm1071252	male			15.77
finding.dory_tt2277860	2016	Hank	Hank		nm0642145	male	protagonist		305.06
finding.dory_tt2277860	2016	Rudder	Rudder		nm0922035	male			132.72
finding.dory_tt2277860	2016	Fluke	Fluke		nm0252961	male			112.36
finding.dory_tt2277860	2016	Gerald	Gerald		nm0120187	male			40.29
finding.dory_tt2277860	2016	Destiny	Destiny		nm0647698	female	protagonist		205.46
finding.dory_tt2277860	2016	Becky	Becky		nm0120187	female	protagonist		35.33
finding.dory_tt2277860	2016	Bloat	Bloat		nm0004951	male			7.26
finding.nemo_tt0266543	2003	Marlin	Marlin		nm0000983	male	protagonist		1145.81
finding.nemo_tt0266543	2003	Coral	Coral		nm0001610	female			177.05
finding.nemo_tt0266543	2003	Nemo	Nemo		nm1071252	male	protagonist		631.38
finding.nemo_tt0266543	2003	Bob	Bob			unknown			62.06
finding.nemo_tt0266543	2003	Ted	Ted			unknown			69.78
finding.nemo_tt0266543	2003	Bill	Bill			unknown			61.85
finding.nemo_tt0266543	2003	Sheldon	Sheldon		nm0838059	male			111.86
finding.nemo_tt0266543	2003	Pearl	Pearl		nm1341312	female			100.89
finding.nemo_tt0266543	2003	Tad	Tad		nm0710021	male			42.08
finding.nemo_tt0266543	2003	Mr._Johanson	Mr._Johanson			unknown			0.96
finding.nemo_tt0266543	2003	Mr._Ray	Mr._Ray		nm0677037	male			9.93
finding.nemo_tt0266543	2003	Gurgle	Gurgle		nm0671721	male			203.75
finding.nemo_tt0266543	2003	Deb_/_Flo	Deb_/_Flo		nm0507852	female			130.13
finding.nemo_tt0266543	2003	Bubbles	Bubbles		nm0740535	male			187.98
finding.nemo_tt0266543	2003	Dory	Dory		nm0001122	female	protagonist		811.69
finding.nemo_tt0266543	2003	Bruce	Bruce		nm0402032	male	antagonist		142.43
finding.nemo_tt0266543	2003	Crush	Crush		nm0004056	male			84.33
finding.nemo_tt0266543	2003	Dentist	Dentist		nm0402730	male	antagonist		61.77
finding.nemo_tt0266543	2003	Bloat	Bloat		nm0004951	male			213.09
finding.nemo_tt0266543	2003	Peach	Peach		nm0005049	female			34.08
finding.nemo_tt0266543	2003	Jacques	Jacques		nm0710020	male			11.18
finding.nemo_tt0266543	2003	Nigel	Nigel		nm0001691	male			117.74
finding.nemo_tt0266543	2003	Darla	Darla		nm1379845	female	antagonist		96.97
finding.nemo_tt0266543	2003	Black-white_fish	Black-white_fish			unknown			177.55
finding.nemo_tt0266543	2003	Squirt	Squirt		nm1384126	male			42.04
finding.nemo_tt0266543	2003	Seagulls	Seagulls		nm0004056	male	antagonist		18.64
flushed.away_tt0424095	2006	Roddy_St._James	Roddy_St._James		nm0413168	male	protagonist		1870.20
flushed.away_tt0424095	2006	Action_Figure	Action_Figure		nm0569891	male			13.51
flushed.away_tt0424095	2006	Shocky	Shocky		nm0101047	male			107.57
flushed.away_tt0424095	2006	Rita_Malone	Rita_Malone		nm0000701	female	protagonist		938.48
flushed.away_tt0424095	2006	Sid	Sid		nm0724986	male	antagonist		230.02
flushed.away_tt0424095	2006	Ladykiller	Ladykiller		nm0271402	male			16.06
flushed.away_tt0424095	2006	Whitey	Whitey		nm0631490	male	antagonist		286.91
flushed.away_tt0424095	2006	Liam	Liam		nm0271402	male			62.85
flushed.away_tt0424095	2006	Artist	Artist		nm0569891	male			24.73
flushed.away_tt0424095	2006	Spike	Spike		nm0785227	male	antagonist		235.99
flushed.away_tt0424095	2006	Fat_Barry	Fat_Barry		nm0971017	male			43.96
flushed.away_tt0424095	2006	Goldfish	Goldfish		nm0101047	male			17.64
flushed.away_tt0424095	2006	Fly	Fly		nm0101047	male			9.63
flushed.away_tt0424095	2006	Rita's_Little_Sister	Rita's_Little_Sister		nm1183408	unknown			30.66
flushed.away_tt0424095	2006	Rita's_Dad	Rita's_Dad		nm0837064	male			65.98
flushed.away_tt0424095	2006	Rita's_Sister_#2	Rita's_Sister_#2		nm2436197	unknown			54.26
flushed.away_tt0424095	2006	Prophet_(Harold)	Prophet_(Harold)		nm0271402	male			32.70
flushed.away_tt0424095	2006	Fergus	Fergus		nm2436194	unknown			38.87
flushed.away_tt0424095	2006	Tex	Tex		nm0018646	male			13.39
flushed.away_tt0424095	2006	Edna	Edna		nm0280164	unknown			12.30
flushed.away_tt0424095	2006	Rita's_Mum	Rita's_Mum		nm0121755	female			81.46
flushed.away_tt0424095	2006	Policeman_(Colin)	Policeman_(Colin)		nm0086710	male			31.32
flushed.away_tt0424095	2006	Rita's_Grandma	Rita's_Grandma		nm0546816	female			33.33
flushed.away_tt0424095	2006	Pegleg	Pegleg		nm0788725	unknown			24.86
flushed.away_tt0424095	2006	Thimblenose_Ted	Thimblenose_Ted		nm0265457	male			17.93
flushed.away_tt0424095	2006	Rita's_Sister_#3	Rita's_Sister_#3		nm2436195	unknown			37.66
flushed.away_tt0424095	2006	The_Toad	The_Toad		nm0005212	male	antagonist		343.43
flushed.away_tt0424095	2006	Tadpole	Tadpole		nm0101047	male			24.27
flushed.away_tt0424095	2006	Henchfrog_#1	Henchfrog_#1		nm0101047	male			168.59
flushed.away_tt0424095	2006	Le_Frog	Le_Frog		nm0000606	male	antagonist		85.25
flushed.away_tt0424095	2006	Marcel	Marcel			unknown			13.05
fox.and.the.hou_tt0082406	1981	Big_Mama	Big_Mama		nm0047440	female	protagonist		370.50
fox.and.the.hou_tt0082406	1981	Chief	Chief		nm0125426	male	antagonist		358.11
fox.and.the.hou_tt0082406	1981	Tod_(Young)	Tod_(Young)		nm0176861	male			536.70
fox.and.the.hou_tt0082406	1981	Boomer	Boomer		nm0934593	male	protagonist		215.76
fox.and.the.hou_tt0082406	1981	Dinky	Dinky		nm0048147	male	protagonist		177.34
fox.and.the.hou_tt0082406	1981	Squeaks	Squeaks		nm0088285	male			53.09
fox.and.the.hou_tt0082406	1981	Widow_Tweed	Widow_Tweed		nm0634282	female	protagonist		329.00
fox.and.the.hou_tt0082406	1981	Vixey	Vixey		nm0242098	female	protagonist		239.45
fox.and.the.hou_tt0082406	1981	Amos_Slade	Amos_Slade		nm0016776	male	antagonist		299.01
fox.and.the.hou_tt0082406	1981	Copper_(Young)	Copper_(Young)		nm0000397	male			286.79
fox.and.the.hou_tt0082406	1981	Copper	Copper		nm0000621	male	protagonist		415.33
fox.and.the.hou_tt0082406	1981	Tod	Tod		nm0001682	male	protagonist		628.00
fox.and.the.hou_tt0082406	1981	Porcupine	Porcupine		nm0275835	male			48.26
fox.and.the.hou_tt0082406	1981	Badger	Badger		nm0570615	male			20.19
fox.and.the.hou_tt0082406	1981	Mr._Digger	Mr._Digger			male			22.94
fox.and.the.hou_tt0082406	1981	The_Bear	The_Bear			male	antagonist		43.63
frozen.ii_tt4520988	2019	Elsa_(Young)	Elsa_(Young)		nm6945050	female			164.00
frozen.ii_tt4520988	2019	Anna_(Young)	Anna_(Young)		nm10783533	female			230.98
frozen.ii_tt4520988	2019	King_Agnarr	King_Agnarr		nm0000547	male			116.66
frozen.ii_tt4520988	2019	Queen_Iduna	Queen_Iduna		nm0939697	female			196.32
frozen.ii_tt4520988	2019	Ryder	Ryder		nm0728762	male			177.89
frozen.ii_tt4520988	2019	Yelana	Yelana		nm0000588	female			172.21
frozen.ii_tt4520988	2019	Lieutenant_Mattias	Lieutenant_Mattias		nm1250791	male			232.48
frozen.ii_tt4520988	2019	Kai	Kai		nm0027459	male			34.78
frozen.ii_tt4520988	2019	Agnarr_(Young)	Agnarr_(Young)		nm7970170	male			78.87
frozen.ii_tt4520988	2019	Halima	Halima		nm2738799	unknown			27.53
frozen.ii_tt4520988	2019	Arendellian_Soldier	Arendellian_Soldier		nm0876138	male			70.03
frozen.ii_tt4520988	2019	Honeymaren	Honeymaren		nm7847287	female			176.38
frozen.ii_tt4520988	2019	Kristoff	Kristoff		nm2676147	male	protagonist		665.87
frozen.ii_tt4520988	2019	Sven	Sven			male	protagonist		373.92
frozen.ii_tt4520988	2019	Elsa	Elsa		nm0579953	female	protagonist		1457.92
frozen.ii_tt4520988	2019	Olaf	Olaf		nm1265802	male	protagonist		600.89
frozen.ii_tt4520988	2019	Anna	Anna		nm0068338	female	protagonist		1511.68
frozen.ii_tt4520988	2019	Oaken	Oaken			male			17.02
frozen.ii_tt4520988	2019	Pabbie	Pabbie		nm0001354	male			39.04
frozen.ii_tt4520988	2019	King_Runeard	King_Runeard		nm0005438	male	antagonist		25.82
frozen.ii_tt4520988	2019	Bulda	Bulda		nm6104921	female			7.59
frozen_tt2294629	2013	Kristoff	Kristoff		nm2676147	male	protagonist		925.30
frozen_tt2294629	2013	Hans	Hans		nm2949014	male	antagonist		491.20
frozen_tt2294629	2013	Sven	Sven			male	protagonist		341.42
frozen_tt2294629	2013	Anna	Anna		nm0068338	female	protagonist		590.26
frozen_tt2294629	2013	Kristoff_(Young)	Kristoff_(Young)		nm3444392	male			54.64
frozen_tt2294629	2013	Oaken	Oaken			male			61.90
frozen_tt2294629	2013	Elsa_(Young)	Elsa_(Young)		nm4181314	female			130.76
frozen_tt2294629	2013	Anna_(Preteen)	Anna_(Preteen)		nm6323792	female			1050.97
frozen_tt2294629	2013	Anna_(Young)	Anna_(Young)		nm5597831	female			222.22
frozen_tt2294629	2013	Elsa_(Teen)	Elsa_(Teen)			female			20.35
frozen_tt2294629	2013	Olaf	Olaf		nm1265802	male	protagonist		448.24
frozen_tt2294629	2013	Elsa	Elsa		nm0579953	female	protagonist		849.22
frozen_tt2294629	2013	King	King		nm0005606	male			114.11
frozen_tt2294629	2013	Queen	Queen		nm1601644	female			143.02
frozen_tt2294629	2013	Bulda	Bulda		nm6104921	female			157.37
frozen_tt2294629	2013	Gothi	Gothi		nm3099754	male			170.80
frozen_tt2294629	2013	Pabbie	Pabbie		nm0001354	male	protagonist		45.71
frozen_tt2294629	2013	Kai	Kai		nm0027459	male			89.51
frozen_tt2294629	2013	German_Dignitary	German_Dignitary		nm0546122	male			70.90
frozen_tt2294629	2013	Gerda	Gerda		nm0566052	female			45.96
frozen_tt2294629	2013	Spanish_Dignitary	Spanish_Dignitary		nm0181425	male			77.74
frozen_tt2294629	2013	Duke_Of_Weselton	Duke_Of_Weselton		nm0876138	male	antagonist		136.68
frozen_tt2294629	2013	Irish_Dignitary	Irish_Dignitary		nm4130523	male			48.05
frozen_tt2294629	2013	Horse	Horse			unknown			51.72
frozen_tt2294629	2013	Bishop	Bishop		nm0683986	male			16.98
frozen_tt2294629	2013	Baby_Troll	Baby_Troll		nm5071577	unknown			33.12
frozen_tt2294629	2013	Cliff	Cliff		nm5642326	unknown			40.42
garfield_tt5779228	2024	Jon_Arbuckle	Jon_Arbuckle		nm0396558	male	protagonist		503.80
garfield_tt5779228	2024	Garfield	Garfield		nm0695435	male	protagonist		2100.64
garfield_tt5779228	2024	Vito	Vito		nm10787579	male			23.15
garfield_tt5779228	2024	Lactose_Farms_Phone_Operator_#2	Lactose_Farms_Phone_Operator_#2		nm14776204	unknown			43.54
garfield_tt5779228	2024	Maria	Maria		nm2484648	female			28.86
garfield_tt5779228	2024	Vic	Vic		nm0000168	male	protagonist		1015.39
garfield_tt5779228	2024	Pound_Worker	Pound_Worker		nm10585156	unknown			19.23
garfield_tt5779228	2024	Dr._Liz_Wilson	Dr._Liz_Wilson		nm10681879	female			5.92
garfield_tt5779228	2024	Roland	Roland		nm2073429	male	antagonist		167.13
garfield_tt5779228	2024	Nolan	Nolan		nm6299248	male	antagonist		129.71
garfield_tt5779228	2024	Barry	Barry		nm14776204	male			12.39
garfield_tt5779228	2024	Jinx	Jinx		nm1821446	female	antagonist		305.18
garfield_tt5779228	2024	Snickers	Snickers		nm3783307	male			17.93
garfield_tt5779228	2024	Olivia	Olivia		nm7101192	female			31.95
garfield_tt5779228	2024	Ethel	Ethel		nm1466504	unknown			107.44
garfield_tt5779228	2024	Lactose_Farms_Phone_Operator_#1	Lactose_Farms_Phone_Operator_#1		nm1466504	unknown			36.16
garfield_tt5779228	2024	Busboy	Busboy		nm0520580	male			13.97
garfield_tt5779228	2024	Marge	Marge		nm5198446	female			156.62
gforce_tt0436339	2009	Hurley	Hurley		nm0269463	male	protagonist		450.37
gforce_tt0436339	2009	Darwin	Darwin		nm0005377	male	protagonist		957.46
gforce_tt0436339	2009	Speckles	Speckles		nm0000115	male	antagonist		92.68
gforce_tt0436339	2009	Blaster	Blaster		nm0605079	male	protagonist		524.90
gforce_tt0436339	2009	Juarez	Juarez		nm0004851	female	protagonist		405.45
gforce_tt0436339	2009	Bucky	Bucky		nm0000114	male	protagonist		105.15
gnomeo..juliet_tt0377981	2011	Benny	Benny		nm0524240	male	protagonist		364.36
gnomeo..juliet_tt0377981	2011	Lord_Redbrick	Lord_Redbrick		nm0000323	male	antagonist		311.27
gnomeo..juliet_tt0377981	2011	Conjoined_Gnome_Left	Conjoined_Gnome_Left		nm0072758	male			97.89
gnomeo..juliet_tt0377981	2011	Mankini_Gnome	Mankini_Gnome		nm2758713	unknown			27.74
gnomeo..juliet_tt0377981	2011	Fishing_Gnome	Fishing_Gnome		nm1844436	male			67.53
gnomeo..juliet_tt0377981	2011	Stone_Fish	Stone_Fish		nm1083220	female			17.68
gnomeo..juliet_tt0377981	2011	Bunny	Bunny			unknown			53.68
gnomeo..juliet_tt0377981	2011	Tybalt	Tybalt		nm0005458	male	antagonist		206.79
gnomeo..juliet_tt0377981	2011	Fawn	Fawn		nm0005285	male			138.30
gnomeo..juliet_tt0377981	2011	Lady_Bluebury	Lady_Bluebury		nm0001749	female	antagonist		199.24
gnomeo..juliet_tt0377981	2011	Dolly_Gnome	Dolly_Gnome		nm0000573	female			98.47
gnomeo..juliet_tt0377981	2011	Gnomeo	Gnomeo		nm0564215	male	protagonist		1004.79
gnomeo..juliet_tt0377981	2011	Juliet	Juliet		nm1289434	female	protagonist		894.06
gnomeo..juliet_tt0377981	2011	Nanette	Nanette		nm0421332	female	protagonist		282.57
gnomeo..juliet_tt0377981	2011	Conjoined_Gnome_Right	Conjoined_Gnome_Right		nm0565482	male			40.21
gnomeo..juliet_tt0377981	2011	Paris	Paris		nm0580351	male	antagonist		89.92
gnomeo..juliet_tt0377981	2011	Flamingo	Flamingo			unknown			135.18
gnomeo..juliet_tt0377981	2011	Call_Me_Doll	Call_Me_Doll		nm0395864	unknown			17.06
good.dinosaur_tt1979388	2015	Poppa	Poppa		nm0942482	male			273.52
good.dinosaur_tt1979388	2015	Young_Arlo	Young_Arlo		nm7050523	male			313.81
good.dinosaur_tt1979388	2015	Momma	Momma		nm0000531	female			133.51
good.dinosaur_tt1979388	2015	Young_Libby	Young_Libby		nm5558187	female			64.27
good.dinosaur_tt1979388	2015	Arlo	Arlo		nm2358105	male	protagonist		1440.94
good.dinosaur_tt1979388	2015	Buck	Buck		nm3851090	male			50.34
good.dinosaur_tt1979388	2015	Spot	Spot		nm3603996	male	protagonist		655.36
good.dinosaur_tt1979388	2015	Tetrapodophis	Tetrapodophis			unknown			19.69
good.dinosaur_tt1979388	2015	Coldfront	Coldfront		nm0403051	male			15.18
good.dinosaur_tt1979388	2015	Pet_Collector	Pet_Collector		nm0812307	male			37.37
good.dinosaur_tt1979388	2015	Thunderclap	Thunderclap		nm0001872	male			92.34
good.dinosaur_tt1979388	2015	Downpour	Downpour		nm0294490	female			5.00
good.dinosaur_tt1979388	2015	Nash	Nash		nm0118568	male	protagonist		188.35
good.dinosaur_tt1979388	2015	Ramsey	Ramsey		nm0001593	female	protagonist		243.58
good.dinosaur_tt1979388	2015	Butch	Butch		nm0000385	male	protagonist		231.86
good.dinosaur_tt1979388	2015	Bubbha	Bubbha		nm1460733	male			35.37
good.dinosaur_tt1979388	2015	Lurleane	Lurleane		nm2341896	female			41.50
good.dinosaur_tt1979388	2015	Cave_Family_mother	Cave_Family_mother			unknown			50.97
good.dinosaur_tt1979388	2015	Cave_Family_Father	Cave_Family_Father			unknown			60.35
good.dinosaur_tt1979388	2015	Cave_Family_son	Cave_Family_son			unknown			50.88
great.mouse.det_tt0091149	1986	Olivia_Flaversham	Olivia_Flaversham		nm0689527	female	protagonist		506.25
great.mouse.det_tt0091149	1986	Hiram_Flaversham	Hiram_Flaversham		nm0949241	male	protagonist		144.48
great.mouse.det_tt0091149	1986	Thug_1	Thug_1		nm0021656	male			109.53
great.mouse.det_tt0091149	1986	Fidget	Fidget		nm0133752	male	antagonist		186.06
great.mouse.det_tt0091149	1986	Basil_of_Baker_Street	Basil_of_Baker_Street		nm0408813	male	protagonist		868.70
great.mouse.det_tt0091149	1986	Dr._David_Q_Dawson	Dr._David_Q_Dawson		nm0079353	male	protagonist		780.65
great.mouse.det_tt0091149	1986	Mrs._Judson	Mrs._Judson		nm0156243	female			67.32
great.mouse.det_tt0091149	1986	Professor_Ratigan	Professor_Ratigan		nm0001637	male	antagonist		600.72
great.mouse.det_tt0091149	1986	Lady_Mouse	Lady_Mouse			unknown			29.36
great.mouse.det_tt0091149	1986	Thug_3	Thug_3		nm0249456	male			114.16
great.mouse.det_tt0091149	1986	Bartholomew	Bartholomew		nm0408813	male			62.48
great.mouse.det_tt0091149	1986	Thug_2	Thug_2		nm0030615	male			57.27
great.mouse.det_tt0091149	1986	Mouse_Queen	Mouse_Queen		nm0107470	female			105.52
great.mouse.det_tt0091149	1986	Robot_Queen	Robot_Queen			unknown			66.15
great.mouse.det_tt0091149	1986	Thug_4	Thug_4		nm0079353	male			3.55
great.mouse.det_tt0091149	1986	Felicia	Felicia			unknown	antagonist		41.75
great.mouse.det_tt0091149	1986	Toby	Toby			male	protagonist		91.51
great.mouse.det_tt0091149	1986	Bar_Maid	Bar_Maid		nm0280441	female			44.71
great.mouse.det_tt0091149	1986	Miss_Kitty_Mouse	Miss_Kitty_Mouse		nm0541386	female			77.41
grinch_tt2709692	2018	Groopert	Groopert		nm10232559	male			322.57
grinch_tt2709692	2018	Ozzy	Ozzy		nm5373238	male			151.03
grinch_tt2709692	2018	Bricklebaum	Bricklebaum		nm0860380	male			123.33
grinch_tt2709692	2018	Cindy-Lou_Who	Cindy-Lou_Who		nm7372981	female	protagonist		597.39
grinch_tt2709692	2018	Axl	Axl		nm6878893	male			100.39
grinch_tt2709692	2018	Grinch	Grinch		nm1212722	male	protagonist		1143.56
grinch_tt2709692	2018	Max	Max			male	protagonist		418.29
grinch_tt2709692	2018	Donna_Who	Donna_Who		nm0429069	female			259.09
grinch_tt2709692	2018	Izzy	Izzy		nm5411494	female			67.86
grinch_tt2709692	2018	Fred	Fred			unknown			141.60
gullivers.trave_tt0031397	1939	Character_4	Character_4			unknown			198.23
gullivers.trave_tt0031397	1939	Gabby	Gabby		nm0173416	male	protagonist		646.81
gullivers.trave_tt0031397	1939	Character_1	Character_1			unknown			222.36
gullivers.trave_tt0031397	1939	Character_5	Character_5			unknown			100.53
gullivers.trave_tt0031397	1939	Character_2	Character_2			unknown			216.78
gullivers.trave_tt0031397	1939	Character_6	Character_6			unknown			54.19
gullivers.trave_tt0031397	1939	Character_8	Character_8			unknown			73.77
gullivers.trave_tt0031397	1939	King_Little	King_Little		nm0580271	male	protagonist		513.95
gullivers.trave_tt0031397	1939	King_Bombo	King_Bombo		nm0682481	male	antagonist		362.23
gullivers.trave_tt0031397	1939	Princess_Glory	Princess_Glory			unknown	protagonist		115.82
gullivers.trave_tt0031397	1939	Prince_David	Prince_David		nm0397175	male	protagonist		111.18
gullivers.trave_tt0031397	1939	Bluebirds	Bluebirds			unknown			83.12
gullivers.trave_tt0031397	1939	Character_9	Character_9			unknown			20.99
gullivers.trave_tt0031397	1939	Character_11	Character_11			unknown			45.25
gullivers.trave_tt0031397	1939	Character_3	Character_3			unknown			143.91
gullivers.trave_tt0031397	1939	White_bird	White_bird			unknown			69.40
gullivers.trave_tt0031397	1939	Character_7	Character_7			unknown			35.24
gullivers.trave_tt0031397	1939	Character_10	Character_10			unknown			23.79
gullivers.trave_tt0031397	1939	Gulliver	Gulliver		nm0662603	male	protagonist		264.10
happy.feet_tt0366548	2006	Gloria	Gloria		nm0005261	female	protagonist		554.18
happy.feet_tt0366548	2006	Elder_1	Elder_1		nm1043022	male	antagonist		298.76
happy.feet_tt0366548	2006	Norma_Jean	Norma_Jean		nm0000173	female	protagonist		470.93
happy.feet_tt0366548	2006	Raul	Raul		nm0101603	male	protagonist		627.67
happy.feet_tt0366548	2006	Memphis	Memphis		nm0413168	male	protagonist		416.50
happy.feet_tt0366548	2006	Rinaldo	Rinaldo		nm0305261	male	protagonist		125.83
happy.feet_tt0366548	2006	Leopard_Seal	Leopard_Seal		nm0741648	male	antagonist		42.25
happy.feet_tt0366548	2006	Mumble	Mumble		nm0000704	male	protagonist		1219.39
happy.feet_tt0366548	2006	Mumble_(Baby)	Mumble_(Baby)		nm0197354	male			428.01
happy.feet_tt0366548	2006	Gloria_(Baby)	Gloria_(Baby)		nm1372025	female			156.70
happy.feet_tt0366548	2006	Lombardo	Lombardo		nm1146844	male	protagonist		126.33
happy.feet_tt0366548	2006	Seymour_(Baby)	Seymour_(Baby)		nm1235203	male			51.89
happy.feet_tt0366548	2006	Lovelace	Lovelace		nm0000245	male	protagonist		106.52
happy.feet_tt0366548	2006	Ramon	Ramon		nm0000245	male	protagonist		311.90
happy.feet_tt0366548	2006	Vinnie	Vinnie		nm0458350	male			37.50
happy.feet_tt0366548	2006	Boss_Skua	Boss_Skua		nm0001439	male	antagonist		89.38
happy.feet_tt0366548	2006	Dino	Dino		nm0542706	male			31.32
happy.feet_tt0366548	2006	Bryan_the_Beachmaster	Bryan_the_Beachmaster			unknown			47.59
home_tt2224026	2015	Oh	Oh		nm1433588	male	protagonist		2123.08
home_tt2224026	2015	Captain_Smek	Captain_Smek		nm0000188	male	antagonist		406.28
home_tt2224026	2015	Tip	Tip		nm1982597	female	protagonist		1419.33
home_tt2224026	2015	Father	Father		nm0826745	male			19.64
home_tt2224026	2015	Tip's_Mother	Tip's_Mother		nm0000182	female	protagonist		242.37
home_tt2224026	2015	Pig	Pig			unknown	protagonist		267.56
home_tt2224026	2015	Kyle	Kyle		nm2804503	male	antagonist		223.43
home_tt2224026	2015	Gorg_Commander	Gorg_Commander		nm0826745	male	antagonist		23.06
hop_tt1411704	2011	Fluffy_of_the_Pink_Berets	Fluffy_of_the_Pink_Berets			unknown			86.13
hop_tt1411704	2011	Phil	Phil		nm0000279	male	antagonist		258.05
hop_tt1411704	2011	Fred_O'Hare	Fred_O'Hare						1528.32
hop_tt1411704	2011	E.B._(Young)	E.B._(Young)		nm3642249	male			168.84
hop_tt1411704	2011	E.B.'s_Dad	E.B.'s_Dad		nm0491402	male	protagonist		359.23
hop_tt1411704	2011	E.B.	E.B.		nm1258970	male	protagonist		1162.45
hop_tt1411704	2011	Carlos	Carlos		nm0000279	male	antagonist		450.70
hop_tt1411704	2011	Fred_O'Hare_(Young)	Fred_O'Hare_(Young)						49.34
hop_tt1411704	2011	Sam_O'Hare	Sam_O'Hare						323.61
hop_tt1411704	2011	Bonnie_O'Hare	Bonnie_O'Hare						120.75
hop_tt1411704	2011	Alex_O'Hare	Alex_O'Hare						86.21
hop_tt1411704	2011	Henry_O'Hare	Henry_O'Hare						219.55
hop_tt1411704	2011	David_Hasselhoff	David_Hasselhoff						85.50
hop_tt1411704	2011	Bit_of_the_Pink_Berets	Bit_of_the_Pink_Berets			unknown			64.52
horton.hears.a._tt0451079	2008	Councilman	Councilman		nm0283945	male			85.34
horton.hears.a._tt0451079	2008	Horton_the_Elephant	Horton_the_Elephant		nm0000120	male	protagonist		1056.68
horton.hears.a._tt0451079	2008	Jessica_Quilligan	Jessica_Quilligan		nm1925026	female			40.00
horton.hears.a._tt0451079	2008	Tommy	Tommy		nm1706767	male			80.41
horton.hears.a._tt0451079	2008	Katie	Katie		nm1428821	female			65.57
horton.hears.a._tt0451079	2008	Morton_the_Mouse	Morton_the_Mouse		nm0736622	male			134.93
horton.hears.a._tt0451079	2008	Rudy_Kangaroo	Rudy_Kangaroo		nm1346160	male			127.42
horton.hears.a._tt0451079	2008	Sour_Kangaroo	Sour_Kangaroo		nm0000993	female	antagonist		210.54
horton.hears.a._tt0451079	2008	Dentist	Dentist		nm1075446	male			38.96
horton.hears.a._tt0451079	2008	Glummox_Mom	Glummox_Mom		nm0628170	female			85.46
horton.hears.a._tt0451079	2008	Mrs._Quilligan	Mrs._Quilligan		nm0005326	female			26.44
horton.hears.a._tt0451079	2008	Yummo_Wickersham	Yummo_Wickersham		nm0283945	male			87.75
horton.hears.a._tt0451079	2008	Wickersham_Guard_1	Wickersham_Guard_1		nm0250616	male			91.55
horton.hears.a._tt0451079	2008	Haley	Haley		nm2946537	unknown			29.07
horton.hears.a._tt0451079	2008	Mayor_Ned_McDodd	Mayor_Ned_McDodd		nm0136797	male	protagonist		335.29
horton.hears.a._tt0451079	2008	Old_Time_Who	Old_Time_Who		nm0029460	male			569.86
horton.hears.a._tt0451079	2008	Sally_O'Malley	Sally_O'Malley		nm0688132	female			185.02
horton.hears.a._tt0451079	2008	Heather	Heather		nm1192137	unknown			37.04
horton.hears.a._tt0451079	2008	Who_Kid	Who_Kid		nm0228327	female			21.81
horton.hears.a._tt0451079	2008	Heidi	Heidi		nm2946537	unknown			3.04
horton.hears.a._tt0451079	2008	Holly	Holly		nm1534182	female			50.76
horton.hears.a._tt0451079	2008	Hooly	Hooly		nm2359423	unknown			25.90
horton.hears.a._tt0451079	2008	Hanna	Hanna		nm2946553	unknown			18.98
horton.hears.a._tt0451079	2008	Helen	Helen		nm1462248	unknown			2.71
horton.hears.a._tt0451079	2008	Hedy	Hedy		nm2359423	unknown			11.01
horton.hears.a._tt0451079	2008	Hildy	Hildy		nm1534182	female			17.39
horton.hears.a._tt0451079	2008	JoJo_McDodd	JoJo_McDodd		nm0565366	male	protagonist		180.14
horton.hears.a._tt0451079	2008	Dr._Mary_Lou_LaRue	Dr._Mary_Lou_LaRue		nm0279545	female			47.71
horton.hears.a._tt0451079	2008	Miss_Yelp	Miss_Yelp		nm0621788	female			69.82
horton.hears.a._tt0451079	2008	Who_Mom	Who_Mom		nm0220635	female			42.17
horton.hears.a._tt0451079	2008	Obnoxious_Who	Obnoxious_Who		nm0371755	male			13.81
horton.hears.a._tt0451079	2008	Angela	Angela		nm0642601	female			30.99
horton.hears.a._tt0451079	2008	Willie_Bear	Willie_Bear		nm0267724	male			54.55
hotel.transylva_tt0837562	2012	Dracula	Dracula		nm0001191	male	protagonist		1843.42
hotel.transylva_tt0837562	2012	Mavis_(Young)	Mavis_(Young)		nm2490721	female			85.17
hotel.transylva_tt0837562	2012	Foreman	Foreman		nm0930841	unknown			16.02
hotel.transylva_tt0837562	2012	Mavis	Mavis		nm1411125	female	protagonist		858.73
hotel.transylva_tt0837562	2012	Pilot	Pilot		nm0821026	male			36.45
hotel.transylva_tt0837562	2012	Winnie	Winnie		nm2490721	female			97.01
hotel.transylva_tt0837562	2012	Wanda	Wanda		nm0788340	female			121.96
hotel.transylva_tt0837562	2012	Wayne	Wayne		nm0000114	male			308.22
hotel.transylva_tt0837562	2012	Zombie	Zombie		nm4204968	male			20.85
hotel.transylva_tt0837562	2012	Marty	Marty		nm0806912	male			76.20
hotel.transylva_tt0837562	2012	Hydra_Head	Hydra_Head		nm4204968;nm0813363;nm0936364;nm0446063;nm0564836	unknown			35.16
hotel.transylva_tt0837562	2012	Gremlin_Man	Gremlin_Man		nm0813363	unknown			18.31
hotel.transylva_tt0837562	2012	Eunice	Eunice		nm0000376	female			84.79
hotel.transylva_tt0837562	2012	Skeleton_Husband	Skeleton_Husband		nm1443527	male			55.68
hotel.transylva_tt0837562	2012	Frankenstein	Frankenstein		nm0416673	male			444.03
hotel.transylva_tt0837562	2012	Jonathan	Jonathan		nm1676221	male	protagonist		1097.05
hotel.transylva_tt0837562	2012	Murray	Murray		nm0123741	male			234.98
hotel.transylva_tt0837562	2012	Quasimodo	Quasimodo		nm0001484	male	antagonist		128.55
hotel.transylva_tt0837562	2012	Hairy_Monster	Hairy_Monster		nm0564836	male			27.90
hotel.transylva_tt0837562	2012	Shrunken_Head	Shrunken_Head		nm0936364	male			42.29
hotel.transylva_tt0837562	2012	Suit_of_Armor	Suit_of_Armor		nm0313364	male			10.72
hotel.transylva_tt0837562	2012	Fly	Fly		nm0663177	male			27.86
hotel.transylva_tt2510894	2015	Dracula	Dracula		nm0001191	male	protagonist		1734.57
hotel.transylva_tt2510894	2015	Abominable_Snowman	Abominable_Snowman			unknown			57.10
hotel.transylva_tt2510894	2015	Eunice	Eunice		nm0000376	female			46.34
hotel.transylva_tt2510894	2015	Frankenstein	Frankenstein		nm0416673	male			549.67
hotel.transylva_tt2510894	2015	Grandma_Linda	Grandma_Linda		nm0005259	female			215.67
hotel.transylva_tt2510894	2015	Ticket_Agent	Ticket_Agent		nm0008231	female			38.33
hotel.transylva_tt2510894	2015	Grandpa_Mike	Grandpa_Mike		nm0644406	male			190.48
hotel.transylva_tt2510894	2015	Red_Head_Human_Woman	Red_Head_Human_Woman			unknown			82.87
hotel.transylva_tt2510894	2015	Bela	Bela		nm1443527	male	antagonist		138.93
hotel.transylva_tt2510894	2015	Blue_Big_Lip_Monster	Blue_Big_Lip_Monster			unknown			54.60
hotel.transylva_tt2510894	2015	Purple_One-Eyed_Monster	Purple_One-Eyed_Monster			unknown			58.18
hotel.transylva_tt2510894	2015	Jonathan	Jonathan		nm1676221	male	protagonist		750.71
hotel.transylva_tt2510894	2015	Blobby	Blobby		nm0813363	male			77.12
hotel.transylva_tt2510894	2015	Mavis	Mavis		nm1411125	female	protagonist		975.93
hotel.transylva_tt2510894	2015	*Shrunken_Heads	*Shrunken_Heads		nm0132685	female			13.89
hotel.transylva_tt2510894	2015	Murray	Murray		nm1221047	male			233.65
hotel.transylva_tt2510894	2015	Wayne	Wayne		nm0000114	male			408.87
hotel.transylva_tt2510894	2015	Jogger_#2	Jogger_#2		nm2930565	unknown			32.66
hotel.transylva_tt2510894	2015	*Winnie's_Brothers	*Winnie's_Brothers			unknown			84.88
hotel.transylva_tt2510894	2015	Purple_Shirt_Blonde_Human_Woman	Purple_Shirt_Blonde_Human_Woman			unknown			16.98
hotel.transylva_tt2510894	2015	Jogger_#1	Jogger_#1		nm3596979	female			41.54
hotel.transylva_tt2510894	2015	Tourist_Passenger	Tourist_Passenger		nm3596979	female			13.56
hotel.transylva_tt2510894	2015	Wanda	Wanda		nm0788340	female			39.29
hotel.transylva_tt2510894	2015	Marty	Marty		nm0806912	male			1.88
hotel.transylva_tt2510894	2015	Dracula_Bat_Form	Dracula_Bat_Form		nm0001191	male			29.90
hotel.transylva_tt2510894	2015	Dennis_Bat_Form	Dennis_Bat_Form		nm6239143	male			31.03
hotel.transylva_tt2510894	2015	Dracula_Nurse_Costume	Dracula_Nurse_Costume		nm0001191	male			22.27
hotel.transylva_tt2510894	2015	Dennis	Dennis		nm6239143	male	protagonist		1078.74
hotel.transylva_tt2510894	2015	Winnie	Winnie		nm2490721	female			108.07
hotel.transylva_tt2510894	2015	Kid_#1	Kid_#1			unknown			91.38
hotel.transylva_tt2510894	2015	Vampire_Kid	Vampire_Kid		nm3927383	female			121.75
hotel.transylva_tt2510894	2015	Kid_#2	Kid_#2			unknown			10.30
hotel.transylva_tt2510894	2015	Fly_Guy	Fly_Guy		nm0663177	male			9.05
hotel.transylva_tt2510894	2015	Tourist_Driver	Tourist_Driver		nm0761977	male			12.68
hotel.transylva_tt2510894	2015	Dana	Dana		nm0001022	male			112.07
hotel.transylva_tt2510894	2015	Kakie	Kakie		nm0441592	male			42.29
hotel.transylva_tt2510894	2015	Caren	Caren		nm3596979	female			49.92
hotel.transylva_tt2510894	2015	Kal	Kal		nm0197682	male			15.56
hotel.transylva_tt2510894	2015	Troy	Troy		nm7583330	unknown			67.73
hotel.transylva_tt2510894	2015	Red_Helmet_Kid	Red_Helmet_Kid			unknown			29.90
hotel.transylva_tt2510894	2015	Pandragora	Pandragora		nm4204968	male			22.98
hotel.transylva_tt2510894	2015	Kelsey	Kelsey		nm0841910	female			11.22
hotel.transylva_tt2510894	2015	Johnny_Vampire_Costume	Johnny_Vampire_Costume			unknown			158.45
hotel.transylva_tt2510894	2015	Phantom_of_the_Opera	Phantom_of_the_Opera		nm0001484	male			15.39
hotel.transylva_tt2510894	2015	Vlad	Vlad		nm0000316	male	antagonist		140.81
hotel.transylva_tt2510894	2015	Grandpa_Vlad_Dracula_	Grandpa_Vlad_Dracula_			male			75.91
hotel.transylva_tt2510894	2015	Kakie_Red	Kakie_Red		nm0441592	male			22.73
hotel.transylva_tt5220122	2018	Mavis	Mavis		nm1411125	female	protagonist		703.08
hotel.transylva_tt5220122	2018	Dracula	Dracula		nm0001191	male	protagonist		1178.47
hotel.transylva_tt5220122	2018	Frankenstein	Frankenstein		nm0416673	male			330.66
hotel.transylva_tt5220122	2018	Austrian_Boy	Austrian_Boy		nm3692199	male			13.26
hotel.transylva_tt5220122	2018	Van_Helsing	Van_Helsing		nm0300712	male	antagonist		299.01
hotel.transylva_tt5220122	2018	Jonathan	Jonathan		nm1676221	male	protagonist		338.71
hotel.transylva_tt5220122	2018	Dennis	Dennis		nm6239143	male			222.60
hotel.transylva_tt5220122	2018	Wayne	Wayne		nm0000114	male			114.07
hotel.transylva_tt5220122	2018	Murray	Murray		nm1221047	male			118.70
hotel.transylva_tt5220122	2018	Blue_Big_Lipped_Monster	Blue_Big_Lipped_Monster			unknown			56.01
hotel.transylva_tt5220122	2018	Abominable_Snowman	Abominable_Snowman			unknown			59.43
hotel.transylva_tt5220122	2018	Purple_One_Eye_Monster_White_Chin	Purple_One_Eye_Monster_White_Chin			unknown			31.07
hotel.transylva_tt5220122	2018	Blue_Spiky_Monster	Blue_Spiky_Monster			unknown			61.44
hotel.transylva_tt5220122	2018	Pink_One-Eyed_Monster	Pink_One-Eyed_Monster			unknown			30.53
hotel.transylva_tt5220122	2018	Skeleton	Skeleton			unknown			13.18
hotel.transylva_tt5220122	2018	Sunny	Sunny		nm3927383	female			79.29
hotel.transylva_tt5220122	2018	Winnie	Winnie		nm2490721	female			139.31
hotel.transylva_tt5220122	2018	*Werewolf_Siblings	*Werewolf_Siblings			unknown			77.45
hotel.transylva_tt5220122	2018	Eunice	Eunice		nm0000376	female			125.42
hotel.transylva_tt5220122	2018	Wanda	Wanda		nm0788340	female			99.39
hotel.transylva_tt5220122	2018	Lucy	Lucy		nm9324665	unknown			31.41
hotel.transylva_tt5220122	2018	Kelsey	Kelsey		nm0613740	female			11.85
hotel.transylva_tt5220122	2018	Tinkles	Tinkles		nm0926679	male			99.14
hotel.transylva_tt5220122	2018	Red_Big_Lipped_Monster	Red_Big_Lipped_Monster			unknown			45.42
hotel.transylva_tt5220122	2018	Frankenlady	Frankenlady		nm0152839	female			36.16
hotel.transylva_tt5220122	2018	Zingr_Witch	Zingr_Witch		nm0037167	female			3.38
hotel.transylva_tt5220122	2018	Gremlin_Pilot	Gremlin_Pilot		nm5263129	male			21.06
hotel.transylva_tt5220122	2018	Gremlins	Gremlins		nm5263129	male			4.88
hotel.transylva_tt5220122	2018	Gremlin_Stewardess	Gremlin_Stewardess		nm5263129	male			15.93
hotel.transylva_tt5220122	2018	Monster_#1	Monster_#1			unknown			22.69
hotel.transylva_tt5220122	2018	Vlad	Vlad		nm0000316	male			42.67
hotel.transylva_tt5220122	2018	Stan	Stan		nm0663177	male			17.43
hotel.transylva_tt5220122	2018	Blobby_Son	Blobby_Son		nm0850733	male			45.46
hotel.transylva_tt5220122	2018	Witch_#2	Witch_#2		nm0613740	female			39.12
hotel.transylva_tt5220122	2018	Hydra_Monster	Hydra_Monster			unknown			29.74
hotel.transylva_tt5220122	2018	Witch_#3	Witch_#3		nm0037167	female			19.77
hotel.transylva_tt5220122	2018	Witch_#1	Witch_#1		nm0613740	female			21.02
hotel.transylva_tt5220122	2018	Ericka_Van_Helsing	Ericka_Van_Helsing		nm1063517	female	antagonist		731.15
hotel.transylva_tt5220122	2018	Chupacabra	Chupacabra		nm0131781	male			15.01
hotel.transylva_tt5220122	2018	Blue_Teeth_Monster	Blue_Teeth_Monster			unknown			51.63
hotel.transylva_tt5220122	2018	Monster_#2	Monster_#2			unknown			31.66
how.to.train.yo_tt0892769	2010	Hiccup_Haddock_III	Hiccup_Haddock_III		nm0059431	male	protagonist		1635.34
how.to.train.yo_tt0892769	2010	Meatlug	Meatlug			unknown			31.24
how.to.train.yo_tt0892769	2010	Stoick_the_Vast	Stoick_the_Vast		nm0124930	male	protagonist		483.48
how.to.train.yo_tt0892769	2010	Gobber_the_Belch	Gobber_the_Belch		nm0272401	male	protagonist		314.94
how.to.train.yo_tt0892769	2010	Tuffnut_Thorston	Tuffnut_Thorston		nm2554352	male	protagonist		128.55
how.to.train.yo_tt0892769	2010	Snotlout_Jorgenson	Snotlout_Jorgenson		nm1706767	male	protagonist		199.16
how.to.train.yo_tt0892769	2010	Ruffnut_Thorston	Ruffnut_Thorston		nm1325419	female	protagonist		114.03
how.to.train.yo_tt0892769	2010	Astrid_Hofferson	Astrid_Hofferson		nm1065229	female	protagonist		496.87
how.to.train.yo_tt0892769	2010	Fishlegs	Fishlegs		nm2395586	male	protagonist		131.51
how.to.train.yo_tt0892769	2010	Deadly_Nadder	Deadly_Nadder			unknown			18.64
how.to.train.yo_tt0892769	2010	Hookfang	Hookfang			male			26.53
how.to.train.yo_tt0892769	2010	Toothless	Toothless		nm0858378	male	protagonist		343.68
how.to.train.yo_tt0892769	2010	Gothi	Gothi			female			21.02
how.to.train.yo_tt0892769	2010	Barf_and_Belch	Barf_and_Belch			unknown			29.95
how.to.train.yo_tt0892769	2010	Hideous_Zippleback	Hideous_Zippleback			unknown			0.08
how.to.train.yo_tt1646971	2014	Fishlegs_Ingerman_(Franchise)	Fishlegs_Ingerman_(Franchise)		nm2395586	male			82.58
how.to.train.yo_tt1646971	2014	Skullcrusher	Skullcrusher			male			32.99
how.to.train.yo_tt1646971	2014	Snotlout_Jorgenson_(Franchise)	Snotlout_Jorgenson_(Franchise)		nm1706767	male			100.35
how.to.train.yo_tt1646971	2014	Barf_and_Belch_(Franchise)	Barf_and_Belch_(Franchise)			male			16.27
how.to.train.yo_tt1646971	2014	Ruffnut_Thorston_(Franchise)	Ruffnut_Thorston_(Franchise)		nm1325419	female			90.13
how.to.train.yo_tt1646971	2014	Stoick_the_Vast_(Franchise)	Stoick_the_Vast_(Franchise)		nm0124930	male	protagonist		338.80
how.to.train.yo_tt1646971	2014	Spitelout	Spitelout			male			31.82
how.to.train.yo_tt1646971	2014	Gothi_(Franchise)	Gothi_(Franchise)			female			24.27
how.to.train.yo_tt1646971	2014	Gobber_the_Belch_(Franchise)	Gobber_the_Belch_(Franchise)		nm0272401	male			98.93
how.to.train.yo_tt1646971	2014	Stormfly	Stormfly			female			81.21
how.to.train.yo_tt1646971	2014	Astrid_Hofferson_(Franchise)	Astrid_Hofferson_(Franchise)		nm1065229	female	protagonist		416.04
how.to.train.yo_tt1646971	2014	Toothless_(Franchise)	Toothless_(Franchise)		nm0858378	male	protagonist		387.68
how.to.train.yo_tt1646971	2014	Valka_(Franchise)	Valka_(Franchise)		nm0000949	female	protagonist		625.92
how.to.train.yo_tt1646971	2014	Hiccup_Horrendous_Haddock_III_(Franchise)	Hiccup_Horrendous_Haddock_III_(Franchise)		nm0059431	male	protagonist		1358.90
how.to.train.yo_tt1646971	2014	Eret,_Son_of_Eret_(Franchise)	Eret,_Son_of_Eret_(Franchise)		nm3229685	male	antagonist		261.22
how.to.train.yo_tt1646971	2014	Drago_Bludvist_(Franchise)	Drago_Bludvist_(Franchise)		nm0005023	male	antagonist		235.86
how.to.train.yo_tt1646971	2014	Grump	Grump			male			17.27
how.to.train.yo_tt1646971	2014	Tuffnut_Thorston_(Franchise)	Tuffnut_Thorston_(Franchise)		nm2554352	male			55.47
how.to.train.yo_tt1646971	2014	Cloudjumper	Cloudjumper			male			78.41
how.to.train.yo_tt1646971	2014	Drago's_Bewilderbeast	Drago's_Bewilderbeast			male	antagonist		105.27
how.to.train.yo_tt2386490	2019	Ivar_the_Witless	Ivar_the_Witless		nm0855039	male			41.21
how.to.train.yo_tt2386490	2019	Hiccup_(Young)	Hiccup_(Young)		nm7851743	unknown			156.03
how.to.train.yo_tt2386490	2019	Ragnar_the_Rock	Ragnar_the_Rock		nm0959963	male			73.28
how.to.train.yo_tt2386490	2019	Toothless	Toothless		nm0858378	male	protagonist		478.48
how.to.train.yo_tt2386490	2019	Hiccup	Hiccup		nm0059431	male	protagonist		1231.48
how.to.train.yo_tt2386490	2019	Tuffnut	Tuffnut		nm5004187	male	protagonist		146.52
how.to.train.yo_tt2386490	2019	Hobgobbler	Hobgobbler			unknown			22.61
how.to.train.yo_tt2386490	2019	Snotlout	Snotlout		nm1706767	male			168.71
how.to.train.yo_tt2386490	2019	Stormfly	Stormfly			female	protagonist		64.40
how.to.train.yo_tt2386490	2019	Astrid	Astrid		nm1065229	female	protagonist		589.88
how.to.train.yo_tt2386490	2019	Valka	Valka		nm0000949	female	protagonist		264.01
how.to.train.yo_tt2386490	2019	Spitelout	Spitelout		nm0855039	male			18.02
how.to.train.yo_tt2386490	2019	Baby_Deadly_Nadder	Baby_Deadly_Nadder			unknown			13.93
how.to.train.yo_tt2386490	2019	Gobber	Gobber		nm0272401	male			110.19
how.to.train.yo_tt2386490	2019	Skullcrusher	Skullcrusher			male			29.49
how.to.train.yo_tt2386490	2019	Ruffnut	Ruffnut		nm1325419	female	protagonist		106.02
how.to.train.yo_tt2386490	2019	Fishlegs	Fishlegs		nm2395586	male			51.38
how.to.train.yo_tt2386490	2019	Stoick	Stoick		nm0124930	male	protagonist		81.25
how.to.train.yo_tt2386490	2019	Eret	Eret		nm3229685	male			152.57
how.to.train.yo_tt2386490	2019	Grimmel	Grimmel		nm0000719	male	antagonist		301.34
how.to.train.yo_tt2386490	2019	Griselda_the_Grevious	Griselda_the_Grevious		nm1160735	female			27.03
how.to.train.yo_tt2386490	2019	Light_Fury	Light_Fury			female	protagonist		208.29
hunchback.of.no_tt0116583	1996	Quasimodo	Quasimodo		nm0001371	male	protagonist		1496.41
hunchback.of.no_tt0116583	1996	Archdeacon	Archdeacon		nm0001773	male	protagonist		107.19
hunchback.of.no_tt0116583	1996	Clopin	Clopin		nm0437199	male	protagonist		109.86
hunchback.of.no_tt0116583	1996	Gypsies	Gypsies		nm0191906	male			20.98
hunchback.of.no_tt0116583	1996	Quasimodo's_Mother	Quasimodo's_Mother		nm0074834	female			26.32
hunchback.of.no_tt0116583	1996	Frollo	Frollo		nm0419645	male	antagonist		781.82
hunchback.of.no_tt0116583	1996	Hugo	Hugo		nm0004517	male			259.18
hunchback.of.no_tt0116583	1996	Victor	Victor		nm0453909	male			214.30
hunchback.of.no_tt0116583	1996	Laverne	Laverne		nm0926897	female			266.47
hunchback.of.no_tt0116583	1996	Phoebus	Phoebus		nm0000177	male	protagonist		575.32
hunchback.of.no_tt0116583	1996	Guards	Guards		nm0191906	male	antagonist		146.40
hunchback.of.no_tt0116583	1996	Esmeralda	Esmeralda		nm0000193	female	protagonist		743.45
hunchback.of.no_tt0116583	1996	Dijali	Dijali		nm0074834	male			98.64
hunchback.of.no_tt0116583	1996	Old_Heretic	Old_Heretic		nm0873779	male			8.43
ice.age.collisi_tt3416828	2016	Lily_Start	Lily_Start		nm5118132	unknown			15.31
ice.age.collisi_tt3416828	2016	Diego	Diego		nm0001459	male	protagonist		344.18
ice.age.collisi_tt3416828	2016	Scrat	Scrat		nm0917188	male			121.29
ice.age.collisi_tt3416828	2016	Shangri_Llama	Shangri_Llama		nm0272479	male	antagonist		119.79
ice.age.collisi_tt3416828	2016	Sid	Sid		nm0000491	male	protagonist		351.56
ice.age.collisi_tt3416828	2016	Crash	Crash		nm0005405	male			143.02
ice.age.collisi_tt3416828	2016	Eddie	Eddie		nm0669681	male			185.94
ice.age.collisi_tt3416828	2016	Peaches	Peaches		nm1551130	female	protagonist		401.90
ice.age.collisi_tt3416828	2016	Julian	Julian		nm2796745	male	protagonist		261.76
ice.age.collisi_tt3416828	2016	Manny	Manny		nm0005380	male	protagonist		298.80
ice.age.collisi_tt3416828	2016	Steffie	Steffie			female			95.55
ice.age.collisi_tt3416828	2016	Ellie	Ellie		nm0001451	female	protagonist		342.22
ice.age.collisi_tt3416828	2016	Granny	Granny		nm0843100	female	protagonist		93.09
ice.age.collisi_tt3416828	2016	Mother_Aardvark	Mother_Aardvark			unknown			2.59
ice.age.collisi_tt3416828	2016	Mariachi_Band_Baptornis	Mariachi_Band_Baptornis			unknown			13.39
ice.age.collisi_tt3416828	2016	Ethel	Ethel			female			26.15
ice.age.collisi_tt3416828	2016	Andrew_Aardvark	Andrew_Aardvark		nm8285160	unknown			69.15
ice.age.collisi_tt3416828	2016	Pythagoras_Buck	Pythagoras_Buck		nm0670408	male	protagonist		564.56
ice.age.collisi_tt3416828	2016	Vera	Vera			female			12.68
ice.age.collisi_tt3416828	2016	Shira	Shira		nm0000182	female	protagonist		228.98
ice.age.collisi_tt3416828	2016	Brooke	Brooke		nm3697476	female	protagonist		181.97
ice.age.collisi_tt3416828	2016	Cindy	Cindy			unknown			10.72
ice.age.collisi_tt3416828	2016	Bubbles	Bubbles		nm6530360	female			10.09
ice.age.collisi_tt3416828	2016	Molehog_(character)	Molehog_(character)			unknown			13.51
ice.age.collisi_tt3416828	2016	Mother_Triceratops	Mother_Triceratops			unknown			5.71
ice.age.collisi_tt3416828	2016	Gertie	Gertie		nm3715867	female			143.52
ice.age.collisi_tt3416828	2016	Roger	Roger		nm0339011	male	antagonist		90.72
ice.age.collisi_tt3416828	2016	Gavin	Gavin		nm0644406	male	antagonist		163.25
ice.age.collisi_tt3416828	2016	Geotopia_Palaeotherium	Geotopia_Palaeotherium			unknown			9.43
ice.age.collisi_tt3416828	2016	Neil_deBuck_Weasel	Neil_deBuck_Weasel		nm1183205	male			53.51
ice.age.collisi_tt3416828	2016	Geotopia_Diatryma	Geotopia_Diatryma			unknown			18.06
ice.age.collisi_tt3416828	2016	Teddy	Teddy		nm1476939	male			28.15
ice.age.collisi_tt3416828	2016	Geotopia_Shovelmouth	Geotopia_Shovelmouth			unknown			5.26
ice.age.contine_tt1667889	2012	Diego	Diego		nm0001459	male	protagonist		465.46
ice.age.contine_tt1667889	2012	Manny	Manny		nm0005380	male	protagonist		265.97
ice.age.contine_tt1667889	2012	Ellie	Ellie		nm0001451	female	protagonist		221.97
ice.age.contine_tt1667889	2012	Steffie	Steffie		nm3747326	female			70.53
ice.age.contine_tt1667889	2012	Louis	Louis		nm1265802	male	protagonist		172.80
ice.age.contine_tt1667889	2012	Crash	Crash		nm0005405	male	protagonist		47.42
ice.age.contine_tt1667889	2012	Meghan	Meghan		nm1648386	female			37.08
ice.age.contine_tt1667889	2012	Peaches	Peaches		nm1551130	female	protagonist		436.23
ice.age.contine_tt1667889	2012	Eunice	Eunice		nm0066877	female			43.46
ice.age.contine_tt1667889	2012	Sid	Sid		nm0000491	male	protagonist		454.54
ice.age.contine_tt1667889	2012	Marshall	Marshall		nm1186843	male			65.02
ice.age.contine_tt1667889	2012	Mother_Aardvark	Mother_Aardvark			unknown			5.71
ice.age.contine_tt1667889	2012	Billy	Billy			male			2.79
ice.age.contine_tt1667889	2012	Opossum	Opossum			unknown			43.79
ice.age.contine_tt1667889	2012	Gutt	Gutt		nm0227759	male	antagonist		328.83
ice.age.contine_tt1667889	2012	Katie	Katie		nm3529987	female			73.87
ice.age.contine_tt1667889	2012	Ethel	Ethel			female			17.93
ice.age.contine_tt1667889	2012	Squint	Squint		nm2106637	male			83.71
ice.age.contine_tt1667889	2012	Silas	Silas			male			34.53
ice.age.contine_tt1667889	2012	Flynn	Flynn		nm0296545	male			88.92
ice.age.contine_tt1667889	2012	Raz	Raz		nm2313103	female			107.57
ice.age.contine_tt1667889	2012	Shira	Shira		nm0000182	female	protagonist		306.93
ice.age.contine_tt1667889	2012	Fuzzy	Fuzzy			male			61.27
ice.age.contine_tt1667889	2012	Chipmunk	Chipmunk			unknown			35.83
ice.age.dawn.of_tt1080016	2009	Scrat	Scrat		nm0917188	male			197.53
ice.age.dawn.of_tt1080016	2009	Scratte	Scratte		nm0228327	female			112.57
ice.age.dawn.of_tt1080016	2009	Cindy	Cindy			unknown			34.78
ice.age.dawn.of_tt1080016	2009	Diego	Diego		nm0001459	male	protagonist		470.68
ice.age.dawn.of_tt1080016	2009	Manny	Manny		nm0005380	male	protagonist		368.53
ice.age.dawn.of_tt1080016	2009	Sid	Sid		nm0000491	male	protagonist		698.32
ice.age.dawn.of_tt1080016	2009	Gazelle_(character)	Gazelle_(character)		nm0352778	male			37.04
ice.age.dawn.of_tt1080016	2009	Molehog_(character)	Molehog_(character)		nm1960185	unknown			10.39
ice.age.dawn.of_tt1080016	2009	Crash	Crash		nm0005405	male	protagonist		229.90
ice.age.dawn.of_tt1080016	2009	Eddie	Eddie		nm0669681	male	protagonist		242.83
ice.age.dawn.of_tt1080016	2009	Ellie	Ellie		nm0001451	female	protagonist		595.39
ice.age.dawn.of_tt1080016	2009	Billy	Billy			male			3.46
ice.age.dawn.of_tt1080016	2009	Dinosaur_Babies	Dinosaur_Babies		nm0757858	male			251.58
ice.age.dawn.of_tt1080016	2009	Baby_Dinos	Baby_Dinos			unknown			157.03
ice.age.dawn.of_tt1080016	2009	Momma_Dino	Momma_Dino		nm0919798	female			125.46
ice.age.dawn.of_tt1080016	2009	Vera	Vera			female			15.18
ice.age.dawn.of_tt1080016	2009	Ronald	Ronald		nm3188600	unknown			10.26
ice.age.dawn.of_tt1080016	2009	Ethel	Ethel			female			1.58
ice.age.dawn.of_tt1080016	2009	Cretaceous_Tyrannosaurus	Cretaceous_Tyrannosaurus			unknown			32.95
ice.age.dawn.of_tt1080016	2009	Buck	Buck		nm0670408	male	protagonist		530.28
ice.age.dawn.of_tt1080016	2009	Mean_Looking_Dinosaur	Mean_Looking_Dinosaur			unknown			25.44
ice.age.dawn.of_tt1080016	2009	Blue_Dinosaur	Blue_Dinosaur			unknown			35.41
ice.age.the.mel_tt0438097	2006	Scrat	Scrat		nm0917188	male	protagonist		197.41
ice.age.the.mel_tt0438097	2006	Mother_Opossum	Mother_Opossum			female			13.05
ice.age.the.mel_tt0438097	2006	Diego	Diego		nm0001459	male	protagonist		681.85
ice.age.the.mel_tt0438097	2006	Ronald	Ronald			unknown			74.91
ice.age.the.mel_tt0438097	2006	Ethel	Ethel			female			37.79
ice.age.the.mel_tt0438097	2006	Mr/Mrs_Start	Mr/Mrs_Start		nm0004767	male			153.95
ice.age.the.mel_tt0438097	2006	Aardvark_Dad	Aardvark_Dad		nm0740535	male			32.62
ice.age.the.mel_tt0438097	2006	Cindy	Cindy			unknown			73.87
ice.age.the.mel_tt0438097	2006	Fast_Tony	Fast_Tony		nm0005143	male			102.44
ice.age.the.mel_tt0438097	2006	Vera	Vera			female			23.65
ice.age.the.mel_tt0438097	2006	Billy	Billy		nm1462248	male			85.25
ice.age.the.mel_tt0438097	2006	Ashley	Ashley			unknown			74.74
ice.age.the.mel_tt0438097	2006	Sid	Sid		nm0000491	male	protagonist		772.65
ice.age.the.mel_tt0438097	2006	Rose	Rose			unknown			14.68
ice.age.the.mel_tt0438097	2006	Vulture	Vulture		nm0324247	unknown			50.05
ice.age.the.mel_tt0438097	2006	Manny	Manny		nm0005380	male	protagonist		392.89
ice.age.the.mel_tt0438097	2006	Bird	Bird		nm9225409	unknown			14.76
ice.age.the.mel_tt0438097	2006	Mother_Aardvark	Mother_Aardvark			unknown			13.56
ice.age.the.mel_tt0438097	2006	Lone_Gunslinger	Lone_Gunslinger		nm0004715	male			43.75
ice.age.the.mel_tt0438097	2006	Cretaceous	Cretaceous			male	antagonist		18.69
ice.age.the.mel_tt0438097	2006	Molehog_(character)	Molehog_(character)		nm1723600	male			14.60
ice.age.the.mel_tt0438097	2006	Crash	Crash		nm0005405	male	protagonist		19.23
ice.age.the.mel_tt0438097	2006	Eddie	Eddie		nm0669681	male	protagonist		215.34
ice.age.the.mel_tt0438097	2006	Opossum	Opossum			unknown			187.69
ice.age.the.mel_tt0438097	2006	Ellie	Ellie		nm0001451	female	protagonist		431.26
ice.age.the.mel_tt0438097	2006	Layla_Zee	Layla_Zee			unknown			48.67
ice.age_tt0268380	2002	Scrat	Scrat		nm0917188	male			152.19
ice.age_tt0268380	2002	Zeke	Zeke		nm0085312	male			73.78
ice.age_tt0268380	2002	Glypto_1	Glypto_1		nm0226986	female			18.39
ice.age_tt0268380	2002	Frank	Frank		nm0740535	male			78.87
ice.age_tt0268380	2002	Freaky_Mammal_2	Freaky_Mammal_2		nm0876138	male			9.38
ice.age_tt0268380	2002	Freaky_Mammal_1	Freaky_Mammal_1		nm0010004	male			6.38
ice.age_tt0268380	2002	Carl	Carl		nm0147825	male			73.57
ice.age_tt0268380	2002	Start_1	Start_1		nm0740535	male			21.60
ice.age_tt0268380	2002	Rachel	Rachel		nm0046715	female			31.70
ice.age_tt0268380	2002	Manny	Manny		nm0005380	male	protagonist		344.51
ice.age_tt0268380	2002	Sid	Sid		nm0000491	male	protagonist		914.96
ice.age_tt0268380	2002	Nadia	Nadia		nm18317007	female			58.73
ice.age_tt0268380	2002	Roshan,_the_Infant	Roshan,_the_Infant		nm0152839	female	protagonist		607.19
ice.age_tt0268380	2002	Runar	Runar			male			131.17
ice.age_tt0268380	2002	Soto	Soto		nm0899681	male	antagonist		157.45
ice.age_tt0268380	2002	Diego	Diego		nm0001459	male	protagonist		607.06
ice.age_tt0268380	2002	Jennifer	Jennifer		nm0005105	female			48.42
ice.age_tt0268380	2002	Lenny	Lenny		nm0876138	male			36.75
ice.age_tt0268380	2002	Dodo_5	Dodo_5		nm0917188	male			62.44
imaginary.frien_tt11152168	2024	Art_Teacher	Art_Teacher		nm0420955	male			61.31
imaginary.frien_tt11152168	2024	Blossom	Blossom		nm3564817	female	protagonist		264.10
imaginary.frien_tt11152168	2024	Blue	Blue		nm0136797	male	protagonist		593.01
imaginary.frien_tt11152168	2024	Octocat	Octocat		nm0515116	female			10.76
imaginary.frien_tt11152168	2024	Sunny	Sunny		nm0000354	male			42.00
imaginary.frien_tt11152168	2024	Magician_Mouse	Magician_Mouse		nm1724319	male			46.21
imaginary.frien_tt11152168	2024	Bubble	Bubble		nm5377144	female			44.25
imaginary.frien_tt11152168	2024	Green_Creature	Green_Creature			unknown			30.78
imaginary.frien_tt11152168	2024	SDog	SDog		nm0005377	male			65.36
imaginary.frien_tt11152168	2024	Ice	Ice		nm0177896	male			25.90
imaginary.frien_tt11152168	2024	Robot	Robot		nm0829537	male			23.86
imaginary.frien_tt11152168	2024	Cosmo	Cosmo		nm0005221	male			6.55
imaginary.frien_tt11152168	2024	Lewis	Lewis		nm0001283	male	protagonist		203.49
imaginary.frien_tt11152168	2024	Spaceman	Spaceman		nm0000123	male			2.75
imaginary.frien_tt11152168	2024	Unicorn	Unicorn		nm1289434	female			89.96
imaginary.frien_tt11152168	2024	Ally	Ally		nm0748973	female			54.43
imaginary.frien_tt11152168	2024	Red_Creature	Red_Creature			unknown			15.64
imaginary.frien_tt11152168	2024	Blue_Creature	Blue_Creature		nm0136797	male			6.01
imaginary.frien_tt11152168	2024	Marshmallow	Marshmallow		nm1024677	male			10.26
incredibles.2_tt3606756	2018	Rick_Dicker	Rick_Dicker		nm0052186	male	protagonist		91.88
incredibles.2_tt3606756	2018	Tony_Rydinger	Tony_Rydinger		nm1520974	male	protagonist		205.20
incredibles.2_tt3606756	2018	Violet_Parr	Violet_Parr		nm1102970	female	protagonist		743.37
incredibles.2_tt3606756	2018	Helen_Parr_(Elastigirl)	Helen_Parr_(Elastigirl)		nm0000456	female	protagonist		1412.24
incredibles.2_tt3606756	2018	Evelyn_Deavor	Evelyn_Deavor		nm0001416	female	antagonist		525.69
incredibles.2_tt3606756	2018	Winston_Deavor	Winston_Deavor		nm0644022	male	protagonist		526.48
incredibles.2_tt3606756	2018	Ambassador	Ambassador		nm0000618	female			65.36
incredibles.2_tt3606756	2018	Dash_Parr	Dash_Parr		nm9133740	male	protagonist		592.01
incredibles.2_tt3606756	2018	Jack-Jack_Parr	Jack-Jack_Parr		nm1747568	male	protagonist		668.58
incredibles.2_tt3606756	2018	Bob_Parr	Bob_Parr		nm0005266	male	protagonist		1430.10
incredibles.2_tt3606756	2018	The_Underminer	The_Underminer		nm0001652	male	antagonist		8.93
incredibles.2_tt3606756	2018	Krushauer	Krushauer		nm0482851	male			84.21
incredibles.2_tt3606756	2018	Lucius_Best_(Frozone)	Lucius_Best_(Frozone)		nm0000168	male	protagonist		181.26
incredibles.2_tt3606756	2018	Chad_Brentley	Chad_Brentley		nm5108425	unknown			117.78
incredibles.2_tt3606756	2018	Edna_Mode	Edna_Mode		nm0083348	female	protagonist		199.78
incredibles.2_tt3606756	2018	Fironic	Fironic			unknown			8.43
incredibles.2_tt3606756	2018	He-lectrix	He-lectrix		nm0482851	male			67.69
incredibles.2_tt3606756	2018	Rocky	Rocky			male			33.78
incredibles.2_tt3606756	2018	Brick	Brick			unknown			92.34
incredibles.2_tt3606756	2018	Reflux	Reflux		nm0251646	male			52.43
incredibles.2_tt3606756	2018	Voyd	Voyd		nm0124208	female			104.90
incredibles.2_tt3606756	2018	Screech	Screech			male			96.68
incredibles_tt0317705	2004	Mr._Incredible_/_Bob_Parr	Mr._Incredible_/_Bob_Parr		nm0005266	male	protagonist		1394.43
incredibles_tt0317705	2004	Elastigirl_/_Helen_Parr	Elastigirl_/_Helen_Parr		nm0000456	female	protagonist		1135.55
incredibles_tt0317705	2004	Frozone_/_Lucius_Best	Frozone_/_Lucius_Best		nm0000168	male	protagonist		45.00
incredibles_tt0317705	2004	Principal_John_Walker	Principal_John_Walker		nm1750699	unknown			56.35
incredibles_tt0317705	2004	Dashiell	Dashiell		nm1714016	male	protagonist		585.54
incredibles_tt0317705	2004	Squeaker's_Owner	Squeaker's_Owner		nm0912243	unknown			13.43
incredibles_tt0317705	2004	Kari_McKeen	Kari_McKeen			female			71.53
incredibles_tt0317705	2004	Police_Officer_#1	Police_Officer_#1			unknown			48.80
incredibles_tt0317705	2004	Incrediboy_/_Buddy_Pine	Incrediboy_/_Buddy_Pine		nm0005134	male			63.10
incredibles_tt0317705	2004	Mugger	Mugger		nm0812307	male			13.10
incredibles_tt0317705	2004	Tony_Rydinger	Tony_Rydinger		nm1520974	male			57.10
incredibles_tt0317705	2004	Bomb_Voyage	Bomb_Voyage		nm0521861	male	antagonist		17.43
incredibles_tt0317705	2004	Syndrome_/_Buddy_Pine	Syndrome_/_Buddy_Pine		nm0005134	male	antagonist		211.17
incredibles_tt0317705	2004	Minister	Minister			unknown			18.56
incredibles_tt0317705	2004	Edna	Edna		nm0083348	female			230.61
incredibles_tt0317705	2004	Rick_Dicker	Rick_Dicker		nm0524726	male			54.22
incredibles_tt0317705	2004	Violet_(without_costume)	Violet_(without_costume)		nm1102970	female			169.04
incredibles_tt0317705	2004	Mrs._Hogenson	Mrs._Hogenson		nm0801548	female			17.10
incredibles_tt0317705	2004	Jack-Jack_Parr	Jack-Jack_Parr		nm1747568	male	protagonist		121.12
incredibles_tt0317705	2004	Gilbert_Huph	Gilbert_Huph		nm0001728	male			81.16
incredibles_tt0317705	2004	Bernie_Kropp	Bernie_Kropp		nm0738918	male			50.59
incredibles_tt0317705	2004	Violet_Parr	Violet_Parr		nm1102970	female	protagonist		261.39
incredibles_tt0317705	2004	Guard_#1	Guard_#1			unknown			62.40
incredibles_tt0317705	2004	Mirage	Mirage		nm0001615	female			169.50
incredibles_tt0317705	2004	Underminer	Underminer		nm0001652	male	antagonist		7.47
inside.out.2_tt22022452	2024	Riley_Anderson	Riley_Anderson		nm10143485	female	protagonist		773.81
inside.out.2_tt22022452	2024	Joy	Joy		nm0688132	female	protagonist		1756.13
inside.out.2_tt22022452	2024	Grace	Grace		nm10838946	female	protagonist		296.38
inside.out.2_tt22022452	2024	Riley's_Mom	Riley's_Mom		nm0000178	female			100.35
inside.out.2_tt22022452	2024	Riley's_Dad	Riley's_Dad		nm0001492	male			75.12
inside.out.2_tt22022452	2024	Bree	Bree		nm15902390	unknown	protagonist		156.53
inside.out.2_tt22022452	2024	Coach_Roberts	Coach_Roberts		nm1304328	female			71.65
inside.out.2_tt22022452	2024	Anger	Anger		nm0085400	male	protagonist		392.31
inside.out.2_tt22022452	2024	Fear	Fear		nm0355024	male	protagonist		529.95
inside.out.2_tt22022452	2024	Mom's_Anger	Mom's_Anger		nm0996134	female			405.90
inside.out.2_tt22022452	2024	Disgust	Disgust		nm0487594	female	protagonist		1132.17
inside.out.2_tt22022452	2024	Valentina	Valentina			unknown			222.64
inside.out.2_tt22022452	2024	Sadness	Sadness		nm0809613	female	protagonist		851.22
inside.out.2_tt22022452	2024	Dad's_Anger	Dad's_Anger		nm0230032	male			140.43
inside.out.2_tt22022452	2024	Fritz	Fritz		nm0001652	male			17.89
inside.out.2_tt22022452	2024	Margie	Margie		nm0710605	female			17.52
inside.out.2_tt22022452	2024	Foreman	Foreman		nm0857130	male			30.49
inside.out.2_tt22022452	2024	Jake	Jake		nm0281359	male			9.18
inside.out.2_tt22022452	2024	Anxiety	Anxiety		nm1638321	female	antagonist		751.88
inside.out.2_tt22022452	2024	Envy	Envy		nm8731249	female	antagonist		490.41
inside.out.2_tt22022452	2024	Embarrassment	Embarrassment		nm3236159	male	antagonist		281.86
inside.out.2_tt22022452	2024	Ennui	Ennui		nm2650819	female	antagonist		69.15
inside.out.2_tt22022452	2024	Nostalgia	Nostalgia		nm0820053	female			18.94
inside.out.2_tt22022452	2024	Mind_Cop_Frank	Mind_Cop_Frank		nm0324397	male			11.18
inside.out.2_tt22022452	2024	Mind_Cop_Dave	Mind_Cop_Dave		nm0000568	male			6.30
inside.out.2_tt22022452	2024	Bloofy	Bloofy		nm3236733	male			88.80
inside.out.2_tt22022452	2024	Lance_Slashblade	Lance_Slashblade		nm10173973	male			62.31
inside.out.2_tt22022452	2024	Deep_Dark_Secret	Deep_Dark_Secret		nm0700760	male			27.36
inside.out.2_tt22022452	2024	Pouchy	Pouchy		nm4562498	male			33.66
inside.out.2_tt22022452	2024	Forgetter_Bobby	Forgetter_Bobby		nm1293885	male			7.55
inside.out.2_tt22022452	2024	Forgetter_Paula	Forgetter_Paula		nm0005323	female			7.05
inside.out_tt2096673	2015	Joy	Joy		nm0688132	female	protagonist		1770.60
inside.out_tt2096673	2015	Riley's_Dad	Riley's_Dad		nm0001492	male			198.36
inside.out_tt2096673	2015	Sadness	Sadness		nm0809613	female	protagonist		997.25
inside.out_tt2096673	2015	Riley_(Young)	Riley_(Young)		nm7625985	unknown			90.97
inside.out_tt2096673	2015	Fear	Fear		nm0352778	male	protagonist		415.71
inside.out_tt2096673	2015	Riley's_Mom	Riley's_Mom		nm0000178	female			235.69
inside.out_tt2096673	2015	Dad�s_Fear	Dad�s_Fear		nm0016141	male			14.56
inside.out_tt2096673	2015	Disgust	Disgust		nm1411676	female	protagonist		572.45
inside.out_tt2096673	2015	Anger	Anger		nm0085400	male	protagonist		475.64
inside.out_tt2096673	2015	Riley's_Friend	Riley's_Friend		nm5336046	unknown			29.99
inside.out_tt2096673	2015	Riley_Anderson	Riley_Anderson		nm4609731	female	protagonist		511.72
inside.out_tt2096673	2015	Mom's_Anger	Mom's_Anger		nm0996134	female			31.78
inside.out_tt2096673	2015	Helicopter_Pilot	Helicopter_Pilot		nm0016141	male			24.86
inside.out_tt2096673	2015	No_Pants_Girl	No_Pants_Girl		nm6032512	female			114.24
inside.out_tt2096673	2015	Jordan	Jordan			male			46.63
inside.out_tt2096673	2015	Fritz	Fritz		nm0001652	male			7.63
inside.out_tt2096673	2015	Teacher	Teacher		nm0507097	female			24.44
inside.out_tt2096673	2015	Jangles	Jangles		nm2155757	male			13.85
inside.out_tt2096673	2015	Mom�s_Joy	Mom�s_Joy		nm0528802	female			21.52
inside.out_tt2096673	2015	Mom�s_Fear	Mom�s_Fear		nm0628170	female			17.98
inside.out_tt2096673	2015	Mom�s_Disgust	Mom�s_Disgust		nm0551065	female			41.17
inside.out_tt2096673	2015	Mom's_Sadness	Mom's_Sadness		nm0015935	female			56.64
inside.out_tt2096673	2015	Dad's_Anger	Dad's_Anger		nm0230032	male			37.41
inside.out_tt2096673	2015	Forgettor_Bobby	Forgettor_Bobby		nm1293885	male			56.35
inside.out_tt2096673	2015	Forgettor_Paula	Forgettor_Paula		nm0005323	female			23.69
inside.out_tt2096673	2015	Bing_Bong	Bing_Bong		nm0454236	male	protagonist		415.58
inside.out_tt2096673	2015	Male_Mind_Worker	Male_Mind_Worker		nm0215455	male			8.63
inside.out_tt2096673	2015	Female_Mind_Worker	Female_Mind_Worker		nm2264184	female			20.31
inside.out_tt2096673	2015	Male_Cloud	Male_Cloud		nm0297306	male			2.75
inside.out_tt2096673	2015	Train_of_Thought_Conductor	Train_of_Thought_Conductor		nm1365137	male			10.55
inside.out_tt2096673	2015	Dream_Director	Dream_Director		nm0996134	female			43.92
inside.out_tt2096673	2015	Subconscious_Guard_Dave	Subconscious_Guard_Dave		nm0000568	male			27.15
inside.out_tt2096673	2015	Subconscious_Guard_Frank	Subconscious_Guard_Frank		nm0324397	male			26.32
inside.out_tt2096673	2015	Mind_Worker_Cop_Jake	Mind_Worker_Cop_Jake		nm0281359	male			10.14
inside.out_tt2096673	2015	Clown's_Joy	Clown's_Joy		nm0755969	male			4.50
jungle.book_tt0061852	1967	Bagheera	Bagheera		nm0001982	male	protagonist		637.39
jungle.book_tt0061852	1967	Rama	Rama		nm0942220	male			71.11
jungle.book_tt0061852	1967	Baloo	Baloo		nm0365201	male	protagonist		928.09
jungle.book_tt0061852	1967	Kaa	Kaa		nm0001359	male	antagonist		218.72
jungle.book_tt0061852	1967	Akela	Akela		nm0007995	male			47.63
jungle.book_tt0061852	1967	Mowgli	Mowgli		nm0718624	male	protagonist		1116.91
jungle.book_tt0061852	1967	Dizzy	Dizzy		nm0835665	male			39.16
jungle.book_tt0061852	1967	Colonel_Hathi	Colonel_Hathi		nm0641729	male	protagonist		157.12
jungle.book_tt0061852	1967	Winifred	Winifred		nm0271658	female			72.82
jungle.book_tt0061852	1967	Junior	Junior		nm0397212	male			108.36
jungle.book_tt0061852	1967	Slob_Elephant	Slob_Elephant		nm0808401	male			31.41
jungle.book_tt0061852	1967	Ziggy	Ziggy		nm0938028	male			120.37
jungle.book_tt0061852	1967	King_Louie	King_Louie		nm0697515	male	antagonist		163.20
jungle.book_tt0061852	1967	Buzzie	Buzzie		nm0641729	male			175.17
jungle.book_tt0061852	1967	Shere_Khan	Shere_Khan		nm0001695	male	antagonist		273.44
jungle.book_tt0061852	1967	Flaps	Flaps		nm0399913	male			156.91
jungle.book_tt0061852	1967	Shanti	Shanti		nm0139669	female			47.55
jungle_book	2016	Raksha	Raksha		nm2143282	female			237.24
jungle_book	2016	Gray	Gray			unknown			152.49
jungle_book	2016	Bagheera	Bagheera		nm0001426	male	protagonist		313.73
jungle_book	2016	Akela	Akela		nm0002064	male	protagonist		308.43
jungle_book	2016	Neelgai_Deer	Neelgai_Deer		nm1229832	female			3.25
jungle_book	2016	Giant_Squirrel	Giant_Squirrel		nm0000600	male			5.67
jungle_book	2016	Shere_Khan	Shere_Khan		nm0252961	male	antagonist		232.69
jungle_book	2016	Pygmy_Hog	Pygmy_Hog		nm0269463	male			28.19
jungle_book	2016	King_Louie	King_Louie		nm0000686	male	antagonist		154.70
king.of.kings_tt7967302	2025	Thomas	Thomas		nm0852517	male			243.03
king.of.kings_tt7967302	2025	Roman	Roman			unknown			90.22
king.of.kings_tt7967302	2025	Pontius_Pilate	Pontius_Pilate		nm0000112	male			92.88
king.of.kings_tt7967302	2025	Charles_Dickens	Charles_Dickens		nm0000110	male	protagonist		1134.22
king.of.kings_tt7967302	2025	Catherine_Dickens	Catherine_Dickens		nm0000235	female	protagonist		390.47
king.of.kings_tt7967302	2025	Mary_of_Bethany	Mary_of_Bethany		nm0551223	female			194.78
king.of.kings_tt7967302	2025	Willa_the_Cat	Willa_the_Cat		nm0048389	male	protagonist		63.86
king.of.kings_tt7967302	2025	Walter_Dickens	Walter_Dickens		nm9877392	male	protagonist		1249.79
king.of.kings_tt7967302	2025	Cat	Cat		nm0048389	male			275.53
king.of.kings_tt7967302	2025	Human_character_3	Human_character_3			unknown			265.31
king.of.kings_tt7967302	2025	Jesus_Christ	Jesus_Christ		nm1209966	male	protagonist		976.89
king.of.kings_tt7967302	2025	Dismas	Dismas		nm0191906	male			209.88
king.of.kings_tt7967302	2025	Human_character_2	Human_character_2			unknown			202.91
king.of.kings_tt7967302	2025	Peter	Peter		nm0001845	male			672.21
king.of.kings_tt7967302	2025	Adulteress	Adulteress		nm0551223	female			51.59
king.of.kings_tt7967302	2025	King_Herod	King_Herod		nm0000434	male			89.09
king.of.kings_tt7967302	2025	Pharisee_Hillel	Pharisee_Hillel		nm0191906	male			256.13
king.of.kings_tt7967302	2025	Phillip	Phillip		nm0852517	male			197.66
king.of.kings_tt7967302	2025	Human_character_1	Human_character_1			unknown			415.50
king.of.kings_tt7967302	2025	Pharisee_Eleazar	Pharisee_Eleazar		nm0851317	male			293.71
king.of.kings_tt7967302	2025	High_Priest_Caiaphas	High_Priest_Caiaphas		nm0001426	male			129.42
king.of.kings_tt7967302	2025	Matthew	Matthew		nm0852517	male			178.47
king.of.kings_tt7967302	2025	James_the_Greater	James_the_Greater		nm0191906	male			31.41
kung.fu.panda.2_tt1302011	2011	Wolf_Soldiers	Wolf_Soldiers			unknown	antagonist		112.95
kung.fu.panda.2_tt1302011	2011	Wolf_Boss	Wolf_Boss		nm1104131	male	antagonist		115.53
kung.fu.panda.2_tt1302011	2011	Po	Po		nm0085312	male	protagonist		1590.38
kung.fu.panda.2_tt1302011	2011	Bunny_Fan	Bunny_Fan		nm1931232	female			50.47
kung.fu.panda.2_tt1302011	2011	Pig_Mother	Pig_Mother		nm0741891	female			80.66
kung.fu.panda.2_tt1302011	2011	Crane	Crane		nm0189144	male			73.66
kung.fu.panda.2_tt1302011	2011	Viper	Viper		nm0005154	female			124.29
kung.fu.panda.2_tt1302011	2011	Mantis	Mantis		nm0736622	male			13.89
kung.fu.panda.2_tt1302011	2011	Tigress	Tigress		nm0001401	female	protagonist		444.44
kung.fu.panda.2_tt1302011	2011	Monkey	Monkey		nm0000329	male			234.40
kung.fu.panda.2_tt1302011	2011	Shifu	Shifu		nm0000163	male	protagonist		182.47
kung.fu.panda.2_tt1302011	2011	Wo_Hop	Wo_Hop			unknown			74.41
kung.fu.panda.2_tt1302011	2011	Musician_Bunny	Musician_Bunny		nm0005196	male			25.02
kung.fu.panda.2_tt1302011	2011	Mr._Ping	Mr._Ping		nm0393222	male	protagonist		213.17
kung.fu.panda.2_tt1302011	2011	Baby_Po	Baby_Po		nm4477006	male			80.46
kung.fu.panda.2_tt1302011	2011	Master_Croc	Master_Croc		nm0000241	male	protagonist		31.66
kung.fu.panda.2_tt1302011	2011	Master_Ox	Master_Ox		nm0371660	male	protagonist		53.93
kung.fu.panda.2_tt1302011	2011	Master_Rhino	Master_Rhino		nm0001255	male			15.43
kung.fu.panda.2_tt1302011	2011	Soothsayer	Soothsayer		nm0000706	female	protagonist		191.23
kung.fu.panda.2_tt1302011	2011	Shen	Shen		nm0000198	male	antagonist		398.31
kung.fu.panda.2_tt1302011	2011	Gorilla_Guards	Gorilla_Guards			unknown			65.77
kung.fu.panda.2_tt1302011	2011	Market_Sheep	Market_Sheep		nm0866300	female			29.15
kung.fu.panda.2_tt1302011	2011	Antelope_Driver	Antelope_Driver		nm1858563	unknown			9.68
kung.fu.panda.3_tt2267968	2016	Oogway	Oogway		nm0453641	male	protagonist		49.34
kung.fu.panda.3_tt2267968	2016	Kai	Kai		nm0799777	male	antagonist		270.81
kung.fu.panda.3_tt2267968	2016	Grandma_Panda	Grandma_Panda		nm0228183	female			234.23
kung.fu.panda.3_tt2267968	2016	Po	Po		nm0085312	male	protagonist		1289.16
kung.fu.panda.3_tt2267968	2016	Tigress	Tigress		nm0001401	female	protagonist		354.81
kung.fu.panda.3_tt2267968	2016	Lei_Lei	Lei_Lei		nm4477006	female			345.43
kung.fu.panda.3_tt2267968	2016	Bao	Bao		nm3241020	male			501.63
kung.fu.panda.3_tt2267968	2016	Monkey	Monkey		nm0000329	male			191.36
kung.fu.panda.3_tt2267968	2016	Crane	Crane		nm0189144	male			78.66
kung.fu.panda.3_tt2267968	2016	Li	Li		nm0186505	male	protagonist		674.47
kung.fu.panda.3_tt2267968	2016	Cheering_Bunny	Cheering_Bunny		nm4197002	unknown			44.04
kung.fu.panda.3_tt2267968	2016	Dumpling_Record_Pig	Dumpling_Record_Pig		nm1660488	unknown			110.19
kung.fu.panda.3_tt2267968	2016	Farmer_Rabbit	Farmer_Rabbit		nm1964186	male			70.57
kung.fu.panda.3_tt2267968	2016	Rabbit_Villager	Rabbit_Villager		nm7653970	unknown			58.98
kung.fu.panda.3_tt2267968	2016	Mrs._Chow	Mrs._Chow		nm0393202	unknown			29.53
kung.fu.panda.3_tt2267968	2016	Shifu	Shifu		nm0000163	male	protagonist		387.14
kung.fu.panda.3_tt2267968	2016	Viper	Viper		nm0005154	female			95.76
kung.fu.panda.3_tt2267968	2016	Mantis	Mantis		nm0736622	male			13.01
kung.fu.panda.3_tt2267968	2016	Meng_Meng	Meng_Meng		nm2501840	unknown			86.59
kung.fu.panda.3_tt2267968	2016	Mr._Ping	Mr._Ping		nm0393222	male	protagonist		201.12
kung.fu.panda.3_tt2267968	2016	Hom_Lee	Hom_Lee		nm0001431	male			513.85
kung.fu.panda.3_tt2267968	2016	Mei_Mei	Mei_Mei		nm0005028	female			283.53
kung.fu.panda.3_tt2267968	2016	Master_Bear	Master_Bear		nm0851317	male			15.52
kung.fu.panda.3_tt2267968	2016	Ku_Ku	Ku_Ku		nm7882765	unknown			24.48
kung.fu.panda.3_tt2267968	2016	Master_Chicken	Master_Chicken		nm0443911	male			2.54
kung.fu.panda.3_tt2267968	2016	Master_Croc	Master_Croc		nm0000241	male			13.14
kung.fu.panda.4_tt21692408	2024	Picture_Bunny_Kid	Picture_Bunny_Kid		nm12516698	unknown			50.47
kung.fu.panda.4_tt21692408	2024	Frightened_Ram	Frightened_Ram		nm0615015	male			5.80
kung.fu.panda.4_tt21692408	2024	Ram_Foreman	Ram_Foreman		nm0946382	male			17.85
kung.fu.panda.4_tt21692408	2024	Ram_Worker	Ram_Worker		nm0796732	male			15.39
kung.fu.panda.4_tt21692408	2024	Dark_Brown_Den_Bunny	Dark_Brown_Den_Bunny		nm15823115	unknown			68.90
kung.fu.panda.4_tt21692408	2024	Mr._Ping	Mr._Ping		nm0393222	male	protagonist		139.51
kung.fu.panda.4_tt21692408	2024	Shifu	Shifu		nm0000163	male	protagonist		267.64
kung.fu.panda.4_tt21692408	2024	Li	Li		nm0186505	male	protagonist		380.38
kung.fu.panda.4_tt21692408	2024	Bunny_Bartender	Bunny_Bartender		nm0615015	male			61.23
kung.fu.panda.4_tt21692408	2024	Brown_Den_Bunny	Brown_Den_Bunny		nm14928870	unknown			109.23
kung.fu.panda.4_tt21692408	2024	Po	Po		nm0085312	male	protagonist		1594.72
kung.fu.panda.4_tt21692408	2024	Autograph-Seeking_Fan_#1	Autograph-Seeking_Fan_#1		nm1330174	unknown			49.13
kung.fu.panda.4_tt21692408	2024	Action_Figure_Pig_Kid	Action_Figure_Pig_Kid		nm12516698	unknown			62.94
kung.fu.panda.4_tt21692408	2024	Boastful_Komodo	Boastful_Komodo		nm0615015	male			60.19
kung.fu.panda.4_tt21692408	2024	Piglet_#2	Piglet_#2		nm12516698	unknown			13.26
kung.fu.panda.4_tt21692408	2024	Goose_Jail_Guard	Goose_Jail_Guard		nm0615015	male			2.59
kung.fu.panda.4_tt21692408	2024	White_Den_Bunny	White_Den_Bunny		nm12516698	unknown			80.58
kung.fu.panda.4_tt21692408	2024	Tigress	Tigress			female			18.18
kung.fu.panda.4_tt21692408	2024	Fish	Fish		nm5307044	male			11.59
kung.fu.panda.4_tt21692408	2024	Mantis	Mantis		nm0736622	male			2.96
kung.fu.panda.4_tt21692408	2024	Bull_Officer_#2	Bull_Officer_#2		nm0796732	male			28.28
kung.fu.panda.4_tt21692408	2024	Zhen	Zhen		nm5377144	female	protagonist		966.67
kung.fu.panda.4_tt21692408	2024	Last_Ram	Last_Ram		nm0152059	male			10.64
kung.fu.panda.4_tt21692408	2024	Chameleon	Chameleon		nm0205626	female	antagonist		284.91
kung.fu.panda.4_tt21692408	2024	Badger_Crime_Boss	Badger_Crime_Boss		nm0913797	male			43.84
kung.fu.panda.4_tt21692408	2024	Granny_Boar	Granny_Boar		nm0157937	female			58.73
kung.fu.panda.4_tt21692408	2024	Bear_Crime_Boss	Bear_Crime_Boss		nm0152059	male			43.04
kung.fu.panda.4_tt21692408	2024	Croc_Crime_Boss	Croc_Crime_Boss		nm0569891	male			26.23
kung.fu.panda.4_tt21692408	2024	Wolf_Crime_Boss	Wolf_Crime_Boss		nm0555462	female			145.14
kung.fu.panda.4_tt21692408	2024	Tavern_Patron_#2	Tavern_Patron_#2		nm0152059	male			88.21
kung.fu.panda.4_tt21692408	2024	Questioned_Boar	Questioned_Boar		nm0946382	male			116.32
kung.fu.panda.4_tt21692408	2024	Bull_Officer_#1	Bull_Officer_#1		nm0946382	male			12.51
kung.fu.panda.4_tt21692408	2024	Han	Han		nm0702841	male	protagonist		77.12
kung.fu.panda.4_tt21692408	2024	Tai_Lung	Tai_Lung		nm0574534	male			88.84
kung.fu.panda.4_tt21692408	2024	Monkey	Monkey			male			3.50
kung.fu.panda.4_tt21692408	2024	Crane	Crane			male			0.71
kung.fu.panda_tt0441773	2008	Bunny_Mom	Bunny_Mom		nm0167795	female			19.14
kung.fu.panda_tt0441773	2008	Po	Po		nm0085312	male	protagonist		1665.00
kung.fu.panda_tt0441773	2008	Tigress	Tigress		nm0001401	female	protagonist		303.93
kung.fu.panda_tt0441773	2008	Monkey	Monkey		nm0000329	male	protagonist		201.16
kung.fu.panda_tt0441773	2008	Bunny_Fan_2	Bunny_Fan_2		nm3031036	unknown			59.89
kung.fu.panda_tt0441773	2008	Mr._Ping	Mr._Ping		nm0393222	male	protagonist		98.72
kung.fu.panda_tt0441773	2008	Bunny_Fan_1	Bunny_Fan_1		nm5892273	unknown			59.27
kung.fu.panda_tt0441773	2008	Pig_Patron	Pig_Patron		nm0651706	male			53.34
kung.fu.panda_tt0441773	2008	Gong_Pig	Gong_Pig		nm0443911	male			20.60
kung.fu.panda_tt0441773	2008	Shifu	Shifu		nm0000163	male	protagonist		1035.58
kung.fu.panda_tt0441773	2008	Viper	Viper		nm0005154	female	protagonist		138.60
kung.fu.panda_tt0441773	2008	Crane	Crane		nm0189144	male	protagonist		62.94
kung.fu.panda_tt0441773	2008	Mantis	Mantis		nm0736622	male	protagonist		19.98
kung.fu.panda_tt0441773	2008	Muh_Lin	Muh_Lin			unknown			40.21
kung.fu.panda_tt0441773	2008	Oogway	Oogway		nm0453641	male	protagonist		183.06
kung.fu.panda_tt0441773	2008	Tai_Lung	Tai_Lung		nm0574534	male	antagonist		248.21
kung.fu.panda_tt0441773	2008	KG_Shaw	KG_Shaw		nm0309307	male			15.27
kung.fu.panda_tt0441773	2008	JR_Shaw	JR_Shaw		nm0715469	male			47.59
kung.fu.panda_tt0441773	2008	Commander_Vachir	Commander_Vachir		nm0003817	male			59.23
kung.fu.panda_tt0441773	2008	Rhino_Guard	Rhino_Guard		nm0828970	male			13.89
kung.fu.panda_tt0441773	2008	Tai_Lung_(Baby)	Tai_Lung_(Baby)		nm3031107	male			10.47
lady.and.the.tr_tt0048280	1955	Lady	Lady		nm0524853	female	protagonist		1229.69
lady.and.the.tr_tt0048280	1955	Hyena	Hyena		nm0268428	male			20.35
lady.and.the.tr_tt0048280	1955	Beaver	Beaver		nm0292677	male			95.64
lady.and.the.tr_tt0048280	1955	Pedro	Pedro		nm0268428	male			68.23
lady.and.the.tr_tt0048280	1955	Rat	Rat			unknown	antagonist		25.61
lady.and.the.tr_tt0048280	1955	Jock	Jock		nm0859892	male	protagonist		317.78
lady.and.the.tr_tt0048280	1955	Trusty	Trusty		nm0061649	male	protagonist		172.42
lady.and.the.tr_tt0048280	1955	Tramp	Tramp		nm0731333	male	protagonist		756.96
lady.and.the.tr_tt0048280	1955	Joe	Joe		nm0859892	male			42.21
lady.and.the.tr_tt0048280	1955	Peg	Peg		nm0498007	female			99.52
lady.and.the.tr_tt0048280	1955	Bull	Bull		nm0859892	male			100.98
lady.and.the.tr_tt0048280	1955	Dogcatcher	Dogcatcher		nm0587679	male	antagonist		0.88
lady.and.the.tr_tt0048280	1955	Aunt_Sarah	Aunt_Sarah		nm0271658	female	antagonist		8.47
lady.and.the.tr_tt0048280	1955	Am	Am		nm0498007	female	antagonist		11.85
lady.and.the.tr_tt0048280	1955	Si	Si		nm0498007	female	antagonist		48.05
lady.and.the.tr_tt0048280	1955	Policeman	Policeman		nm0859892	male			17.02
lady.and.the.tr_tt0048280	1955	Professor	Professor		nm0268428	male			16.68
lady.and.the.tr_tt0048280	1955	Alligator	Alligator		nm0712391	male			3.55
lady.and.the.tr_tt0048280	1955	Tony	Tony		nm0321473	male			72.32
lady.and.the.tr_tt0048280	1955	Chicken	Chicken			unknown			5.09
lady.and.the.tr_tt0048280	1955	Toughy	Toughy		nm0268428	male			96.51
lady.and.the.tr_tt0048280	1955	Boris	Boris		nm0715284	male			98.60
lady.and.the.tr_tt0048280	1955	Dachsie	Dachsie		nm0859892	male			15.72
land.before.tim_tt0095489	1988	Petrie	Petrie		nm0752900	male	protagonist		80.95
land.before.tim_tt0095489	1988	Littlefoot	Littlefoot		nm0198925	male	protagonist		541.84
land.before.tim_tt0095489	1988	Crow_Character	Crow_Character			unknown			56.06
land.before.tim_tt0095489	1988	Littlefoot's_Mother	Littlefoot's_Mother		nm0001726	female	protagonist		121.92
land.before.tim_tt0095489	1988	Ducky's_Mom	Ducky's_Mom			unknown			37.90
land.before.tim_tt0095489	1988	Ducky	Ducky		nm0058279	female	protagonist		347.65
land.before.tim_tt0095489	1988	Spike	Spike			male	protagonist		155.59
land.before.tim_tt0095489	1988	Rooter	Rooter		nm0385757	male	protagonist		85.75
land.before.tim_tt0095489	1988	Cera	Cera		nm0404532	female	protagonist		565.20
land.before.tim_tt0095489	1988	Daddy_Topps	Daddy_Topps		nm0126312	male			70.57
land.before.tim_tt0095489	1988	T_Rex	T_Rex			unknown	antagonist		67.50
land.before.tim_tt0095489	1988	Ankylosaurus_Character	Ankylosaurus_Character			unknown			8.61
land.before.tim_tt0095489	1988	Petrie's_Mom	Petrie's_Mom			unknown			7.61
lego.batman.mov_tt4116284	2017	Batman_/_Bruce_Wayne	Batman_/_Bruce_Wayne		nm0004715	male	protagonist		1484.77
lego.batman.mov_tt4116284	2017	Pilot_Bill	Pilot_Bill		nm0003021	male			26.07
lego.batman.mov_tt4116284	2017	Captain_Dale	Captain_Dale		nm3025399	unknown			9.93
lego.batman.mov_tt4116284	2017	Reporter_Pippa	Reporter_Pippa		nm0452716	female			86.71
lego.batman.mov_tt4116284	2017	Joker	Joker		nm0302108	male	antagonist		532.78
lego.batman.mov_tt4116284	2017	Bruce_Wayne	Bruce_Wayne		nm0004715	male			178.51
lego.batman.mov_tt4116284	2017	Riddler_/_Edward_Nigma	Riddler_/_Edward_Nigma		nm0005277	male			41.08
lego.batman.mov_tt4116284	2017	Tarantula	Tarantula			female			5.26
lego.batman.mov_tt4116284	2017	Scarecrow_/_Jonathan_Crane	Scarecrow_/_Jonathan_Crane		nm1727621	male			4.17
lego.batman.mov_tt4116284	2017	Two-Face_/_Harvey_Dent	Two-Face_/_Harvey_Dent		nm0001850	male			10.76
lego.batman.mov_tt4116284	2017	Captain_Boomerang	Captain_Boomerang			male			8.38
lego.batman.mov_tt4116284	2017	Catwoman_/_Selina_Kyle	Catwoman_/_Selina_Kyle		nm2368789	female			23.69
lego.batman.mov_tt4116284	2017	King_Tut	King_Tut			unknown			12.47
lego.batman.mov_tt4116284	2017	Poison_Ivy_/_Pamela_Isley	Poison_Ivy_/_Pamela_Isley		nm1641251	female			46.55
lego.batman.mov_tt4116284	2017	Lord_Voldemort	Lord_Voldemort			unknown			64.19
lego.batman.mov_tt4116284	2017	Crazy_Quilt	Crazy_Quilt			unknown			10.01
lego.batman.mov_tt4116284	2017	Eraser	Eraser			unknown			2.59
lego.batman.mov_tt4116284	2017	Orca	Orca			unknown			4.59
lego.batman.mov_tt4116284	2017	Killer_Moth	Killer_Moth			unknown			9.13
lego.batman.mov_tt4116284	2017	March_Harriet	March_Harriet			female			30.86
lego.batman.mov_tt4116284	2017	Zodiac_Master	Zodiac_Master			unknown			1.08
lego.batman.mov_tt4116284	2017	Calendar_Man	Calendar_Man			male			1.96
lego.batman.mov_tt4116284	2017	Zebra_Man	Zebra_Man			unknown			5.51
lego.batman.mov_tt4116284	2017	Condiment_King	Condiment_King			unknown			7.38
lego.batman.mov_tt4116284	2017	Chief_O'Hara	Chief_O'Hara		nm6488029	female			130.42
lego.batman.mov_tt4116284	2017	Commissioner_James_Gordon	Commissioner_James_Gordon		nm0001185	male			37.00
lego.batman.mov_tt4116284	2017	Harley_Quinn_/_Harleen_Quinzel	Harley_Quinn_/_Harleen_Quinzel		nm2809577	female	antagonist		133.13
lego.batman.mov_tt4116284	2017	Flash_/_Barry_Allen	Flash_/_Barry_Allen		nm2796745	male			32.62
lego.batman.mov_tt4116284	2017	Anchorman_Phil	Anchorman_Phil		nm0123262	unknown			20.60
lego.batman.mov_tt4116284	2017	Mayor_McCaskill	Mayor_McCaskill		nm0001014	female			66.52
lego.batman.mov_tt4116284	2017	Wicked_Witch_of_the_West	Wicked_Witch_of_the_West			unknown			23.65
lego.batman.mov_tt4116284	2017	Batgirl_/_Barbara_Gordon	Batgirl_/_Barbara_Gordon		nm0206257	female	protagonist		42.50
lego.batman.mov_tt4116284	2017	Robin_/_Dick_Grayson	Robin_/_Dick_Grayson		nm0148418	male	protagonist		629.88
lego.batman.mov_tt4116284	2017	Batgirl_(no_mask)	Batgirl_(no_mask)		nm0206257	female			648.40
lego.batman.mov_tt4116284	2017	Green_Lantern_/_Hal_Jordan	Green_Lantern_/_Hal_Jordan		nm1706767	male			22.65
lego.batman.mov_tt4116284	2017	Agent_Smith	Agent_Smith			unknown			32.78
lego.batman.mov_tt4116284	2017	Reporter_3	Reporter_3		nm0362534	male			23.77
lego.batman.mov_tt4116284	2017	Superman_/_Clark_Kent_/_Kal-El	Superman_/_Clark_Kent_/_Kal-El		nm1475594	male			70.82
lego.batman.mov_tt4116284	2017	Wonder_Woman_/_Diana	Wonder_Woman_/_Diana			female			22.73
lego.batman.mov_tt4116284	2017	Dracula	Dracula			unknown			48.01
lego.batman.mov_tt4116284	2017	Alfred_Pennyworth	Alfred_Pennyworth		nm0000146	male	protagonist		390.52
lego.batman.mov_tt4116284	2017	Kraken	Kraken			unknown			22.36
lego.batman.mov_tt4116284	2017	Reporter_1	Reporter_1		nm0615554	male			7.63
lego.batman.mov_tt4116284	2017	Martian_Manhunter_/_J'onn_J'onzz	Martian_Manhunter_/_J'onn_J'onzz			unknown			4.00
lego.batman.mov_tt4116284	2017	Aquaman_/_Arthur_Curry	Aquaman_/_Arthur_Curry			unknown			11.93
lego.batman.mov_tt4116284	2017	Jor_El	Jor_El			unknown			5.67
lego.batman.mov_tt4116284	2017	Creature_of_the_Lagoon	Creature_of_the_Lagoon			unknown			5.21
lego.batman.mov_tt4116284	2017	Medusa	Medusa			unknown			10.30
lego.batman.mov_tt4116284	2017	Raptor	Raptor			unknown			20.10
lego.batman.mov_tt4116284	2017	Penguin_/_Oswald_Cobblepot	Penguin_/_Oswald_Cobblepot			unknown			6.38
lego.movie.2.th_tt3513498	2019	Ice_Cream_Cone	Ice_Cream_Cone		nm1547964	male			72.78
lego.movie.2.th_tt3513498	2019	Emmet	Emmet		nm0695435	male	protagonist		1049.55
lego.movie.2.th_tt3513498	2019	Wyldstyle_/_Lucy	Wyldstyle_/_Lucy		nm0006969	female	protagonist		943.78
lego.movie.2.th_tt3513498	2019	President_Business	President_Business		nm0002071	male			28.07
lego.movie.2.th_tt3513498	2019	Benny	Benny		nm0206359	male			117.33
lego.movie.2.th_tt3513498	2019	Batman_/_Bruce_Wayne	Batman_/_Bruce_Wayne		nm0004715	male			379.80
lego.movie.2.th_tt3513498	2019	Unikitty_/_Ultrakatty	Unikitty_/_Ultrakatty		nm1555340	female			243.08
lego.movie.2.th_tt3513498	2019	Metalbeard	Metalbeard		nm0644406	male			101.52
lego.movie.2.th_tt3513498	2019	Sherry	Sherry		nm0593610	male			14.56
lego.movie.2.th_tt3513498	2019	Rex_Dangervest	Rex_Dangervest		nm0695435	male	antagonist		625.00
lego.movie.2.th_tt3513498	2019	Wonder_Woman_/_Diana	Wonder_Woman_/_Diana		nm1130627	female			33.99
lego.movie.2.th_tt3513498	2019	Superman_/_Clark_Kent_/_Kal-El	Superman_/_Clark_Kent_/_Kal-El		nm1475594	male			75.91
lego.movie.2.th_tt3513498	2019	Aquaman_/_Arthur_Curry	Aquaman_/_Arthur_Curry		nm0597388	male			9.76
lego.movie.2.th_tt3513498	2019	Sewer_Babies	Sewer_Babies		nm4477006	unknown			5.76
lego.movie.2.th_tt3513498	2019	Surfer_/_Chainsaw_/_Purgatory_Dave	Surfer_/_Chainsaw_/_Purgatory_Dave		nm2511956	unknown			16.43
lego.movie.2.th_tt3513498	2019	Alfred_Pennyworth	Alfred_Pennyworth		nm0000146	male			14.64
lego.movie.2.th_tt3513498	2019	Gandalf	Gandalf		nm3025399	male			13.26
lego.movie.2.th_tt3513498	2019	Hearts	Hearts		nm4477006	unknown			19.31
lego.movie.2.th_tt3513498	2019	Panda	Panda		nm2988870	unknown			2.46
lego.movie.2.th_tt3513498	2019	Abraham_Lincoln	Abraham_Lincoln		nm0287182	male			13.97
lego.movie.2.th_tt3513498	2019	General_Sweet_Mayhem	General_Sweet_Mayhem		nm3715867	female	antagonist		126.13
lego.movie.2.th_tt3513498	2019	Gary_Payton	Gary_Payton		nm0668518	male			7.09
lego.movie.2.th_tt3513498	2019	Lex_Luthor	Lex_Luthor		nm0054697	male			21.77
lego.movie.2.th_tt3513498	2019	Larry_Poppins	Larry_Poppins			unknown			4.63
lego.movie.2.th_tt3513498	2019	Dorothy	Dorothy			unknown			6.26
lego.movie.2.th_tt3513498	2019	Banarnar	Banarnar		nm2355635	male			28.65
lego.movie.2.th_tt3513498	2019	Chocolate_Bar	Chocolate_Bar		nm0588087	male			22.40
lego.movie.2.th_tt3513498	2019	Susan	Susan		nm2988870	female			30.41
lego.movie.2.th_tt3513498	2019	Queen_Watevra_Wa-Nabi	Queen_Watevra_Wa-Nabi		nm1840504	female	antagonist		349.77
lego.movie.2.th_tt3513498	2019	Balthazar	Balthazar		nm0276161	male			57.72
lego.movie.2.th_tt3513498	2019	Octopus	Octopus		nm0593610	male			17.52
lego.movie.2.th_tt3513498	2019	Bruce_Willis	Bruce_Willis		nm0000246	male			9.63
lego.movie.2.th_tt3513498	2019	Plantimals	Plantimals		nm0588087	male			3.38
lego.movie.2.th_tt3513498	2019	Scarecrow	Scarecrow			unknown			6.09
lego.movie.2.th_tt3513498	2019	Wonder_Woman_Duplo	Wonder_Woman_Duplo		nm8540920	female			19.23
lego.movie.2.th_tt3513498	2019	Cowardly_Lion	Cowardly_Lion			unknown			2.67
lego.movie.2.th_tt3513498	2019	Tin_Man	Tin_Man			unknown			2.59
lego.movie_tt1490017	2014	Vitruvius	Vitruvius		nm0000151	male	protagonist		76.45
lego.movie_tt1490017	2014	Lord_Business	Lord_Business		nm0002071	male	antagonist		243.79
lego.movie_tt1490017	2014	Octan_Robot	Octan_Robot		nm0123262	unknown			59.93
lego.movie_tt1490017	2014	Emmet	Emmet		nm0695435	male	protagonist		1148.44
lego.movie_tt1490017	2014	Han_Solo	Han_Solo		nm1584992	male			64.27
lego.movie_tt1490017	2014	Wally	Wally		nm2002649	male			64.73
lego.movie_tt1490017	2014	Benny	Benny		nm0206359	male	protagonist		127.17
lego.movie_tt1490017	2014	Michelangelo	Michelangelo			unknown			12.26
lego.movie_tt1490017	2014	Superman_/_Clark_Kent_/_Kal-El	Superman_/_Clark_Kent_/_Kal-El		nm1475594	male			67.19
lego.movie_tt1490017	2014	Surfer_Dave	Surfer_Dave		nm2511956	unknown			10.09
lego.movie_tt1490017	2014	Gail	Gail		nm3596979	female			54.01
lego.movie_tt1490017	2014	Green_Lantern_/_Hal_Jordan	Green_Lantern_/_Hal_Jordan		nm1706767	male			21.81
lego.movie_tt1490017	2014	Wyldstyle_/_Lucy	Wyldstyle_/_Lucy		nm0006969	female	protagonist		610.99
lego.movie_tt1490017	2014	Foreman_Jim	Foreman_Jim		nm1221047	male			45.09
lego.movie_tt1490017	2014	Larry_the_Barista	Larry_the_Barista		nm0003021	male			21.94
lego.movie_tt1490017	2014	Barry	Barry		nm2159926	male			32.45
lego.movie_tt1490017	2014	Bad_Cop	Bad_Cop		nm0000553	male	antagonist		167.13
lego.movie_tt1490017	2014	Abraham_Lincoln	Abraham_Lincoln		nm0287182	male			11.47
lego.movie_tt1490017	2014	Good_Cop	Good_Cop		nm0000553	male			22.73
lego.movie_tt1490017	2014	William_Shakespeare	William_Shakespeare		nm1672246	male			17.18
lego.movie_tt1490017	2014	Lando_Calrissian	Lando_Calrissian		nm0001850	male			9.88
lego.movie_tt1490017	2014	Robot_Foreman	Robot_Foreman		nm3658001	unknown			42.08
lego.movie_tt1490017	2014	Lord_Business'_Assistant	Lord_Business'_Assistant		nm2185982	unknown			3.63
lego.movie_tt1490017	2014	Pa_Cop	Pa_Cop		nm0000553	male			34.24
lego.movie_tt1490017	2014	Ma_Cop	Ma_Cop		nm3596979	female			39.83
lego.movie_tt1490017	2014	Batman_/_Bruce_Wayne	Batman_/_Bruce_Wayne		nm0004715	male	protagonist		177.09
lego.movie_tt1490017	2014	Unikitty	Unikitty		nm1555340	female	protagonist		221.26
lego.movie_tt1490017	2014	Albus_Dumbledore	Albus_Dumbledore			unknown			7.84
lego.movie_tt1490017	2014	Wonder_Woman_/_Diana	Wonder_Woman_/_Diana		nm1130627	female			23.65
lego.movie_tt1490017	2014	Shaq	Shaq		nm0641944	male			9.30
lego.movie_tt1490017	2014	Milhouse_Van_Houten	Milhouse_Van_Houten			unknown			1.38
lego.movie_tt1490017	2014	Flash	Flash			male			0.46
lego.ninjago.mo_tt3014284	2017	Lloyd	Lloyd		nm2002649	male	protagonist		1191.77
lego.ninjago.mo_tt3014284	2017	Kai	Kai		nm0671567	male	protagonist		392.18
lego.ninjago.mo_tt3014284	2017	Pilate_Studio_Owner	Pilate_Studio_Owner		nm0496899	male			55.43
lego.ninjago.mo_tt3014284	2017	Lord_Garmadon	Lord_Garmadon		nm0857620	male	antagonist		1052.13
lego.ninjago.mo_tt3014284	2017	General_Olivia	General_Olivia		nm4399227	female			56.81
lego.ninjago.mo_tt3014284	2017	Master_Wu	Master_Wu		nm0000329	male	protagonist		359.90
lego.ninjago.mo_tt3014284	2017	Cole	Cole		nm0035488	male	protagonist		411.70
lego.ninjago.mo_tt3014284	2017	Nya	Nya		nm3434305	female	protagonist		403.90
lego.ninjago.mo_tt3014284	2017	Robin_Roberts	Robin_Roberts		nm0731533	female			50.68
lego.ninjago.mo_tt3014284	2017	Michael_Strahan	Michael_Strahan		nm1476939	male			34.62
lego.ninjago.mo_tt3014284	2017	Koko	Koko		nm1601397	female			246.41
lego.ninjago.mo_tt3014284	2017	Zane	Zane		nm2046855	male	protagonist		380.80
lego.ninjago.mo_tt3014284	2017	Terri_IT_Nerd	Terri_IT_Nerd			unknown			17.77
lego.ninjago.mo_tt3014284	2017	Mayor	Mayor		nm2090422	female			16.56
lego.ninjago.mo_tt3014284	2017	Chen_the_Cheerleader	Chen_the_Cheerleader		nm1320827	male			41.33
lego.ninjago.mo_tt3014284	2017	Maggie_the_Cheerleader	Maggie_the_Cheerleader			unknown			26.19
lego.ninjago.mo_tt3014284	2017	Jay	Jay		nm3529685	male	protagonist		404.49
lego.ninjago.mo_tt3014284	2017	General_Jolly	General_Jolly		nm2511956	unknown			39.46
lego.ninjago.mo_tt3014284	2017	Asimov_IT_Nerd	Asimov_IT_Nerd		nm4351773	female			9.34
lego.ninjago.mo_tt3014284	2017	Fuchsia_Ninja	Fuchsia_Ninja		nm0123262	unknown			1.25
lightyear_tt10298810	2022	Buzz_Lightyear	Buzz_Lightyear		nm0262635	male	protagonist		1887.76
lightyear_tt10298810	2022	Featheringhamstan	Featheringhamstan		nm0352778	male			304.72
lightyear_tt10298810	2022	Alicia_Hawthorne	Alicia_Hawthorne		nm2499064	female	protagonist		558.35
lightyear_tt10298810	2022	Izzy_Hawthorne	Izzy_Hawthorne		nm1551130	female	protagonist		331.50
lightyear_tt10298810	2022	Mo_Morrison	Mo_Morrison		nm0169806	male	protagonist		436.85
lightyear_tt10298810	2022	Izzy_(Young)	Izzy_(Young)		nm13756193	female			20.23
lightyear_tt10298810	2022	Airman_Diaz	Airman_Diaz		nm0708293	male			30.78
lightyear_tt10298810	2022	Sox	Sox		nm0812307	male	protagonist		451.45
lightyear_tt10298810	2022	Darby_Steel	Darby_Steel		nm0815831	female	protagonist		378.34
lightyear_tt10298810	2022	Commander_Burnside	Commander_Burnside		nm0926086	male			73.87
lightyear_tt10298810	2022	Zurg	Zurg		nm0000981	male	antagonist		68.36
lightyear_tt10298810	2022	Zyclops	Zyclops		nm0533691	female	antagonist		46.88
lilo..stitch_tt0275847	2002	Grand_Councilwoman	Grand_Councilwoman		nm0129807	female	antagonist		248.04
lilo..stitch_tt0275847	2002	Captain_Gantu	Captain_Gantu		nm0724656	male	antagonist		169.04
lilo..stitch_tt0275847	2002	Jumba_Jookiba	Jumba_Jookiba		nm0001773	male	antagonist		415.41
lilo..stitch_tt0275847	2002	Stitch	Stitch		nm0761498	male	protagonist		1199.95
lilo..stitch_tt0275847	2002	Pleakley	Pleakley		nm0567852	male	antagonist		267.93
lilo..stitch_tt0275847	2002	Lilo_Pelekai	Lilo_Pelekai		nm0153738	female	protagonist		1285.66
lilo..stitch_tt0275847	2002	Nani_Pelekai	Nani_Pelekai		nm0000119	female	protagonist		1238.40
lilo..stitch_tt0275847	2002	Moses_Puloki	Moses_Puloki			male			88.09
lilo..stitch_tt0275847	2002	Susan_Hegarty	Susan_Hegarty			unknown			77.04
lilo..stitch_tt0275847	2002	Ice_Cream_Man	Ice_Cream_Man		nm1191641;nm0120309	male			12.51
lilo..stitch_tt0275847	2002	Mertle_Edmonds	Mertle_Edmonds		nm1214261	female			119.29
lilo..stitch_tt0275847	2002	David_Kawena	David_Kawena		nm0001462	male	protagonist		266.27
lilo..stitch_tt0275847	2002	Cobra_Bubbles	Cobra_Bubbles		nm0000609	male	antagonist		207.29
lion.king_tt0110357	1994	Zazu	Zazu		nm0000100	male	protagonist		264.26
lion.king_tt0110357	1994	Mufasa	Mufasa		nm0000469	male	protagonist		283.91
lion.king_tt0110357	1994	Rafiki	Rafiki		nm0347039	male	protagonist		189.19
lion.king_tt0110357	1994	Sarabi	Sarabi		nm0801672	female	protagonist		162.75
lion.king_tt0110357	1994	Simba_(Young)	Simba_(Young)		nm0001795	male	protagonist		830.25
lion.king_tt0110357	1994	Nala	Nala		nm0446702	female	protagonist		146.31
lion.king_tt0110357	1994	Scar	Scar		nm0000460	male	antagonist		465.51
lion.king_tt0110357	1994	Sarafina	Sarafina		nm0494922	female			226.98
lion.king_tt0110357	1994	Nala_(Young)	Nala_(Young)			female	protagonist		132.09
lion.king_tt0110357	1994	Pumbaa	Pumbaa		nm0754676	male	protagonist		347.76
lion.king_tt0110357	1994	Simba	Simba		nm0000111	male	protagonist		807.97
lion.king_tt0110357	1994	Banzai	Banzai		nm0001507	male	antagonist		76.33
lion.king_tt0110357	1994	Shenzi	Shenzi		nm0000155	female	antagonist		110.03
lion.king_tt0110357	1994	Ed	Ed		nm0191906	male	antagonist		118.70
lion.king_tt0110357	1994	Timon	Timon		nm0001447	male	protagonist		422.76
lion.king_tt6105098	2019	Timon	Timon		nm2813994	male	protagonist		376.83
lion.king_tt6105098	2019	Mufasa	Mufasa		nm0000469	male	protagonist		288.29
lion.king_tt6105098	2019	Rafiki	Rafiki		nm0434712	male	protagonist		98.01
lion.king_tt6105098	2019	Sarabi	Sarabi		nm0005569	female	protagonist		283.16
lion.king_tt6105098	2019	Nala_(Young)	Nala_(Young)		nm8630978	female	protagonist		299.84
lion.king_tt6105098	2019	Simba_(Young)	Simba_(Young)		nm6556377	male	protagonist		697.32
lion.king_tt6105098	2019	Scar	Scar		nm0252230	male	antagonist		521.77
lion.king_tt6105098	2019	Nala	Nala		nm0461498	female	protagonist		273.65
lion.king_tt6105098	2019	Simba	Simba		nm2255973	male	protagonist		550.80
lion.king_tt6105098	2019	Sarafina	Sarafina		nm0425982	female			33.74
lion.king_tt6105098	2019	Shenzi	Shenzi		nm0441042	female	antagonist		200.49
lion.king_tt6105098	2019	Kamari	Kamari		nm1221047	male			127.88
lion.king_tt6105098	2019	Azizi	Azizi		nm2765191	male			50.05
lion.king_tt6105098	2019	Pumba	Pumba		nm0736622	male	protagonist		298.59
little.mermaid_tt0097757	1989	Max	Max			male			53.01
little.mermaid_tt0097757	1989	Prince_Eric	Prince_Eric		nm0055549	male	protagonist		505.00
little.mermaid_tt0097757	1989	Grimsby	Grimsby		nm0942220	male			129.71
little.mermaid_tt0097757	1989	Sebastian	Sebastian		nm0942787	male	protagonist		559.77
little.mermaid_tt0097757	1989	Seahorse	Seahorse		nm0752900	male			28.11
little.mermaid_tt0097757	1989	King_Triton	King_Triton		nm0550318	male	protagonist		235.94
little.mermaid_tt0097757	1989	Flotsam_and_Jetsam	Flotsam_and_Jetsam		nm0250252	female	antagonist		92.97
little.mermaid_tt0097757	1989	Flounder	Flounder		nm0547465	male	protagonist		362.90
little.mermaid_tt0097757	1989	Princess_Ariel	Princess_Ariel		nm0072533	female	protagonist		1276.78
little.mermaid_tt0097757	1989	Ursula	Ursula		nm0140946	female	antagonist		321.03
little.mermaid_tt0097757	1989	Scuttle	Scuttle		nm0004983	male	protagonist		252.54
little.mermaid_tt0097757	1989	Carlotta	Carlotta		nm0566052	female			31.11
little.mermaid_tt0097757	1989	Chef_Louis	Chef_Louis		nm0041281	male			78.33
lorax_tt1482459	2012	Forest_Animals	Forest_Animals		nm0719208	male			465.51
lorax_tt1482459	2012	Lorax	Lorax		nm0000362	male	protagonist		460.42
lorax_tt1482459	2012	Cy	Cy		nm0792165	male			71.86
lorax_tt1482459	2012	Once-ler	Once-ler		nm1159180	male	protagonist		873.58
lorax_tt1482459	2012	Ted	Ted		nm1374980	male	protagonist		927.76
lorax_tt1482459	2012	Chet	Chet		nm0177528	male			51.13
lorax_tt1482459	2012	Audrey	Audrey		nm2357847	female	protagonist		256.51
lorax_tt1482459	2012	O'Hare	O'Hare		nm1443527	male	antagonist		355.73
lorax_tt1482459	2012	Brett	Brett		nm0177528	male			51.30
lorax_tt1482459	2012	Ted's_Mom	Ted's_Mom		nm2809577	female			279.90
lorax_tt1482459	2012	Once-ler's_Mom	Once-ler's_Mom		nm1840659	female			104.81
lorax_tt1482459	2012	Aunt_Grizelda	Aunt_Grizelda		nm0920800	female			89.88
lorax_tt1482459	2012	Grammy_Norma	Grammy_Norma		nm0924508	female	protagonist		253.29
lorax_tt1482459	2012	Uncle_Ubb	Uncle_Ubb		nm0864997	male			53.22
lorax_tt1482459	2012	Humming_Fish	Humming_Fish		nm0232755	female			289.62
lorax_tt1482459	2012	Once-ler_Old	Once-ler_Old		nm1159180	male			34.37
lord.of.the.rin_tt0077869	1978	Frodo_Baggins	Frodo_Baggins		nm0345295	male	protagonist		1507.55
lord.of.the.rin_tt0077869	1978	Peregrin	Peregrin		nm0345297	male	protagonist		471.97
lord.of.the.rin_tt0077869	1978	Elrond	Elrond		nm0603682	male	protagonist		141.22
lord.of.the.rin_tt0077869	1978	Bilbo_Baggins	Bilbo_Baggins		nm0083424	male	protagonist		215.51
lord.of.the.rin_tt0077869	1978	Everard_Proudfoot	Everard_Proudfoot			unknown			36.29
lord.of.the.rin_tt0077869	1978	Innkeeper	Innkeeper		nm0863519	male			79.12
lord.of.the.rin_tt0077869	1978	Legolas	Legolas		nm0000355	male	protagonist		293.79
lord.of.the.rin_tt0077869	1978	Samwise_Gamgee	Samwise_Gamgee		nm0774578	male	protagonist		680.81
lord.of.the.rin_tt0077869	1978	Gandalf	Gandalf		nm0820109	male	protagonist		563.56
lord.of.the.rin_tt0077869	1978	Gimli	Gimli		nm0118344	male	protagonist		359.90
lord.of.the.rin_tt0077869	1978	Theoden	Theoden		nm0832104	male	protagonist		72.82
lord.of.the.rin_tt0077869	1978	Celeborn	Celeborn			male			16.06
lord.of.the.rin_tt0077869	1978	Saruman_of_Many_Colours	Saruman_of_Many_Colours		nm0449693	male	antagonist		66.52
lord.of.the.rin_tt0077869	1978	Meriadoc	Meriadoc		nm0151463	male	protagonist		290.67
lord.of.the.rin_tt0077869	1978	Witch-King	Witch-King			male	antagonist		123.50
lord.of.the.rin_tt0077869	1978	Aragorn	Aragorn		nm0000457	male	protagonist		778.28
lord.of.the.rin_tt0077869	1978	�omer	�omer			unknown			8.34
lord.of.the.rin_tt0077869	1978	Grishn�kh	Grishn�kh			unknown			68.15
lord.of.the.rin_tt0077869	1978	Boromir	Boromir		nm0185163	male	protagonist		102.73
lord.of.the.rin_tt0077869	1978	�owyn	�owyn			unknown			65.02
lord.of.the.rin_tt0077869	1978	Galadriel	Galadriel		nm0188950	female	protagonist		112.74
lord.of.the.rin_tt0077869	1978	Gollum_/_Smeagol	Gollum_/_Smeagol		nm0940885	male	antagonist		194.99
lord.of.the.rin_tt0077869	1978	Treebeard	Treebeard		nm0922462	male	protagonist		21.86
lord.of.the.rin_tt0077869	1978	Wormtongue	Wormtongue		nm0212583	male			80.37
madagascar.3.eu_tt1277953	2012	Mason	Mason		nm0970447	male	protagonist		43.63
madagascar.3.eu_tt1277953	2012	Gloria	Gloria		nm0000586	female	protagonist		569.03
madagascar.3.eu_tt1277953	2012	Melman	Melman		nm0001710	male	protagonist		433.93
madagascar.3.eu_tt1277953	2012	Alex	Alex		nm0001774	male	protagonist		1206.83
madagascar.3.eu_tt1277953	2012	Skipper	Skipper		nm0569891	male	protagonist		126.50
madagascar.3.eu_tt1277953	2012	Private	Private		nm0971017	male	protagonist		65.57
madagascar.3.eu_tt1277953	2012	King_Julien	King_Julien		nm0056187	male	protagonist		159.62
madagascar.3.eu_tt1277953	2012	Marty	Marty		nm0001674	male	protagonist		439.98
madagascar.3.eu_tt1277953	2012	Mayor_of_New_York_City	Mayor_of_New_York_City		nm0640284	male			36.79
madagascar.3.eu_tt1277953	2012	Kid_in_Crowd	Kid_in_Crowd		nm5086205	unknown			44.92
madagascar.3.eu_tt1277953	2012	Casino_Security	Casino_Security		nm0640284	male			48.92
madagascar.3.eu_tt1277953	2012	Captain_Chantel_DuBois	Captain_Chantel_DuBois		nm0000531	female	antagonist		323.20
madagascar.3.eu_tt1277953	2012	Circus_Master	Circus_Master		nm0414365	male			24.40
madagascar.3.eu_tt1277953	2012	Mort	Mort		nm0725200	male	protagonist		80.37
madagascar.3.eu_tt1277953	2012	Maurice	Maurice		nm0147825	male	protagonist		80.58
madagascar.3.eu_tt1277953	2012	Phil	Phil			male	protagonist		48.38
madagascar.3.eu_tt1277953	2012	Rico	Rico			male	protagonist		30.66
madagascar.3.eu_tt1277953	2012	Kowalski	Kowalski		nm1844237	male	protagonist		65.65
madagascar.3.eu_tt1277953	2012	First_Policeman	First_Policeman		nm0569891	male			72.24
madagascar.3.eu_tt1277953	2012	Commandante	Commandante		nm0201509	male			34.08
madagascar.3.eu_tt1277953	2012	Horses	Horses		nm0891895	female			67.98
madagascar.3.eu_tt1277953	2012	Gia	Gia		nm1567113	female	protagonist		376.54
madagascar.3.eu_tt1277953	2012	Vitaly	Vitaly		nm0186505	male	protagonist		409.91
madagascar.3.eu_tt1277953	2012	Stefano	Stefano		nm0001737	male	protagonist		353.48
madagascar.3.eu_tt1277953	2012	Jonesy_the_Dog	Jonesy_the_Dog		nm3256362	unknown			33.74
madagascar.3.eu_tt1277953	2012	Frankie_the_Dog	Frankie_the_Dog		nm0282080	male			37.29
madagascar.3.eu_tt1277953	2012	Freddie_the_Dog	Freddie_the_Dog		nm0005068	male			42.25
madagascar.3.eu_tt1277953	2012	Second_Policeman	Second_Policeman		nm0970447	male			22.31
madagascar.esca_tt0479952	2008	Alex_(Baby)	Alex_(Baby)		nm3175582	male			133.13
madagascar.esca_tt0479952	2008	Zuba	Zuba		nm0005170	male	protagonist		564.19
madagascar.esca_tt0479952	2008	Makunga	Makunga		nm0000285	male	antagonist		289.75
madagascar.esca_tt0479952	2008	Alex	Alex		nm0001774	male	protagonist		1178.72
madagascar.esca_tt0479952	2008	Marty_(Baby)	Marty_(Baby)		nm1883535	male			12.26
madagascar.esca_tt0479952	2008	Gloria	Gloria		nm0000586	female	protagonist		531.11
madagascar.esca_tt0479952	2008	Melman	Melman		nm0001710	male	protagonist		575.20
madagascar.esca_tt0479952	2008	Marty	Marty		nm0001674	male	protagonist		494.41
madagascar.esca_tt0479952	2008	Moto_Moto	Moto_Moto		nm1443238	male			272.19
madagascar.esca_tt0479952	2008	Maurice	Maurice		nm0147825	male			156.36
madagascar.esca_tt0479952	2008	King_Julien	King_Julien		nm0056187	male	protagonist		273.40
madagascar.esca_tt0479952	2008	Mort	Mort		nm0725200	male			35.95
madagascar.esca_tt0479952	2008	Rico	Rico			male			52.14
madagascar.esca_tt0479952	2008	Skipper	Skipper		nm0569891	male	protagonist		163.79
madagascar.esca_tt0479952	2008	Mason	Mason		nm0970447	male			68.57
madagascar.esca_tt0479952	2008	Kowalski	Kowalski		nm1844237	male			67.48
madagascar.esca_tt0479952	2008	Private	Private		nm0971017	male			49.59
madagascar.esca_tt0479952	2008	Phil	Phil			male			34.45
madagascar.esca_tt0479952	2008	Florrie	Florrie		nm0791868	female			394.56
madagascar.esca_tt0479952	2008	Teetsi	Teetsi		nm0851317	male	antagonist		29.07
madagascar_tt0351283	2005	Marty	Marty		nm0001674	male	protagonist		1041.75
madagascar_tt0351283	2005	Alex	Alex		nm0001774	male	protagonist		1619.53
madagascar_tt0351283	2005	Gloria	Gloria		nm0000586	female	protagonist		674.42
madagascar_tt0351283	2005	Melman	Melman		nm0001710	male	protagonist		603.89
madagascar_tt0351283	2005	Phil	Phil			male	protagonist		19.52
madagascar_tt0351283	2005	Skipper	Skipper		nm0569891	male	protagonist		135.34
madagascar_tt0351283	2005	Private	Private		nm0971017	male	protagonist		69.28
madagascar_tt0351283	2005	Kowalski	Kowalski		nm1844237	male	protagonist		87.92
madagascar_tt0351283	2005	Police_Horse	Police_Horse		nm0184748	male			8.34
madagascar_tt0351283	2005	Old_Lady	Old_Lady		nm0672330	female			21.02
madagascar_tt0351283	2005	King_Julien	King_Julien		nm0056187	male	protagonist		397.40
madagascar_tt0351283	2005	Willie	Willie		nm0970606	male			60.69
madagascar_tt0351283	2005	Lemur_1	Lemur_1		nm0201509	male			54.43
madagascar_tt0351283	2005	Foosa	Foosa		nm0569891	male	antagonist		115.74
madagascar_tt0351283	2005	Mort	Mort		nm0725200	male			108.40
madagascar_tt0351283	2005	Spider	Spider		nm1019583	male			3.88
madagascar_tt0351283	2005	Maurice	Maurice		nm0147825	male	protagonist		307.89
meet.the.robins_tt0396555	2007	Cousin_Tallulah	Cousin_Tallulah		nm0027459	male			112.99
meet.the.robins_tt0396555	2007	Mildred	Mildred		nm0000291	female			176.97
meet.the.robins_tt0396555	2007	Lewis	Lewis		nm0360743	male	protagonist		1651.69
meet.the.robins_tt0396555	2007	Michael	Michael		nm1553654	male			238.28
meet.the.robins_tt0396555	2007	Grandpa_Bud	Grandpa_Bud		nm0027459	male			226.27
meet.the.robins_tt0396555	2007	Cornelius_Robinson	Cornelius_Robinson		nm0000633	male			113.61
meet.the.robins_tt0396555	2007	Uncle_Fritz	Uncle_Fritz		nm0761969	male			191.36
meet.the.robins_tt0396555	2007	Franny_Robinson	Franny_Robinson		nm0005474	female			216.30
meet.the.robins_tt0396555	2007	Franny_(Young)	Franny_(Young)		nm1402100	female			81.04
meet.the.robins_tt0396555	2007	Mr._Willerstein	Mr._Willerstein		nm0444786	male			146.65
meet.the.robins_tt0396555	2007	Wilbur_Robinson	Wilbur_Robinson		nm1130617	male	protagonist		742.62
meet.the.robins_tt0396555	2007	Aunt_Billie	Aunt_Billie		nm1851408	unknown			102.85
meet.the.robins_tt0396555	2007	Lucille_Krunklehorn	Lucille_Krunklehorn		nm0582418	female			225.35
meet.the.robins_tt0396555	2007	Frankie	Frankie		nm1950901	male			106.77
meet.the.robins_tt0396555	2007	Bowler_Hat_Guy	Bowler_Hat_Guy		nm0027459	male	antagonist		537.75
meet.the.robins_tt0396555	2007	Spike	Spike		nm0761969	male			8.68
meet.the.robins_tt0396555	2007	Uncle_Art	Uncle_Art		nm0001842	male			110.82
meet.the.robins_tt0396555	2007	Carl	Carl		nm0005558	male			168.75
meet.the.robins_tt0396555	2007	Dmitri	Dmitri		nm0761969	male			15.02
meet.the.robins_tt0396555	2007	Uncle_Gaston	Uncle_Gaston		nm2320658	male			99.52
meet.the.robins_tt0396555	2007	Cousin_Laszlo	Cousin_Laszlo		nm0761969	male			68.40
meet.the.robins_tt0396555	2007	Aunt_Petunia	Aunt_Petunia		nm0761969	male			88.13
meet.the.robins_tt0396555	2007	Tiny_the_T-Rex	Tiny_the_T-Rex		nm1853872	male			47.84
megamind_tt1001526	2010	Megamind	Megamind		nm0002071	male	protagonist		1364.99
megamind_tt1001526	2010	Megamind's_Mother	Megamind's_Mother			unknown			46.42
megamind_tt1001526	2010	Megamind's_Father	Megamind's_Father		nm0857620	male			8.17
megamind_tt1001526	2010	Minion	Minion		nm0189144	male	protagonist		507.72
megamind_tt1001526	2010	School_Child_1	School_Child_1			unknown			54.05
megamind_tt1001526	2010	Roxanne_Ritchi	Roxanne_Ritchi		nm0275486	female	protagonist		1083.04
megamind_tt1001526	2010	Lady_Scott	Lady_Scott		nm3961654	unknown			16.98
megamind_tt1001526	2010	Crying_Baby	Crying_Baby		nm2624549	unknown			21.86
megamind_tt1001526	2010	Prisoner	Prisoner			unknown			37.70
megamind_tt1001526	2010	School_Child_2	School_Child_2		nm3175092	male			32.49
megamind_tt1001526	2010	Mayor	Mayor		nm0443911	male			46.38
megamind_tt1001526	2010	Prisoner_Guard_1	Prisoner_Guard_1		nm0971017	male			51.84
megamind_tt1001526	2010	Prison_Guard_2	Prison_Guard_2		nm0569891	male			41.00
megamind_tt1001526	2010	Hal_Stewart_/_Tighten	Hal_Stewart_/_Tighten		nm1706767	male	antagonist		491.82
megamind_tt1001526	2010	Bernard	Bernard		nm0001774	male			357.94
megamind_tt1001526	2010	Metro_Man	Metro_Man		nm0000093	male	antagonist		205.29
megamind_tt1001526	2010	Warden	Warden		nm0799777	male			135.18
migration_tt6495056	2023	Pam_Mallard	Pam_Mallard		nm0006969	female	protagonist		1223.93
migration_tt6495056	2023	Dax_Mallard	Dax_Mallard		nm8647189	male	protagonist		823.41
migration_tt6495056	2023	Gwen_Mallard	Gwen_Mallard		nm14793320	female	protagonist		766.06
migration_tt6495056	2023	Mack_Mallard	Mack_Mallard		nm3529685	male	protagonist		1377.00
migration_tt6495056	2023	Erin	Erin		nm0001406	female	protagonist		123.37
migration_tt6495056	2023	Googoo	Googoo		nm0593267	male			111.95
migration_tt6495056	2023	Kim	Kim		nm5097044	female			127.96
migration_tt6495056	2023	Uncle_Dan	Uncle_Dan		nm0000362	male	protagonist		231.06
migration_tt6495056	2023	Snail	Snail			unknown			3.75
migration_tt6495056	2023	Owl_Character	Owl_Character			unknown			119.95
migration_tt6495056	2023	Chump	Chump		nm5377144	female	protagonist		161.58
migration_tt6495056	2023	Delroy	Delroy		nm1221047	male	protagonist		215.51
migration_tt6495056	2023	Human_2_character	Human_2_character			unknown			26.19
migration_tt6495056	2023	Human_Character	Human_Character			unknown			94.43
migration_tt6495056	2023	White_duck_character	White_duck_character			unknown			50.72
minions.the.ris_tt5113044	2022	Stuart_the_Minion	Stuart_the_Minion		nm1853544	male	protagonist		395.94
minions.the.ris_tt5113044	2022	Belle_Bottom	Belle_Bottom		nm0378245	female	antagonist		191.69
minions.the.ris_tt5113044	2022	Master_Chow	Master_Chow		nm0000706	female	protagonist		249.17
minions.the.ris_tt5113044	2022	Stronghold	Stronghold		nm0001803	male			89.01
minions.the.ris_tt5113044	2022	Svengeance	Svengeance		nm0000185	male			39.91
minions.the.ris_tt5113044	2022	Nun-Chuck	Nun-Chuck		nm0005128	female			34.74
minions.the.ris_tt5113044	2022	Jean_Clawed	Jean_Clawed		nm0000241	male			71.11
minions.the.ris_tt5113044	2022	Wild_Knuckles	Wild_Knuckles		nm0000273	male	protagonist		445.49
minions.the.ris_tt5113044	2022	Gru's_Teacher	Gru's_Teacher		nm1690878	unknown			38.87
minions.the.ris_tt5113044	2022	Gru_(Young)	Gru_(Young)		nm0136797	male	protagonist		1170.13
minions.the.ris_tt5113044	2022	Birthday_Kid	Birthday_Kid		nm0675442	male			34.37
minions.the.ris_tt5113044	2022	Dr._Nefario	Dr._Nefario		nm1258970	male	protagonist		64.61
minions.the.ris_tt5113044	2022	Bob_the_Minion	Bob_the_Minion		nm1853544	male	protagonist		693.90
minions.the.ris_tt5113044	2022	Kevin_the_Minion	Kevin_the_Minion		nm1853544	male	protagonist		459.75
minions.the.ris_tt5113044	2022	Otto_the_Minion	Otto_the_Minion		nm1853544	male	protagonist		323.11
minions.the.ris_tt5113044	2022	Mr._Perkins	Mr._Perkins		nm0004715	male			51.55
minions.the.ris_tt5113044	2022	Henchman_#2	Henchman_#2		nm0724656	male			24.48
minions.the.ris_tt5113044	2022	Henchman_#3	Henchman_#3		nm0224007	male			50.59
minions.the.ris_tt5113044	2022	Henchman_#1	Henchman_#1		nm4497202	male			43.13
minions.the.ris_tt5113044	2022	Biker	Biker		nm0753526	male	protagonist		42.92
minions_tt2293640	2015	Stuart_the_Minion	Stuart_the_Minion		nm1853544	male	protagonist		668.46
minions_tt2293640	2015	Minions	Minions		nm1853544	male	protagonist		116.03
minions_tt2293640	2015	Bob_the_Minion	Bob_the_Minion		nm1853544	male	protagonist		1146.02
minions_tt2293640	2015	Kevin_the_Minion	Kevin_the_Minion		nm1853544	male	protagonist		1217.55
minions_tt2293640	2015	Walter_Jr.	Walter_Jr.		nm0064170	male			107.27
minions_tt2293640	2015	The_Queen	The_Queen		nm0766837	female			294.38
minions_tt2293640	2015	News_Reporter	News_Reporter		nm1442933	male			90.72
minions_tt2293640	2015	Gru_(Young)	Gru_(Young)		nm0136797	male			131.59
minions_tt2293640	2015	Herb_Overkill	Herb_Overkill		nm0358316	male	antagonist		314.98
minions_tt2293640	2015	Scarlet_Overkill	Scarlet_Overkill		nm0000113	female	antagonist		632.97
minions_tt2293640	2015	Sumo_Villain	Sumo_Villain		nm0760796	male			68.23
minions_tt2293640	2015	Tina	Tina			female			90.05
minions_tt2293640	2015	Walter_Nelson	Walter_Nelson		nm0000474	male			175.30
minions_tt2293640	2015	VNC_Announcer	VNC_Announcer		nm0064170	male			36.24
minions_tt2293640	2015	Madge_Nelson	Madge_Nelson		nm0005049	female			114.41
minions_tt2293640	2015	Professor_Flux	Professor_Flux		nm0176869	male			33.16
minions_tt2293640	2015	Fabrice	Fabrice		nm0742125	unknown			20.73
minions_tt2293640	2015	Royal_Advisor	Royal_Advisor		nm3125329	unknown			101.77
minions_tt2293640	2015	Tower_Guard	Tower_Guard		nm0176869	male			24.86
moana_tt13622970	2024	Moana	Moana		nm7635388	female	protagonist		2038.58
moana_tt13622970	2024	Pua	Pua			unknown	protagonist		212.17
moana_tt13622970	2024	Loto	Loto		nm4194124	female	protagonist		442.48
moana_tt13622970	2024	Heihei	Heihei		nm0876138	male	protagonist		28.70
moana_tt13622970	2024	Simea	Simea		nm16261191	female			341.26
moana_tt13622970	2024	Sina	Sina		nm0970122	female			329.45
moana_tt13622970	2024	Gramma_Tala	Gramma_Tala		nm1344302	female	protagonist		133.47
moana_tt13622970	2024	Chief_Tui	Chief_Tui		nm0607325	male			195.70
moana_tt13622970	2024	Kele	Kele		nm0266713	male	protagonist		294.79
moana_tt13622970	2024	Matangi	Matangi		nm10049181	female	antagonist		255.88
moana_tt13622970	2024	Moni	Moni		nm12533314	male	protagonist		513.43
moana_tt13622970	2024	Maui	Maui		nm0425005	male	protagonist		693.61
moana_tt13622970	2024	Tautai_Vasa	Tautai_Vasa		nm16774389	unknown	protagonist		45.34
moana_tt13622970	2024	Tamatoa	Tamatoa		nm1318596	male	antagonist		19.89
moana_tt3521164	2016	Young_Moana	Young_Moana		nm7635388	female			255.51
moana_tt3521164	2016	Hawk_Maui	Hawk_Maui		nm0425005	male			12.72
moana_tt3521164	2016	Maui	Maui		nm0425005	male	protagonist		863.28
moana_tt3521164	2016	Moana	Moana		nm7635388	female	protagonist		1924.21
moana_tt3521164	2016	Te_Kā	Te_Kā			unknown	antagonist		70.78
moana_tt3521164	2016	Gramma_Tala	Gramma_Tala		nm1344302	female	protagonist		270.56
moana_tt3521164	2016	Chief_Tui	Chief_Tui		nm0607325	male	protagonist		195.49
moana_tt3521164	2016	Sina	Sina		nm0970122	female	protagonist		236.53
moana_tt3521164	2016	Moni	Moni			unknown			59.18
moana_tt3521164	2016	Heihei	Heihei		nm0876138	male	protagonist		58.98
moana_tt3521164	2016	Pua	Pua			unknown	protagonist		54.60
moana_tt3521164	2016	Eight-Eyed_Bats	Eight-Eyed_Bats			unknown			0.63
moana_tt3521164	2016	Kakamora	Kakamora			unknown	antagonist		25.78
moana_tt3521164	2016	Kotu	Kotu			unknown			9.68
moana_tt3521164	2016	Tamatoa	Tamatoa		nm1318596	male	antagonist		106.52
moana_tt3521164	2016	Shark_Maui	Shark_Maui		nm0425005	male			41.25
moana_tt3521164	2016	Te_Fiti	Te_Fiti			female			36.33
monster.house_tt0385880	2006	Eliza	Eliza			female			48.18
monster.house_tt0385880	2006	Horace_Nebbercracker	Horace_Nebbercracker		nm0000114	male			299.37
monster.house_tt0385880	2006	DJ_Walters	DJ_Walters		nm1102053	male	protagonist		1377.88
monster.house_tt0385880	2006	Mrs._Walters	Mrs._Walters		nm0001573	female			71.60
monster.house_tt0385880	2006	Mr._Walters	Mr._Walters		nm0929609	male			52.82
monster.house_tt0385880	2006	Chowder	Chowder		nm1348102	male	protagonist		978.84
monster.house_tt0385880	2006	"Reginald_""Skull""_Skulinski"	"Reginald_""Skull""_Skulinski"		nm1417647	male			96.03
monster.house_tt0385880	2006	Jenny_Bennett	Jenny_Bennett		nm1682400	female	protagonist		681.68
monster.house_tt0385880	2006	Zee	Zee		nm0350454	female			224.22
monster.house_tt0385880	2006	Bones	Bones		nm0005134	male			136.07
monster.house_tt0385880	2006	Officer_Lister	Officer_Lister		nm0134244	male			152.79
monster.house_tt0385880	2006	Officer_Landers	Officer_Landers		nm0416673	male			142.04
monster.house_tt0385880	2006	Constance_Nebbercracker	Constance_Nebbercracker			female	antagonist		57.52
monsters.inc._tt0198781	2001	Boo	Boo		nm0316701	female	protagonist		445.78
monsters.inc._tt0198781	2001	Bile	Bile		nm0682066	male			105.69
monsters.inc._tt0198781	2001	Ms._Flint	Ms._Flint		nm0001372	female			12.47
monsters.inc._tt0198781	2001	Rex	Rex		nm0001728	male			22.56
monsters.inc._tt0198781	2001	Sulley_/_James_P._Sullivan	Sulley_/_James_P._Sullivan		nm0000422	male	protagonist		1693.69
monsters.inc._tt0198781	2001	Waternoose	Waternoose		nm0000336	male	antagonist		250.79
monsters.inc._tt0198781	2001	Mike_Wazowski	Mike_Wazowski		nm0000345	male	protagonist		1378.54
monsters.inc._tt0198781	2001	Chalooby	Chalooby			male			20.65
monsters.inc._tt0198781	2001	George	George		nm0085499	male			38.16
monsters.inc._tt0198781	2001	Pete	Pete		nm0710020	male			25.23
monsters.inc._tt0198781	2001	Floor_Manager	Floor_Manager		nm0839915	male			37.37
monsters.inc._tt0198781	2001	Fungus	Fungus		nm0000568	male			115.62
monsters.inc._tt0198781	2001	Tony	Tony		nm0702925	male			16.31
monsters.inc._tt0198781	2001	Smitty	Smitty		nm0314870	male			67.86
monsters.inc._tt0198781	2001	Needleman	Needleman		nm0314870	male			62.94
monsters.inc._tt0198781	2001	Celia_Mae	Celia_Mae		nm0000236	female			120.95
monsters.inc._tt0198781	2001	Randall_Boggs	Randall_Boggs		nm0000114	male	antagonist		294.17
monsters.inc._tt0198781	2001	Roz	Roz		nm0677037	female	protagonist		83.37
monsters.inc._tt0198781	2001	Charlie	Charlie		nm0698413	male			17.35
monsters.inc._tt0198781	2001	Sushi_Chef	Sushi_Chef		nm0348562	male			9.22
monsters.inc._tt0198781	2001	Yeti	Yeti		nm0001652	male			97.18
monsters.univer_tt1453405	2013	Sulley_/_James_P._Sullivan	Sulley_/_James_P._Sullivan		nm0000422	male	protagonist		1486.11
monsters.univer_tt1453405	2013	Randy_Boggs	Randy_Boggs		nm0000114	male	antagonist		154.28
monsters.univer_tt1453405	2013	Art	Art		nm0206359	male			561.39
monsters.univer_tt1453405	2013	Mrs._Graves	Mrs._Graves		nm0001372	female			56.47
monsters.univer_tt1453405	2013	Johnny	Johnny		nm0277213	male			182.85
monsters.univer_tt1453405	2013	Mike_Wazowski	Mike_Wazowski		nm0000345	male	protagonist		1694.48
monsters.univer_tt1453405	2013	Mike_Wazowski_(Young)	Mike_Wazowski_(Young)		nm3096859	male	protagonist		71.20
monsters.univer_tt1453405	2013	Squishy	Squishy		nm0812307	male			519.19
monsters.univer_tt1453405	2013	Frank_McCay	Frank_McCay		nm1024677	male			62.48
monsters.univer_tt1453405	2013	Ms._Squibbles	Ms._Squibbles		nm0842140	female			101.48
monsters.univer_tt1453405	2013	Greek_Council_VP	Greek_Council_VP		nm0479527	male			126.21
monsters.univer_tt1453405	2013	Greek_Council_President	Greek_Council_President		nm2201555	female			137.89
monsters.univer_tt1453405	2013	Slug	Slug		nm0352778	male			28.90
monsters.univer_tt1453405	2013	Don_Carlton	Don_Carlton		nm0615063	male			483.73
monsters.univer_tt1453405	2013	Professor_Knight	Professor_Knight		nm0000547	male			114.28
monsters.univer_tt1453405	2013	Dean_Hardscrabble	Dean_Hardscrabble		nm0000545	female	antagonist		287.66
monsters.univer_tt1453405	2013	Terry	Terry		nm0004929	male			398.73
monsters.univer_tt1453405	2013	Terri	Terri		nm0005003	male			415.62
monsters.univer_tt1453405	2013	PNK_Carrie	PNK_Carrie		nm3396631	female			39.41
monsters.univer_tt1453405	2013	Rosie_Levin	Rosie_Levin			unknown			16.77
monsters.univer_tt1453405	2013	Yeti	Yeti		nm0001652	male			6.88
monsters.vs..al_tt0892782	2009	Technician_Ben	Technician_Ben		nm0443911	male			34.87
monsters.vs..al_tt0892782	2009	Technician_Jerry	Technician_Jerry		nm0651692	male			31.28
monsters.vs..al_tt0892782	2009	Mrs._Ronson	Mrs._Ronson		nm1195845	female			32.99
monsters.vs..al_tt0892782	2009	Derek_Dietl	Derek_Dietl		nm0748620	male	antagonist		259.34
monsters.vs..al_tt0892782	2009	Wendy_Murphy	Wendy_Murphy		nm0925033	female			263.97
monsters.vs..al_tt0892782	2009	Advisor_Ouaou	Advisor_Ouaou		nm1195845	female			46.63
monsters.vs..al_tt0892782	2009	Female_Advisor_2	Female_Advisor_2		nm1195845	female			34.58
monsters.vs..al_tt0892782	2009	Carl_Murphy	Carl_Murphy		nm0001787	male			103.14
monsters.vs..al_tt0892782	2009	Ginormica_/_Susan_Murphy	Ginormica_/_Susan_Murphy		nm0000702	female	protagonist		1170.34
monsters.vs..al_tt0892782	2009	Mama_Dietl	Mama_Dietl		nm0970447	male			26.48
monsters.vs..al_tt0892782	2009	Advisor_Ortega	Advisor_Ortega		nm0084190	male			17.31
monsters.vs..al_tt0892782	2009	President_Hathaway	President_Hathaway		nm0170306	male			175.26
monsters.vs..al_tt0892782	2009	General_W.R._Monger	General_W.R._Monger		nm0000662	male			198.24
monsters.vs..al_tt0892782	2009	Katie	Katie		nm0000250	female			53.51
monsters.vs..al_tt0892782	2009	Advisor_Hawk	Advisor_Hawk		nm0970447	male			19.14
monsters.vs..al_tt0892782	2009	Advisor_Dither	Advisor_Dither		nm0970447	male			18.73
monsters.vs..al_tt0892782	2009	Advisor_Smith	Advisor_Smith		nm0226206	unknown			13.76
monsters.vs..al_tt0892782	2009	Advisor_Wedgie	Advisor_Wedgie		nm0593610	male			34.33
monsters.vs..al_tt0892782	2009	Commander	Commander		nm0226206	unknown			6.55
monsters.vs..al_tt0892782	2009	Secret_Service_Man_1	Secret_Service_Man_1		nm1224299	male			54.60
monsters.vs..al_tt0892782	2009	Dr_Cockroach_Ph.D.	Dr_Cockroach_Ph.D.		nm0491402	male	protagonist		415.75
monsters.vs..al_tt0892782	2009	B.O.B	B.O.B		nm0736622	male	protagonist		339.38
monsters.vs..al_tt0892782	2009	The_Missing_Link	The_Missing_Link		nm0004715	male	protagonist		518.10
monsters.vs..al_tt0892782	2009	Sqweep	Sqweep			unknown			74.24
monsters.vs..al_tt0892782	2009	Gallaxhar	Gallaxhar		nm0933988	male	antagonist		267.02
monsters.vs..al_tt0892782	2009	Cuthbert	Cuthbert		nm1024677	male			35.70
monsters.vs..al_tt0892782	2009	News_Reporter	News_Reporter		nm1159180	male			30.32
monsters.vs..al_tt0892782	2009	Private_Bullhorn	Private_Bullhorn		nm0084190	male			24.98
monsters.vs..al_tt0892782	2009	Lieutenant	Lieutenant		nm1224299	male			7.84
mr..peabody..sh_tt0864835	2014	Sherman	Sherman		nm1934618	male	protagonist		1575.20
mr..peabody..sh_tt0864835	2014	Mr._Peabody	Mr._Peabody		nm0123092	male	protagonist		1390.18
mr..peabody..sh_tt0864835	2014	Paul_Peterson	Paul_Peterson		nm0170306	male			222.39
mr..peabody..sh_tt0864835	2014	Penny	Penny		nm1736769	female	protagonist		857.57
mr..peabody..sh_tt0864835	2014	Spartacus	Spartacus		nm0230666	male			7.63
mr..peabody..sh_tt0864835	2014	Mason	Mason		nm3557613	male			122.54
mr..peabody..sh_tt0864835	2014	Mona_Lisa	Mona_Lisa		nm1128572	female			79.58
mr..peabody..sh_tt0864835	2014	Egyptian_Spectator	Egyptian_Spectator		nm0304830	male			43.46
mr..peabody..sh_tt0864835	2014	New_York_City_Cop	New_York_City_Cop		nm0363641	male			62.73
mr..peabody..sh_tt0864835	2014	Marie_Antoinette	Marie_Antoinette		nm2315031	female			64.11
mr..peabody..sh_tt0864835	2014	Bill_Clinton	Bill_Clinton		nm0363641	male			7.92
mr..peabody..sh_tt0864835	2014	George_Washington	George_Washington		nm0363641	male			85.34
mr..peabody..sh_tt0864835	2014	Albert_Einstein	Albert_Einstein		nm0000316	male			37.08
mr..peabody..sh_tt0864835	2014	King_Tut	King_Tut		nm2642131	male			98.18
mr..peabody..sh_tt0864835	2014	Robespierre	Robespierre		nm0034398	male			74.99
mr..peabody..sh_tt0864835	2014	Isaac_Newton	Isaac_Newton		nm0363641	male			31.28
mr..peabody..sh_tt0864835	2014	Agamemnon	Agamemnon		nm0911320	male			175.76
mr..peabody..sh_tt0864835	2014	French_Guard	French_Guard		nm0129106	male			19.31
mr..peabody..sh_tt0864835	2014	Ms._Grunion	Ms._Grunion		nm0005049	female	antagonist		181.35
mr..peabody..sh_tt0864835	2014	Abraham_Lincoln	Abraham_Lincoln		nm0363641	male			34.99
mr..peabody..sh_tt0864835	2014	Teacher	Teacher		nm0615730	female			34.45
mr..peabody..sh_tt0864835	2014	Carl	Carl		nm3019095	male			57.10
mr..peabody..sh_tt0864835	2014	Principal_Purdy	Principal_Purdy		nm0864997	male			49.80
mr..peabody..sh_tt0864835	2014	Judge	Judge		nm0371660	male			23.02
mr..peabody..sh_tt0864835	2014	Mahatma_Gandhi	Mahatma_Gandhi			unknown			28.32
mr..peabody..sh_tt0864835	2014	Patty_Peterson	Patty_Peterson		nm0005182	female			202.87
mr..peabody..sh_tt0864835	2014	Ay	Ay		nm0884313	male			62.48
mr..peabody..sh_tt0864835	2014	Leonardo_da_Vinci	Leonardo_da_Vinci		nm0001804	male			151.44
mr..peabody..sh_tt0864835	2014	Odysseus	Odysseus		nm0569891	male			87.42
mufasa.the.lion_tt13186482	2024	Ajarry	Ajarry		nm5956547	female			29.32
mufasa.the.lion_tt13186482	2024	Mosi	Mosi		nm0573364	male			5.09
mufasa.the.lion_tt13186482	2024	Simba	Simba		nm2255973	male	protagonist		108.78
mufasa.the.lion_tt13186482	2024	Mufasa	Mufasa		nm7543974	male	protagonist		792.00
mufasa.the.lion_tt13186482	2024	Mufasa_(Young)	Mufasa_(Young)		nm9253215	male			124.92
mufasa.the.lion_tt13186482	2024	Nala	Nala		nm0461498	female	protagonist		62.85
mufasa.the.lion_tt13186482	2024	Afia	Afia		nm0741242	female			251.67
mufasa.the.lion_tt13186482	2024	Timon	Timon		nm2813994	male	protagonist		88.84
mufasa.the.lion_tt13186482	2024	Pumbaa	Pumbaa		nm0736622	male	protagonist		47.01
mufasa.the.lion_tt13186482	2024	Chigaru	Chigaru		nm1357414	male			22.52
mufasa.the.lion_tt13186482	2024	Kiara	Kiara		nm6223040	female	protagonist		203.70
mufasa.the.lion_tt13186482	2024	Obasi	Obasi		nm0416694	male			196.24
mufasa.the.lion_tt13186482	2024	Scar_/_Taka	Scar_/_Taka		nm5123156	male	antagonist		613.95
mufasa.the.lion_tt13186482	2024	Taka_(Young)	Taka_(Young)		nm13209562	unknown			52.51
mufasa.the.lion_tt13186482	2024	Sarafina	Sarafina		nm0005051	female			137.76
mufasa.the.lion_tt13186482	2024	Rafiki_(Young)	Rafiki_(Young)		nm1616879	male	protagonist		348.93
mufasa.the.lion_tt13186482	2024	Masego	Masego		nm0202966	male			16.85
mufasa.the.lion_tt13186482	2024	Sarabi	Sarabi		nm2274707	female	protagonist		95.43
mufasa.the.lion_tt13186482	2024	Eshe	Eshe		nm0628601	female			306.06
mufasa.the.lion_tt13186482	2024	Amara	Amara		nm1919154	female	antagonist		78.54
mufasa.the.lion_tt13186482	2024	Kiros	Kiros		nm0586568	male	antagonist		285.28
mufasa.the.lion_tt13186482	2024	Azibo	Azibo		nm11111075	male			43.54
mufasa.the.lion_tt13186482	2024	Akua	Akua		nm4720292	unknown	antagonist		46.46
mufasa.the.lion_tt13186482	2024	Bird	Bird			unknown			30.24
mufasa.the.lion_tt13186482	2024	Inaki	Inaki		nm0364110	male			55.43
mulan_tt0120762	1998	Hayabusa_the_Falcon	Hayabusa_the_Falcon			male			5.80
mulan_tt0120762	1998	Fa_Mulan	Fa_Mulan		nm0001840	female	protagonist		1456.83
mulan_tt0120762	1998	Yao,_Ling,_and_Chien_Po	Yao,_Ling,_and_Chien_Po						459.00
mulan_tt0120762	1998	Bandits	Bandits			unknown			103.19
mulan_tt0120762	1998	Li_Shang	Li_Shang		nm0000703	male	protagonist		605.86
mulan_tt0120762	1998	Shan_Yu	Shan_Yu		nm0001208	male	antagonist		180.68
mulan_tt0120762	1998	General_Li	General_Li		nm0793363	male			129.38
mulan_tt0120762	1998	Fa_Zhou	Fa_Zhou		nm0644902	male			287.20
mulan_tt0120762	1998	Chi-Fu	Chi-Fu		nm0393222	male	antagonist		263.26
mulan_tt0120762	1998	The_Emperor_of_China	The_Emperor_of_China		nm0001552	male			168.63
mulan_tt0120762	1998	Mushu	Mushu		nm0000552	male	protagonist		449.62
mulan_tt0120762	1998	Little_Brother	Little_Brother			unknown			21.81
mulan_tt0120762	1998	Khan	Khan		nm0919798	male			127.88
mulan_tt0120762	1998	Fa_Li	Fa_Li		nm0791467	female			195.95
mulan_tt0120762	1998	Grandmother_Fa	Grandmother_Fa		nm0004931	female			135.64
mulan_tt0120762	1998	Cri-Kee	Cri-Kee		nm0919798	male	protagonist		120.87
mulan_tt0120762	1998	The_Matchmaker	The_Matchmaker		nm0546816	female			117.99
mulan_tt0120762	1998	Shang's_Horse	Shang's_Horse			male			33.95
mulan_tt0120762	1998	First_Ancestor_Fa	First_Ancestor_Fa		nm0001786	male			77.08
mulan_tt0120762	1998	Fa_Family_Ancestors	Fa_Family_Ancestors			unknown			54.01
nightmare.befor_tt0107688	1993	Monster_Who_Lives_Under_The_Bed	Monster_Who_Lives_Under_The_Bed			unknown			1.79
nightmare.befor_tt0107688	1993	Dr._Finkelstein	Dr._Finkelstein		nm0382676	male			109.19
nightmare.befor_tt0107688	1993	Sally	Sally		nm0001573	female	protagonist		529.95
nightmare.befor_tt0107688	1993	Vampire_Teddy	Vampire_Teddy		nm0441763;nm0187412;nm0050466	male			44.29
nightmare.befor_tt0107688	1993	Mayor_of_Halloween_Town	Mayor_of_Halloween_Town		nm0787187	male			170.55
nightmare.befor_tt0107688	1993	Harlequin_Demon	Harlequin_Demon		nm0698681	male			33.20
nightmare.befor_tt0107688	1993	Behemoth	Behemoth		nm0187412	male			103.69
nightmare.befor_tt0107688	1993	Pumpkin-in-the-Box	Pumpkin-in-the-Box			unknown			5.55
nightmare.befor_tt0107688	1993	Mummy_Boy	Mummy_Boy		nm0050466	male			12.43
nightmare.befor_tt0107688	1993	Jack_Skellington	Jack_Skellington		nm0001697	male	protagonist		778.28
nightmare.befor_tt0107688	1993	Shock	Shock		nm0001573	female	antagonist		94.55
nightmare.befor_tt0107688	1993	Clown_with_the_Tear-Away_Face	Clown_with_the_Tear-Away_Face			male			1.54
nightmare.befor_tt0107688	1993	Undersea_Gal	Undersea_Gal		nm0878582	female			5.26
nightmare.befor_tt0107688	1993	Barrel	Barrel		nm0000384	male	antagonist		134.47
nightmare.befor_tt0107688	1993	Lock	Lock		nm0000607	male	antagonist		115.28
nightmare.befor_tt0107688	1993	Little_Boy	Little_Boy			unknown			31.70
nightmare.befor_tt0107688	1993	Easter_Bunny	Easter_Bunny			male			3.38
nightmare.befor_tt0107688	1993	Skeletal_Reindeer	Skeletal_Reindeer			male			11.93
nightmare.befor_tt0107688	1993	Santa_Claus_(The_Nightmare_Before_Christmas)	Santa_Claus_(The_Nightmare_Before_Christmas)		nm0412462	male	protagonist		68.36
nightmare.befor_tt0107688	1993	Oogie_Boogie	Oogie_Boogie		nm0656238	male	antagonist		52.26
nut.job_tt1821658	2014	Pigeon	Pigeon		nm0341267	female			47.55
nut.job_tt1821658	2014	Surly	Surly		nm0004715	male	protagonist		1128.33
nut.job_tt1821658	2014	Armoured_Guard	Armoured_Guard		nm0444339	male			28.07
nut.job_tt1821658	2014	Lana	Lana		nm0300589	female			86.00
nut.job_tt1821658	2014	Andie	Andie		nm0001337	female	protagonist		635.09
nut.job_tt1821658	2014	Raccoon	Raccoon		nm0000553	male	antagonist		302.68
nut.job_tt1821658	2014	Redline	Redline		nm0863999	male			60.23
nut.job_tt1821658	2014	Mole	Mole		nm0242278	male			195.36
nut.job_tt1821658	2014	Grayson	Grayson		nm0000409	male	protagonist		312.77
nut.job_tt1821658	2014	Jamie	Jamie		nm0643449	female			163.75
nut.job_tt1821658	2014	Fingers	Fingers		nm0710258	male	antagonist		192.90
nut.job_tt1821658	2014	Lucky	Lucky		nm1064104	male	antagonist		178.51
nut.job_tt1821658	2014	King	King		nm0002332	male	antagonist		193.15
nut.job_tt1821658	2014	Police_Officer	Police_Officer		nm0566393	male			48.05
nut.job_tt1821658	2014	Girl_Scout	Girl_Scout		nm0501306	female			36.91
nut.job_tt1821658	2014	Precious	Precious		nm0748973	female	protagonist		306.97
nut.job_tt1821658	2014	Buddy	Buddy		nm0863999	male	protagonist		319.40
nut.job_tt1821658	2014	Jimmy	Jimmy		nm0407101	male			55.51
nut.job_tt1821658	2014	Johnny	Johnny		nm0684187	male			199.03
oliver..company_tt0095776	1988	Character_2	Character_2			unknown			66.73
oliver..company_tt0095776	1988	Character_3	Character_3			unknown			37.67
oliver..company_tt0095776	1988	Rita	Rita		nm0005336	female	protagonist		283.85
oliver..company_tt0095776	1988	Sykes	Sykes		nm0005162	male	antagonist		38.37
oliver..company_tt0095776	1988	Jennifer_Foxworth	Jennifer_Foxworth		nm0339910	female	protagonist		298.80
oliver..company_tt0095776	1988	Oliver	Oliver		nm0005129	male	protagonist		593.83
oliver..company_tt0095776	1988	Bluebird	Bluebird			unknown			32.60
oliver..company_tt0095776	1988	Roscoe	Roscoe		nm0086000	male	antagonist		64.16
oliver..company_tt0095776	1988	Louie	Louie		nm0919798	male			13.71
oliver..company_tt0095776	1988	Dodger	Dodger		nm0005055	male	protagonist		549.28
oliver..company_tt0095776	1988	Einstein	Einstein		nm0612321	male	protagonist		251.32
oliver..company_tt0095776	1988	Desoto	Desoto		nm0918510	male	antagonist		65.43
oliver..company_tt0095776	1988	Ignacio_Alonzo_Julio_Federico_de_Tito	Ignacio_Alonzo_Julio_Federico_de_Tito		nm0001507	male	protagonist		359.43
oliver..company_tt0095776	1988	Francis	Francis		nm0001975	male	protagonist		294.53
oliver..company_tt0095776	1988	Fagin	Fagin		nm0001123	male	protagonist		410.38
oliver..company_tt0095776	1988	Winston	Winston		nm0323091	male	protagonist		35.20
oliver..company_tt0095776	1988	Character_1	Character_1			unknown			92.19
oliver..company_tt0095776	1988	Georgette	Georgette		nm0000541	female	protagonist		325.93
one.hundred.and_tt0055254	1961	Penny	Penny		nm0008051	female			338.71
one.hundred.and_tt0055254	1961	Pongo	Pongo		nm0001792	male	protagonist		759.38
one.hundred.and_tt0055254	1961	Lucky	Lucky		nm0317127	male			260.59
one.hundred.and_tt0055254	1961	Spotty	Spotty		nm0814862	male			94.80
one.hundred.and_tt0055254	1961	Rover	Rover		nm0524853	female			64.86
one.hundred.and_tt0055254	1961	Roger_Radcliffe	Roger_Radcliffe		nm0942220	male	protagonist		367.87
one.hundred.and_tt0055254	1961	Anita_Radcliffe	Anita_Radcliffe		nm0205040	female	protagonist		187.73
one.hundred.and_tt0055254	1961	Collie	Collie		nm0007218	male			54.14
one.hundred.and_tt0055254	1961	Perdita	Perdita		nm0061770	female	protagonist		117.70
one.hundred.and_tt0055254	1961	Rolly	Rolly		nm0063576	male			111.99
one.hundred.and_tt0055254	1961	Freckles	Freckles			male			82.21
one.hundred.and_tt0055254	1961	Jasper_Badun	Jasper_Badun		nm0641729	male	antagonist		239.57
one.hundred.and_tt0055254	1961	Dipstick	Dipstick			male			32.37
one.hundred.and_tt0055254	1961	Pepper	Pepper			unknown			41.29
one.hundred.and_tt0055254	1961	Nanny	Nanny		nm0921131	female			148.44
one.hundred.and_tt0055254	1961	Cruella_de_Vil	Cruella_de_Vil		nm0314867	female	antagonist		274.15
one.hundred.and_tt0055254	1961	Patch	Patch		nm0535605	male			20.60
one.hundred.and_tt0055254	1961	Cadpig	Cadpig			female			53.55
one.hundred.and_tt0055254	1961	Dirty_Dawson	Dirty_Dawson		nm0293659	male			14.43
one.hundred.and_tt0055254	1961	Fidget	Fidget			male			16.02
one.hundred.and_tt0055254	1961	Whizzer	Whizzer			male			23.98
one.hundred.and_tt0055254	1961	Danny	Danny		nm0671206	male			42.88
one.hundred.and_tt0055254	1961	Television_Announcer	Television_Announcer		nm0384586	male			21.44
one.hundred.and_tt0055254	1961	Two-Tone	Two-Tone			female			8.76
one.hundred.and_tt0055254	1961	Horace_Badun	Horace_Badun		nm0941520	male	antagonist		159.45
one.hundred.and_tt0055254	1961	Truck_Driver	Truck_Driver			unknown			9.63
one.hundred.and_tt0055254	1961	Schnauser	Schnauser			unknown			12.10
one.hundred.and_tt0055254	1961	Lucy	Lucy		nm0921131	female			26.40
one.hundred.and_tt0055254	1961	Towser	Towser		nm0654286	male			47.21
one.hundred.and_tt0055254	1961	Captain	Captain		nm0712391	male			57.68
one.hundred.and_tt0055254	1961	Sgt._Tibs	Sgt._Tibs		nm0291301	male	protagonist		111.19
one.hundred.and_tt0055254	1961	White_dog	White_dog			unknown			91.05
one.hundred.and_tt0055254	1961	Quizmaster	Quizmaster		nm0007218	male			32.74
one.hundred.and_tt0055254	1961	Miss_Birdwell	Miss_Birdwell		nm0314867	female			5.80
one.hundred.and_tt0055254	1961	Inspector_Craven	Inspector_Craven		nm0941520	male			5.92
one.hundred.and_tt0055254	1961	Queenie	Queenie		nm0921131	female			27.65
one.hundred.and_tt0055254	1961	Princess	Princess		nm0502745	female			21.94
one.hundred.and_tt0055254	1961	Duchess	Duchess		nm0071913	female			32.87
one.hundred.and_tt0055254	1961	Labrador	Labrador		nm0384586	male	protagonist		56.10
onward_tt7146812	2020	Sundra	Sundra			female			40.75
onward_tt7146812	2020	Ian_Lightfoot	Ian_Lightfoot		nm4043618	male	protagonist		2270.44
onward_tt7146812	2020	Specter	Specter		nm2913119	female			61.35
onward_tt7146812	2020	Laurel_Lightfoot	Laurel_Lightfoot		nm0000506	female	protagonist		518.98
onward_tt7146812	2020	Barley_Lightfoot	Barley_Lightfoot		nm0695435	male	protagonist		1391.60
onward_tt7146812	2020	Gaxton	Gaxton		nm0005519	male			46.80
onward_tt7146812	2020	Blazey	Blazey			female			22.81
onward_tt7146812	2020	Colt_Bronco	Colt_Bronco		nm0735440	male	antagonist		186.27
onward_tt7146812	2020	Gore	Gore		nm4399227	female			41.25
onward_tt7146812	2020	Gorgamon	Gorgamon			male			17.23
onward_tt7146812	2020	Construction_Worker_Fenwick	Construction_Worker_Fenwick		nm0001652	male			18.89
onward_tt7146812	2020	Wilden_Lightfoot	Wilden_Lightfoot		nm1531180	male	protagonist		22.27
onward_tt7146812	2020	Corey	Corey		nm0818055	female	protagonist		302.76
onward_tt7146812	2020	Wilden_Lightfoot_disguised	Wilden_Lightfoot_disguised		nm1531180	male			46.21
onward_tt7146812	2020	Avel	Avel		nm6144523	unknown			25.28
onward_tt7146812	2020	Dewdrop	Dewdrop		nm0217221	female			32.74
onward_tt7146812	2020	Grecklin	Grecklin		nm0001808	female			35.87
open.season_tt0400717	2006	Beth	Beth		nm0005226	female			274.48
open.season_tt0400717	2006	Boog	Boog		nm0001454	male	protagonist		1541.67
open.season_tt0400717	2006	Hunter	Hunter		nm0569079	male			30.41
open.season_tt0400717	2006	Gordy	Gordy		nm0867588	male			102.39
open.season_tt0400717	2006	Shaw	Shaw		nm0000641	male	antagonist		256.30
open.season_tt0400717	2006	Elliot	Elliot		nm0005110	male	protagonist		807.14
open.season_tt0400717	2006	Giselle	Giselle		nm0005105	female			103.31
open.season_tt0400717	2006	Human_character_2	Human_character_2			unknown			12.89
open.season_tt0400717	2006	Deer_Character	Deer_Character			unknown			150.69
open.season_tt0400717	2006	Mr._Weenie	Mr._Weenie		nm0970606	male			62.15
open.season_tt0400717	2006	Bobbie	Bobbie		nm0257077	female			66.82
open.season_tt0400717	2006	Human_Character_1	Human_Character_1			unknown			61.98
open.season_tt0400717	2006	McSquizzy	McSquizzy		nm0175262	male			65.06
open.season_tt0400717	2006	Rabbit_Character	Rabbit_Character			unknown			21.90
open.season_tt0400717	2006	Beaver_Character	Beaver_Character			unknown			78.41
open.season_tt0400717	2006	Buddy	Buddy		nm2407919	male			25.53
open.season_tt0400717	2006	Rosie	Rosie		nm0296546	female			30.11
open.season_tt0400717	2006	Duck_Character	Duck_Character			unknown			49.55
over.the.hedge_tt0327084	2006	RJ	RJ		nm0000246	male	protagonist		1392.14
over.the.hedge_tt0327084	2006	Hammy	Hammy		nm0136797	male	protagonist		587.63
over.the.hedge_tt0327084	2006	Vincent	Vincent		nm0000560	male	antagonist		161.62
over.the.hedge_tt0327084	2006	Police_Officer	Police_Officer		nm0084190	male			62.10
over.the.hedge_tt0327084	2006	Verne	Verne		nm0788009	male	protagonist		1012.93
over.the.hedge_tt0327084	2006	Quillo	Quillo		nm1956478	female			114.99
over.the.hedge_tt0327084	2006	Penny	Penny		nm0001573	female			375.25
over.the.hedge_tt0327084	2006	Stella	Stella		nm0843100	female	protagonist		250.75
over.the.hedge_tt0327084	2006	Ozzie	Ozzie		nm0000638	male			452.12
over.the.hedge_tt0327084	2006	Heather	Heather		nm1245099	female			357.23
over.the.hedge_tt0327084	2006	Spike	Spike		nm1372583	male			205.00
over.the.hedge_tt0327084	2006	Bucky	Bucky		nm2219329	unknown			189.02
over.the.hedge_tt0327084	2006	Lou	Lou		nm0506405	male			445.19
over.the.hedge_tt0327084	2006	Gladys	Gladys		nm0005049	female	antagonist		177.05
over.the.hedge_tt0327084	2006	Mackenzie	Mackenzie		nm2187942	unknown			38.25
over.the.hedge_tt0327084	2006	Tiger	Tiger		nm0229084	male	protagonist		96.81
over.the.hedge_tt0327084	2006	Shelby	Shelby		nm0223740	female			37.37
over.the.hedge_tt0327084	2006	Timmy	Timmy		nm2233145	unknown			52.51
over.the.hedge_tt0327084	2006	Debbie	Debbie		nm0933281	female			23.69
over.the.hedge_tt0327084	2006	Dwayne_LaFontant	Dwayne_LaFontant		nm0002006	male	antagonist		121.79
over.the.hedge_tt0327084	2006	Nugent_The_Dog	Nugent_The_Dog		nm0826745	male			14.85
paw.patrol.the._tt11832046	2021	Marshall	Marshall		nm9391318	male	protagonist		185.94
paw.patrol.the._tt11832046	2021	Chase	Chase		nm8071137	male	protagonist		896.19
paw.patrol.the._tt11832046	2021	Gus	Gus		nm1347153	male			86.34
paw.patrol.the._tt11832046	2021	Cap'n_Turbot	Cap'n_Turbot		nm0661132	male			54.47
paw.patrol.the._tt11832046	2021	Ryder	Ryder		nm6033507	male	protagonist		714.05
paw.patrol.the._tt11832046	2021	Rubble	Rubble		nm8977993	male			362.95
paw.patrol.the._tt11832046	2021	Zuma	Zuma		nm9585090	male			232.73
paw.patrol.the._tt11832046	2021	Skye	Skye		nm7873693	female	protagonist		359.94
paw.patrol.the._tt11832046	2021	Rocky	Rocky		nm9339903	male			243.28
paw.patrol.the._tt11832046	2021	Marty_Muckraker	Marty_Muckraker		nm0453994	male			171.71
paw.patrol.the._tt11832046	2021	Mayor_Goodway	Mayor_Goodway		nm0731323	female			86.21
paw.patrol.the._tt11832046	2021	Tough_Guy	Tough_Guy		nm0105951	male			41.58
paw.patrol.the._tt11832046	2021	Kendra_Wilson	Kendra_Wilson		nm2780578	female			196.11
paw.patrol.the._tt11832046	2021	Harris	Harris		nm3791798	male			249.12
paw.patrol.the._tt11832046	2021	Liberty	Liberty		nm6343162	female	protagonist		104.94
paw.patrol.the._tt11832046	2021	Carmen	Carmen		nm2310571	female			103.39
paw.patrol.the._tt11832046	2021	Ruben	Ruben		nm1009277	male			157.16
paw.patrol.the._tt11832046	2021	Butch	Butch		nm1320827	male			203.37
paw.patrol.the._tt11832046	2021	Mayor_Humdinger	Mayor_Humdinger		nm0661132	male	antagonist		434.23
paw.patrol.the._tt11832046	2021	Cats	Cats			unknown			140.52
paw.patrol.the._tt11832046	2021	Delores	Delores		nm2578007	female			67.98
paw.patrol.the._tt11832046	2021	Rocket	Rocket		nm0083109	male			22.86
paw.patrol.the._tt11832046	2021	Tony	Tony		nm0188709	male			30.82
paw.patrol.the._tt11832046	2021	Barney	Barney		nm0684187	male			22.19
paw.patrol.the._tt15837338	2023	Hank	Hank		nm0005188	male			95.93
paw.patrol.the._tt15837338	2023	Janet	Janet		nm0068338	female			93.34
paw.patrol.the._tt15837338	2023	Ryder	Ryder		nm12041476	male	protagonist		513.26
paw.patrol.the._tt15837338	2023	Skye	Skye		nm5085683	female	protagonist		912.58
paw.patrol.the._tt15837338	2023	Rubble	Rubble		nm10813805	male			265.18
paw.patrol.the._tt15837338	2023	Liberty	Liberty		nm6343162	female	protagonist		591.88
paw.patrol.the._tt15837338	2023	Chase	Chase		nm8087548	male	protagonist		454.08
paw.patrol.the._tt15837338	2023	Rocky	Rocky		nm9339903	male			207.87
paw.patrol.the._tt15837338	2023	Zuma	Zuma		nm12835467	male	protagonist		246.00
paw.patrol.the._tt15837338	2023	Marshall	Marshall		nm8376302	male	protagonist		154.78
paw.patrol.the._tt15837338	2023	Victoria_Vance	Victoria_Vance		nm0378245	female	antagonist		515.18
paw.patrol.the._tt15837338	2023	Sam_Stringer	Sam_Stringer		nm2577076	male			80.58
paw.patrol.the._tt15837338	2023	Yoga_Yvette	Yoga_Yvette		nm1102987	female			65.94
paw.patrol.the._tt15837338	2023	Mayor_Goodway	Mayor_Goodway		nm0731323	female			21.56
paw.patrol.the._tt15837338	2023	Delores	Delores		nm2578007	female			165.46
paw.patrol.the._tt15837338	2023	Nano	Nano		nm10910136	male	protagonist		199.95
paw.patrol.the._tt15837338	2023	Mini	Mini		nm7008042	female	protagonist		200.20
paw.patrol.the._tt15837338	2023	Tot	Tot		nm12871789	male	protagonist		185.10
paw.patrol.the._tt15837338	2023	Mayor_Humdinger	Mayor_Humdinger		nm0661132	male	antagonist		250.71
peanuts.movie_tt2452042	2015	Patty	Patty		nm5975858	unknown			376.50
peanuts.movie_tt2452042	2015	Sally_Brown	Sally_Brown		nm5795303	female	protagonist		381.47
peanuts.movie_tt2452042	2015	Woodstock	Woodstock		nm0006837	male	protagonist		253.50
peanuts.movie_tt2452042	2015	Snoopy	Snoopy		nm0006837	male	protagonist		737.24
peanuts.movie_tt2452042	2015	Marcie	Marcie		nm6843974	female			349.68
peanuts.movie_tt2452042	2015	Peppermint_Patty	Peppermint_Patty		nm5908744	female			347.85
peanuts.movie_tt2452042	2015	Lucy_van_Pelt	Lucy_van_Pelt		nm5295511	female	antagonist		501.21
peanuts.movie_tt2452042	2015	Rerun_van_Pelt	Rerun_van_Pelt			unknown			388.26
peanuts.movie_tt2452042	2015	Frieda	Frieda		nm4941145	female			255.38
peanuts.movie_tt2452042	2015	Violet	Violet		nm4362215	female			254.63
peanuts.movie_tt2452042	2015	Charlie_Brown	Charlie_Brown		nm6907855	male	protagonist		1848.93
peanuts.movie_tt2452042	2015	Franklin	Franklin		nm5271978	male			365.57
peanuts.movie_tt2452042	2015	Pig-Pen	Pig-Pen		nm3611310	male			288.16
peanuts.movie_tt2452042	2015	Little_Kid	Little_Kid		nm7697637	unknown			225.52
peanuts.movie_tt2452042	2015	Linus_van_Pelt	Linus_van_Pelt		nm3476372	male	protagonist		155.91
peanuts.movie_tt2452042	2015	Fifi	Fifi		nm0155693	female	protagonist		133.34
peanuts.movie_tt2452042	2015	Little_Red-Haired_Girl	Little_Red-Haired_Girl			unknown	protagonist		79.12
penguins.of.mad_tt1911658	2014	Kowalski	Kowalski		nm1844237	male	protagonist		678.59
penguins.of.mad_tt1911658	2014	Private	Private		nm0971017	male	protagonist		406.86
penguins.of.mad_tt1911658	2014	Skipper	Skipper		nm0569891	male	protagonist		1106.73
penguins.of.mad_tt1911658	2014	Documentary_Filmmaker	Documentary_Filmmaker		nm0001348	male			13.39
penguins.of.mad_tt1911658	2014	Agent_Classified	Agent_Classified		nm1212722	male	protagonist		98.10
penguins.of.mad_tt1911658	2014	Woman_at_Aquarium	Woman_at_Aquarium		nm0506439	female			21.15
penguins.of.mad_tt1911658	2014	Character_1	Character_1			unknown			105.56
penguins.of.mad_tt1911658	2014	Dave_/_Dr._Octavius_Brine	Dave_/_Dr._Octavius_Brine		nm0000518	male	antagonist		286.24
penguins.of.mad_tt1911658	2014	Cricket	Cricket		nm2722653	male			3.75
penguins.of.mad_tt1911658	2014	Girl_at_Zoo	Girl_at_Zoo		nm3732165	female			7.01
penguins.of.mad_tt1911658	2014	Boy_at_Zoo	Boy_at_Zoo		nm5408447	unknown			9.59
penguins.of.mad_tt1911658	2014	Gondolier	Gondolier		nm0685308	male			27.61
penguins.of.mad_tt1911658	2014	Boy_at_Aquarium	Boy_at_Aquarium		nm5209463	male			6.63
penguins.of.mad_tt1911658	2014	Girl_with_Snow_Globe	Girl_with_Snow_Globe		nm3276538	unknown			42.38
penguins.of.mad_tt1911658	2014	New_York_Reporter	New_York_Reporter		nm2813994	male			44.59
penguins.of.mad_tt1911658	2014	Penguin_Fan	Penguin_Fan		nm0734989	male			3.21
penguins.of.mad_tt1911658	2014	Squid	Squid			unknown			78.70
penguins.of.mad_tt1911658	2014	Angry_Man	Angry_Man		nm2186742	unknown			13.18
penguins.of.mad_tt1911658	2014	Eva	Eva		nm3393732	female	protagonist		195.45
penguins.of.mad_tt1911658	2014	Short_Fuse	Short_Fuse		nm0421822	male	protagonist		166.62
penguins.of.mad_tt1911658	2014	Corporal	Corporal		nm0001780	male	protagonist		220.80
penguins.of.mad_tt1911658	2014	Wolf	Wolf			unknown			358.65
penguins.of.mad_tt1911658	2014	Pilot	Pilot		nm0443911	male			2.84
penguins.of.mad_tt1911658	2014	Mermaid_Penguin	Mermaid_Penguin		nm1615749	female			41.88
penguins.of.mad_tt1911658	2014	Aquarium_Employee	Aquarium_Employee		nm0443911	male			5.38
penguins.of.mad_tt1911658	2014	Mort	Mort		nm0725200	male			10.09
penguins.of.mad_tt1911658	2014	King_Julien	King_Julien		nm0414365	male			12.85
peter_rabbit	2018	Peter_Rabbit	Peter_Rabbit		nm0179479	male	protagonist		1246.08
peter_rabbit	2018	Mr._Tod	Mr._Tod		nm2417960	male			14.72
peter_rabbit	2018	Mopsy	Mopsy		nm4456120	female	protagonist		583.21
peter_rabbit	2018	Mr._Jeremy_Fisher	Mr._Jeremy_Fisher		nm1727304	male			5.05
peter_rabbit	2018	Mrs._Tiggly-Winkle	Mrs._Tiggly-Winkle		nm2397981	female			20.35
peter_rabbit	2018	Benjamin_Bunny	Benjamin_Bunny		nm0600461	male	protagonist		616.95
peter_rabbit	2018	Flopsy	Flopsy		nm3053338	female	protagonist		550.76
peter_rabbit	2018	Cotton-Tail	Cotton-Tail		nm5397459	female	protagonist		621.83
peter_rabbit	2018	Mr._Rabbit	Mr._Rabbit		nm0000986	male			39.62
peter_rabbit	2018	Mrs._Rabbit	Mrs._Rabbit		nm0001829	female			60.98
peter_rabbit	2018	Tommy_Brock	Tommy_Brock		nm0000554	male			27.15
peter_rabbit	2018	Pigling_Bland	Pigling_Bland		nm1191900	male			75.74
peter_rabbit	2018	Johnny_Town-Mouse	Johnny_Town-Mouse		nm0920992	male			12.26
peter_rabbit_2	2021	Peter_Rabbit	Peter_Rabbit		nm0179479	male	protagonist		1273.86
peter_rabbit_2	2021	Benjamin_Bunny	Benjamin_Bunny		nm0600461	male	protagonist		475.02
peter_rabbit_2	2021	Pigling_Bland	Pigling_Bland		nm1191900	male			95.64
peter_rabbit_2	2021	Cotton-Tail	Cotton-Tail		nm3375638	unknown	protagonist		435.18
peter_rabbit_2	2021	Flopsy	Flopsy		nm3053338	female	protagonist		410.37
peter_rabbit_2	2021	Mopsy	Mopsy		nm4456120	female	protagonist		443.90
peter_rabbit_2	2021	Tommy_Brock	Tommy_Brock		nm0000554	male			85.67
peter_rabbit_2	2021	Jemima_Puddle-Duck	Jemima_Puddle-Duck		nm0126284	female			50.97
peter_rabbit_2	2021	Mr._Tod	Mr._Tod		nm1691841	unknown			52.09
peter_rabbit_2	2021	Mr._Jeremy_Fisher	Mr._Jeremy_Fisher		nm1727304	male			3.34
peter_rabbit_2	2021	Mrs._Tiggly-Winkle	Mrs._Tiggly-Winkle		nm2397981	female			46.67
peter_rabbit_2	2021	Johnny_Town-Mouse	Johnny_Town-Mouse		nm0920992	male			23.48
peter_rabbit_2	2021	Kennedy_St._Squirrel	Kennedy_St._Squirrel		nm0214661	male			19.48
peter_rabbit_2	2021	Barnabas	Barnabas		nm0416694	male	antagonist		504.09
peter_rabbit_2	2021	Busker_K._Bushy,_Esq.	Busker_K._Bushy,_Esq.		nm2423358	male			22.77
peter_rabbit_2	2021	Samuel_Whiskers	Samuel_Whiskers		nm0214661	male			169.38
peter_rabbit_2	2021	Tom_Kitten	Tom_Kitten		nm0380632	male			166.12
peter_rabbit_2	2021	Mittens	Mittens		nm2017943	female			118.45
peter_rabbit_2	2021	Little_Pig_Robinson	Little_Pig_Robinson		nm0214661	male			23.19
peter_rabbit_2	2021	JW_Rooster_III	JW_Rooster_III		nm9993280	unknown			3.42
petes.dragon_tt0076538	1977	Elliott	Elliott		nm0130324	male	protagonist		795.67
pinocchio_tt0032910	1940	Jiminy_Cricket	Jiminy_Cricket		nm0249893	male	protagonist		1034.91
pinocchio_tt0032910	1940	Pinocchio_(character)	Pinocchio_(character)		nm0427934	male	protagonist		1343.59
pinocchio_tt0032910	1940	Figaro	Figaro			male	protagonist		425.72
pinocchio_tt0032910	1940	Geppetto	Geppetto		nm0747759	male	protagonist		448.07
pinocchio_tt0032910	1940	Cleo	Cleo			female	protagonist		93.72
pinocchio_tt0032910	1940	Dancing_Puppets	Dancing_Puppets			unknown			53.01
pinocchio_tt0032910	1940	Stromboli	Stromboli		nm0431882	male	antagonist		203.75
pinocchio_tt0032910	1940	Blue_Fairy	Blue_Fairy		nm0892867	female	protagonist		88.42
pinocchio_tt0032910	1940	The_Coachman	The_Coachman		nm0431882	male	antagonist		96.47
pinocchio_tt0032910	1940	Lampwick	Lampwick		nm0201660	male			113.20
pinocchio_tt0032910	1940	Honest_John	Honest_John		nm0146185	male	antagonist		315.31
pinocchio_tt0032910	1940	Gideon_(Pinocchio)	Gideon_(Pinocchio)		nm0000305	male	antagonist		82.96
pinocchio_tt0032910	1940	Cat_2	Cat_2			unknown			108.36
pinocchio_tt0032910	1940	Donkey	Donkey		nm0536499;nm0268428;nm0621699	unknown			54.80
planes_tt1691917	2013	Bravo	Bravo		nm0000174	male			39.79
planes_tt1691917	2013	Dusty_Crophopper	Dusty_Crophopper		nm0176981	male	protagonist		1019.44
planes_tt1691917	2013	Chug	Chug		nm0004951	male	protagonist		340.30
planes_tt1691917	2013	Dottie	Dottie		nm0000159	female	protagonist		280.86
planes_tt1691917	2013	Cars_3	Cars_3			unknown			28.74
planes_tt1691917	2013	Leadbottom	Leadbottom		nm0147825	male	protagonist		78.87
planes_tt1691917	2013	Ned	Ned		nm0407101	male	antagonist		51.22
planes_tt1691917	2013	Zed	Zed		nm0407101	male	antagonist		28.32
planes_tt1691917	2013	Roper	Roper		nm0005435	male			73.45
planes_tt1691917	2013	Cars_2	Cars_2			unknown			81.50
planes_tt1691917	2013	Cars_1	Cars_1			unknown			39.50
planes_tt1691917	2013	Harland	Harland		nm0001652	male			20.19
planes_tt1691917	2013	Ishani	Ishani		nm1231899	female	protagonist		107.07
planes_tt1691917	2013	Colin_Cowling	Colin_Cowling		nm3524850	male			11.30
pocahontas_tt0114148	1995	Lon	Lon		nm0048589	male			238.99
pocahontas_tt0114148	1995	Thomas	Thomas		nm0000288	male	protagonist		318.82
pocahontas_tt0114148	1995	Governor_Ratcliffe	Governor_Ratcliffe		nm0001773	male	antagonist		401.48
pocahontas_tt0114148	1995	Ben	Ben		nm0175262	male			240.32
pocahontas_tt0114148	1995	John_Smith	John_Smith		nm0000154	male	protagonist		809.89
pocahontas_tt0114148	1995	Kocoum	Kocoum		nm0266301	male	antagonist		177.34
pocahontas_tt0114148	1995	Percy_(Pocahontas)	Percy_(Pocahontas)		nm0542706	male			137.35
pocahontas_tt0114148	1995	Wiggins	Wiggins		nm0001773	male			112.74
pocahontas_tt0114148	1995	Pocahontas_	Pocahontas_		nm0065942	female	protagonist		1223.14
pocahontas_tt0114148	1995	Chief_Powhatan	Chief_Powhatan		nm0575184	male	protagonist		323.28
pocahontas_tt0114148	1995	Kekata	Kekata		nm0867588	male			58.73
pocahontas_tt0114148	1995	Nakoma	Nakoma		nm0820667	female	protagonist		172.71
pocahontas_tt0114148	1995	Flit	Flit		nm0919798	male			52.89
pocahontas_tt0114148	1995	Meeko	Meeko		nm0440885	male			252.00
pocahontas_tt0114148	1995	Grandmother_Willow	Grandmother_Willow		nm0001373	female	protagonist		115.32
pokmon.the.firs_tt0190641	1998	Dr._Fuji	Dr._Fuji		nm0058876	male			17.23
pokmon.the.firs_tt0190641	1998	Mewtwo	Mewtwo		nm0058876	male	antagonist		249.54
pokmon.the.firs_tt0190641	1998	Mew	Mew		nm0945290	male	protagonist		59.35
pokmon.the.firs_tt0190641	1998	Charizard_(Ash's)	Charizard_(Ash's)		nm0586528	male			130.63
pokmon.the.firs_tt0190641	1998	Meowth	Meowth		nm0006851	male			220.59
pokmon.the.firs_tt0190641	1998	Misty	Misty		nm0510418	female	protagonist		534.24
pokmon.the.firs_tt0190641	1998	Brock	Brock		nm0835688	male	protagonist		568.11
pokmon.the.firs_tt0190641	1998	Ash_Ketchum	Ash_Ketchum		nm0853301	male	protagonist		611.07
pokmon.the.firs_tt0190641	1998	Togepi_(Misty's)	Togepi_(Misty's)		nm0465631	female			20.40
pokmon.the.firs_tt0190641	1998	Pikachu_(Ash's)	Pikachu_(Ash's)		nm0649026	female	protagonist		418.79
pokmon.the.firs_tt0190641	1998	Raymond	Raymond		nm0006851	male			34.87
pokmon.the.firs_tt0190641	1998	Bulbasaur_(Ash's)	Bulbasaur_(Ash's)		nm0419760	female			136.55
pokmon.the.firs_tt0190641	1998	Squirtle_(Ash's)	Squirtle_(Ash's)		nm0835688	male			162.83
pokmon.the.firs_tt0190641	1998	Jessie	Jessie		nm0510418	female			196.78
pokmon.the.firs_tt0190641	1998	James	James		nm0835688	male			148.27
pokmon.the.firs_tt0190641	1998	Mewtwo_(Young)	Mewtwo_(Young)		nm0058876	male			72.41
pokmon.the.firs_tt0190641	1998	Corey	Corey		nm0507793	male			141.85
pokmon.the.firs_tt0190641	1998	Fergus	Fergus		nm0146097	male			103.81
pokmon.the.firs_tt0190641	1998	Neesha	Neesha		nm0651184	female			146.06
pokmon.the.firs_tt0190641	1998	Miranda	Miranda		nm0651184	female			84.38
pokmon.the.firs_tt0190641	1998	Officer_Jenny	Officer_Jenny		nm0703454	female			59.31
pokmon.the.firs_tt0190641	1998	Nurse_Joy	Nurse_Joy		nm0391125	female			182.43
pokmon.the.firs_tt0190641	1998	Gyarados	Gyarados		nm0411167	male			84.13
pokmon.the.firs_tt0190641	1998	Sandslash	Sandslash			unknown			41.29
pokmon.the.firs_tt0190641	1998	Staryu_(Misty's)	Staryu_(Misty's)		nm0586528	male			0.33
pokmon.the.firs_tt0190641	1998	Weezing_(James's)	Weezing_(James's)		nm0835688	male			5.09
pokmon.the.firs_tt0190641	1998	Vulpix_(Brock's)	Vulpix_(Brock's)		nm0510418	female			49.47
pokmon.the.firs_tt0190641	1998	Psyduck_(Misty's)	Psyduck_(Misty's)		nm0354126	unknown			83.50
pokmon.the.firs_tt0190641	1998	Venusaur	Venusaur		nm0354126	unknown			98.93
pokmon.the.firs_tt0190641	1998	Shellshocker_(Neesha's)	Shellshocker_(Neesha's)		nm0312656	male			156.91
pokmon.the.firs_tt0190641	1998	Rapidash	Rapidash			unknown			30.16
pokmon.the.firs_tt0190641	1998	Ninetales	Ninetales		nm0736994	female			7.26
pokmon.the.firs_tt0190641	1998	Vaporeon	Vaporeon		nm0736994	female			26.86
polar.express_tt0338348	2004	Hero_Boy	Hero_Boy		nm0754512	male	protagonist		1655.40
polar.express_tt0338348	2004	Toothless_Boy	Toothless_Boy			unknown			108.82
polar.express_tt0338348	2004	Sarah	Sarah		nm1717660	unknown	protagonist		85.13
polar.express_tt0338348	2004	Billy	Billy		nm1497548	male	protagonist		398.23
polar.express_tt0338348	2004	Hero_Girl	Hero_Girl		nm0310850	female	protagonist		743.16
polar.express_tt0338348	2004	Conductor	Conductor		nm0000158	male	protagonist		521.23
polar.express_tt0338348	2004	Know-it-All	Know-it-All		nm0214430	male	protagonist		184.93
polar.express_tt0338348	2004	Red_Head_Girl	Red_Head_Girl			unknown			50.68
polar.express_tt0338348	2004	Santa_Claus	Santa_Claus		nm0000158	male	protagonist		68.74
polar.express_tt0338348	2004	Waiters	Waiters			unknown			22.40
polar.express_tt0338348	2004	Pastry_Chefs	Pastry_Chefs			unknown			4.92
polar.express_tt0338348	2004	Hobo	Hobo		nm0000158	male	protagonist		145.02
polar.express_tt0338348	2004	Smokey	Smokey		nm0812220	male			63.02
polar.express_tt0338348	2004	Elves	Elves			male	protagonist		73.03
polar.express_tt0338348	2004	Elf_Lieutenant	Elf_Lieutenant		nm0878911	male			27.82
prince.of.egypt_tt0120794	1998	Character_1	Character_1			unknown			195.24
prince.of.egypt_tt0120794	1998	Character_3	Character_3			unknown			81.37
prince.of.egypt_tt0120794	1998	Character_2	Character_2			unknown			42.13
prince.of.egypt_tt0120794	1998	Aaron	Aaron		nm0000156	male	protagonist		282.37
prince.of.egypt_tt0120794	1998	Pharaoh_Seti_I	Pharaoh_Seti_I		nm0001772	male	antagonist		303.01
prince.of.egypt_tt0120794	1998	Yocheved	Yocheved		nm0371866	female			200.53
prince.of.egypt_tt0120794	1998	Miriam_(Young)	Miriam_(Young)		nm0726180	female			151.03
prince.of.egypt_tt0120794	1998	Miriam	Miriam		nm0000113	female	protagonist		361.44
prince.of.egypt_tt0120794	1998	Queen_Tuya	Queen_Tuya		nm0000545	female			162.04
prince.of.egypt_tt0120794	1998	Ramses'_Son	Ramses'_Son		nm0609424	unknown			82.25
prince.of.egypt_tt0120794	1998	Moses	Moses		nm0000174	male	protagonist		1617.53
prince.of.egypt_tt0120794	1998	Rameses	Rameses		nm0000146	male	antagonist		158.32
prince.of.egypt_tt0120794	1998	Huy	Huy		nm0001737	male	antagonist		92.55
prince.of.egypt_tt0120794	1998	Hotep	Hotep		nm0000188	male	antagonist		89.71
prince.of.egypt_tt0120794	1998	Tzipporah	Tzipporah		nm0000201	female	protagonist		308.47
princess.and.th_tt0780521	2009	Charlotte_La_Bouff	Charlotte_La_Bouff		nm2278607	female	protagonist		376.71
princess.and.th_tt0780521	2009	Marcel	Marcel			male			22.86
princess.and.th_tt0780521	2009	Tiana_Rogers	Tiana_Rogers		nm0741242	female	protagonist		801.13
princess.and.th_tt0780521	2009	Eudora	Eudora		nm0001856	female			247.25
princess.and.th_tt0780521	2009	Eli_La_Bouff	Eli_La_Bouff			male			129.46
princess.and.th_tt0780521	2009	James_Rogers	James_Rogers		nm0005024	male			146.35
princess.and.th_tt0780521	2009	Buford_(The_Princess_and_the_Frog)	Buford_(The_Princess_and_the_Frog)		nm0173485	male			58.43
princess.and.th_tt0780521	2009	Prince_Naveen	Prince_Naveen		nm0004797	male	protagonist		351.27
princess.and.th_tt0780521	2009	Tiana_(frog)	Tiana_(frog)		nm0741242	female			774.40
princess.and.th_tt0780521	2009	Prince_Ralphie	Prince_Ralphie		nm3711404	unknown			10.80
princess.and.th_tt0780521	2009	Dr._Facilier	Dr._Facilier		nm0202966	male	antagonist		323.07
princess.and.th_tt0780521	2009	Lawrence_(The_Princess_and_the_Frog)	Lawrence_(The_Princess_and_the_Frog)		nm0058874	male	antagonist		175.80
princess.and.th_tt0780521	2009	Harvey_Fenner_	Harvey_Fenner_		nm0123553	male			44.71
princess.and.th_tt0780521	2009	Queen_of_Maldonia	Queen_of_Maldonia			unknown			8.59
princess.and.th_tt0780521	2009	Facilier's_Friends_on_the_Other_Side	Facilier's_Friends_on_the_Other_Side			male	antagonist		22.27
princess.and.th_tt0780521	2009	Stella	Stella			female			3.04
princess.and.th_tt0780521	2009	Louis_(The_Princess_and_the_Frog)	Louis_(The_Princess_and_the_Frog)		nm1496365	male	protagonist		371.91
princess.and.th_tt0780521	2009	Prince_Naveen_(frog)	Prince_Naveen_(frog)		nm0004797	male			908.95
princess.and.th_tt0780521	2009	Reggie	Reggie		nm0599907	male			57.60
princess.and.th_tt0780521	2009	Butterflies_(The_Princess_and_the_Frog)	Butterflies_(The_Princess_and_the_Frog)			unknown			9.26
princess.and.th_tt0780521	2009	Ray	Ray		nm0191906	male	protagonist		325.58
princess.and.th_tt0780521	2009	Firefly_Family	Firefly_Family			unknown			18.73
princess.and.th_tt0780521	2009	Beaudreaux	Beaudreaux			unknown			15.77
princess.and.th_tt0780521	2009	Two-Fingers	Two-Fingers			unknown			27.99
princess.and.th_tt0780521	2009	Darnell	Darnell		nm2320658	male			52.68
princess.and.th_tt0780521	2009	Mama_Odie	Mama_Odie		nm0507338	female	protagonist		174.26
puss.in.boots.t_tt3915174	2022	Ohhh_Cat	Ohhh_Cat		nm2130108	male			10.64
puss.in.boots.t_tt3915174	2022	Jan_Serpent	Jan_Serpent		nm2016157	female			81.00
puss.in.boots.t_tt3915174	2022	Governor's_Assistant	Governor's_Assistant		nm0881938	female			17.18
puss.in.boots.t_tt3915174	2022	Band_Members	Band_Members		nm3150455	male			35.54
puss.in.boots.t_tt3915174	2022	Jo_Serpent	Jo_Serpent		nm4161838	female			34.08
puss.in.boots.t_tt3915174	2022	Goldilocks	Goldilocks		nm6073955	female	antagonist		338.80
puss.in.boots.t_tt3915174	2022	Little_Boy	Little_Boy		nm10530209	male			23.82
puss.in.boots.t_tt3915174	2022	Little_Jack_Audience_Member	Little_Jack_Audience_Member		nm1121631	male			9.34
puss.in.boots.t_tt3915174	2022	Puss_in_Boots	Puss_in_Boots		nm0000104	male	protagonist		1576.58
puss.in.boots.t_tt3915174	2022	Mama_Luna	Mama_Luna		nm5007768	female			55.06
puss.in.boots.t_tt3915174	2022	Governor	Governor		nm1960207	male			25.23
puss.in.boots.t_tt3915174	2022	Goldi_(Young)	Goldi_(Young)		nm12080960	unknown			31.57
puss.in.boots.t_tt3915174	2022	Doctor	Doctor		nm2373831	male			67.90
puss.in.boots.t_tt3915174	2022	Baker's_Dozen_Gang_Members	Baker's_Dozen_Gang_Members		nm2591093	unknown			8.13
puss.in.boots.t_tt3915174	2022	Gingy	Gingy		nm0970447	male			3.84
puss.in.boots.t_tt3915174	2022	Bartender	Bartender		nm0734989	male			2.25
puss.in.boots.t_tt3915174	2022	Wolf	Wolf		nm0609944	male	antagonist		204.58
puss.in.boots.t_tt3915174	2022	Kitty_Softpaws	Kitty_Softpaws		nm0000161	female	protagonist		592.09
puss.in.boots.t_tt3915174	2022	Jack_Horner	Jack_Horner		nm1825214	male	antagonist		285.91
puss.in.boots.t_tt3915174	2022	Baby_Bear	Baby_Bear		nm4478685	male	antagonist		297.67
puss.in.boots.t_tt3915174	2022	Mama_Bear	Mama_Bear		nm1469236	female	antagonist		308.27
puss.in.boots.t_tt3915174	2022	Papa_Bear	Papa_Bear		nm0935653	male	antagonist		256.72
puss.in.boots.t_tt3915174	2022	Perrito	Perrito		nm2957490	male	protagonist		571.40
puss.in.boots.t_tt3915174	2022	Last_Baker	Last_Baker		nm5906920	female			7.72
puss.in.boots.t_tt3915174	2022	Pinocchio	Pinocchio		nm0970606	male			4.84
puss.in.boots.t_tt3915174	2022	Ethical_Bug	Ethical_Bug		nm2162374	unknown			55.14
puss.in.boots_tt0448694	2011	Puss_in_Boots	Puss_in_Boots		nm0000104	male	protagonist		1340.51
puss.in.boots_tt0448694	2011	Bounty_Hunter	Bounty_Hunter		nm0226206	unknown			21.10
puss.in.boots_tt0448694	2011	Jack	Jack		nm0000671	male	antagonist		77.37
puss.in.boots_tt0448694	2011	Manuel	Manuel		nm1844237	male			38.66
puss.in.boots_tt0448694	2011	Luis	Luis		nm3112957	unknown			39.37
puss.in.boots_tt0448694	2011	Bartender	Bartender		nm1117226	male			15.43
puss.in.boots_tt0448694	2011	Raoul	Raoul		nm0970447	male			63.06
puss.in.boots_tt0448694	2011	Rafael	Rafael		nm1844237	male			16.68
puss.in.boots_tt0448694	2011	Moustache_Man	Moustache_Man		nm0868219	male			56.72
puss.in.boots_tt0448694	2011	Hotel_Owner	Hotel_Owner		nm1117226	male			37.75
puss.in.boots_tt0448694	2011	Jill	Jill		nm0781238	female	antagonist		82.29
puss.in.boots_tt0448694	2011	Milk_Lady	Milk_Lady		nm1195845	female			15.77
puss.in.boots_tt0448694	2011	Rodrigo	Rodrigo		nm1117226	male			12.18
puss.in.boots_tt0448694	2011	Ivana	Ivana		nm0058109	female			15.01
puss.in.boots_tt0448694	2011	Little_Boy	Little_Boy		nm1195845	female			18.10
puss.in.boots_tt0448694	2011	Kitty_Softpaws	Kitty_Softpaws		nm0000161	female	protagonist		545.21
puss.in.boots_tt0448694	2011	Humpty_Alexander_Dumpty	Humpty_Alexander_Dumpty		nm0302108	male	antagonist		752.29
puss.in.boots_tt0448694	2011	Imelda	Imelda		nm0005186	female			134.47
puss.in.boots_tt0448694	2011	Charo	Charo		nm0058109	female			13.72
puss.in.boots_tt0448694	2011	Mean_Boy	Mean_Boy		nm1117226	male			4.50
puss.in.boots_tt0448694	2011	Little_Boy_Blue	Little_Boy_Blue		nm1844237	male			6.09
puss.in.boots_tt0448694	2011	Ohhh_Cat	Ohhh_Cat		nm2130108	male			41.33
puss.in.boots_tt0448694	2011	Prison_Guard	Prison_Guard		nm1844237	male			30.36
puss.in.boots_tt0448694	2011	Friar_Miller	Friar_Miller		nm1844237	male			3.50
puss.in.boots_tt0448694	2011	Comandante	Comandante		nm0868219	male			71.78
puss.in.boots_tt0448694	2011	Estella_Maria	Estella_Maria		nm1470330	unknown			18.77
puss.in.boots_tt0448694	2011	Soldier	Soldier		nm0970447	male			48.09
puss.in.boots_tt0448694	2011	Chick	Chick			unknown			91.63
puss.in.boots_tt0448694	2011	Andy_Beanstalk	Andy_Beanstalk		nm0593610	male			51.22
puss.in.boots_tt0448694	2011	Geese	Geese			unknown			51.30
puss.in.boots_tt0448694	2011	Guiseppe	Guiseppe		nm0427079	male			3.42
ralph.breaks.th_tt5848272	2018	Vanellope_von_Schweetz	Vanellope_von_Schweetz		nm0798971	female	protagonist		1704.24
ralph.breaks.th_tt5848272	2018	Wreck-It_Ralph	Wreck-It_Ralph		nm0000604	male	protagonist		1965.67
ralph.breaks.th_tt5848272	2018	Zangief	Zangief		nm0601781	male			18.73
ralph.breaks.th_tt5848272	2018	Belle	Belle		nm0641314	female			105.77
ralph.breaks.th_tt5848272	2018	Sgt._Calhoun	Sgt._Calhoun		nm0528331	female			108.02
ralph.breaks.th_tt5848272	2018	Gene	Gene		nm0675442	male			49.22
ralph.breaks.th_tt5848272	2018	Fix-It-Felix	Fix-It-Felix		nm1442113	male			209.21
ralph.breaks.th_tt5848272	2018	Sonic_the_Hedgehog	Sonic_the_Hedgehog		nm1886746	male			40.96
ralph.breaks.th_tt5848272	2018	Sour_Bill	Sour_Bill		nm0601781	male			17.06
ralph.breaks.th_tt5848272	2018	Felony	Felony		nm4399227	female			63.40
ralph.breaks.th_tt5848272	2018	Princess_Aurora	Princess_Aurora		nm1512156	female			64.98
ralph.breaks.th_tt5848272	2018	Surge_Protector	Surge_Protector		nm1601882	male			98.93
ralph.breaks.th_tt5848272	2018	McNeely	McNeely		nm7187850	male			33.95
ralph.breaks.th_tt5848272	2018	Nafisa	Nafisa		nm5643385	female			33.91
ralph.breaks.th_tt5848272	2018	Swati	Swati		nm5415922	female			55.01
ralph.breaks.th_tt5848272	2018	Taffyta_Muttonfudge	Taffyta_Muttonfudge		nm3830257	female			64.94
ralph.breaks.th_tt5848272	2018	Candlehead	Candlehead		nm1705090	female			49.84
ralph.breaks.th_tt5848272	2018	Stan_Litwak	Stan_Litwak		nm0642145	male			47.51
ralph.breaks.th_tt5848272	2018	Little_Debbie	Little_Debbie			unknown			87.09
ralph.breaks.th_tt5848272	2018	Princess_Ariel	Princess_Ariel		nm0072533	female			106.19
ralph.breaks.th_tt5848272	2018	Duncan	Duncan		nm0764445	male			2.00
ralph.breaks.th_tt5848272	2018	Lee_the_Office_Nerd	Lee_the_Office_Nerd		nm3931538	male			21.60
ralph.breaks.th_tt5848272	2018	Jimmy	Jimmy		nm5803981	male			23.48
ralph.breaks.th_tt5848272	2018	Tapper	Tapper		nm0005606	male			16.31
ralph.breaks.th_tt5848272	2018	Ballet_Mom	Ballet_Mom		nm0651067	female			67.32
ralph.breaks.th_tt5848272	2018	Knowsmore	Knowsmore		nm0876138	male			131.30
ralph.breaks.th_tt5848272	2018	Elsa	Elsa		nm0579953	female			130.13
ralph.breaks.th_tt5848272	2018	Spamley	Spamley		nm0352778	male			165.04
ralph.breaks.th_tt5848272	2018	Moana	Moana		nm7635388	female			124.17
ralph.breaks.th_tt5848272	2018	Tiana	Tiana		nm0741242	female			13.47
ralph.breaks.th_tt5848272	2018	Cinderella	Cinderella		nm0354937	female			115.87
ralph.breaks.th_tt5848272	2018	ebay_Elayne	ebay_Elayne		nm0936607	female			26.03
ralph.breaks.th_tt5848272	2018	Snow_White	Snow_White		nm0962596	female			89.26
ralph.breaks.th_tt5848272	2018	Butcher_Boy	Butcher_Boy		nm3985937	male			61.19
ralph.breaks.th_tt5848272	2018	Shank	Shank		nm2933757	female			260.01
ralph.breaks.th_tt5848272	2018	Pyro	Pyro		nm1591283	male			58.43
ralph.breaks.th_tt5848272	2018	Mulan	Mulan		nm0001840	female			64.02
ralph.breaks.th_tt5848272	2018	Pocahontas	Pocahontas		nm0065942	female			123.33
ralph.breaks.th_tt5848272	2018	Eboy	Eboy		nm4677867	male			19.81
ralph.breaks.th_tt5848272	2018	Yesss	Yesss		nm0378245	female			185.64
ralph.breaks.th_tt5848272	2018	Maybe	Maybe		nm2063276	unknown			85.54
ralph.breaks.th_tt5848272	2018	Instagram_Pop-Up	Instagram_Pop-Up			unknown			5.51
ralph.breaks.th_tt5848272	2018	Buzz_Lightyear	Buzz_Lightyear		nm0000741	male			4.34
ralph.breaks.th_tt5848272	2018	Princess_Merida	Princess_Merida		nm0531808	female			37.33
ralph.breaks.th_tt5848272	2018	Princess_Jasmine	Princess_Jasmine		nm0488306	female			44.79
ralph.breaks.th_tt5848272	2018	Anna	Anna		nm0068338	female			109.07
ralph.breaks.th_tt5848272	2018	Rapunzel	Rapunzel		nm0601553	female			116.53
ralph.breaks.th_tt5848272	2018	News_Anchor	News_Anchor		nm1872698	female			13.26
ralph.breaks.th_tt5848272	2018	Hey_Nongman	Hey_Nongman		nm1727621	male			14.10
ralph.breaks.th_tt5848272	2018	Groot	Groot		nm0004874	male			15.14
ralph.breaks.th_tt5848272	2018	Stormtroopers	Stormtroopers		nm2119461	male			11.39
ralph.breaks.th_tt5848272	2018	Grumpy	Grumpy		nm0123553	male			3.71
ralph.breaks.th_tt5848272	2018	C-3PO	C-3PO		nm0000355	male			4.50
ralph.breaks.th_tt5848272	2018	Double_Dan	Double_Dan		nm0000547	male			60.73
rango_tt1192628	2011	Wounded_Bird	Wounded_Bird		nm0083655	male			86.13
rango_tt1192628	2011	Mariachi_Owls	Mariachi_Owls			unknown			133.47
rango_tt1192628	2011	Rango	Rango		nm0000136	male	protagonist		1851.10
rango_tt1192628	2011	Roadkill	Roadkill		nm0000547	male	protagonist		76.49
rango_tt1192628	2011	Spoons	Spoons		nm1178832	male			102.98
rango_tt1192628	2011	Rock-Eye	Rock-Eye		nm1099085	male			22.27
rango_tt1192628	2011	Hawk	Hawk			female	antagonist		43.04
rango_tt1192628	2011	Beans	Beans		nm0279545	female	protagonist		842.38
rango_tt1192628	2011	Priscilla	Priscilla		nm1113550	female			143.69
rango_tt1192628	2011	Furgus	Furgus		nm0854702	male			164.87
rango_tt1192628	2011	Ezekiel	Ezekiel		nm0440229	male			112.32
rango_tt1192628	2011	Elgin	Elgin		nm0182824	male			111.15
rango_tt1192628	2011	Ambrose	Ambrose		nm0000718	male			93.93
rango_tt1192628	2011	Buford	Buford		nm0163703	male			157.28
rango_tt1192628	2011	Doc_Kenny	Doc_Kenny		nm0740535	male			110.44
rango_tt1192628	2011	Bad_Bill	Bad_Bill		nm0935653	male	antagonist		57.89
rango_tt1192628	2011	Waffles	Waffles		nm0126096	male			153.95
rango_tt1192628	2011	Merrimack	Merrimack		nm0740535	male			70.86
rango_tt1192628	2011	Sergeant_Turley	Sergeant_Turley		nm0893659	male			51.63
rango_tt1192628	2011	Angelique	Angelique		nm0085227	female			55.35
rango_tt1192628	2011	Mayor	Mayor		nm0000885	male	antagonist		226.27
rango_tt1192628	2011	Rattlesnake_Jake	Rattlesnake_Jake		nm0631490	male	antagonist		140.06
ratatouille_tt0382932	2007	Auguste_Gusteau	Auguste_Gusteau		nm0004951	male	protagonist		163.66
ratatouille_tt0382932	2007	Anton_Ego	Anton_Ego		nm0000564	male	antagonist		298.38
ratatouille_tt0382932	2007	Remy	Remy		nm0652663	male	protagonist		1183.60
ratatouille_tt0382932	2007	Django	Django		nm0001133	male	protagonist		254.25
ratatouille_tt0382932	2007	Emile	Emile		nm0812307	male	protagonist		387.55
ratatouille_tt0382932	2007	Mabel_(Ratatouille)	Mabel_(Ratatouille)		nm15746381	female			37.16
ratatouille_tt0382932	2007	Mustafa	Mustafa		nm0001652	male			134.59
ratatouille_tt0382932	2007	Lalo	Lalo		nm2029107	unknown			110.07
ratatouille_tt0382932	2007	Pompidou	Pompidou		nm0297306	male			97.51
ratatouille_tt0382932	2007	Colette_Tatou	Colette_Tatou		nm0000413	female	protagonist		616.12
ratatouille_tt0382932	2007	Horst	Horst		nm0004715	male			170.71
ratatouille_tt0382932	2007	Health_Inspector	Health_Inspector		nm0297306	male	antagonist		63.19
ratatouille_tt0382932	2007	Larousse	Larousse		nm0001664	male			126.33
ratatouille_tt0382932	2007	Alfredo_Linguini	Alfredo_Linguini		nm0738918	male	protagonist		1361.19
ratatouille_tt0382932	2007	Chef_Skinner	Chef_Skinner		nm0000453	male	antagonist		592.09
ratatouille_tt0382932	2007	Talon_Labarthe	Talon_Labarthe		nm0628599	male			148.15
ratatouille_tt0382932	2007	Ambrister_Minion	Ambrister_Minion		nm0083348	male			34.62
raya.and.the.la_tt5109280	2021	Buon	Buon		nm9865565	male	protagonist		359.86
raya.and.the.la_tt5109280	2021	Raya_(Young)	Raya_(Young)		nm4511652	female			426.80
raya.and.the.la_tt5109280	2021	Tuk_Tuk	Tuk_Tuk		nm0876138	male	protagonist		149.36
raya.and.the.la_tt5109280	2021	Spine_Warrior	Spine_Warrior		nm1901842	female			32.32
raya.and.the.la_tt5109280	2021	Chief_Benja	Chief_Benja		nm0196654	male	protagonist		254.38
raya.and.the.la_tt5109280	2021	Dang_Hai	Dang_Hai		nm0437646	male			64.98
raya.and.the.la_tt5109280	2021	Merchant_#2	Merchant_#2		nm11260551	unknown			16.14
raya.and.the.la_tt5109280	2021	Merchant	Merchant		nm7153883	female			79.41
raya.and.the.la_tt5109280	2021	Tail_Chief	Tail_Chief		nm8773928	female			18.18
raya.and.the.la_tt5109280	2021	Spine_Chief	Spine_Chief		nm5224900	male			45.17
raya.and.the.la_tt5109280	2021	General_Atitaya	General_Atitaya		nm1901842	female			81.62
raya.and.the.la_tt5109280	2021	Virana	Virana		nm0644897	female			127.92
raya.and.the.la_tt5109280	2021	Dang_Hu	Dang_Hu		nm0814586	female			58.48
raya.and.the.la_tt5109280	2021	Fang_Officer	Fang_Officer		nm7153883	female			48.01
raya.and.the.la_tt5109280	2021	Namaari_(Young)	Namaari_(Young)		nm2033115	female			147.56
raya.and.the.la_tt5109280	2021	Sisu	Sisu		nm5377144	female	protagonist		561.56
raya.and.the.la_tt5109280	2021	Namaari	Namaari		nm2110418	female	antagonist		351.89
raya.and.the.la_tt5109280	2021	Raya	Raya		nm4511652	female	protagonist		1261.14
raya.and.the.la_tt5109280	2021	Chai	Chai		nm0661864	male			64.36
raya.and.the.la_tt5109280	2021	Wahn	Wahn		nm0154236	male			48.63
raya.and.the.la_tt5109280	2021	Sisu_(human)	Sisu_(human)		nm5377144	female			437.10
raya.and.the.la_tt5109280	2021	Ongis	Ongis			unknown	protagonist		128.84
raya.and.the.la_tt5109280	2021	Noi	Noi		nm8009776	female	protagonist		246.25
raya.and.the.la_tt5109280	2021	Tong	Tong		nm0938950	male	protagonist		267.85
rescuers_tt0076618	1977	Ellie_Mae	Ellie_Mae		nm0634282	female			84.17
rescuers_tt0076618	1977	Luke	Luke		nm0125426	male			126.33
rescuers_tt0076618	1977	Bernard	Bernard		nm0627878	male	protagonist		830.12
rescuers_tt0076618	1977	Chairmouse	Chairmouse			male			64.31
rescuers_tt0076618	1977	Mr._Chairman	Mr._Chairman		nm0288882	male			42.21
rescuers_tt0076618	1977	Deacon_Owl	Deacon_Owl		nm0275835	male			31.70
rescuers_tt0076618	1977	Digger	Digger		nm0852305	male			14.51
rescuers_tt0076618	1977	Miss_Bianca	Miss_Bianca		nm0001247	female	protagonist		659.70
rescuers_tt0076618	1977	Rufus	Rufus		nm0570615	male	protagonist		129.84
rescuers_tt0076618	1977	Penny	Penny		nm0821094	female	protagonist		531.28
rescuers_tt0076618	1977	Madame_Medusa	Madame_Medusa		nm0656183	female	antagonist		334.13
rescuers_tt0076618	1977	Orville	Orville		nm0430015	male	protagonist		80.87
rescuers_tt0076618	1977	Mr._Snoops	Mr._Snoops		nm0283499	male	antagonist		147.77
rescuers_tt0076618	1977	Brutus	Brutus		nm0531763	male	antagonist		103.10
rescuers_tt0076618	1977	Evinrude	Evinrude		nm0531763	male	protagonist		82.21
rescuers_tt0076618	1977	Gramps	Gramps		nm0166307	male			25.03
rescuers_tt0076618	1977	Deadeye	Deadeye		nm0512357	male			36.24
rescuers_tt0076618	1977	TV_Announcer	TV_Announcer		nm0573350	male			17.64
rio.2_tt2357291	2014	Fernando	Fernando		nm1545471	male			9.84
rio.2_tt2357291	2014	Mom	Mom		nm0741612	female			5.38
rio.2_tt2357291	2014	Newscaster	Newscaster		nm1293847	female			37.12
rio.2_tt2357291	2014	Pedro	Pedro		nm1443238	male			229.19
rio.2_tt2357291	2014	Nico	Nico		nm0004937	male			205.46
rio.2_tt2357291	2014	Coin_Toss_Bird	Coin_Toss_Bird		nm3486549	unknown			5.42
rio.2_tt2357291	2014	Blu	Blu		nm0251986	male	protagonist		902.11
rio.2_tt2357291	2014	Jewel	Jewel		nm0004266	female	protagonist		680.10
rio.2_tt2357291	2014	Carla	Carla		nm3907105	female			155.36
rio.2_tt2357291	2014	Tiago	Tiago		nm3163952	male			163.83
rio.2_tt2357291	2014	Rafael	Rafael		nm0520064	male			125.17
rio.2_tt2357291	2014	Felipe	Felipe		nm5248990	male	antagonist		101.06
rio.2_tt2357291	2014	Bia	Bia		nm3964350	female			155.41
rio.2_tt2357291	2014	Luiz	Luiz		nm0605079	male			56.39
rio.2_tt2357291	2014	Tiny	Tiny		nm2177528	female			32.87
rio.2_tt2357291	2014	Aunt_Mimi	Aunt_Mimi		nm0001549	female			68.15
rio.2_tt2357291	2014	Swinging_Audition_Monkey	Swinging_Audition_Monkey		nm2785043	unknown			28.03
rio.2_tt2357291	2014	Tulio	Tulio		nm0763928	male	protagonist		230.81
rio.2_tt2357291	2014	Linda	Linda		nm0005182	female	protagonist		305.72
rio.2_tt2357291	2014	Obnoxious_Kid	Obnoxious_Kid		nm6400053	male			29.24
rio.2_tt2357291	2014	Opera_Bird	Opera_Bird		nm5118175	unknown			9.30
rio.2_tt2357291	2014	Blue_Sentry	Blue_Sentry		nm1960207	male			24.11
rio.2_tt2357291	2014	Peri	Peri		nm0305261	male			24.73
rio.2_tt2357291	2014	Eduardo	Eduardo		nm0000412	male			360.28
rio.2_tt2357291	2014	Gabi	Gabi		nm0155693	female	antagonist		127.63
rio.2_tt2357291	2014	Street_Vendor	Street_Vendor		nm0005223	male			30.70
rio.2_tt2357291	2014	Dr._Monae	Dr._Monae		nm1847117	female			4.30
rio.2_tt2357291	2014	Logging_Foreman	Logging_Foreman		nm0858378	male			49.47
rio.2_tt2357291	2014	Big_Boss	Big_Boss		nm0001208	male	antagonist		69.94
rio.2_tt2357291	2014	Old_Bird	Old_Bird		nm0364814	male			1.13
rio.2_tt2357291	2014	Roberto	Roberto		nm3960069	male			152.03
rio.2_tt2357291	2014	Claira	Claira		nm4913592	female			21.77
rio.2_tt2357291	2014	Porcupine_Game_Announcer	Porcupine_Game_Announcer		nm1102153	male			30.82
rio.2_tt2357291	2014	Rapping_Sloth	Rapping_Sloth		nm4899514	unknown			8.22
rio.2_tt2357291	2014	Capoeira_Turtle	Capoeira_Turtle		nm0175828	male			18.39
rio.2_tt2357291	2014	Tapir_Game_Announcer	Tapir_Game_Announcer		nm1215293	unknown			32.74
rio_tt1436562	2011	Trapped_Bird	Trapped_Bird		nm0001855	male			23.44
rio_tt1436562	2011	Neurotic_Bird	Neurotic_Bird		nm1682096	female			4.38
rio_tt1436562	2011	Pedro	Pedro		nm1443238	male	protagonist		253.75
rio_tt1436562	2011	Blue	Blue		nm0251986	male	protagonist		939.65
rio_tt1436562	2011	Linda	Linda		nm0005182	female	protagonist		687.69
rio_tt1436562	2011	Newscaster	Newscaster			female			26.82
rio_tt1436562	2011	Fernando	Fernando		nm1545471	male	protagonist		240.28
rio_tt1436562	2011	Young_Linda	Young_Linda		nm1157657	unknown			8.01
rio_tt1436562	2011	Tulio_Monteiro	Tulio_Monteiro		nm0763928	male	protagonist		448.78
rio_tt1436562	2011	Alice_&_Chloe	Alice_&_Chloe						0.42
rio_tt1436562	2011	Armando	Armando		nm4388011	male	antagonist		149.86
rio_tt1436562	2011	Dr._Barbosa	Dr._Barbosa		nm2785043	female			11.68
rio_tt1436562	2011	Nico	Nico		nm0004937	male	protagonist		234.69
rio_tt1436562	2011	Nigel	Nigel		nm1318596	male	antagonist		167.79
rio_tt1436562	2011	Aviary_Intern	Aviary_Intern		nm0679888	male			22.52
rio_tt1436562	2011	Jewel	Jewel		nm0004266	female	protagonist		632.55
rio_tt1436562	2011	Slyvio	Slyvio		nm1960207	male			44.00
rio_tt1436562	2011	Tipa	Tipa		nm0305261	male	antagonist		192.48
rio_tt1436562	2011	Marcel	Marcel		nm0005317	male	antagonist		162.83
rio_tt1436562	2011	Luiz	Luiz		nm0605079	male	protagonist		103.77
rio_tt1436562	2011	0.NOTAFACE	0.NOTAFACE			unknown			4.92
rio_tt1436562	2011	Toucan_Kids	Toucan_Kids		nm15753583	male			136.55
rio_tt1436562	2011	Rafael	Rafael		nm0520064	male	protagonist		145.69
rio_tt1436562	2011	The_Marmosets	The_Marmosets			unknown	antagonist		107.40
rio_tt1436562	2011	Boy_in_Gondola	Boy_in_Gondola		nm3637636	female			7.67
rio_tt1436562	2011	Mauro	Mauro			male	antagonist		80.04
rio_tt1436562	2011	Carnival_girl	Carnival_girl			unknown			8.51
rise.of.the.gua_tt1446192	2012	Jack_Frost	Jack_Frost		nm1517976	male	protagonist		1265.10
rise.of.the.gua_tt1446192	2012	Jamie_Bennett	Jamie_Bennett		nm2023672	male	protagonist		450.82
rise.of.the.gua_tt1446192	2012	Elves	Elves			unknown			47.55
rise.of.the.gua_tt1446192	2012	Nicholas_St._North	Nicholas_St._North		nm0000285	male	protagonist		635.68
rise.of.the.gua_tt1446192	2012	Claude	Claude		nm3262224	male			111.28
rise.of.the.gua_tt1446192	2012	Baby_Tooth	Baby_Tooth		nm0279545	female			80.66
rise.of.the.gua_tt1446192	2012	Toothiana	Toothiana		nm0279545	female	protagonist		464.59
rise.of.the.gua_tt1446192	2012	Sandy	Sandy			male	protagonist		305.68
rise.of.the.gua_tt1446192	2012	E._Aster_Bunnymund	E._Aster_Bunnymund		nm0413168	male	protagonist		465.09
rise.of.the.gua_tt1446192	2012	Mary	Mary			unknown			28.15
rise.of.the.gua_tt1446192	2012	Caleb	Caleb		nm1367048	male			91.51
rise.of.the.gua_tt1446192	2012	Sophie_Bennet	Sophie_Bennet		nm5361585	unknown			50.93
rise.of.the.gua_tt1446192	2012	Monty	Monty		nm3161916	male			68.44
rise.of.the.gua_tt1446192	2012	Pippa	Pippa		nm2810621	unknown			89.42
rise.of.the.gua_tt1446192	2012	Cupcake	Cupcake		nm3676232	female			85.84
rise.of.the.gua_tt1446192	2012	Pitch_Black	Pitch_Black		nm0000179	male	antagonist		323.57
rise.of.the.gua_tt1446192	2012	Phil	Phil			unknown			30.74
rise.of.the.gua_tt1446192	2012	Nightmares	Nightmares			unknown	antagonist		17.43
road.to.el.dora_tt0138749	2000	Cortes	Cortes		nm0191906	male	antagonist		78.28
road.to.el.dora_tt0138749	2000	Horsre	Horsre			unknown			358.93
road.to.el.dora_tt0138749	2000	Human_character_1	Human_character_1			unknown			90.59
road.to.el.dora_tt0138749	2000	Tulio	Tulio		nm0000177	male	protagonist		1897.53
road.to.el.dora_tt0138749	2000	Miguel	Miguel		nm0000110	male	protagonist		1780.65
road.to.el.dora_tt0138749	2000	Zaragoza	Zaragoza		nm0068551	male			48.68
road.to.el.dora_tt0138749	2000	Human_character_2	Human_character_2			unknown			99.43
road.to.el.dora_tt0138749	2000	Tzekel-Kan	Tzekel-Kan		nm0000800	male	antagonist		457.49
road.to.el.dora_tt0138749	2000	Chief	Chief		nm0001579	male			453.15
road.to.el.dora_tt0138749	2000	Chel	Chel		nm0001609	female	protagonist		800.20
road.to.el.dora_tt0138749	2000	Acolyte	Acolyte		nm0548211	male			85.29
road.to.el.dora_tt0138749	2000	Aardvark	Aardvark			unknown			35.84
road.to.el.dora_tt0138749	2000	Kid_#1	Kid_#1		nm0156958	unknown			2.84
robin.hood_tt0070608	1973	Alan-a-Dale	Alan-a-Dale		nm0589248	male	protagonist		71.82
robin.hood_tt0070608	1973	Prince_John	Prince_John		nm0001811	male	antagonist		636.01
robin.hood_tt0070608	1973	Sir_Hiss	Sir_Hiss		nm0856103	male	antagonist		186.02
robin.hood_tt0070608	1973	Maid_Marian	Maid_Marian		nm0263082	female	protagonist		323.37
robin.hood_tt0070608	1973	Robin_Hood	Robin_Hood		nm0066028	male	protagonist		479.52
robin.hood_tt0070608	1973	Little_John	Little_John		nm0365201	male	protagonist		249.04
robin.hood_tt0070608	1973	Friar_Tuck	Friar_Tuck		nm0222596	male	protagonist		251.92
robin.hood_tt0070608	1973	Lady_Cluck	Lady_Cluck		nm0791186	female	protagonist		184.10
robin.hood_tt0070608	1973	Sheriff_of_Nottingham	Sheriff_of_Nottingham		nm0125426	male	antagonist		414.37
robin.hood_tt0070608	1973	Rhino	Rhino			male			145.02
robin.hood_tt0070608	1973	Owl	Owl			unknown			55.43
robin.hood_tt0070608	1973	Sis	Sis		nm0491485	female			118.66
robin.hood_tt0070608	1973	Otto	Otto		nm0641729	male			88.96
robin.hood_tt0070608	1973	Captain_of_the_Guard	Captain_of_the_Guard		nm0133752	male			41.96
robin.hood_tt0070608	1973	Mother_Rabbit	Mother_Rabbit		nm0524853	female			64.56
robin.hood_tt0070608	1973	Father_Sexton	Father_Sexton		nm0275835	male			44.92
robin.hood_tt0070608	1973	Skippy	Skippy		nm0924240	male	protagonist		253.30
robin.hood_tt0070608	1973	Toby	Toby		nm0761688	male			105.15
robin.hood_tt0070608	1973	Nutsy	Nutsy		nm0193411	male			78.16
robin.hood_tt0070608	1973	Trigger	Trigger		nm0512357	male			107.52
robin.hood_tt0070608	1973	Mother_Church_Mouse	Mother_Church_Mouse		nm0524853	female			40.62
robots_tt0358082	2005	Lydia_Copperbottom	Lydia_Copperbottom		nm0001848	female			225.14
robots_tt0358082	2005	Herb_Copperbottom	Herb_Copperbottom		nm0001804	male	protagonist		374.21
robots_tt0358082	2005	Bigmouth_Executive	Bigmouth_Executive		nm0864997	male			50.84
robots_tt0358082	2005	Cappy	Cappy		nm0000932	female	protagonist		352.35
robots_tt0358082	2005	Broken_Arm_Bot	Broken_Arm_Bot		nm0103537	male			6.67
robots_tt0358082	2005	Rodney_(Young)	Rodney_(Young)		nm1737527	male			146.98
robots_tt0358082	2005	Fire_Hydrant	Fire_Hydrant		nm0005143	male			4.50
robots_tt0358082	2005	Madame_Gasket	Madame_Gasket		nm0000980	female	antagonist		142.31
robots_tt0358082	2005	Loretta_Geargrinder	Loretta_Geargrinder		nm0005169	female			35.66
robots_tt0358082	2005	Youngest_Rodney	Youngest_Rodney		nm1838132	male			268.31
robots_tt0358082	2005	Rodney_Copperbottom	Rodney_Copperbottom		nm0000191	male	protagonist		841.30
robots_tt0358082	2005	Bigweld	Bigweld		nm0000316	male	protagonist		221.26
robots_tt0358082	2005	Tin_Man	Tin_Man		nm0635183	unknown			15.97
robots_tt0358082	2005	Tim_the_Gate_Guard	Tim_the_Gate_Guard		nm0316079	male			39.41
robots_tt0358082	2005	Crank_Casey	Crank_Casey		nm0004804	male			32.70
robots_tt0358082	2005	Blue_robot	Blue_robot			unknown			96.47
robots_tt0358082	2005	Fender	Fender		nm0000245	male	protagonist		241.37
robots_tt0358082	2005	Trashcan_Bot	Trashcan_Bot			unknown			8.88
robots_tt0358082	2005	Lug	Lug		nm0005558	male			171.59
robots_tt0358082	2005	Piper_Pinwheeler	Piper_Pinwheeler		nm0004789	female			298.05
robots_tt0358082	2005	Jack_Hammer	Jack_Hammer		nm0742165	male			17.60
robots_tt0358082	2005	Aunt_Fanny	Aunt_Fanny		nm0177639	female			110.53
rons.gone.wrong_tt7504818	2021	Marc_Wydell	Marc_Wydell		nm6819854	male			376.13
rons.gone.wrong_tt7504818	2021	Savannah_Meades	Savannah_Meades		nm8492826	female			499.33
rons.gone.wrong_tt7504818	2021	Andrew_Morris	Andrew_Morris		nm3008739	male	antagonist		309.89
rons.gone.wrong_tt7504818	2021	Barney_Pudowski	Barney_Pudowski		nm6244013	male	protagonist		1929.10
rons.gone.wrong_tt7504818	2021	Bubble_Techs	Bubble_Techs		nm3025293	male			72.20
rons.gone.wrong_tt7504818	2021	Noah	Noah		nm5408447	male			273.44
rons.gone.wrong_tt7504818	2021	Jayden	Jayden		nm4564958	male			131.88
rons.gone.wrong_tt7504818	2021	Police_Officer	Police_Officer		nm3021103	male			65.02
rons.gone.wrong_tt7504818	2021	Ellie	Ellie		nm9068377	unknown			88.80
rons.gone.wrong_tt7504818	2021	Ron	Ron		nm0302108	male	protagonist		259.59
rons.gone.wrong_tt7504818	2021	Mr._Cleaver	Mr._Cleaver		nm0579696	male			30.53
rons.gone.wrong_tt7504818	2021	Ms._Hartley	Ms._Hartley		nm0915375	female			24.11
rons.gone.wrong_tt7504818	2021	Bree	Bree		nm0589294	unknown			93.34
rons.gone.wrong_tt7504818	2021	Ava	Ava		nm6205098	unknown			137.18
rons.gone.wrong_tt7504818	2021	Rich_Belcher	Rich_Belcher		nm7221817	male	antagonist		311.19
rons.gone.wrong_tt7504818	2021	Alex	Alex		nm3851090	male			112.28
rons.gone.wrong_tt7504818	2021	Miss_Thomas	Miss_Thomas		nm2756650	female			38.83
rons.gone.wrong_tt7504818	2021	Graham_Pudowski	Graham_Pudowski		nm1159180	male			331.29
rons.gone.wrong_tt7504818	2021	Donka_Pudowski	Donka_Pudowski		nm1469236	female			337.75
rons.gone.wrong_tt7504818	2021	Sita	Sita		nm1544537	female			93.51
rons.gone.wrong_tt7504818	2021	Shayne_the_Biker	Shayne_the_Biker		nm0579696	male			43.71
rugrats.movie_tt0134067	1998	Tommy_Pickles	Tommy_Pickles		nm0197354	male	protagonist		1184.22
rugrats.movie_tt0134067	1998	Angelica_Pickles	Angelica_Pickles		nm0153719	female	protagonist		382.63
rugrats.movie_tt0134067	1998	Chuckie_Finster	Chuckie_Finster		nm0004815	male	protagonist		910.12
rugrats.movie_tt0134067	1998	Stu_Pickles	Stu_Pickles		nm0727051	male	protagonist		535.79
rugrats.movie_tt0134067	1998	Didi_Pickles	Didi_Pickles		nm0153589	female			349.97
rugrats.movie_tt0134067	1998	Phillip	Phillip		nm0815718	female	protagonist		657.95
rugrats.movie_tt0134067	1998	Lillian	Lillian		nm0815718	female	protagonist		584.13
rugrats.movie_tt0134067	1998	Ranger_Frank	Ranger_Frank		nm0005450	male			60.77
rugrats.movie_tt0134067	1998	Aunt_Miriam	Aunt_Miriam		nm0551908	female			25.53
rugrats.movie_tt0134067	1998	Spike	Spike			male	protagonist		81.00
rugrats.movie_tt0134067	1998	Betty_DeVille	Betty_DeVille		nm0815718	female			178.34
rugrats.movie_tt0134067	1998	Susie_Carmichael	Susie_Carmichael		nm0838588	female			69.28
rugrats.movie_tt0134067	1998	Charlotte_Pickles	Charlotte_Pickles		nm0534134	female			77.87
rugrats.movie_tt0134067	1998	Rex_Pester	Rex_Pester		nm0000347	male			88.67
rugrats.movie_tt0134067	1998	Chaz_Finster	Chaz_Finster		nm0068407	male			73.95
rugrats.movie_tt0134067	1998	Howard_DeVille	Howard_DeVille		nm0698413	male			54.18
rugrats.movie_tt0134067	1998	Minka_Kropotkin	Minka_Kropotkin		nm0153589	female			48.47
rugrats.movie_tt0134067	1998	Grandpa_Boris_Kropotkin	Grandpa_Boris_Kropotkin		nm0068407	male			80.12
rugrats.movie_tt0134067	1998	Drew_Pickles	Drew_Pickles		nm0068407	male			183.73
rugrats.movie_tt0134067	1998	Grandpa_Lou_Pickles	Grandpa_Lou_Pickles		nm0016085	male			200.07
rugrats.movie_tt0134067	1998	Dr._Lipschitz	Dr._Lipschitz		nm0419645	male			2.00
rugrats.movie_tt0134067	1998	Nurse	Nurse		nm0566052	female			37.04
rugrats.movie_tt0134067	1998	Lucy_Carmichael	Lucy_Carmichael		nm0935589	female			27.94
rugrats.movie_tt0134067	1998	Dil_Pickles	Dil_Pickles		nm0152839	male	protagonist		527.40
rugrats.movie_tt0134067	1998	Igor	Igor		nm0698413	male			42.50
rugrats.movie_tt0134067	1998	Serge	Serge		nm0072344	male			34.78
rugrats.movie_tt0134067	1998	United_Express_Driver	United_Express_Driver		nm0012121	male			13.39
rugrats.movie_tt0134067	1998	Reptar_Wagon	Reptar_Wagon		nm0005354	male			36.33
rugrats.movie_tt0134067	1998	Lt._Klavin	Lt._Klavin		nm0158632	female			14.60
rugrats.movie_tt0134067	1998	Ranger_Margaret	Ranger_Margaret		nm0000155	female			54.60
sausage.party_tt1700841	2016	Camille_Toh	Camille_Toh		nm1601643	female	antagonist		45.92
sausage.party_tt1700841	2016	Darren	Darren		nm0748620	male	antagonist		94.55
sausage.party_tt1700841	2016	Frank	Frank		nm0736622	male	protagonist		680.18
sausage.party_tt1700841	2016	Carl	Carl		nm1706767	male			440.90
sausage.party_tt1700841	2016	Catcall_Sausage	Catcall_Sausage		nm0970447	male			203.95
sausage.party_tt1700841	2016	Barry	Barry		nm0148418	male	protagonist		225.14
sausage.party_tt1700841	2016	Troy	Troy		nm2981082	male			62.44
sausage.party_tt1700841	2016	Beer_Can	Beer_Can		nm0970447	male			54.80
sausage.party_tt1700841	2016	Beet	Beet		nm6386918	male			10.80
sausage.party_tt1700841	2016	Popped_Cherry_Mixer	Popped_Cherry_Mixer		nm0376860	female			20.06
sausage.party_tt1700841	2016	Chunk_Munchers_Cereal	Chunk_Munchers_Cereal		nm0197405	male			47.96
sausage.party_tt1700841	2016	Italian_Tomato	Italian_Tomato		nm0229889	male			55.10
sausage.party_tt1700841	2016	Potato	Potato		nm0862911	male			28.99
sausage.party_tt1700841	2016	Sammy_Bagel_Jr.	Sammy_Bagel_Jr.		nm0001570	male	protagonist		329.50
sausage.party_tt1700841	2016	Empanada	Empanada			unknown			181.97
sausage.party_tt1700841	2016	Watermelon	Watermelon		nm0646955	female			14.68
sausage.party_tt1700841	2016	Jamaican_Rum	Jamaican_Rum		nm1925154	male			11.05
sausage.party_tt1700841	2016	Green_Pepper	Green_Pepper			unknown			34.58
sausage.party_tt1700841	2016	Mustard	Mustard		nm1104131	unknown			53.47
sausage.party_tt1700841	2016	Pop_Bottle	Pop_Bottle		nm0970447	male			5.76
sausage.party_tt1700841	2016	Roberta_Bun	Roberta_Bun		nm0792198	female			101.43
sausage.party_tt1700841	2016	Ticklish_Licorice	Ticklish_Licorice		nm0003944	male			66.11
sausage.party_tt1700841	2016	Ketchup	Ketchup		nm0005558	male			15.39
sausage.party_tt1700841	2016	Toilet_Paper	Toilet_Paper		nm0970447	male			38.37
sausage.party_tt1700841	2016	Ice_Cream	Ice_Cream		nm0646955	female			66.94
sausage.party_tt1700841	2016	Relish	Relish		nm0003944	male			6.38
sausage.party_tt1700841	2016	Sauerkraut	Sauerkraut		nm0970447	male			19.89
sausage.party_tt1700841	2016	El_Guaco	El_Guaco		nm0352778	male			38.25
sausage.party_tt1700841	2016	Beer_Keg	Beer_Keg		nm1154301	male			12.80
sausage.party_tt1700841	2016	Loretta_Bun	Loretta_Bun		nm0376860	female			76.95
sausage.party_tt1700841	2016	Sally_Bun	Sally_Bun		nm0646955	female			43.54
sausage.party_tt1700841	2016	Brenda	Brenda		nm1325419	female	protagonist		680.47
sausage.party_tt1700841	2016	Pop_Tart	Pop_Tart		nm0451918	male			22.11
sausage.party_tt1700841	2016	Baby_Carrot	Baby_Carrot		nm0063944	female			24.40
sausage.party_tt1700841	2016	Old_Pork_Sausage	Old_Pork_Sausage		nm0451918	male			1.75
sausage.party_tt1700841	2016	Twink	Twink		nm1025419	unknown			76.95
sausage.party_tt1700841	2016	Douche	Douche		nm1802209	male	antagonist		186.06
sausage.party_tt1700841	2016	Orange_triangle	Orange_triangle			unknown			115.20
sausage.party_tt1700841	2016	Lettuce	Lettuce		nm0229889	male			14.85
sausage.party_tt1700841	2016	Mariachi_Salsa	Mariachi_Salsa		nm0008533	male			22.06
sausage.party_tt1700841	2016	Grits	Grits		nm0732497	male			80.41
sausage.party_tt1700841	2016	Plum_#2	Plum_#2		nm1154301	male			1.96
sausage.party_tt1700841	2016	Grape_#1	Grape_#1		nm0970447	male			3.17
sausage.party_tt1700841	2016	Plum_#1	Plum_#1		nm0376860	female			1.17
sausage.party_tt1700841	2016	Lavash	Lavash		nm0472710	male	protagonist		379.34
sausage.party_tt1700841	2016	Juice_Box	Juice_Box		nm1925154	male			8.13
sausage.party_tt1700841	2016	Bag_of_Dog_Food	Bag_of_Dog_Food		nm0003944	male			5.76
sausage.party_tt1700841	2016	Firewater	Firewater		nm0352778	male			140.43
sausage.party_tt1700841	2016	Tequila	Tequila		nm0352778	male	antagonist		48.34
sausage.party_tt1700841	2016	Teresa_Taco	Teresa_Taco		nm0000161	female			70.61
sausage.party_tt1700841	2016	Queso	Queso		nm0229923	male			11.18
sausage.party_tt1700841	2016	Drug_Dealer	Drug_Dealer		nm0005558	male			7.51
sausage.party_tt1700841	2016	Druggie	Druggie		nm0290556	male	antagonist		112.90
sausage.party_tt1700841	2016	Cookies	Cookies		nm0063944	female			28.07
sausage.party_tt1700841	2016	Sandwich	Sandwich		nm0451918	male			34.62
sausage.party_tt1700841	2016	Tampon	Tampon		nm1601643	female			5.71
sausage.party_tt1700841	2016	Fit_Man	Fit_Man		nm1154301	male			1.42
sausage.party_tt1700841	2016	Sergeant_Pepper	Sergeant_Pepper		nm0736622	male			3.13
secret.life.of._tt2709768	2016	Max	Max		nm0127373	male	protagonist		1250.08
secret.life.of._tt2709768	2016	Katie	Katie		nm2608689	female			190.98
secret.life.of._tt2709768	2016	Gidget	Gidget		nm2809577	female	protagonist		498.58
secret.life.of._tt2709768	2016	Chloe	Chloe		nm1128572	female	protagonist		371.91
secret.life.of._tt2709768	2016	Mel	Mel		nm1293885	male	protagonist		295.04
secret.life.of._tt2709768	2016	Sweetpea	Sweetpea			male	protagonist		121.41
secret.life.of._tt2709768	2016	Reginald	Reginald		nm0176869	male			28.74
secret.life.of._tt2709768	2016	Ozone	Ozone		nm0176869	male	antagonist		73.87
secret.life.of._tt2709768	2016	Buddy	Buddy		nm2868110	male	protagonist		223.26
secret.life.of._tt2709768	2016	Leonard	Leonard			male			37.75
secret.life.of._tt2709768	2016	Norman	Norman		nm0719208	male	protagonist		108.27
secret.life.of._tt2709768	2016	Duke	Duke		nm0832314	male	protagonist		731.02
secret.life.of._tt2709768	2016	Maria	Maria		nm1214700	female			19.69
secret.life.of._tt2709768	2016	Snowball	Snowball		nm0366389	male	antagonist		425.88
secret.life.of._tt2709768	2016	Fernando	Fernando		nm0131781	male			24.02
secret.life.of._tt2709768	2016	Dragon	Dragon			male			67.15
secret.life.of._tt2709768	2016	Tattoo	Tattoo		nm0064170	male			172.76
secret.life.of._tt2709768	2016	Tiberius	Tiberius		nm0000983	male	protagonist		238.66
secret.life.of._tt2709768	2016	Derick	Derick			male			32.03
secret.life.of._tt2709768	2016	Pops	Pops		nm0001022	male	protagonist		112.74
secret.life.of._tt5113040	2019	Tiny	Tiny			unknown			81.83
secret.life.of._tt5113040	2019	Katie	Katie		nm2608689	female			137.72
secret.life.of._tt5113040	2019	Liam	Liam		nm9593900	male			221.01
secret.life.of._tt5113040	2019	Max	Max		nm0652663	male	protagonist		1158.86
secret.life.of._tt5113040	2019	Molly	Molly		nm8268851	female			94.39
secret.life.of._tt5113040	2019	Duke	Duke		nm0832314	male	protagonist		446.74
secret.life.of._tt5113040	2019	Pops	Pops		nm0001022	male			129.55
secret.life.of._tt5113040	2019	Chuck	Chuck		nm2803399	male			74.16
secret.life.of._tt5113040	2019	Chloe	Chloe		nm1128572	female	protagonist		316.77
secret.life.of._tt5113040	2019	Gidget	Gidget		nm2809577	female	protagonist		415.96
secret.life.of._tt5113040	2019	Princess	Princess			unknown			65.11
secret.life.of._tt5113040	2019	Snowball	Snowball		nm0366389	male	protagonist		537.16
secret.life.of._tt5113040	2019	Buddy	Buddy		nm2868110	male			70.90
secret.life.of._tt5113040	2019	Mel	Mel		nm1293885	male			81.37
secret.life.of._tt5113040	2019	Norman	Norman		nm0719208	male	protagonist		25.28
secret.life.of._tt5113040	2019	Pickles	Pickles		nm0152839	female			70.53
secret.life.of._tt5113040	2019	Hamster	Hamster		nm1134029	male			8.80
secret.life.of._tt5113040	2019	Daisy	Daisy		nm1840504	female	protagonist		381.26
secret.life.of._tt5113040	2019	Cat_Lady	Cat_Lady		nm0001694	female			20.27
secret.life.of._tt5113040	2019	Hu	Hu			male			232.61
secret.life.of._tt5113040	2019	Little_Sergei	Little_Sergei		nm1802209	male			114.95
secret.life.of._tt5113040	2019	Sergei	Sergei		nm1802209	male	antagonist		98.39
secret.life.of._tt5113040	2019	The_Pig	The_Pig		nm15753580	unknown			18.10
secret.life.of._tt5113040	2019	Rooster	Rooster		nm0000148	male	protagonist		257.97
secret.life.of._tt5113040	2019	Lead_Wolf	Lead_Wolf		nm0064170	male			78.58
secret.life.of._tt5113040	2019	Sweetpea	Sweetpea			male			44.21
secret.life.of._tt5113040	2019	Cotton	Cotton		nm4677867	male			37.91
shark.tale_tt0307453	2004	Worm	Worm		nm1659741	male			24.90
shark.tale_tt0307453	2004	Lenny	Lenny		nm0085312	male	protagonist		443.65
shark.tale_tt0307453	2004	Frankie	Frankie		nm0408284	male	antagonist		425.97
shark.tale_tt0307453	2004	Katie_Current	Katie_Current		nm0183698	female			79.25
shark.tale_tt0307453	2004	Angie	Angie		nm0000250	female	protagonist		632.30
shark.tale_tt0307453	2004	Starfish	Starfish			unknown			4.25
shark.tale_tt0307453	2004	Janice	Janice			unknown			7.26
shark.tale_tt0307453	2004	Shortie_#2	Shortie_#2		nm0962579	female			77.87
shark.tale_tt0307453	2004	Shortie_#1	Shortie_#1		nm1442928	male			55.85
shark.tale_tt0307453	2004	Tip_Fish_#1	Tip_Fish_#1		nm0084190	male			18.60
shark.tale_tt0307453	2004	Prawn_Shop_Owner	Prawn_Shop_Owner		nm0482851	male			3.67
shark.tale_tt0307453	2004	Oscar	Oscar		nm0000226	male	protagonist		1904.07
shark.tale_tt0307453	2004	Shortie_#3	Shortie_#3		nm1728873	unknown			83.67
shark.tale_tt0307453	2004	Crazy_Joe	Crazy_Joe		nm1019583	male			34.95
shark.tale_tt0307453	2004	Shrimp	Shrimp		nm1659741	male			66.65
shark.tale_tt0307453	2004	Headphone_Guy	Headphone_Guy			unknown			2.42
shark.tale_tt0307453	2004	Sykes	Sykes		nm0000217	male			405.15
shark.tale_tt0307453	2004	Don_Lino	Don_Lino		nm0000134	male	antagonist		304.26
shark.tale_tt0307453	2004	Luca	Luca		nm0665114	male			88.38
shark.tale_tt0307453	2004	Don_Feinberg	Don_Feinberg		nm0000393	male			48.01
shark.tale_tt0307453	2004	Whale_Wash_Co-Worker_#2	Whale_Wash_Co-Worker_#2			unknown			51.22
shark.tale_tt0307453	2004	Whale_Wash_Co-Worker	Whale_Wash_Co-Worker		nm1195845	female			51.47
shark.tale_tt0307453	2004	Bernie	Bernie		nm0234791	male			125.33
shark.tale_tt0307453	2004	Ernie	Ernie		nm0005187	male			156.53
shark.tale_tt0307453	2004	Mrs._Sanchez	Mrs._Sanchez		nm0607314	female			14.10
shark.tale_tt0307453	2004	Cashier	Cashier		nm1121631	male			13.51
shark.tale_tt0307453	2004	Lola	Lola		nm0001401	female	antagonist		230.23
shark.tale_tt0307453	2004	Christina	Christina			female			17.23
shark.tale_tt0307453	2004	Missy	Missy			female			10.51
shark.tale_tt0307453	2004	Clown_Whale	Clown_Whale		nm1121631	male			3.67
shrek.2_tt0298148	2004	Princess_Fiona	Princess_Fiona		nm0000139	female	protagonist		592.09
shrek.2_tt0298148	2004	Fairy_Godmother	Fairy_Godmother		nm0766837	female	antagonist		425.42
shrek.2_tt0298148	2004	Shrek_(human)	Shrek_(human)		nm0000196	male			377.04
shrek.2_tt0298148	2004	Prince_Charming	Prince_Charming		nm0000391	male	antagonist		209.33
shrek.2_tt0298148	2004	King_Harold	King_Harold		nm0000092	male	antagonist		422.84
shrek.2_tt0298148	2004	Queen_Lillian	Queen_Lillian		nm0000267	female			214.67
shrek.2_tt0298148	2004	The_Big_Bad_Wolf	The_Big_Bad_Wolf		nm0912403	male			30.61
shrek.2_tt0298148	2004	Shrek	Shrek		nm0000196	male	protagonist		936.52
shrek.2_tt0298148	2004	Cedric	Cedric		nm0970447	male			47.38
shrek.2_tt0298148	2004	Nobleman's_Son	Nobleman's_Son		nm0038432	male			5.92
shrek.2_tt0298148	2004	Page	Page		nm0038432	male			31.61
shrek.2_tt0298148	2004	Humphries	Humphries		nm1844237	male			11.39
shrek.2_tt0298148	2004	Herald	Herald		nm1019583	male			59.93
shrek.2_tt0298148	2004	Donkey	Donkey		nm0000552	male	protagonist		578.33
shrek.2_tt0298148	2004	Dronkey	Dronkey			unknown			7.38
shrek.2_tt0298148	2004	Three_Blind_Mice	Three_Blind_Mice		nm0971017	male			10.84
shrek.2_tt0298148	2004	Mongo	Mongo		nm0970447	male			67.69
shrek.2_tt0298148	2004	Pig_3	Pig_3		nm0970606	male			24.23
shrek.2_tt0298148	2004	Pig_2	Pig_2		nm0970606	male			15.97
shrek.2_tt0298148	2004	Pinocchio	Pinocchio		nm0970606	male			49.47
shrek.2_tt0298148	2004	Pig_1	Pig_1		nm0970606	male			10.30
shrek.2_tt0298148	2004	Donkey_(horse)	Donkey_(horse)		nm0000552	male			161.24
shrek.2_tt0298148	2004	Doris	Doris		nm0005092	female			65.32
shrek.2_tt0298148	2004	Fast_Food_Clerk	Fast_Food_Clerk		nm1615749	female			6.26
shrek.2_tt0298148	2004	Man_with_Box	Man_with_Box		nm1019583	male			2.63
shrek.2_tt0298148	2004	Maiden_#1	Maiden_#1		nm1615826	female			43.00
shrek.2_tt0298148	2004	Jill	Jill		nm1195845	female			36.24
shrek.2_tt0298148	2004	Maiden_#2	Maiden_#2		nm1147044	unknown			35.70
shrek.2_tt0298148	2004	Princess_Fiona_(human)	Princess_Fiona_(human)		nm0000139	female			188.81
shrek.2_tt0298148	2004	Cyclops	Cyclops			male			7.17
shrek.2_tt0298148	2004	Bar_Frog	Bar_Frog		nm1614773	unknown			6.42
shrek.2_tt0298148	2004	Puss_in_Boots	Puss_in_Boots		nm0000104	male	protagonist		333.67
shrek.2_tt0298148	2004	Jerome_the_Receptionist	Jerome_the_Receptionist		nm0034398	male			25.48
shrek.2_tt0298148	2004	Captain_of_the_Guards	Captain_of_the_Guards		nm0011470	male			11.59
shrek.2_tt0298148	2004	Joan_Rivers	Joan_Rivers		nm0001672	female			11.55
shrek.2_tt0298148	2004	Nobleman	Nobleman		nm0038432	male			9.30
shrek.2_tt0298148	2004	Magic_Mirror	Magic_Mirror		nm1844237	male			4.13
shrek.2_tt0298148	2004	Gingerbread_Man	Gingerbread_Man		nm0970447	male			23.11
shrek.2_tt0298148	2004	Dragon	Dragon			female			14.47
shrek.forever.a_tt0892791	2010	Villager_Fan_#2	Villager_Fan_#2		nm1121631	male			40.33
shrek.forever.a_tt0892791	2010	Pied_Piper	Pied_Piper			male	antagonist		33.99
shrek.forever.a_tt0892791	2010	Queen_Lillian	Queen_Lillian		nm0000267	female			115.74
shrek.forever.a_tt0892791	2010	King_Harold	King_Harold		nm0000092	male			89.46
shrek.forever.a_tt0892791	2010	Palace_Witch	Palace_Witch		nm1102891	female			72.86
shrek.forever.a_tt0892791	2010	Witch_Guard_#2	Witch_Guard_#2		nm0593610	male			8.93
shrek.forever.a_tt0892791	2010	Rumplestiltskin	Rumplestiltskin		nm0230666	male	antagonist		567.19
shrek.forever.a_tt0892791	2010	Pinocchio	Pinocchio		nm0970606	male			39.04
shrek.forever.a_tt0892791	2010	Felicia	Felicia		nm2857081	female			69.82
shrek.forever.a_tt0892791	2010	Shrek	Shrek		nm0000196	male	protagonist		1691.90
shrek.forever.a_tt0892791	2010	Princess_Fiona	Princess_Fiona		nm0000139	female	protagonist		655.49
shrek.forever.a_tt0892791	2010	Fergus	Fergus		nm2624549	unknown			86.09
shrek.forever.a_tt0892791	2010	Farkel	Farkel		nm2624549	unknown			32.91
shrek.forever.a_tt0892791	2010	Father_of_Butter_Pants	Father_of_Butter_Pants		nm0780435	male			55.81
shrek.forever.a_tt0892791	2010	Donkey	Donkey		nm0000552	male	protagonist		384.30
shrek.forever.a_tt0892791	2010	Dronkies	Dronkies			unknown			34.95
shrek.forever.a_tt0892791	2010	Puss_in_Boots	Puss_in_Boots		nm0000104	male	protagonist		205.04
shrek.forever.a_tt0892791	2010	Gretched	Gretched		nm0528331	female			90.88
shrek.forever.a_tt0892791	2010	Brogan	Brogan		nm0358316	male			189.94
shrek.forever.a_tt0892791	2010	Ogre_Gnimrach	Ogre_Gnimrach		nm2326037	unknown			67.78
shrek.forever.a_tt0892791	2010	Dragon	Dragon			female	antagonist		33.78
shrek.forever.a_tt0892791	2010	Villager_Fan_#1	Villager_Fan_#1		nm0391161	unknown			20.56
shrek.forever.a_tt0892791	2010	Villager_Kid	Villager_Kid		nm2857474	unknown			31.16
shrek.forever.a_tt0892791	2010	Wagon_Witch_2	Wagon_Witch_2		nm1128572	female			17.64
shrek.forever.a_tt0892791	2010	Butter_Pants	Butter_Pants		nm0593610	male			37.79
shrek.forever.a_tt0892791	2010	Gingerbread_Man	Gingerbread_Man		nm0970447	male			28.65
shrek.forever.a_tt0892791	2010	Doris	Doris		nm0005092	female			11.34
shrek.forever.a_tt0892791	2010	The_Big_Bad_Wolf	The_Big_Bad_Wolf		nm0912403	male			16.89
shrek.forever.a_tt0892791	2010	Pig_2	Pig_2		nm0970606	male			13.81
shrek.forever.a_tt0892791	2010	Pig_3	Pig_3		nm0970606	male			25.11
shrek.forever.a_tt0892791	2010	Pig_1	Pig_1		nm0970606	male			19.81
shrek.forever.a_tt0892791	2010	Patrol_Witch	Patrol_Witch		nm1128572	female			7.47
shrek.forever.a_tt0892791	2010	Dancing_Witch	Dancing_Witch		nm0004980	female			18.60
shrek.forever.a_tt0892791	2010	Pumpkin_Witch	Pumpkin_Witch		nm1102891	female			25.78
shrek.forever.a_tt0892791	2010	Broomsy_Witch	Broomsy_Witch			unknown			75.87
shrek.forever.a_tt0892791	2010	Camp_Ogre	Camp_Ogre		nm0593610	male			38.12
shrek.forever.a_tt0892791	2010	Cookie	Cookie		nm0732497	male			80.50
shrek.forever.a_tt0892791	2010	Magic_Mirror	Magic_Mirror		nm1844237	male			6.01
shrek.forever.a_tt0892791	2010	Geppetto	Geppetto		nm1844237	male			7.97
shrek.forever.a_tt0892791	2010	Three_Blind_Mice	Three_Blind_Mice		nm0971017	male			2.09
shrek.the.third_tt0413267	2007	Artie	Artie		nm0005493	male	protagonist		653.11
shrek.the.third_tt0413267	2007	Prince_Charming	Prince_Charming		nm0000391	male	antagonist		516.60
shrek.the.third_tt0413267	2007	Mother	Mother		nm1615749	female			86.38
shrek.the.third_tt0413267	2007	Fiddlesworth	Fiddlesworth		nm0038432	male			99.64
shrek.the.third_tt0413267	2007	Evil_Queen	Evil_Queen		nm0086840	female			77.66
shrek.the.third_tt0413267	2007	Rumplestiltskin	Rumplestiltskin		nm0970447	male			75.24
shrek.the.third_tt0413267	2007	Xavier	Xavier		nm0230666	male			18.60
shrek.the.third_tt0413267	2007	Principal_Pynchley	Principal_Pynchley		nm0230666	male			40.96
shrek.the.third_tt0413267	2007	The_Big_Bad_Wolf	The_Big_Bad_Wolf		nm0912403	male			61.02
shrek.the.third_tt0413267	2007	Pig_2	Pig_2		nm0970606	male			48.38
shrek.the.third_tt0413267	2007	Pig_1	Pig_1		nm0970606	male			39.96
shrek.the.third_tt0413267	2007	Mabel	Mabel		nm0005310	female			71.11
shrek.the.third_tt0413267	2007	Pig_3	Pig_3		nm0970606	male			61.48
shrek.the.third_tt0413267	2007	Pinocchio	Pinocchio		nm0970606	male			112.07
shrek.the.third_tt0413267	2007	Queen_Lillian	Queen_Lillian		nm0000267	female			166.08
shrek.the.third_tt0413267	2007	Stage_Actress	Stage_Actress		nm0652783	female			17.93
shrek.the.third_tt0413267	2007	Rapunzel	Rapunzel		nm0748973	female	antagonist		222.68
shrek.the.third_tt0413267	2007	Hall_Monitor	Hall_Monitor		nm0084190	male			122.16
shrek.the.third_tt0413267	2007	Tiffany	Tiffany		nm1615749	female			21.98
shrek.the.third_tt0413267	2007	Cinderella	Cinderella		nm0781238	female			209.00
shrek.the.third_tt0413267	2007	Sleeping_Beauty	Sleeping_Beauty		nm0652783	female			134.59
shrek.the.third_tt0413267	2007	Gingerbread_Man	Gingerbread_Man		nm0970447	male			41.46
shrek.the.third_tt0413267	2007	Doris	Doris		nm0005092	female			164.50
shrek.the.third_tt0413267	2007	Waiter	Waiter		nm1019583	male			9.72
shrek.the.third_tt0413267	2007	Gary	Gary		nm0569891	male			99.43
shrek.the.third_tt0413267	2007	Princess_Fiona	Princess_Fiona		nm0000139	female	protagonist		491.03
shrek.the.third_tt0413267	2007	Snow_White	Snow_White		nm0688132	female			241.66
shrek.the.third_tt0413267	2007	Raul	Raul		nm0034398	male			36.75
shrek.the.third_tt0413267	2007	Shrek	Shrek		nm0000196	male	protagonist		1286.16
shrek.the.third_tt0413267	2007	Donkey	Donkey		nm0000552	male	protagonist		571.24
shrek.the.third_tt0413267	2007	Dronkies	Dronkies			unknown			22.94
shrek.the.third_tt0413267	2007	Puss_in_Boots	Puss_in_Boots		nm0000104	male	protagonist		448.11
shrek.the.third_tt0413267	2007	Evil_Dwarf	Evil_Dwarf		nm1019583	male			41.62
shrek.the.third_tt0413267	2007	Lancelot	Lancelot		nm1024677	male			60.89
shrek.the.third_tt0413267	2007	Cheerleaders	Cheerleaders		nm1615749	female			8.34
shrek.the.third_tt0413267	2007	Fergus	Fergus		nm2624554	unknown			25.82
shrek.the.third_tt0413267	2007	Guard_#1	Guard_#1		nm0437454	male			78.24
shrek.the.third_tt0413267	2007	King_Harold_(frog)	King_Harold_(frog)		nm0000092	male			85.75
shrek.the.third_tt0413267	2007	Cyclops	Cyclops		nm0885090	male			113.20
shrek.the.third_tt0413267	2007	Puppet_Master	Puppet_Master		nm1844237	male			51.34
shrek.the.third_tt0413267	2007	Evil_Tree_#2	Evil_Tree_#2		nm0971017	male			63.61
shrek.the.third_tt0413267	2007	Captain_Hook	Captain_Hook		nm0574534	male	antagonist		104.23
shrek.the.third_tt0413267	2007	Evil_Knight	Evil_Knight		nm0230666	male			6.46
shrek.the.third_tt0413267	2007	Three_Blind_Mice	Three_Blind_Mice		nm0971017	male			5.46
shrek.the.third_tt0413267	2007	Dragon	Dragon			female			68.53
shrek.the.third_tt0413267	2007	Ship_Captain	Ship_Captain		nm0736622	male			5.38
shrek.the.third_tt0413267	2007	Felicia	Felicia		nm2624554	female			99.10
shrek.the.third_tt0413267	2007	Farkel	Farkel		nm2624554	unknown			25.82
shrek.the.third_tt0413267	2007	Guinevere	Guinevere		nm1195845	female			34.28
shrek.the.third_tt0413267	2007	Mascot_Contestant	Mascot_Contestant		nm1844237	male			7.30
shrek.the.third_tt0413267	2007	Nanny_Dwarf	Nanny_Dwarf		nm0230666	male			17.31
shrek.the.third_tt0413267	2007	Merlin	Merlin		nm0001385	male			132.59
shrek_tt0126029	2001	Shrek	Shrek		nm0000196	male	protagonist		1429.18
shrek_tt0126029	2001	Monsieur_Hood	Monsieur_Hood		nm0001993	male			145.14
shrek_tt0126029	2001	Ogre_Hunters	Ogre_Hunters		nm0219536	male			12.80
shrek_tt0126029	2001	Seventh_Dwarf	Seventh_Dwarf			unknown			9.34
shrek_tt0126029	2001	Knight	Knight			unknown			128.29
shrek_tt0126029	2001	Captain_of_the_Guards	Captain_of_the_Guards		nm0191906	male			60.89
shrek_tt0126029	2001	Snow_White	Snow_White			female			17.56
shrek_tt0126029	2001	Pinocchio	Pinocchio		nm0970606	male			49.72
shrek_tt0126029	2001	Old_Woman	Old_Woman		nm0293466	female			35.62
shrek_tt0126029	2001	Geppetto	Geppetto		nm1844237	male			12.39
shrek_tt0126029	2001	Donkey	Donkey		nm0000552	male	protagonist		1028.90
shrek_tt0126029	2001	Peter_Pan	Peter_Pan		nm2542558	male			58.81
shrek_tt0126029	2001	Pig_2	Pig_2		nm0970606	male			42.00
shrek_tt0126029	2001	Pig_3	Pig_3		nm0970606	male			32.16
shrek_tt0126029	2001	Three_Blind_Mice	Three_Blind_Mice		nm0971017	male			12.60
shrek_tt0126029	2001	The_Big_Bad_Wolf	The_Big_Bad_Wolf			unknown			19.52
shrek_tt0126029	2001	Cinderella	Cinderella			female			26.48
shrek_tt0126029	2001	Thelonious	Thelonious		nm0971017	male			25.69
shrek_tt0126029	2001	Lord_Farquaad	Lord_Farquaad		nm0001475	male	antagonist		266.02
shrek_tt0126029	2001	Gingerbread_Man	Gingerbread_Man		nm0970447	male			28.53
shrek_tt0126029	2001	Magic_Mirror	Magic_Mirror		nm1844237	male			41.92
shrek_tt0126029	2001	Princess_Fiona	Princess_Fiona		nm0000139	female	protagonist		800.97
shrek_tt0126029	2001	Dragon	Dragon			female	antagonist		89.96
shrek_tt0126029	2001	Duloc_Mascot	Duloc_Mascot			unknown			13.10
shrek_tt0126029	2001	Bishop	Bishop		nm0079353	male			10.22
simpsons.movie_tt0462538	2007	Scratchy	Scratchy		nm0733427	male			22.61
simpsons.movie_tt0462538	2007	Itchy	Itchy		nm0144657	male			31.11
simpsons.movie_tt0462538	2007	Sideshow_Mel	Sideshow_Mel		nm0144657	male			59.14
simpsons.movie_tt0462538	2007	Mrs._Muntz	Mrs._Muntz		nm0534134	female			36.75
simpsons.movie_tt0462538	2007	Mrs._Hibbert	Mrs._Hibbert			unknown			83.37
simpsons.movie_tt0462538	2007	Homer_Simpson	Homer_Simpson		nm0144657	male	protagonist		1249.21
simpsons.movie_tt0462538	2007	Mayor_Diamond_Joe_Quimby	Mayor_Diamond_Joe_Quimby		nm0144657	male			118.58
simpsons.movie_tt0462538	2007	Mike_Dirnt_(Greenday)	Mike_Dirnt_(Greenday)		nm0228238	male			40.37
simpsons.movie_tt0462538	2007	Marge_Simpson	Marge_Simpson		nm0001413	female	protagonist		764.81
simpsons.movie_tt0462538	2007	Nelson_Muntz	Nelson_Muntz		nm0004813	male			96.51
simpsons.movie_tt0462538	2007	Carl_Carlson	Carl_Carlson		nm0000279	male			112.11
simpsons.movie_tt0462538	2007	Milhouse_Van_Houten	Milhouse_Van_Houten		nm0370788	male			124.54
simpsons.movie_tt0462538	2007	Todd_Flanders	Todd_Flanders		nm0004813	male			113.57
simpsons.movie_tt0462538	2007	Comic_Book_Guy_/_Jeff_Albertson	Comic_Book_Guy_/_Jeff_Albertson		nm0000279	male			94.30
simpsons.movie_tt0462538	2007	Edna_Krabappel	Edna_Krabappel		nm0908761	female			75.20
simpsons.movie_tt0462538	2007	Principal_Seymour_Skinner	Principal_Seymour_Skinner		nm0733427	male			46.21
simpsons.movie_tt0462538	2007	Jimbo_Jones	Jimbo_Jones		nm0370788	male			27.99
simpsons.movie_tt0462538	2007	Moe_Szyslak	Moe_Szyslak		nm0000279	male			165.83
simpsons.movie_tt0462538	2007	Kent_Brockman	Kent_Brockman		nm0733427	male			89.92
simpsons.movie_tt0462538	2007	Maggie_Simpson	Maggie_Simpson		nm0004813	female	protagonist		233.27
simpsons.movie_tt0462538	2007	Chief_Clancy_Wiggum	Chief_Clancy_Wiggum		nm0000279	male			144.94
simpsons.movie_tt0462538	2007	President_Arnold_Schwarzenegger	President_Arnold_Schwarzenegger		nm0733427	male	antagonist		71.45
simpsons.movie_tt0462538	2007	Apu_Nahasapeemapetilon	Apu_Nahasapeemapetilon		nm0000279	male			82.42
simpsons.movie_tt0462538	2007	Bart_Simpson	Bart_Simpson		nm0004813	male	protagonist		724.81
simpsons.movie_tt0462538	2007	Otto_Mann	Otto_Mann		nm0733427	male			41.46
simpsons.movie_tt0462538	2007	Reverend_Timothy_Lovejoy	Reverend_Timothy_Lovejoy		nm0733427	male			72.74
simpsons.movie_tt0462538	2007	Lenny_Leonard	Lenny_Leonard		nm0733427	male			118.99
simpsons.movie_tt0462538	2007	Lisa_Simpson	Lisa_Simpson		nm0810379	female	protagonist		490.28
simpsons.movie_tt0462538	2007	Helen_Lovejoy	Helen_Lovejoy		nm0744648	female			97.51
simpsons.movie_tt0462538	2007	Ralph_Wiggum	Ralph_Wiggum		nm0004813	male			40.29
simpsons.movie_tt0462538	2007	Charles_Montgomery_Burns	Charles_Montgomery_Burns		nm0733427	male			55.10
simpsons.movie_tt0462538	2007	Waylon_Smithers	Waylon_Smithers		nm0733427	male			105.44
simpsons.movie_tt0462538	2007	Martin_Prince	Martin_Prince		nm0853122	male			51.30
simpsons.movie_tt0462538	2007	Billie_Joe_Armstrong_(Greenday)	Billie_Joe_Armstrong_(Greenday)		nm0035626	male			38.54
simpsons.movie_tt0462538	2007	Tre_Cool_(Greenday)	Tre_Cool_(Greenday)		nm0177566	male			57.77
simpsons.movie_tt0462538	2007	TV_Dad	TV_Dad		nm0742814	male			139.64
simpsons.movie_tt0462538	2007	Lou	Lou		nm0000279	male			86.04
simpsons.movie_tt0462538	2007	Counter_Man	Counter_Man		nm0000279	male			39.37
simpsons.movie_tt0462538	2007	Groundskeeper_Willie	Groundskeeper_Willie		nm0144657	male			50.30
simpsons.movie_tt0462538	2007	Female_EPA_Worker	Female_EPA_Worker		nm0534134	female			32.07
simpsons.movie_tt0462538	2007	Tom_Hanks	Tom_Hanks		nm0000158	male			54.35
simpsons.movie_tt0462538	2007	EPA_Passenger	EPA_Passenger		nm0000279	male			9.26
simpsons.movie_tt0462538	2007	Lindsey_Naegle	Lindsey_Naegle		nm0534134	female			60.85
simpsons.movie_tt0462538	2007	Barney_Gumble	Barney_Gumble		nm0144657	male			83.88
simpsons.movie_tt0462538	2007	Cookie_Kwan	Cookie_Kwan		nm0534134	female			37.33
simpsons.movie_tt0462538	2007	EPA_Official	EPA_Official		nm0144657	male			79.12
simpsons.movie_tt0462538	2007	Mayor's_Aide	Mayor's_Aide		nm0144657	male			29.15
simpsons.movie_tt0462538	2007	Panicky_Man	Panicky_Man		nm0144657	male			23.06
simpsons.movie_tt0462538	2007	Professor_Frink	Professor_Frink		nm0000279	male			92.26
simpsons.movie_tt0462538	2007	Squeaky_Voiced_Teen_/_Jeremy_Freedman	Squeaky_Voiced_Teen_/_Jeremy_Freedman		nm0144657	male			39.79
simpsons.movie_tt0462538	2007	Dr._Nick_Riviera	Dr._Nick_Riviera		nm0000279	male			64.52
simpsons.movie_tt0462538	2007	Sea_Captain_McCallister	Sea_Captain_McCallister		nm0000279	male			47.51
simpsons.movie_tt0462538	2007	TV_Daughter	TV_Daughter		nm0004813	female			56.22
simpsons.movie_tt0462538	2007	Dr._Julius_Hibbert	Dr._Julius_Hibbert		nm0733427	male			76.33
simpsons.movie_tt0462538	2007	Russ_Cargill	Russ_Cargill		nm0000983	male	antagonist		294.04
simpsons.movie_tt0462538	2007	Mr._Teeny	Mr._Teeny		nm0144657	male			23.77
simpsons.movie_tt0462538	2007	Cletus_Spuckler	Cletus_Spuckler		nm0000279	male			80.79
simpsons.movie_tt0462538	2007	Hans_Moleman	Hans_Moleman		nm0144657	male			34.20
simpsons.movie_tt0462538	2007	Agnes_Skinner	Agnes_Skinner		nm0534134	female			74.87
simpsons.movie_tt0462538	2007	Krusty_the_Clown	Krusty_the_Clown		nm0144657	male			81.58
simpsons.movie_tt0462538	2007	Patty_Bouvier	Patty_Bouvier		nm0001413	female			40.58
simpsons.movie_tt0462538	2007	Ned_Flanders	Ned_Flanders		nm0733427	male			224.27
simpsons.movie_tt0462538	2007	Drederick_Tatum	Drederick_Tatum		nm0000279	male			17.93
simpsons.movie_tt0462538	2007	Selma_Bouvier	Selma_Bouvier		nm0001413	female			39.33
simpsons.movie_tt0462538	2007	Bumblebee_Man	Bumblebee_Man		nm0000279	male			49.22
simpsons.movie_tt0462538	2007	NSA_Worker	NSA_Worker		nm0144657	male			25.86
simpsons.movie_tt0462538	2007	Colin	Colin		nm0534134	male			124.92
simpsons.movie_tt0462538	2007	Abraham_Simpson	Abraham_Simpson		nm0144657	male			146.23
simpsons.movie_tt0462538	2007	Rod_Flanders	Rod_Flanders		nm0370788	male			86.88
simpsons.movie_tt0462538	2007	TV_Son	TV_Son		nm0534134	female			29.95
simpsons.movie_tt0462538	2007	Carnival_Barker	Carnival_Barker		nm0000279	male			69.94
simpsons.movie_tt0462538	2007	Medicine_Woman	Medicine_Woman		nm0534134	female			68.11
simpsons.movie_tt0462538	2007	Toll_Booth_Man	Toll_Booth_Man		nm0733427	male			20.35
simpsons.movie_tt0462538	2007	Plopper	Plopper		nm0534134	male			125.08
simpsons.movie_tt0462538	2007	Crazy_Cat_Lady_/_Eleanor_Abernathy	Crazy_Cat_Lady_/_Eleanor_Abernathy		nm0534134	female			15.85
simpsons.movie_tt0462538	2007	Guard	Guard		nm0733427	male			61.60
simpsons.movie_tt0462538	2007	Multi-Eyed_Squirrel	Multi-Eyed_Squirrel		nm0144657	male			22.31
simpsons.movie_tt0462538	2007	Male_EPA_Worker	Male_EPA_Worker		nm0000279	male			4.42
simpsons.movie_tt0462538	2007	Santa's_Little_Helper	Santa's_Little_Helper		nm0144657	male			6.84
simpsons.movie_tt0462538	2007	EPA_Driver	EPA_Driver		nm0927293	male			9.26
simpsons.movie_tt0462538	2007	Bear	Bear		nm0144657	male			11.55
sing.2_tt6467266	2021	Meena	Meena		nm1812991	female	protagonist		357.90
sing.2_tt6467266	2021	Gunter	Gunter		nm1802209	male	protagonist		357.57
sing.2_tt6467266	2021	Rosita	Rosita		nm0000702	female	protagonist		571.57
sing.2_tt6467266	2021	Johnny	Johnny		nm5473782	male	protagonist		459.71
sing.2_tt6467266	2021	Big_Daddy	Big_Daddy		nm0784818	male			105.40
sing.2_tt6467266	2021	Nooshy	Nooshy		nm4004793	female	protagonist		228.90
sing.2_tt6467266	2021	Alfonso	Alfonso		nm1214289	male			61.56
sing.2_tt6467266	2021	Jerry	Jerry		nm0005069	male			157.95
sing.2_tt6467266	2021	Sammy	Sammy			unknown			51.26
sing.2_tt6467266	2021	Hippo_	Hippo_			unknown			19.19
sing.2_tt6467266	2021	Buster_Moon	Buster_Moon		nm0000190	male	protagonist		1322.57
sing.2_tt6467266	2021	Norman	Norman		nm0644406	male			171.63
sing.2_tt6467266	2021	Suki_Lane	Suki_Lane		nm2003229	female			190.32
sing.2_tt6467266	2021	Miss_Crawly	Miss_Crawly		nm1134029	female	protagonist		257.47
sing.2_tt6467266	2021	Karen	Karen			unknown			47.84
sing.2_tt6467266	2021	Nana_Noodleman	Nana_Noodleman		nm0766837	female			83.67
sing.2_tt6467266	2021	Ash	Ash		nm0424060	female	protagonist		600.39
sing.2_tt6467266	2021	Ruby	Ruby			unknown			24.02
sing.2_tt6467266	2021	Jimmy_Crystal	Jimmy_Crystal		nm0134072	male	antagonist		218.97
sing.2_tt6467266	2021	Horse	Horse			unknown			7.42
sing.2_tt6467266	2021	Ryan	Ryan			male			36.12
sing.2_tt6467266	2021	Ducklings	Ducklings			unknown			5.21
sing.2_tt6467266	2021	Harry	Harry			male			150.69
sing.2_tt6467266	2021	Jimmy's_bodyguard	Jimmy's_bodyguard			male			32.57
sing.2_tt6467266	2021	Klaus_Kickenklober	Klaus_Kickenklober		nm0125511	male	antagonist		152.94
sing.2_tt6467266	2021	Night_Cleaners	Night_Cleaners			unknown			31.57
sing.2_tt6467266	2021	Darius	Darius		nm2765191	male			139.97
sing.2_tt6467266	2021	Sasha	Sasha			unknown			17.27
sing.2_tt6467266	2021	Gorilla_robbers	Gorilla_robbers			unknown			20.27
sing.2_tt6467266	2021	Porsha_Crystal	Porsha_Crystal		nm7214498	female	protagonist		205.41
sing.2_tt6467266	2021	Clay_Calloway	Clay_Calloway		nm0095104	male	protagonist		324.12
sing_tt3470600	2016	Minions	Minions			unknown			21.90
sing_tt3470600	2016	Bob	Bob			male			56.56
sing_tt3470600	2016	Kip_Casey	Kip_Casey			male			34.87
sing_tt3470600	2016	Hippo	Hippo			male			53.72
sing_tt3470600	2016	Nana_Noodleman	Nana_Noodleman		nm0766837	female			111.40
sing_tt3470600	2016	Buster_Moon's_father	Buster_Moon's_father			male			24.94
sing_tt3470600	2016	Buster_Moon	Buster_Moon		nm0000190	male	protagonist		1411.91
sing_tt3470600	2016	Miss_Crawly	Miss_Crawly		nm1134029	male			356.15
sing_tt3470600	2016	Jeff	Jeff			unknown			215.17
sing_tt3470600	2016	Bull	Bull			male			31.78
sing_tt3470600	2016	Baboon	Baboon		nm3039519	male			33.99
sing_tt3470600	2016	Judith	Judith		nm0674231	female	antagonist		59.43
sing_tt3470600	2016	Rosita	Rosita		nm0000702	female	protagonist		642.98
sing_tt3470600	2016	Johnny	Johnny		nm5473782	male	protagonist		374.83
sing_tt3470600	2016	Meena	Meena		nm1812991	female	protagonist		315.77
sing_tt3470600	2016	Norman	Norman		nm0644406	male			149.44
sing_tt3470600	2016	Gunter	Gunter		nm1802209	male	protagonist		300.63
sing_tt3470600	2016	Lance	Lance		nm3080722	male	antagonist		105.77
sing_tt3470600	2016	Ash	Ash		nm0424060	female	protagonist		485.69
sing_tt3470600	2016	Harry	Harry			male			2.59
sing_tt3470600	2016	Meena's_mother	Meena's_mother		nm0428656	female			166.33
sing_tt3470600	2016	Meena's_grandfather	Meena's_grandfather		nm3982894	male			41.83
sing_tt3470600	2016	Mike	Mike		nm0532235	male	protagonist		364.86
sing_tt3470600	2016	Eddie	Eddie		nm0000604	male			157.16
sing_tt3470600	2016	Llama	Llama			female			45.75
sing_tt3470600	2016	Richard	Richard			male			40.96
sing_tt3470600	2016	Shrimp	Shrimp			unknown			9.63
sing_tt3470600	2016	The_Q-Teez	The_Q-Teez			unknown			65.61
sing_tt3470600	2016	Turtles	Turtles			unknown			14.51
sing_tt3470600	2016	Puffins	Puffins			unknown			5.76
sing_tt3470600	2016	Big_Daddy	Big_Daddy		nm0784818	male	antagonist		240.20
sing_tt3470600	2016	Pete	Pete			male			34.37
sing_tt3470600	2016	Ray	Ray			male			6.38
sing_tt3470600	2016	Nancy	Nancy			female			85.29
sing_tt3470600	2016	Bears	Bears			male	antagonist		79.95
sing_tt3470600	2016	Derek	Derek			unknown			10.59
sing_tt3470600	2016	Cat	Cat			male			18.64
sleeping.beauty_tt0053285	1959	Maleficent	Maleficent		nm0041598	female	antagonist		222.97
sleeping.beauty_tt0053285	1959	Queen_Leah	Queen_Leah			female	protagonist		108.27
sleeping.beauty_tt0053285	1959	King_Stefan	King_Stefan		nm0392067	male	protagonist		231.02
sleeping.beauty_tt0053285	1959	King_Hubert	King_Hubert		nm0859892	male	protagonist		348.68
sleeping.beauty_tt0053285	1959	Aurora	Aurora		nm0182250	female	protagonist		342.34
sleeping.beauty_tt0053285	1959	Merryweather	Merryweather		nm0524853	female	protagonist		619.33
sleeping.beauty_tt0053285	1959	Flora	Flora		nm0271658	female	protagonist		496.12
sleeping.beauty_tt0053285	1959	Fauna	Fauna		nm0020289	female	protagonist		474.22
sleeping.beauty_tt0053285	1959	Crow	Crow			unknown			81.33
sleeping.beauty_tt0053285	1959	Maleficent's_Goons	Maleficent's_Goons		nm0133752	male	antagonist		13.26
sleeping.beauty_tt0053285	1959	Pig_Goon	Pig_Goon			unknown			54.93
sleeping.beauty_tt0053285	1959	Bunny	Bunny			unknown			41.75
sleeping.beauty_tt0053285	1959	Bluebird	Bluebird		nm0700416	male			28.19
sleeping.beauty_tt0053285	1959	Red_Owl	Red_Owl		nm0268428	male			15.77
sleeping.beauty_tt0053285	1959	Chipmunk	Chipmunk			unknown			97.64
sleeping.beauty_tt0053285	1959	Owl	Owl		nm0268428	male			107.32
sleeping.beauty_tt0053285	1959	Prince_Phillip	Prince_Phillip		nm0794301	male	protagonist		222.47
sleeping.beauty_tt0053285	1959	Samson	Samson			unknown			68.65
sleeping.beauty_tt0053285	1959	Minstrel	Minstrel			male			103.39
smallfoot_tt6182908	2018	Garry	Garry		nm1551598	male			179.30
smallfoot_tt6182908	2018	Migo	Migo		nm1475594	male	protagonist		1364.53
smallfoot_tt6182908	2018	Soozie's_Mom	Soozie's_Mom		nm1807222	female			70.61
smallfoot_tt6182908	2018	Thorp	Thorp		nm5555161	male			214.05
smallfoot_tt6182908	2018	Kolka	Kolka		nm1752221	female	protagonist		399.94
smallfoot_tt6182908	2018	Gwangi	Gwangi		nm1429908	male	protagonist		381.01
smallfoot_tt6182908	2018	Meechee	Meechee		nm3918035	female	protagonist		646.35
smallfoot_tt6182908	2018	Dorgle	Dorgle		nm0000362	male			197.32
smallfoot_tt6182908	2018	Pilot	Pilot		nm4425051	male			15.81
smallfoot_tt6182908	2018	Fleem	Fleem		nm1596025	male	protagonist		174.97
smallfoot_tt6182908	2018	Percy	Percy		nm0179479	male	protagonist		610.19
smallfoot_tt6182908	2018	Brenda	Brenda		nm2780578	female	protagonist		124.96
smallfoot_tt6182908	2018	Mama_Bear	Mama_Bear		nm0005004	female			16.68
smurfs.2_tt2017020	2013	Hotel_Assistant_Manager	Hotel_Assistant_Manager						131.09
smurfs.2_tt2017020	2013	Papa_Smurf	Papa_Smurf		nm0005565	male	protagonist		534.20
smurfs.2_tt2017020	2013	Smurfette	Smurfette		nm2953537	female	protagonist		759.47
smurfs.2_tt2017020	2013	Passive_Agressive_Smurf	Passive_Agressive_Smurf			unknown			229.73
smurfs.2_tt2017020	2013	Narrator_Smurf	Narrator_Smurf		nm0437454	male			33.74
smurfs.2_tt2017020	2013	Grouchy_Smurf	Grouchy_Smurf		nm0520064	male	protagonist		429.89
smurfs.2_tt2017020	2013	Vanity_Smurf	Vanity_Smurf		nm1056659	male	protagonist		400.82
smurfs.2_tt2017020	2013	Clumsy_Smurf	Clumsy_Smurf		nm0947338	male	protagonist		307.72
smurfs.2_tt2017020	2013	Handy_Smurf	Handy_Smurf		nm0289344	male			103.27
smurfs.2_tt2017020	2013	Smooth_Smurf	Smooth_Smurf		nm0641944	male			16.31
smurfs.2_tt2017020	2013	Farmer_Smurf	Farmer_Smurf		nm0566906	male			79.12
smurfs.2_tt2017020	2013	Vexy	Vexy		nm0000207	female	antagonist		736.90
smurfs.2_tt2017020	2013	Blue_Winslow	Blue_Winslow						238.07
smurfs.2_tt2017020	2013	Azrael	Azrael		nm0919798	male	antagonist		185.81
smurfs.2_tt2017020	2013	Gargamel	Gargamel						771.90
smurfs.2_tt2017020	2013	Grace_Winslow	Grace_Winslow						274.86
smurfs.2_tt2017020	2013	Hotel_Desk_Manager	Hotel_Desk_Manager						97.10
smurfs.2_tt2017020	2013	Hackus	Hackus		nm1356578	male	antagonist		405.70
smurfs.2_tt2017020	2013	Gutsy_Smurf	Gutsy_Smurf		nm0001086	male			49.34
smurfs.2_tt2017020	2013	Brainy_Smurf	Brainy_Smurf		nm0035488	male			68.44
smurfs.2_tt2017020	2013	Patrick_Winslow	Patrick_Winslow						659.70
smurfs.2_tt2017020	2013	Victor_Doyle	Victor_Doyle						286.04
smurfs_tt0472181	2011	Farmer_Smurf	Farmer_Smurf		nm0566906	male			22.52
smurfs_tt0472181	2011	Greedy_Smurf	Greedy_Smurf		nm0860380	male			139.76
smurfs_tt0472181	2011	Vanity_Smurf	Vanity_Smurf		nm1056659	male			31.03
smurfs_tt0472181	2011	Grouchy_Smurf	Grouchy_Smurf		nm0520064	male	protagonist		305.64
smurfs_tt0472181	2011	Hefty_Smurf	Hefty_Smurf		nm0059630	male			73.41
smurfs_tt0472181	2011	Chef_Smurf	Chef_Smurf		nm0699826	male			41.29
smurfs_tt0472181	2011	Brainy_Smurf	Brainy_Smurf		nm0035488	male	protagonist		332.04
smurfs_tt0472181	2011	Smurfette	Smurfette		nm2953537	female	protagonist		399.02
smurfs_tt0472181	2011	Clumsy_Smurf	Clumsy_Smurf		nm0947338	male	protagonist		382.13
smurfs_tt0472181	2011	Handy_Smurf	Handy_Smurf		nm0289344	male			15.56
smurfs_tt0472181	2011	Narrator_Smurf	Narrator_Smurf		nm0437454	male			35.70
smurfs_tt0472181	2011	Painter_Smurf	Painter_Smurf			male			17.77
smurfs_tt0472181	2011	Gutsy_Smurf	Gutsy_Smurf		nm0001086	male	protagonist		337.38
smurfs_tt0472181	2011	Papa_Smurf	Papa_Smurf		nm0005565	male	protagonist		632.97
smurfs_tt0472181	2011	Gargamel	Gargamel						784.74
smurfs_tt0472181	2011	Azrael	Azrael		nm0919798	male	antagonist		126.42
smurfs_tt0472181	2011	Odile_Anjelou	Odile_Anjelou						264.43
smurfs_tt0472181	2011	Patrick_Winslow	Patrick_Winslow						1086.79
smurfs_tt0472181	2011	Grace_Winslow	Grace_Winslow						477.52
smurfs_tt0472181	2011	Elway	Elway		nm4541150	unknown	protagonist		13.89
snow.white.and._tt0029583	1937	Evil_Queen_(Normal)	Evil_Queen_(Normal)		nm0479164	female	antagonist		158.07
snow.white.and._tt0029583	1937	Snow_White	Snow_White		nm0143314	female	protagonist		936.23
snow.white.and._tt0029583	1937	The_Prince	The_Prince		nm0830968	male	protagonist		76.87
snow.white.and._tt0029583	1937	Huntsman	Huntsman		nm0118081	male	antagonist		26.36
snow.white.and._tt0029583	1937	Blue_birds	Blue_birds			unknown			173.88
snow.white.and._tt0029583	1937	Rabbit	Rabbit			unknown			213.46
snow.white.and._tt0029583	1937	Chipmunks	Chipmunks			unknown			364.41
snow.white.and._tt0029583	1937	Deer	Deer			unknown			258.59
snow.white.and._tt0029583	1937	Gray_squirrel	Gray_squirrel			unknown			191.65
snow.white.and._tt0029583	1937	Raccoon	Raccoon			unknown			65.32
snow.white.and._tt0029583	1937	Brown_Birds	Brown_Birds		nm0201428;nm0700416	unknown			48.21
snow.white.and._tt0029583	1937	Turtle	Turtle			unknown			47.38
snow.white.and._tt0029583	1937	Dopey	Dopey		nm0172287	male	protagonist		600.27
snow.white.and._tt0029583	1937	Doc	Doc		nm0041165	male	protagonist		681.89
snow.white.and._tt0029583	1937	Happy	Happy		nm0363227	male	protagonist		483.52
snow.white.and._tt0029583	1937	Evil_Queen_(Disguised)	Evil_Queen_(Disguised)		nm0479164	female	antagonist		299.34
snow.white.and._tt0029583	1937	Bashful	Bashful		nm0560448	male	protagonist		285.08
snow.white.and._tt0029583	1937	Sneezy	Sneezy		nm0317970	male	protagonist		560.98
snow.white.and._tt0029583	1937	Sleepy	Sleepy		nm0173416	male	protagonist		600.52
snow.white.and._tt0029583	1937	Grumpy	Grumpy		nm0173416	male	protagonist		549.59
snow.white.and._tt0029583	1937	Vultures	Vultures		nm15742917	female			35.45
south.park.bigg_tt0158983	1999	Stan_Marsh	Stan_Marsh		nm0005295	male	protagonist		1135.47
south.park.bigg_tt0158983	1999	Bebe_Stevens	Bebe_Stevens		nm0397990	female			169.46
south.park.bigg_tt0158983	1999	Tom_the_News_Reporter	Tom_the_News_Reporter		nm0005295	male			334.42
south.park.bigg_tt0158983	1999	Wendy_Testaburger	Wendy_Testaburger		nm0074834	female			248.33
south.park.bigg_tt0158983	1999	Bill_Gates	Bill_Gates		nm0001778	male			15.27
south.park.bigg_tt0158983	1999	Liane_Cartman	Liane_Cartman		nm0074834	female			345.22
south.park.bigg_tt0158983	1999	Clyde_Donovan	Clyde_Donovan		nm0005295	male			180.14
south.park.bigg_tt0158983	1999	Terrance_Henry_Stoot	Terrance_Henry_Stoot		nm0001778	male			218.22
south.park.bigg_tt0158983	1999	Phillip_Niles_Argyle	Phillip_Niles_Argyle		nm0005295	male			250.83
south.park.bigg_tt0158983	1999	Sheila_Broflovski	Sheila_Broflovski		nm0074834	female	antagonist		466.34
south.park.bigg_tt0158983	1999	Carol_McCormick	Carol_McCormick		nm0074834	female			156.78
south.park.bigg_tt0158983	1999	Tom	Tom		nm0005295	male			8.13
south.park.bigg_tt0158983	1999	Gregory	Gregory		nm0005295	male			380.46
south.park.bigg_tt0158983	1999	Sharon_Marsh	Sharon_Marsh		nm0074834	female			223.10
south.park.bigg_tt0158983	1999	Woman_In_Theatre	Woman_In_Theatre		nm0010426	female			139.76
south.park.bigg_tt0158983	1999	American_Diplomat	American_Diplomat			unknown			55.81
south.park.bigg_tt0158983	1999	Kenny_McCormick	Kenny_McCormick		nm0001778	male	protagonist		191.07
south.park.bigg_tt0158983	1999	Leopold_Butters_Stotch	Leopold_Butters_Stotch		nm0001778	male			141.39
south.park.bigg_tt0158983	1999	Herbert_Garrison	Herbert_Garrison		nm0005295	male			85.38
south.park.bigg_tt0158983	1999	Gerald_Broflovski	Gerald_Broflovski		nm0001778	male			123.04
south.park.bigg_tt0158983	1999	Ike_Broflovski	Ike_Broflovski		nm0397991	male			109.40
south.park.bigg_tt0158983	1999	Kyle_Broflovski	Kyle_Broflovski		nm0001778	male	protagonist		1096.18
south.park.bigg_tt0158983	1999	Eric_Cartman	Eric_Cartman		nm0005295	male	protagonist		1036.28
south.park.bigg_tt0158983	1999	Big_Gay_Al	Big_Gay_Al		nm0005295	male			124.71
south.park.bigg_tt0158983	1999	Randy_Marsh	Randy_Marsh		nm0005295	male			201.45
south.park.bigg_tt0158983	1999	Ticket_Taker	Ticket_Taker		nm0001778	male			147.27
south.park.bigg_tt0158983	1999	Man_In_Theatre	Man_In_Theatre		nm0397938	unknown			37.08
south.park.bigg_tt0158983	1999	Red	Red		nm0074834	female			155.99
south.park.bigg_tt0158983	1999	Mole's_Mom	Mole's_Mom			unknown			70.20
south.park.bigg_tt0158983	1999	Winona_Ryder	Winona_Ryder		nm0910383	female			152.49
south.park.bigg_tt0158983	1999	Jerome_'Chef'_McElroy	Jerome_'Chef'_McElroy		nm0005002	male			81.41
south.park.bigg_tt0158983	1999	Mole	Mole		nm0005295	male	protagonist		372.41
south.park.bigg_tt0158983	1999	Mr._Mackey	Mr._Mackey		nm0005295	male			154.07
south.park.bigg_tt0158983	1999	Dr._Gouache	Dr._Gouache		nm0000123	male			42.17
south.park.bigg_tt0158983	1999	Jimbo_Kearn	Jimbo_Kearn		nm0001778	male			191.98
south.park.bigg_tt0158983	1999	Bill_Clinton	Bill_Clinton		nm0005295	male			54.01
south.park.bigg_tt0158983	1999	Shelly_Marsh	Shelly_Marsh		nm0074834	female			22.98
south.park.bigg_tt0158983	1999	Brooke_Shields	Brooke_Shields		nm0000378	female			37.58
south.park.bigg_tt0158983	1999	Conan_O'Brien	Conan_O'Brien		nm0000653	male			60.77
south.park.bigg_tt0158983	1999	Canadian_Ambassador	Canadian_Ambassador		nm0005295	male			24.27
south.park.bigg_tt0158983	1999	Army_General	Army_General		nm0005295	male			119.08
south.park.bigg_tt0158983	1999	Satan	Satan		nm0005295	male	antagonist		334.67
south.park.bigg_tt0158983	1999	Dr._Vosnocker	Dr._Vosnocker		nm0001385	male			42.33
south.park.bigg_tt0158983	1999	Brian_Dennehy	Brian_Dennehy		nm0005295	male			14.43
south.park.bigg_tt0158983	1999	Ned_Gerblanski	Ned_Gerblanski		nm0005295	male			66.19
space.jam.a.new_tt3554046	2021	Bugs_Bunny	Bugs_Bunny		nm0074797	male	protagonist		480.56
space.jam.a.new_tt3554046	2021	Arachnneka	Arachnneka		nm6506928	female			97.68
space.jam.a.new_tt3554046	2021	White_Mamba	White_Mamba		nm5630605	female			292.92
space.jam.a.new_tt3554046	2021	Chronos	Chronos		nm6438048	male			29.49
space.jam.a.new_tt3554046	2021	Elmer_Fudd	Elmer_Fudd		nm1082823	male			152.65
space.jam.a.new_tt3554046	2021	Alfred_Pennyworth	Alfred_Pennyworth			unknown			30.28
space.jam.a.new_tt3554046	2021	LeBron_James	LeBron_James		nm1429908	male	protagonist		475.85
space.jam.a.new_tt3554046	2021	Superman_/_Clark_Kent_/_Kal-El	Superman_/_Clark_Kent_/_Kal-El			male			18.73
space.jam.a.new_tt3554046	2021	Granny	Granny		nm0590430	female			165.83
space.jam.a.new_tt3554046	2021	Pete	Pete			unknown			115.07
space.jam.a.new_tt3554046	2021	Nerdluck_Bang	Nerdluck_Bang			male			3.25
space.jam.a.new_tt3554046	2021	Al_G._Rhythm	Al_G._Rhythm		nm0000332	male	antagonist		23.36
space.jam.a.new_tt3554046	2021	Morty	Morty		nm1551598	male			13.89
space.jam.a.new_tt3554046	2021	Batman_/_Bruce_Wayne	Batman_/_Bruce_Wayne			unknown			2.67
space.jam.a.new_tt3554046	2021	Iron_Giant	Iron_Giant			unknown			9.76
space.jam.a.new_tt3554046	2021	Lola_Bunny	Lola_Bunny		nm3918035	female			382.38
space.jam.a.new_tt3554046	2021	Porky_Pig	Porky_Pig		nm1082823	male			290.00
space.jam.a.new_tt3554046	2021	Foghorn_Leghorn	Foghorn_Leghorn		nm1082823	male			105.40
space.jam.a.new_tt3554046	2021	Sylvester_the_Cat	Sylvester_the_Cat		nm0074797	male			115.07
space.jam.a.new_tt3554046	2021	Road_Runner	Road_Runner			male			30.99
space.jam.a.new_tt3554046	2021	Daffy_Duck	Daffy_Duck		nm1082823	male			187.81
space.jam.a.new_tt3554046	2021	Tasmanian_Devil	Tasmanian_Devil		nm0851317	male			99.43
space.jam.a.new_tt3554046	2021	Gossamer	Gossamer			unknown			119.49
space.jam.a.new_tt3554046	2021	Wile_E._Coyote	Wile_E._Coyote			unknown			88.63
space.jam.a.new_tt3554046	2021	Tweety_Bird	Tweety_Bird		nm0074036	male			140.97
space.jam.a.new_tt3554046	2021	Marvin_the_Martian	Marvin_the_Martian		nm1082823	male			28.95
space.jam.a.new_tt3554046	2021	Speedy_Gonzales	Speedy_Gonzales		nm0407101	male			11.22
space.jam.a.new_tt3554046	2021	Jimmy_Olsen	Jimmy_Olsen			unknown			0.67
space.jam.a.new_tt3554046	2021	Dr._Harleen_Quinzel	Dr._Harleen_Quinzel			unknown			0.67
space.jam.a.new_tt3554046	2021	Aquaman_/_Arthur_Curry	Aquaman_/_Arthur_Curry			unknown			9.59
space.jam.a.new_tt3554046	2021	Rick	Rick		nm1551598	male			7.42
space.jam.a.new_tt3554046	2021	Yosemite_Sam	Yosemite_Sam		nm0074797	male			90.55
space.jam.a.new_tt3554046	2021	Wonder_Woman_/_Diana	Wonder_Woman_/_Diana		nm0206257	female			40.50
space.jam.a.new_tt3554046	2021	Nerdluck_Nawt	Nerdluck_Nawt			male			2.25
space.jam.a.new_tt3554046	2021	Brow	Brow		nm4992797	male			63.02
space.jam.a.new_tt3554046	2021	Gremlins	Gremlins			unknown			1.71
space.jam.a.new_tt3554046	2021	Yogi_Bear	Yogi_Bear		nm0074797	male			1.33
space.jam.a.new_tt3554046	2021	Boo_Boo	Boo_Boo			unknown			0.63
space.jam.a.new_tt3554046	2021	Nerdluck_Blanko	Nerdluck_Blanko			male			1.96
space.jam.a.new_tt3554046	2021	Wet-Fire	Wet-Fire		nm6682215	male			76.79
space.jam.a.new_tt3554046	2021	Igoo	Igoo			unknown			12.05
space.jam.a.new_tt3554046	2021	Gloop	Gloop			unknown			21.10
space.jam.a.new_tt3554046	2021	Jabberjaw	Jabberjaw			unknown			1.92
space.jam.a.new_tt3554046	2021	Nerdluck_Bupkus	Nerdluck_Bupkus			male			1.50
space.jam.a.new_tt3554046	2021	Nerdluck_Pound	Nerdluck_Pound			male			2.63
space.jam_tt0117705	1996	Bugs_Bunny	Bugs_Bunny		nm0921942	male	protagonist		439.36
space.jam_tt0117705	1996	Michael_Jordan	Michael_Jordan						1051.93
space.jam_tt0117705	1996	Pepe_Le_Pew	Pepe_Le_Pew		nm0005606	male			97.18
space.jam_tt0117705	1996	Nerdluck_Pound	Nerdluck_Pound		nm0089508	male			132.72
space.jam_tt0117705	1996	Mr._Swackhammer	Mr._Swackhammer		nm0000362	male	antagonist		123.54
space.jam_tt0117705	1996	Nerdluck_Nawt	Nerdluck_Nawt		nm0906531	male			116.62
space.jam_tt0117705	1996	Nerdluck_Bupkus	Nerdluck_Bupkus		nm0718642	male			101.56
space.jam_tt0117705	1996	Nerdluck_Bang	Nerdluck_Bang		nm0577442	male			91.26
space.jam_tt0117705	1996	Nerdluck_Blanko	Nerdluck_Blanko		nm0416349	male			100.06
space.jam_tt0117705	1996	Daffy_Duck	Daffy_Duck		nm0048389	male	protagonist		230.94
space.jam_tt0117705	1996	Sylvester_the_Cat	Sylvester_the_Cat		nm0267724	male			105.02
space.jam_tt0117705	1996	Yosemite_Sam	Yosemite_Sam		nm0267724	male			67.19
space.jam_tt0117705	1996	Porky_Pig	Porky_Pig		nm0074036	male			244.58
space.jam_tt0117705	1996	Barnyard_Dawg	Barnyard_Dawg		nm0074036	male			42.38
space.jam_tt0117705	1996	Tweety_Bird	Tweety_Bird		nm0074036	male			87.30
space.jam_tt0117705	1996	Granny	Granny		nm0004931	female			66.15
space.jam_tt0117705	1996	Wile_E._Coyote	Wile_E._Coyote			unknown			41.08
space.jam_tt0117705	1996	Foghorn_Leghorn	Foghorn_Leghorn		nm0267724	male			80.12
space.jam_tt0117705	1996	Hubie	Hubie		nm0074036	male			42.00
space.jam_tt0117705	1996	Tasmanian_Devil	Tasmanian_Devil		nm0048389	male			88.30
space.jam_tt0117705	1996	Bertie	Bertie		nm0074036	male			17.02
space.jam_tt0117705	1996	Monstar_Bang	Monstar_Bang		nm0131436	male			128.63
space.jam_tt0117705	1996	Monstar_Nawt	Monstar_Nawt		nm0141953	male			60.69
space.jam_tt0117705	1996	Blanko	Blanko			male			78.62
space.jam_tt0117705	1996	Monstar_Bupkus	Monstar_Bupkus		nm0002126	male			104.77
space.jam_tt0117705	1996	Elmer_Fudd	Elmer_Fudd		nm0921942	male			56.89
space.jam_tt0117705	1996	Monstar_Pound	Monstar_Pound		nm0840260	male			137.39
space.jam_tt0117705	1996	Lola_Bunny	Lola_Bunny		nm0815718	female	protagonist		162.75
space.jam_tt0117705	1996	Marvin_the_Martian	Marvin_the_Martian		nm0074036	male			19.85
space.jam_tt0117705	1996	Sniffles	Sniffles		nm0906531	male			13.72
spiderman.acros_tt9362722	2023	Glory	Glory		nm8731249	female			27.53
spiderman.acros_tt9362722	2023	Peni_Parker	Peni_Parker		nm4733752	female			2.09
spiderman.acros_tt9362722	2023	Spider-Woman_/_Gwen_Stacy	Spider-Woman_/_Gwen_Stacy		nm2794962	female	protagonist		839.55
spiderman.acros_tt9362722	2023	Spider-Punk_/_Hobie_Brown	Spider-Punk_/_Hobie_Brown		nm2257207	male			87.46
spiderman.acros_tt9362722	2023	Spider-Man_/_Miles_Morales	Spider-Man_/_Miles_Morales		nm4271336	male	protagonist		1389.55
spiderman.acros_tt9362722	2023	Spectacular_Spider-Man	Spectacular_Spider-Man		nm0005079	male			23.40
spiderman.acros_tt9362722	2023	Spider-Byte_/_Margo_Kess	Spider-Byte_/_Margo_Kess		nm3964350	non-binary			90.67
spiderman.acros_tt9362722	2023	Prowler_/_Miles_G._Morales	Prowler_/_Miles_G._Morales		nm7851611	male	antagonist		127.79
spiderman.acros_tt9362722	2023	Aaron_Davis	Aaron_Davis		nm0991810	male	antagonist		47.09
spiderman.acros_tt9362722	2023	Spider-Man_2099_/_Miguel_O'Hara	Spider-Man_2099_/_Miguel_O'Hara		nm1209966	male	antagonist		282.99
spiderman.acros_tt9362722	2023	Rio_Morales	Rio_Morales		nm0904967	female			653.74
spiderman.acros_tt9362722	2023	Spider-woman_(in_mask)	Spider-woman_(in_mask)		nm2794962	female			309.48
spiderman.acros_tt9362722	2023	May	May		nm0001610	female			9.01
spiderman.acros_tt9362722	2023	Jefferson_Morales	Jefferson_Morales		nm3109964	male			497.46
spiderman.acros_tt9362722	2023	Betty	Betty		nm6253080	unknown			12.55
spiderman.acros_tt9362722	2023	MJ	MJ		nm3729780	unknown			19.48
spiderman.acros_tt9362722	2023	Peter_Parker_Earth-65	Peter_Parker_Earth-65		nm4425051	male			25.32
spiderman.acros_tt9362722	2023	Lyla	Lyla		nm2336966	female			37.16
spiderman.acros_tt9362722	2023	Maria	Maria		nm1100855	female			44.71
spiderman.acros_tt9362722	2023	Ganke_Lee	Ganke_Lee		nm0812307	male			49.38
spiderman.acros_tt9362722	2023	Yuri_Watanabe	Yuri_Watanabe		nm3373248	female			17.48
spiderman.acros_tt9362722	2023	George_Stacy	George_Stacy		nm0924154	male			211.17
spiderman.acros_tt9362722	2023	Spider-Woman_/_Jessica_Drew	Spider-Woman_/_Jessica_Drew		nm4793987	female			191.77
spiderman.acros_tt9362722	2023	Spider-Man_/_Peter_B._Parker	Spider-Man_/_Peter_B._Parker		nm2159926	male			295.71
spiderman.acros_tt9362722	2023	Doctor_Octopus_/_Olivia_Octavius	Doctor_Octopus_/_Olivia_Octavius		nm1063517	female			10.26
spiderman.acros_tt9362722	2023	Vulture_/_Adriano_Tumino	Vulture_/_Adriano_Tumino		nm1672246	male	antagonist		20.77
spiderman.acros_tt9362722	2023	Spiderman_(miguel_in_suit)	Spiderman_(miguel_in_suit)		nm4271336	male			57.39
spiderman.acros_tt9362722	2023	Character_1	Character_1			unknown			29.86
spiderman.acros_tt9362722	2023	Spiderman_(in_mask)	Spiderman_(in_mask)		nm4271336	male			271.85
spiderman.acros_tt9362722	2023	Spot_/_Jonathan_Ohnn	Spot_/_Jonathan_Ohnn		nm0005403	male	antagonist		18.69
spiderman.acros_tt9362722	2023	Ms._Weber	Ms._Weber		nm0237222	female			67.28
spiderman.acros_tt9362722	2023	J._Jonah_Jameson	J._Jonah_Jameson		nm0799777	male			1.33
spiderman.acros_tt9362722	2023	Lenny	Lenny		nm0005187	male			25.11
spiderman.acros_tt9362722	2023	Lego_Spider-Man	Lego_Spider-Man		nm2068142	unknown			18.52
spiderman.acros_tt9362722	2023	Mary_Jane	Mary_Jane		nm3596979	female			35.37
spiderman.acros_tt9362722	2023	Mayday_Parker	Mayday_Parker		nm0741398	female			60.39
spiderman.acros_tt9362722	2023	Spider-Man_India_/_Pavitr_Prabhakar	Spider-Man_India_/_Pavitr_Prabhakar		nm4175221	male			65.57
spiderman.acros_tt9362722	2023	Insomniac_Spider-Man	Insomniac_Spider-Man		nm0523180	male			3.21
spiderman.acros_tt9362722	2023	Spider-UK_/_Malala_Windsor	Spider-UK_/_Malala_Windsor		nm6220968	female			2.50
spiderman.acros_tt9362722	2023	Spider-Ham_/_Peter_Porker	Spider-Ham_/_Peter_Porker			unknown			1.67
spiderman.acros_tt9362722	2023	Scarlet_Spider_/_Ben_Reilly	Scarlet_Spider_/_Ben_Reilly		nm1676221	male			5.17
spiderman.acros_tt9362722	2023	'67_Spider-Man	'67_Spider-Man						3.04
spiderman.acros_tt9362722	2023	Sun-Spider_/_Charlotte_Webber	Sun-Spider_/_Charlotte_Webber		nm7211408	unknown			0.33
spiderman.into._tt4633694	2018	Rio_Morales	Rio_Morales		nm0904967	female			168.08
spiderman.into._tt4633694	2018	Mary_Jane_Watson	Mary_Jane_Watson		nm2368789	female			45.04
spiderman.into._tt4633694	2018	Spider-Man_/_Peter_B._Parker	Spider-Man_/_Peter_B._Parker		nm2159926	male			319.24
spiderman.into._tt4633694	2018	Spider-Man_/_Miles_Morales	Spider-Man_/_Miles_Morales		nm4271336	male			99.89
spiderman.into._tt4633694	2018	Spider-Ham_/_Peter_Porker	Spider-Ham_/_Peter_Porker		nm1825214	male	protagonist		107.27
spiderman.into._tt4633694	2018	Peter_Parker	Peter_Parker		nm1517976	male	protagonist		461.54
spiderman.into._tt4633694	2018	Scientist_in_Cafeteria	Scientist_in_Cafeteria		nm3187683	female			93.64
spiderman.into._tt4633694	2018	Kingpin	Kingpin		nm0000630	male	antagonist		118.49
spiderman.into._tt4633694	2018	Green_Goblin_/_Norman_Osborn	Green_Goblin_/_Norman_Osborn		nm1672246	male	antagonist		8.05
spiderman.into._tt4633694	2018	Spider-Man_Earth-67	Spider-Man_Earth-67		nm1672246	male			40.12
spiderman.into._tt4633694	2018	Miles_Morales	Miles_Morales		nm4271336	male	protagonist		1279.28
spiderman.into._tt4633694	2018	Brooklyn_Visions_Security_Guard	Brooklyn_Visions_Security_Guard			unknown			54.35
spiderman.into._tt4633694	2018	Doctor_Octopus_/_Olivia_Octavius	Doctor_Octopus_/_Olivia_Octavius		nm1063517	female	antagonist		62.52
spiderman.into._tt4633694	2018	Ganke_Lee	Ganke_Lee			unknown			41.67
spiderman.into._tt4633694	2018	Jefferson_Davis	Jefferson_Davis		nm3109964	male	protagonist		313.52
spiderman.into._tt4633694	2018	Vanessa_Fisk	Vanessa_Fisk		nm1128572	female			10.84
spiderman.into._tt4633694	2018	Lyla	Lyla		nm2336966	female			8.30
spiderman.into._tt4633694	2018	Peni_Parker	Peni_Parker		nm4733752	female	protagonist		155.36
spiderman.into._tt4633694	2018	Miss_Calleros	Miss_Calleros		nm2295540	female			22.86
spiderman.into._tt4633694	2018	Gwen_Stacy	Gwen_Stacy		nm2794962	female	protagonist		292.29
spiderman.into._tt4633694	2018	Miles_Morales_First_Suit	Miles_Morales_First_Suit		nm4271336	male			253.29
spiderman.into._tt4633694	2018	Prowler_/_Aaron_Davis	Prowler_/_Aaron_Davis		nm0991810	male	antagonist		41.25
spiderman.into._tt4633694	2018	Spider-Woman_/_Gwen_Stacy	Spider-Woman_/_Gwen_Stacy		nm2794962	female			80.50
spiderman.into._tt4633694	2018	Stan	Stan		nm0498278	male			13.05
spiderman.into._tt4633694	2018	Aunt_May	Aunt_May		nm0005499	female	protagonist		97.22
spiderman.into._tt4633694	2018	Scorpion	Scorpion		nm1370408	male			17.43
spiderman.into._tt4633694	2018	Tombstone	Tombstone		nm3993304	male			21.10
spiderman.into._tt4633694	2018	Noir_Spider-Man	Noir_Spider-Man		nm0000115	male	protagonist		92.68
spiderman.into._tt4633694	2018	Spider-Man_2099_/_Miguel_O'Hara	Spider-Man_2099_/_Miguel_O'Hara		nm1209966	male			11.26
spies.in.disgui_tt5814534	2019	Wendy_Beckett	Wendy_Beckett		nm3014031	female			130.67
spies.in.disgui_tt5814534	2019	Walter_Beckett_(Young)	Walter_Beckett_(Young)		nm11227603	male			116.32
spies.in.disgui_tt5814534	2019	Geraldine	Geraldine		nm1266101	female			41.42
spies.in.disgui_tt5814534	2019	Yakuza_#1	Yakuza_#1		nm5337106	male			40.25
spies.in.disgui_tt5814534	2019	Yakuza_#2	Yakuza_#2		nm1442093	unknown			20.69
spies.in.disgui_tt5814534	2019	Male_Tourist	Male_Tourist		nm3166084	unknown			26.99
spies.in.disgui_tt5814534	2019	Agent_Lance_Sterling	Agent_Lance_Sterling		nm0000226	male	protagonist		933.14
spies.in.disgui_tt5814534	2019	Director_Joy_Jenkins	Director_Joy_Jenkins		nm0005207	female			139.39
spies.in.disgui_tt5814534	2019	Agency_Accountant	Agency_Accountant		nm3166084	unknown			62.56
spies.in.disgui_tt5814534	2019	Agency_Control_Room_Technician	Agency_Control_Room_Technician		nm1053148	male			42.92
spies.in.disgui_tt5814534	2019	Katsu_Kimura	Katsu_Kimura		nm1199811	male	antagonist		42.67
spies.in.disgui_tt5814534	2019	Yakuzas	Yakuzas		nm0012888	male			17.31
spies.in.disgui_tt5814534	2019	Killian	Killian		nm0578853	male	antagonist		262.97
spies.in.disgui_tt5814534	2019	Italian_Woman	Italian_Woman		nm5312098	female			3.59
spies.in.disgui_tt5814534	2019	Agency_Employee_#12	Agency_Employee_#12		nm0702863	male			61.81
spies.in.disgui_tt5814534	2019	Weapons_Lab_Soldier	Weapons_Lab_Soldier		nm3103829	male			6.26
spies.in.disgui_tt5814534	2019	Weapons_Lab_Tech	Weapons_Lab_Tech		nm1763390	unknown			49.17
spies.in.disgui_tt5814534	2019	Soo-Min	Soo-Min		nm11227609	unknown			31.95
spies.in.disgui_tt5814534	2019	Eyes	Eyes		nm2394794	female			125.17
spies.in.disgui_tt5814534	2019	Joon	Joon			unknown			40.25
spies.in.disgui_tt5814534	2019	Marcy	Marcy		nm0429069	female			405.74
spies.in.disgui_tt5814534	2019	Walter	Walter		nm4043618	male	protagonist		1312.81
spies.in.disgui_tt5814534	2019	Ears	Ears		nm1722577	male			70.07
spies.in.disgui_tt5814534	2019	Receptionist	Receptionist		nm1987941	female			23.36
spies.in.disgui_tt5814534	2019	Lead_Agency_Lab_Tech	Lead_Agency_Lab_Tech		nm6008860	unknown			23.23
spies.in.disgui_tt5814534	2019	Terrance	Terrance		nm0870629	unknown			11.05
spies.in.disgui_tt5814534	2019	Character_1	Character_1			unknown			59.43
spies.in.disgui_tt5814534	2019	Marcy's_Agents	Marcy's_Agents		nm1072611	male			28.53
spies.in.disgui_tt5814534	2019	Scooter_Guy	Scooter_Guy		nm11227612	unknown			15.89
spies.in.disgui_tt5814534	2019	White_bird	White_bird			unknown			109.03
spies.in.disgui_tt5814534	2019	Bird	Bird			unknown			331.16
spies.in.disgui_tt5814534	2019	Bird_2	Bird_2			unknown			14.26
spirit.stallion_tt0166813	2002	Esperanza	Esperanza			female			145.25
spirit.stallion_tt0166813	2002	Spirit	Spirit		nm0000354	male	protagonist		1864.13
spirit.stallion_tt0166813	2002	Rain	Rain			female	protagonist		408.64
spirit.stallion_tt0166813	2002	Jake	Jake		nm0129106	male			31.97
spirit.stallion_tt0166813	2002	Train_Pull_Foreman	Train_Pull_Foreman		nm0298412	male			50.58
spirit.stallion_tt0166813	2002	Bill	Bill		nm0569501	male			25.69
spirit.stallion_tt0166813	2002	Roy	Roy		nm0621008	male			6.57
spirit.stallion_tt0166813	2002	Pete	Pete		nm0666740	male			12.35
spirit.stallion_tt0166813	2002	Colonel	Colonel		nm0000342	male	antagonist		168.43
spirit.stallion_tt0166813	2002	Sgt._Adams	Sgt._Adams		nm0076718	male			142.31
spirit.stallion_tt0166813	2002	Murphy	Murphy		nm0495492	unknown			34.73
spirit.stallion_tt0166813	2002	Little_Creek	Little_Creek		nm0836070	male	protagonist		503.84
spirit.stallion_tt0166813	2002	Little_Indian_Girl	Little_Indian_Girl		nm1183408	unknown			20.29
spirit.untamed_tt11084896	2021	Jim_Prescott	Jim_Prescott		nm0350453	male	protagonist		476.02
spirit.untamed_tt11084896	2021	Lucky_Prescott_(Baby)	Lucky_Prescott_(Baby)		nm0033977	female			49.34
spirit.untamed_tt11084896	2021	Valentina	Valentina		nm5336620	unknown			31.24
spirit.untamed_tt11084896	2021	Chica_Linda	Chica_Linda			female			316.90
spirit.untamed_tt11084896	2021	Lucky_Prescott	Lucky_Prescott		nm5097044	female	protagonist		1727.60
spirit.untamed_tt11084896	2021	Boomerang	Boomerang			male			332.83
spirit.untamed_tt11084896	2021	Senor_Carrots	Senor_Carrots			unknown			57.68
spirit.untamed_tt11084896	2021	Aunt_Cora	Aunt_Cora		nm0000194	female	protagonist		473.51
spirit.untamed_tt11084896	2021	James_Prescott_Sr	James_Prescott_Sr		nm0366356	male			28.57
spirit.untamed_tt11084896	2021	Abigail_Stone	Abigail_Stone		nm5085683	female	protagonist		499.71
spirit.untamed_tt11084896	2021	Lady_with_Dog	Lady_with_Dog		nm1764275	unknown			22.31
spirit.untamed_tt11084896	2021	Snips_Stone	Snips_Stone		nm8598537	male			89.80
spirit.untamed_tt11084896	2021	Pru_Granger	Pru_Granger		nm6343162	female	protagonist		555.89
spirit.untamed_tt11084896	2021	Hendricks	Hendricks		nm0324658	male	antagonist		179.22
spirit.untamed_tt11084896	2021	Spirit	Spirit			male	protagonist		668.63
spirit.untamed_tt11084896	2021	Al_Granger	Al_Granger		nm0105672	male			113.53
spongebob.squar_tt0345950	2004	Prisoner_(Crown_Polisher)	Prisoner_(Crown_Polisher)		nm0293196	male			64.81
spongebob.squar_tt0345950	2004	Lloyd	Lloyd			unknown			89.84
spongebob.squar_tt0345950	2004	Phil	Phil		nm0048389	male			31.99
spongebob.squar_tt0345950	2004	Waiter	Waiter		nm0048389	male			43.00
spongebob.squar_tt0345950	2004	Floyd	Floyd		nm0048389	male			91.38
spongebob.squar_tt0345950	2004	Patrick_Star	Patrick_Star		nm0265067	male	protagonist		1129.38
spongebob.squar_tt0345950	2004	Mr._Krabs	Mr._Krabs		nm0000317	male	protagonist		342.26
spongebob.squar_tt0345950	2004	SpongeBob_SquarePants	SpongeBob_SquarePants		nm0444786	male	protagonist		1781.78
spongebob.squar_tt0345950	2004	Driver	Driver		nm0410451	female			70.86
spongebob.squar_tt0345950	2004	King_Neptune	King_Neptune		nm0001787	male	protagonist		391.77
spongebob.squar_tt0345950	2004	Goofy_Goober	Goofy_Goober		nm0087456	male			42.58
spongebob.squar_tt0345950	2004	Squidward_Tentacles	Squidward_Tentacles		nm0120309	male	protagonist		177.72
spongebob.squar_tt0345950	2004	Perch_Perkins	Perch_Perkins		nm0048389	male			51.47
spongebob.squar_tt0345950	2004	Plankton	Plankton			unknown	antagonist		281.16
spongebob.squar_tt0345950	2004	Mrs._Puff	Mrs._Puff		nm0146181	female			19.48
spongebob.squar_tt0345950	2004	Sandy_Cheeks	Sandy_Cheeks		nm0492657	female			28.78
spongebob.squar_tt0345950	2004	Mindy	Mindy		nm0424060	female	protagonist		346.39
spongebob.squar_tt0345950	2004	Squire	Squire		nm0016141	male			52.72
spongebob.squar_tt0345950	2004	Victor	Victor			male			85.54
spongebob.squar_tt0345950	2004	Dennis	Dennis		nm0000285	male	antagonist		86.38
spongebob.squar_tt0345950	2004	Ice_Cream_Lady	Ice_Cream_Lady		nm0410451	female			41.25
storks_tt4624424	2016	Junior	Junior		nm1676221	male	protagonist		922.96
storks_tt4624424	2016	Baby_2	Baby_2			unknown			121.20
storks_tt4624424	2016	Tulip	Tulip		nm1764070	female	protagonist		1235.07
storks_tt4624424	2016	Baby	Baby			unknown			631.21
storks_tt4624424	2016	Miscellaneous_Storks	Miscellaneous_Storks		nm0054697	male			171.25
storks_tt4624424	2016	Hunter	Hunter		nm0001288	male	antagonist		228.31
storks_tt4624424	2016	Henry_Gardner	Henry_Gardner		nm0123092	male			272.86
storks_tt4624424	2016	Pigeon_Toady	Pigeon_Toady		nm2811212	male	antagonist		120.62
storks_tt4624424	2016	Jasper	Jasper		nm0001803	male			109.86
storks_tt4624424	2016	Dougland	Dougland		nm2166469	male			20.85
storks_tt4624424	2016	Nate_Gardner	Nate_Gardner		nm4465086	male	protagonist		325.91
storks_tt4624424	2016	Sarah_Gardner	Sarah_Gardner		nm0000098	female			248.29
storks_tt4624424	2016	Alpha_Wolf	Alpha_Wolf		nm1221047	male	antagonist		111.99
storks_tt4624424	2016	Beta_Wolf	Beta_Wolf		nm1443502	male	antagonist		84.79
storks_tt4624424	2016	Penguin	Penguin			unknown	antagonist		33.32
strange.world_tt10298840	2022	Searcher_Clade	Searcher_Clade		nm0350453	male	protagonist		1391.26
strange.world_tt10298840	2022	Caspian	Caspian		nm4175221	male			67.98
strange.world_tt10298840	2022	Lonnie_Redshirt	Lonnie_Redshirt		nm0072344	male			119.95
strange.world_tt10298840	2022	Jaegar	Jaegar		nm0000598	male	protagonist		714.59
strange.world_tt10298840	2022	Callisto_Mal	Callisto_Mal		nm0005154	female	antagonist		416.08
strange.world_tt10298840	2022	Rory	Rory		nm2655199	male			3.80
strange.world_tt10298840	2022	Meridian_Clade	Meridian_Clade		nm0005517	female	protagonist		505.59
strange.world_tt10298840	2022	Ethan_Clade	Ethan_Clade		nm7187850	male	protagonist		1201.41
strange.world_tt10298840	2022	Legend	Legend			male	protagonist		100.93
strange.world_tt10298840	2022	Kardez	Kardez		nm6516135	male			59.02
strange.world_tt10298840	2022	Azimuth	Azimuth		nm5590588	female			12.80
strange.world_tt10298840	2022	Diazo	Diazo		nm13437268	male			59.60
strange.world_tt10298840	2022	Pulk	Pulk		nm1027814	two-spirit			99.10
strange.world_tt10298840	2022	Ro	Ro		nm0475836	female			13.97
strange.world_tt10298840	2022	Duffle	Duffle		nm0876138	male			24.73
super.mario.bro_tt6718170	2023	Koopa_General	Koopa_General		nm0579914	male	antagonist		68.32
super.mario.bro_tt6718170	2023	Kamek	Kamek		nm0724656	male	antagonist		69.69
super.mario.bro_tt6718170	2023	Bowser	Bowser		nm0085312	male	antagonist		327.04
super.mario.bro_tt6718170	2023	Jungle_Kingdom_Guard	Jungle_Kingdom_Guard			unknown			19.14
super.mario.bro_tt6718170	2023	Penguin_King	Penguin_King		nm1146051	male			15.47
super.mario.bro_tt6718170	2023	Diddy_Kong	Diddy_Kong			male			10.26
super.mario.bro_tt6718170	2023	Mario	Mario		nm0695435	male	protagonist		1298.13
super.mario.bro_tt6718170	2023	Luigi	Luigi		nm0206359	male	protagonist		500.92
super.mario.bro_tt6718170	2023	Baby_Luigi	Baby_Luigi			male			21.60
super.mario.bro_tt6718170	2023	Aunt	Aunt		nm0223740	female			20.69
super.mario.bro_tt6718170	2023	Giuseppe	Giuseppe		nm0553409	male			11.09
super.mario.bro_tt6718170	2023	Foreman_Spike	Foreman_Spike		nm1724319	male	antagonist		35.54
super.mario.bro_tt6718170	2023	Uncle_Arthur	Uncle_Arthur		nm0224007	male			26.69
super.mario.bro_tt6718170	2023	Toad_General	Toad_General		nm1082823	male			37.45
super.mario.bro_tt6718170	2023	Plumbing_Customer_Woman	Plumbing_Customer_Woman		nm0838588	female			10.72
super.mario.bro_tt6718170	2023	Plumbing_Customer_Man	Plumbing_Customer_Man			unknown			9.43
super.mario.bro_tt6718170	2023	Francis	Francis			male			43.59
super.mario.bro_tt6718170	2023	Baby_Mario	Baby_Mario			male			17.60
super.mario.bro_tt6718170	2023	Mario's_Mom	Mario's_Mom		nm0223740	female			38.33
super.mario.bro_tt6718170	2023	Mario's_Dad	Mario's_Dad		nm0553409	male			42.46
super.mario.bro_tt6718170	2023	Cranky_Kong	Cranky_Kong		nm0035488	male	protagonist		120.58
super.mario.bro_tt6718170	2023	Uncle_Tony	Uncle_Tony		nm0738951	male			36.83
super.mario.bro_tt6718170	2023	Toad	Toad		nm1221047	male	protagonist		309.06
super.mario.bro_tt6718170	2023	Koopa_Turned_into_Dry_Bones	Koopa_Turned_into_Dry_Bones			unknown			6.59
super.mario.bro_tt6718170	2023	Lumalee	Lumalee		nm14185788	unknown			29.74
super.mario.bro_tt6718170	2023	Shy_Guy	Shy_Guy			unknown			28.32
super.mario.bro_tt6718170	2023	Baby_Peach	Baby_Peach		nm0223740	female			19.44
super.mario.bro_tt6718170	2023	Dixie_Kong	Dixie_Kong			unknown			7.67
super.mario.bro_tt6718170	2023	Princess_Peach	Princess_Peach		nm5896355	female	protagonist		614.86
super.mario.bro_tt6718170	2023	Donkey_Kong	Donkey_Kong		nm0736622	male	protagonist		234.78
super.mario.bro_tt6718170	2023	Snifit	Snifit			unknown			13.47
super.mario.bro_tt6718170	2023	Bully	Bully		nm0223740	female			4.75
super.mario.bro_tt6718170	2023	Chunky_Kong	Chunky_Kong			unknown			17.43
super.mario.bro_tt6718170	2023	Bomber_Bill	Bomber_Bill			male			12.05
surfs.up_tt0423294	2007	Cody_Maverick	Cody_Maverick		nm0479471	male	protagonist		985.48
surfs.up_tt0423294	2007	Glen_Maverick	Glen_Maverick		nm0692634	male			124.83
surfs.up_tt0423294	2007	Edna_Maverick	Edna_Maverick		nm1614770	female			343.43
surfs.up_tt0423294	2007	Small_bird	Small_bird			unknown			111.49
surfs.up_tt0423294	2007	Big_Z	Big_Z		nm0000313	male	protagonist		737.11
surfs.up_tt0423294	2007	Filmmaker_#1	Filmmaker_#1		nm0105169	male			27.65
surfs.up_tt0423294	2007	Rob	Rob		nm0532499	male			187.27
surfs.up_tt0423294	2007	Tank_Evans	Tank_Evans		nm0046033	male	antagonist		142.77
surfs.up_tt0423294	2007	Glen's_Buddy	Glen's_Buddy		nm2407919	trans woman			48.51
surfs.up_tt0423294	2007	Arnold	Arnold		nm2655199	male			95.72
surfs.up_tt0423294	2007	Reggie	Reggie		nm0000249	male			181.60
surfs.up_tt0423294	2007	Kelly	Kelly		nm0005440	male			38.66
surfs.up_tt0423294	2007	Mike_Abromowitz	Mike_Abromowitz		nm0134647	male			63.77
surfs.up_tt0423294	2007	Chicken_Joe	Chicken_Joe		nm1417647	male	protagonist		282.32
surfs.up_tt0423294	2007	Lani_Aliikai	Lani_Aliikai		nm0221046	female	protagonist		347.22
surfs.up_tt0423294	2007	Kate	Kate		nm2655180	unknown			85.79
surfs.up_tt0423294	2007	Smudge	Smudge		nm2655192	unknown			97.51
surfs.up_tt0423294	2007	Squid	Squid			unknown			12.05
sword.in.the.st_tt0057546	1963	Arthur_Pendragon	Arthur_Pendragon		nm0814862	male	protagonist		631.71
sword.in.the.st_tt0057546	1963	Girl_Squirrel	Girl_Squirrel		nm0852412	female			130.96
sword.in.the.st_tt0057546	1963	Beaver	Beaver			unknown			50.30
sword.in.the.st_tt0057546	1963	Merlin	Merlin		nm0842425	male	protagonist		708.92
sword.in.the.st_tt0057546	1963	Archimedes	Archimedes		nm0560076	male	protagonist		413.08
sword.in.the.st_tt0057546	1963	Sir_Kay	Sir_Kay		nm0017491	male	antagonist		233.65
sword.in.the.st_tt0057546	1963	Sir_Ector	Sir_Ector		nm0001982	male	antagonist		257.80
sword.in.the.st_tt0057546	1963	Fish	Fish			unknown			218.64
sword.in.the.st_tt0057546	1963	Old_Fish	Old_Fish			unknown			120.04
sword.in.the.st_tt0057546	1963	Brown-Yellow_Bird	Brown-Yellow_Bird			unknown			221.97
sword.in.the.st_tt0057546	1963	Old_Squirrel	Old_Squirrel		nm0921131	female			158.99
sword.in.the.st_tt0057546	1963	Granny_Squirrel	Granny_Squirrel			unknown			24.44
sword.in.the.st_tt0057546	1963	Sir_Bart	Sir_Bart			unknown			18.39
sword.in.the.st_tt0057546	1963	Scullery_Maid	Scullery_Maid		nm0020289	female			19.23
sword.in.the.st_tt0057546	1963	Madam_Mim	Madam_Mim		nm0921131	female	antagonist		189.86
sword.in.the.st_tt0057546	1963	Pink_alligator	Pink_alligator			unknown			44.42
sword.in.the.st_tt0057546	1963	Dragon	Dragon			unknown			37.37
tangled_tt0398286	2010	Flynn_Rider	Flynn_Rider		nm1157048	male	protagonist		1470.14
tangled_tt0398286	2010	King_Fredric	King_Fredric			male			94.18
tangled_tt0398286	2010	Queen_Arianna	Queen_Arianna			female			267.14
tangled_tt0398286	2010	Captain_of_the_Guard	Captain_of_the_Guard		nm0301370	male			108.44
tangled_tt0398286	2010	Vlad	Vlad		nm0001423	male			67.32
tangled_tt0398286	2010	Mother_Gothel	Mother_Gothel		nm0614220	female	antagonist		632.01
tangled_tt0398286	2010	Rapunzel	Rapunzel		nm0601553	female	protagonist		1962.79
tangled_tt0398286	2010	Pascal	Pascal			unknown	protagonist		180.76
tangled_tt0398286	2010	Stabbington_Brothers	Stabbington_Brothers		nm0000579	male	antagonist		149.19
tangled_tt0398286	2010	Maximus	Maximus			male	protagonist		229.52
tangled_tt0398286	2010	Big_Nose_Thug	Big_Nose_Thug		nm0001787	male			58.27
tangled_tt0398286	2010	Hook_Hand_Thug	Hook_Hand_Thug		nm0004951	male			115.24
tangled_tt0398286	2010	Short_Thug	Short_Thug		nm0006670	male			40.46
tarzan_tt0120855	1999	Kerchak	Kerchak		nm0000448	male	protagonist		515.51
tarzan_tt0120855	1999	Terk_(Young)	Terk_(Young)		nm0005280	female			319.65
tarzan_tt0120855	1999	Terk	Terk		nm0005280	female	protagonist		248.50
tarzan_tt0120855	1999	Kala	Kala		nm0000335	female	protagonist		500.12
tarzan_tt0120855	1999	Tarzan_(Young)	Tarzan_(Young)		nm0513281	male			1087.71
tarzan_tt0120855	1999	Jane_Porter	Jane_Porter		nm0000378	female	protagonist		934.60
tarzan_tt0120855	1999	Terk_(Baby)	Terk_(Baby)		nm0005280	female			246.16
tarzan_tt0120855	1999	Monkey_1	Monkey_1		nm0029460	male			7.34
tarzan_tt0120855	1999	Tantor's_Mother	Tantor's_Mother			unknown			27.24
tarzan_tt0120855	1999	Tantor	Tantor		nm0001431	male	protagonist		113.36
tarzan_tt0120855	1999	Tantor_(Young)	Tantor_(Young)		nm0218771	male			60.02
tarzan_tt0120855	1999	Clayton	Clayton		nm0000306	male	antagonist		415.79
tarzan_tt0120855	1999	Tarzan	Tarzan		nm0001282	male	protagonist		372.41
tarzan_tt0120855	1999	Professor_Archimedes_Q._Porter	Professor_Archimedes_Q._Porter		nm0001329	male	protagonist		274.48
tarzan_tt0120855	1999	Human_character_1	Human_character_1			unknown			20.73
tarzan_tt0120855	1999	Human_character_3	Human_character_3			unknown			19.19
tarzan_tt0120855	1999	Human_character_2	Human_character_2			unknown			6.30
teenage.mutant._tt8589698	2023	Baxter_Stockman	Baxter_Stockman		nm0002064	male	antagonist		79.70
teenage.mutant._tt8589698	2023	Spider	Spider		nm3738901	male			60.10
teenage.mutant._tt8589698	2023	Normal_Nate	Normal_Nate		nm0004910	male			26.74
teenage.mutant._tt8589698	2023	Fly	Fly			unknown			270.10
teenage.mutant._tt8589698	2023	TV_Anchor	TV_Anchor		nm8829840	unknown			23.61
teenage.mutant._tt8589698	2023	Cynthia_Utrom	Cynthia_Utrom		nm0748973	female	antagonist		77.37
teenage.mutant._tt8589698	2023	Leonardo	Leonardo		nm7751235	male	protagonist		1246.50
teenage.mutant._tt8589698	2023	Raphael	Raphael		nm4054776	male	protagonist		1082.29
teenage.mutant._tt8589698	2023	Michelangelo	Michelangelo		nm8366356	male	protagonist		897.19
teenage.mutant._tt8589698	2023	Donatello	Donatello		nm9368660	male	protagonist		1122.45
teenage.mutant._tt8589698	2023	News_Anchor	News_Anchor		nm6664625	unknown			47.01
teenage.mutant._tt8589698	2023	Sign_My_Baby_Mom	Sign_My_Baby_Mom		nm6643029	unknown			22.86
teenage.mutant._tt8589698	2023	Gecko_Goon	Gecko_Goon		nm1891831	unknown			10.59
teenage.mutant._tt8589698	2023	Splinter	Splinter		nm0000329	male	protagonist		268.10
teenage.mutant._tt8589698	2023	Genghis_Frog	Genghis_Frog		nm2868110	male			13.30
teenage.mutant._tt8589698	2023	April_O'Neil	April_O'Neil		nm8731249	female	protagonist		578.74
teenage.mutant._tt8589698	2023	Cab_Driver	Cab_Driver		nm0135306	male			6.17
teenage.mutant._tt8589698	2023	Times_Square_Guy	Times_Square_Guy			unknown			12.22
teenage.mutant._tt8589698	2023	Bald_Bronson	Bald_Bronson		nm0660650	male			27.24
teenage.mutant._tt8589698	2023	Man_Who_Thought_a_Giant_Rat_was_a_Big_Cat_but_it_was_a_Rat	Man_Who_Thought_a_Giant_Rat_was_a_Big_Cat_but_it_was_a_Rat		nm5135634	male			20.60
teenage.mutant._tt8589698	2023	Good_Human	Good_Human		nm0247653	male			9.59
teenage.mutant._tt8589698	2023	Bossy_Goon	Bossy_Goon		nm3229215	male			22.77
teenage.mutant._tt8589698	2023	Curious_Goon	Curious_Goon		nm5325848	unknown			13.89
teenage.mutant._tt8589698	2023	Wants_a_Paycheck_Goon	Wants_a_Paycheck_Goon		nm5106831	male			10.55
teenage.mutant._tt8589698	2023	Responding_Police_Officer	Responding_Police_Officer		nm4047961	unknown			4.67
teenage.mutant._tt8589698	2023	Police_Officer	Police_Officer		nm0557850	male			1.33
teenage.mutant._tt8589698	2023	Apologetic_Goon	Apologetic_Goon		nm5859016	unknown			6.34
teenage.mutant._tt8589698	2023	Rocksteady	Rocksteady		nm1078479	male			36.45
teenage.mutant._tt8589698	2023	Short_Sharon	Short_Sharon		nm2493569	unknown			6.21
teenage.mutant._tt8589698	2023	Toupee_Tom	Toupee_Tom		nm0557850	male			6.72
teenage.mutant._tt8589698	2023	Bad_Bernie	Bad_Bernie		nm0045937	male			18.52
teenage.mutant._tt8589698	2023	Bebop	Bebop		nm0736622	male			12.43
teenage.mutant._tt8589698	2023	Wingnut	Wingnut		nm5857106	female			50.47
teenage.mutant._tt8589698	2023	Mondo_Gecko	Mondo_Gecko		nm0748620	male			105.81
teenage.mutant._tt8589698	2023	Military_Advisor	Military_Advisor		nm4047961	unknown			3.67
teenage.mutant._tt8589698	2023	Helpful_Construction_Worker	Helpful_Construction_Worker		nm1441020	unknown			12.60
tmnt_2014	2014	Shredder	Shredder		nm0556070	male	antagonist		40.21
tmnt_2014	2014	Leonardo	Leonardo		nm0424216	male	protagonist		360.57
tmnt_2014	2014	Raphael	Raphael		nm2024927	male	protagonist		376.29
tmnt_2014	2014	Donatello	Donatello		nm0397386	male	protagonist		197.16
tmnt_2014	2014	Michelangelo	Michelangelo		nm0279720	male	protagonist		313.73
tmnt_2014	2014	Splinter	Splinter		nm0001724	male	protagonist		110.57
tmnt_tt0453556	2007	Raphael	Raphael		nm0636046	male	protagonist		491.03
tmnt_tt0453556	2007	April_O'Neil	April_O'Neil		nm0001264	female	protagonist		330.66
tmnt_tt0453556	2007	Colonel_Santino	Colonel_Santino		nm0224007	male			50.80
tmnt_tt0453556	2007	Casey_Jones	Casey_Jones		nm0262635	male	protagonist		291.29
tmnt_tt0453556	2007	Leonardo	Leonardo		nm0852517	male	protagonist		524.52
tmnt_tt0453556	2007	Donatello	Donatello		nm0925943	male	protagonist		288.83
tmnt_tt0453556	2007	Michaelangelo	Michaelangelo		nm0445962	male	protagonist		293.29
tmnt_tt0453556	2007	Max_Winters	Max_Winters		nm0001772	male	antagonist		227.39
tmnt_tt0453556	2007	Splinter	Splinter		nm0538683	male	protagonist		254.88
tmnt_tt0453556	2007	Karai	Karai		nm0955471	female	antagonist		117.53
tmnt_tt0453556	2007	General_Serpiente	General_Serpiente		nm1692904	unknown	antagonist		93.64
tmnt_tt0453556	2007	General_Aguila	General_Aguila		nm0724656	male	antagonist		123.92
tmnt_tt0453556	2007	Ant_creature	Ant_creature			unknown			22.36
toy.story.2_tt0120363	1999	Buzz_Lightyear	Buzz_Lightyear		nm0000741	male	protagonist		832.16
toy.story.2_tt0120363	1999	Rex	Rex		nm0001728	male	protagonist		276.57
toy.story.2_tt0120363	1999	Woody	Woody		nm0000158	male	protagonist		1412.37
toy.story.2_tt0120363	1999	Roly_Poly_Clown	Roly_Poly_Clown			male			4.42
toy.story.2_tt0120363	1999	Bucket_o'_Soldiers	Bucket_o'_Soldiers			male			5.76
toy.story.2_tt0120363	1999	Hamm	Hamm		nm0001652	male	protagonist		307.27
toy.story.2_tt0120363	1999	Troll	Troll			unknown			15.85
toy.story.2_tt0120363	1999	Bo_Peep	Bo_Peep		nm0001633	female			130.80
toy.story.2_tt0120363	1999	Mr._Potato_Head	Mr._Potato_Head		nm0725543	male	protagonist		484.40
toy.story.2_tt0120363	1999	Mrs._Potato_Head	Mrs._Potato_Head		nm0364680	female			101.18
toy.story.2_tt0120363	1999	Slinky_Dog	Slinky_Dog		nm0001815	male	protagonist		346.80
toy.story.2_tt0120363	1999	Mr._Mike	Mr._Mike			male			41.12
toy.story.2_tt0120363	1999	Snake	Snake			male			11.85
toy.story.2_tt0120363	1999	Rocky_Gibraltar	Rocky_Gibraltar		nm0029460	male			15.93
toy.story.2_tt0120363	1999	Buster	Buster			male			49.38
toy.story.2_tt0120363	1999	Jessie	Jessie		nm0000349	female	protagonist		617.53
toy.story.2_tt0120363	1999	Barbie	Barbie		nm0072533	female			133.05
toy.story.2_tt0120363	1999	Wheezy	Wheezy		nm0710020	male	protagonist		87.67
toy.story.2_tt0120363	1999	Tikes	Tikes			male			0.63
toy.story.2_tt0120363	1999	Troikas	Troikas			unknown			6.01
toy.story.2_tt0120363	1999	Lenny	Lenny			male			4.38
toy.story.2_tt0120363	1999	Al_McWhiggin	Al_McWhiggin		nm0001431	male	antagonist		167.50
toy.story.2_tt0120363	1999	Bullseye	Bullseye			male	protagonist		316.61
toy.story.2_tt0120363	1999	Stinky_Pete	Stinky_Pete		nm0001288	male	antagonist		353.56
toy.story.2_tt0120363	1999	The_Cleaner	The_Cleaner		nm0364893	male			24.48
toy.story.2_tt0120363	1999	Aliens	Aliens		nm0682066	male	protagonist		61.98
toy.story.2_tt0120363	1999	Luggage_Handler_1	Luggage_Handler_1			unknown			1.96
toy.story.2_tt0120363	1999	Luggage_Handler_2	Luggage_Handler_2			unknown			5.00
toy.story.3_tt0435761	2010	Mr._Potato_Head	Mr._Potato_Head		nm0725543	male			505.67
toy.story.3_tt0435761	2010	Woody	Woody		nm0000158	male	protagonist		1276.07
toy.story.3_tt0435761	2010	Hamm	Hamm		nm0001652	male			294.92
toy.story.3_tt0435761	2010	Mrs._Potato_Head	Mrs._Potato_Head		nm0364680	female	protagonist		382.05
toy.story.3_tt0435761	2010	Bonnie	Bonnie		nm3432684	female			255.96
toy.story.3_tt0435761	2010	Bullseye	Bullseye		nm0919798	male			399.19
toy.story.3_tt0435761	2010	Jessie	Jessie		nm0000349	female	protagonist		857.65
toy.story.3_tt0435761	2010	Troll	Troll			unknown			7.59
toy.story.3_tt0435761	2010	Aliens	Aliens		nm0682066	male			277.24
toy.story.3_tt0435761	2010	Buzz_Lightyear	Buzz_Lightyear		nm0000741	male	protagonist		832.00
toy.story.3_tt0435761	2010	Slinky_Dog	Slinky_Dog		nm0163703	male			355.61
toy.story.3_tt0435761	2010	Rex	Rex		nm0001728	male			353.73
toy.story.3_tt0435761	2010	Molly	Molly		nm2356963	female			67.15
toy.story.3_tt0435761	2010	Barbie	Barbie		nm0072533	female			259.34
toy.story.3_tt0435761	2010	Andy's_Mom	Andy's_Mom		nm0582418	female			76.66
toy.story.3_tt0435761	2010	Ken	Ken		nm0000474	male			290.00
toy.story.3_tt0435761	2010	Andy	Andy		nm0606658	male			278.03
toy.story.3_tt0435761	2010	Bucket_o'_Soldiers	Bucket_o'_Soldiers			male			6.72
toy.story.3_tt0435761	2010	Buster	Buster		nm0919798	male			20.69
toy.story.3_tt0435761	2010	Stretch	Stretch		nm0000155	female			70.61
toy.story.3_tt0435761	2010	Jack-in-the-Box	Jack-in-the-Box		nm0881279	male			23.86
toy.story.3_tt0435761	2010	Chunk	Chunk		nm0029460	male			106.65
toy.story.3_tt0435761	2010	Lots-o'-Huggin'_Bear	Lots-o'-Huggin'_Bear		nm0000885	male	antagonist		472.14
toy.story.3_tt0435761	2010	Trixie	Trixie		nm1102891	female			49.47
toy.story.3_tt0435761	2010	Big_Baby	Big_Baby			male	antagonist		219.09
toy.story.3_tt0435761	2010	Chatter_Telephone	Chatter_Telephone		nm0628599	male			69.90
toy.story.3_tt0435761	2010	Mr._Tony	Mr._Tony			male			9.01
toy.story.3_tt0435761	2010	Dolly	Dolly		nm0001372	female			47.51
toy.story.3_tt0435761	2010	Mr._Pricklepants	Mr._Pricklepants		nm0001096	male			90.55
toy.story.3_tt0435761	2010	Buttercup	Buttercup		nm0307531	male			103.65
toy.story.3_tt0435761	2010	Totoro	Totoro			male			72.41
toy.story.3_tt0435761	2010	Peas-in-a-Pod	Peas-in-a-Pod		nm3929895	male			8.59
toy.story.3_tt0435761	2010	Bookworm	Bookworm		nm0454236	male			14.39
toy.story.3_tt0435761	2010	Chuckles_the_Clown	Chuckles_the_Clown		nm0524726	male			75.12
toy.story.3_tt0435761	2010	Monkey	Monkey		nm0881279	male			31.28
toy.story.3_tt0435761	2010	Feathers	Feathers			male			7.26
toy.story.4_tt1979376	2019	Bullseye	Bullseye			male			109.19
toy.story.4_tt1979376	2019	Jessie	Jessie		nm0000349	female			254.21
toy.story.4_tt1979376	2019	Hamm	Hamm		nm0001652	male			76.99
toy.story.4_tt1979376	2019	Andy	Andy		nm7050523	male			19.85
toy.story.4_tt1979376	2019	Woody	Woody		nm0000158	male	protagonist		1879.13
toy.story.4_tt1979376	2019	Slinky_Dog	Slinky_Dog		nm0163703	male			119.04
toy.story.4_tt1979376	2019	Buzz_Lightyear	Buzz_Lightyear		nm0000741	male	protagonist		415.00
toy.story.4_tt1979376	2019	Rex	Rex		nm0001728	male			90.22
toy.story.4_tt1979376	2019	Aliens	Aliens		nm0682066	male			35.37
toy.story.4_tt1979376	2019	Mrs._Potato_Head	Mrs._Potato_Head		nm0364680	female			93.72
toy.story.4_tt1979376	2019	Mr._Potato_Head	Mr._Potato_Head		nm0725543	male			104.10
toy.story.4_tt1979376	2019	Bo_Peep	Bo_Peep		nm0001633	female	protagonist		797.30
toy.story.4_tt1979376	2019	Billy,_Goat_and_Gruff	Billy,_Goat_and_Gruff		nm4038224	unknown			70.15
toy.story.4_tt1979376	2019	Gabby_Gabby	Gabby_Gabby		nm0376716	female	antagonist		451.58
toy.story.4_tt1979376	2019	Bonnie	Bonnie		nm6421259	female			314.06
toy.story.4_tt1979376	2019	Lost_Girl	Lost_Girl		nm10775277	female			36.91
toy.story.4_tt1979376	2019	Bonnie's_Dad	Bonnie's_Dad		nm0379596	male			82.50
toy.story.4_tt1979376	2019	Andy's_Mom	Andy's_Mom		nm0582418	female			18.73
toy.story.4_tt1979376	2019	Dolly	Dolly		nm0001372	female			209.63
toy.story.4_tt1979376	2019	Buttercup	Buttercup		nm0307531	male			125.79
toy.story.4_tt1979376	2019	Mr._Pricklepants	Mr._Pricklepants		nm0001096	male			70.40
toy.story.4_tt1979376	2019	Chairol_Burnett	Chairol_Burnett		nm0000993	female			32.16
toy.story.4_tt1979376	2019	Old_Timer	Old_Timer		nm0649178	male			28.24
toy.story.4_tt1979376	2019	Bitey_White	Bitey_White		nm0924508	female			16.64
toy.story.4_tt1979376	2019	Trixie	Trixie		nm1102891	female			33.03
toy.story.4_tt1979376	2019	Melephant_Brooks	Melephant_Brooks		nm0000316	male			3.75
toy.story.4_tt1979376	2019	Harmony	Harmony		nm10641344	unknown			68.65
toy.story.4_tt1979376	2019	Harmony's_Mother	Harmony's_Mother			unknown			13.26
toy.story.4_tt1979376	2019	Forky	Forky		nm0355024	male	protagonist		396.31
toy.story.4_tt1979376	2019	Carnival_Security_Guards	Carnival_Security_Guards			unknown			13.97
toy.story.4_tt1979376	2019	Réjean	Réjean			male			29.32
toy.story.4_tt1979376	2019	The_Bensons	The_Bensons			unknown			160.41
toy.story.4_tt1979376	2019	Margaret	Margaret			unknown			34.53
toy.story.4_tt1979376	2019	Axel	Axel		nm0352778	male			18.77
toy.story.4_tt1979376	2019	Ducky_(Toy_Story_4)	Ducky_(Toy_Story_4)		nm1221047	male			207.54
toy.story.4_tt1979376	2019	Bunny	Bunny		nm1443502	male			237.95
toy.story.4_tt1979376	2019	Dragon	Dragon			unknown	antagonist		10.39
toy.story.4_tt1979376	2019	Duke_Caboom	Duke_Caboom		nm0000206	male			130.30
toy.story.4_tt1979376	2019	Karen_Beverly	Karen_Beverly		nm3830257	female			14.68
toy.story_tt0114709	1995	Mr._Potato_Head	Mr._Potato_Head		nm0725543	male	protagonist		306.26
toy.story_tt0114709	1995	Bo_Peep	Bo_Peep		nm0001633	female	protagonist		226.98
toy.story_tt0114709	1995	Troll_Doll	Troll_Doll			unknown			47.76
toy.story_tt0114709	1995	Rocky_Gibraltar_(character)	Rocky_Gibraltar_(character)		nm0029460	male			44.75
toy.story_tt0114709	1995	Tikes	Tikes			male			26.28
toy.story_tt0114709	1995	Hamm	Hamm		nm0001652	male	protagonist		167.08
toy.story_tt0114709	1995	Woody	Woody		nm0000158	male	protagonist		1478.64
toy.story_tt0114709	1995	Slinky_Dog	Slinky_Dog		nm0001815	male	protagonist		220.64
toy.story_tt0114709	1995	Rex	Rex		nm0001728	male	protagonist		190.94
toy.story_tt0114709	1995	Sid_Phillips	Sid_Phillips		nm0902184	male	antagonist		180.60
toy.story_tt0114709	1995	Shark_(Toy_Story)	Shark_(Toy_Story)		nm0029460	male			11.85
toy.story_tt0114709	1995	Snake	Snake		nm0419962	male			51.55
toy.story_tt0114709	1995	Mr._Mike	Mr._Mike		nm0390161	male			24.40
toy.story_tt0114709	1995	Sarge_(Toy_Story)	Sarge_(Toy_Story)		nm0000388	male			24.90
toy.story_tt0114709	1995	Roly_Poly_Clown	Roly_Poly_Clown			male			13.26
toy.story_tt0114709	1995	Lenny	Lenny		nm0710020	male			0.71
toy.story_tt0114709	1995	Buzz_Lightyear	Buzz_Lightyear		nm0000741	male	protagonist		818.53
toy.story_tt0114709	1995	Hannah_Phillips	Hannah_Phillips		nm0293589	female			41.08
toy.story_tt0114709	1995	Mutant_Toys	Mutant_Toys			male	protagonist		68.07
toy.story_tt0114709	1995	Little_Green_Men	Little_Green_Men			male			66.57
transformers.a._tt8864596	2024	Optimus_Prime_/_Orion_Pax	Optimus_Prime_/_Orion_Pax		nm1165110	male	protagonist		1319.82
transformers.a._tt8864596	2024	Megatron_/_D-16	Megatron_/_D-16		nm3109964	male	antagonist		930.14
transformers.a._tt8864596	2024	Guard_#1	Guard_#1		nm0089707	male			9.43
transformers.a._tt8864596	2024	Guard_#2	Guard_#2		nm1539884	male			19.02
transformers.a._tt8864596	2024	Elita-1	Elita-1		nm0424060	female	protagonist		553.05
transformers.a._tt8864596	2024	Sideswipe	Sideswipe			male			160.16
transformers.a._tt8864596	2024	Sentinel_Prime	Sentinel_Prime		nm0358316	male	antagonist		301.05
transformers.a._tt8864596	2024	Arcee	Arcee		nm2137962	female			34.08
transformers.a._tt8864596	2024	Ironhide	Ironhide			male			52.01
transformers.a._tt8864596	2024	Jazz	Jazz		nm6936468	male			0.96
transformers.a._tt8864596	2024	Airachnid	Airachnid		nm0510096	female	antagonist		56.51
transformers.a._tt8864596	2024	Control_Room_Guys	Control_Room_Guys		nm2155757	male			14.81
transformers.a._tt8864596	2024	Darkwing	Darkwing		nm0802280	male	antagonist		23.48
transformers.a._tt8864596	2024	Starscream	Starscream		nm0000114	male	antagonist		123.21
transformers.a._tt8864596	2024	Alpha_Trion	Alpha_Trion		nm0000401	male	protagonist		105.73
transformers.a._tt8864596	2024	Chromia	Chromia		nm2137962	female			5.92
transformers.a._tt8864596	2024	Bumblebee_/_B-127	Bumblebee_/_B-127		nm1221047	male	protagonist		491.16
transformers.a._tt8864596	2024	Soundwave	Soundwave		nm3929163	male			19.10
transformers.a._tt8864596	2024	Zeta_Prime	Zeta_Prime		nm0001664	male			6.09
trolls.band.tog_tt14362112	2023	Satin	Satin		nm5592916	female			9.38
trolls.band.tog_tt14362112	2023	John_Dory	John_Dory		nm2765191	male	protagonist		861.07
trolls.band.tog_tt14362112	2023	Spruce	Spruce		nm4377526	male	protagonist		571.78
trolls.band.tog_tt14362112	2023	Clay	Clay		nm3264596	male	protagonist		404.28
trolls.band.tog_tt14362112	2023	Branch	Branch		nm0005493	male	protagonist		1263.59
trolls.band.tog_tt14362112	2023	Chenille	Chenille		nm5593235	female			51.47
trolls.band.tog_tt14362112	2023	Baby_Branch	Baby_Branch		nm8540917	male			75.16
trolls.band.tog_tt14362112	2023	Floyd	Floyd		nm2931989	male	protagonist		265.68
trolls.band.tog_tt14362112	2023	Viva	Viva		nm5305981	female	protagonist		350.56
trolls.band.tog_tt14362112	2023	Guy_Diamond	Guy_Diamond		nm2471798	male			28.70
trolls.band.tog_tt14362112	2023	Brandy	Brandy		nm8773928	trans woman			63.40
trolls.band.tog_tt14362112	2023	Bridget	Bridget		nm0221046	female	protagonist		178.55
trolls.band.tog_tt14362112	2023	Poppy	Poppy		nm0447695	female	protagonist		1174.13
trolls.band.tog_tt14362112	2023	Miss_Maxine	Miss_Maxine		nm0750412	male			44.25
trolls.band.tog_tt14362112	2023	Gristle	Gristle		nm2395586	male	protagonist		109.82
trolls.band.tog_tt14362112	2023	Prince_D	Prince_D		nm7256002	male			8.76
trolls.band.tog_tt14362112	2023	Cloud_Guy	Cloud_Guy		nm0230666	male			5.55
trolls.band.tog_tt14362112	2023	King_Peppy	King_Peppy		nm0230666	male			54.43
trolls.band.tog_tt14362112	2023	Cooper	Cooper		nm3236733	male			6.59
trolls.band.tog_tt14362112	2023	Tiny_Diamond	Tiny_Diamond		nm0860380	male	protagonist		100.77
trolls.band.tog_tt14362112	2023	Biggie	Biggie		nm2411784	male			10.72
trolls.band.tog_tt14362112	2023	Mr._Dinkles	Mr._Dinkles		nm0724656	male			16.06
trolls.band.tog_tt14362112	2023	Veneer	Veneer		nm0710330	male	antagonist		338.25
trolls.band.tog_tt14362112	2023	Velvet	Velvet		nm2154960	female	antagonist		353.10
trolls.band.tog_tt14362112	2023	Crimp	Crimp		nm0541082	female			68.36
trolls_tt1679335	2016	Smidge	Smidge		nm0230666	female			145.27
trolls_tt1679335	2016	Satin	Satin		nm5592916	female			212.25
trolls_tt1679335	2016	Prince_Gristle	Prince_Gristle		nm2395586	male	antagonist		414.87
trolls_tt1679335	2016	King_Gristle_Sr.	King_Gristle_Sr.		nm0000092	male			45.38
trolls_tt1679335	2016	Todd	Todd		nm2266084	male			29.65
trolls_tt1679335	2016	Chef	Chef		nm0004724	female	antagonist		347.64
trolls_tt1679335	2016	Biggie	Biggie		nm0179479	male			231.69
trolls_tt1679335	2016	Branch	Branch		nm0005493	male	protagonist		1018.10
trolls_tt1679335	2016	Poppy_(Baby)	Poppy_(Baby)		nm8540917	female			58.85
trolls_tt1679335	2016	Aspen_Heitz	Aspen_Heitz		nm6118824	unknown			22.94
trolls_tt1679335	2016	King_Peppy	King_Peppy		nm0001787	male	protagonist		144.52
trolls_tt1679335	2016	Chenille	Chenille		nm5593235	female			224.81
trolls_tt1679335	2016	Creek	Creek		nm1258970	male	antagonist		185.14
trolls_tt1679335	2016	Bridget	Bridget		nm0221046	female	protagonist		559.35
trolls_tt1679335	2016	Princess_Poppy	Princess_Poppy		nm0447695	female	protagonist		1311.56
trolls_tt1679335	2016	Bibbly	Bibbly		nm1055302	male			49.84
trolls_tt1679335	2016	DJ_Suki	DJ_Suki		nm0005461	female			183.39
trolls_tt1679335	2016	Guy_Diamond	Guy_Diamond		nm2471798	male			151.78
trolls_tt1679335	2016	Mr._Dinkles	Mr._Dinkles		nm0230666	male			140.93
trolls_tt1679335	2016	Cooper	Cooper		nm3236733	male			240.49
trolls_tt1679335	2016	Harper	Harper		nm4832920	female			11.93
trolls_tt1679335	2016	Branch_(Young)	Branch_(Young)		nm7499680	male			36.33
trolls_tt1679335	2016	Cloud_Guy	Cloud_Guy		nm0230666	male			57.52
turbo_tt1860353	2013	Gagne's_Crew_Chief	Gagne's_Crew_Chief		nm1659741	male			4.46
turbo_tt1860353	2013	Guy_Gagne	Guy_Gagne		nm0352778	male	antagonist		301.93
turbo_tt1860353	2013	Theo_/_Turbo	Theo_/_Turbo		nm0005351	male	protagonist		828.12
turbo_tt1860353	2013	FAST_Network_Trackside_Reporter	FAST_Network_Trackside_Reporter		nm0238757	male			52.47
turbo_tt1860353	2013	American_Anchor	American_Anchor		nm0280164	unknown			47.96
turbo_tt1860353	2013	Network_Reporter	Network_Reporter		nm1788608	female			71.53
turbo_tt1860353	2013	Chet	Chet		nm0316079	male			500.46
turbo_tt1860353	2013	Worker_Snail_#5	Worker_Snail_#5		nm2172737	unknown			34.66
turbo_tt1860353	2013	Lookout_Snail	Lookout_Snail		nm2326037	unknown			15.31
turbo_tt1860353	2013	Burn	Burn		nm0748973	female			149.07
turbo_tt1860353	2013	Worker_Snail_#1	Worker_Snail_#1		nm1659741	male			65.82
turbo_tt1860353	2013	Tomato_Slicer	Tomato_Slicer		nm0226206	unknown			18.35
turbo_tt1860353	2013	Smoove_Move	Smoove_Move		nm0004879	male			123.12
turbo_tt1860353	2013	White_Shadow	White_Shadow		nm1220133	male			141.14
turbo_tt1860353	2013	Skidmark	Skidmark		nm2355635	male			25.32
turbo_tt1860353	2013	The_Foreman	The_Foreman		nm0233209	male			37.25
turbo_tt1860353	2013	Bike_Boy	Bike_Boy		nm4089510	unknown			36.75
turbo_tt1860353	2013	Whiplash	Whiplash		nm0000168	male			67.69
turbo_tt1860353	2013	Official	Official		nm0910559	male			64.86
turbo_tt1860353	2013	Bobby	Bobby		nm0420955	male			198.32
turbo_tt1860353	2013	Tito	Tito		nm0671567	male			660.08
turbo_tt1860353	2013	Angelo	Angelo		nm0350079	male			210.25
turbo_tt1860353	2013	Paz	Paz		nm0735442	female			234.40
turbo_tt1860353	2013	Kim-Ly	Kim-Ly		nm0421822	male			173.84
turbo_tt1860353	2013	Security_Guard_#1	Security_Guard_#1		nm1660488	unknown			14.47
turbo_tt1860353	2013	Announcer_#1	Announcer_#1		nm1643099	unknown			61.44
turbo_tt1860353	2013	Indy_CEO	Indy_CEO		nm0001748	male			68.07
turbo_tt1860353	2013	Male_Tourist	Male_Tourist		nm1040029	male			51.30
turbo_tt1860353	2013	Tour_Bus_Driver	Tour_Bus_Driver		nm1844237	male			9.26
turbo_tt1860353	2013	Female_Tourist	Female_Tourist		nm2186207	unknown			17.18
turbo_tt1860353	2013	Autotune_Kid	Autotune_Kid		nm1659741	male			24.19
turbo_tt1860353	2013	Indy_Marketing_Executive	Indy_Marketing_Executive		nm0829601	female			65.52
turbo_tt1860353	2013	Danny	Danny		nm3110239	unknown			36.04
turbo_tt1860353	2013	Announcer_#2	Announcer_#2		nm0663177	male			52.39
turbo_tt1860353	2013	Race_Official	Race_Official		nm0004707	male			9.30
turbo_tt1860353	2013	Security_Guard_#2	Security_Guard_#2		nm5802761	unknown			16.47
turbo_tt1860353	2013	Indy_Network_Executive	Indy_Network_Executive		nm1659741	male			25.48
turbo_tt1860353	2013	Scottish_Anchor	Scottish_Anchor		nm1040029	male			15.18
turbo_tt1860353	2013	Australian_Anchor	Australian_Anchor		nm5638088	male			17.52
up_tt1049413	2009	Russell	Russell		nm2973712	male	protagonist		1156.82
up_tt1049413	2009	Carl_(Young)	Carl_(Young)		nm3422941	male			181.72
up_tt1049413	2009	Charles_Muntz	Charles_Muntz		nm0001626	male	antagonist		312.48
up_tt1049413	2009	Ellie_(Young)	Ellie_(Young)		nm3423667	female			88.96
up_tt1049413	2009	Carl_(Adult)	Carl_(Adult)		nm3422941	male			125.25
up_tt1049413	2009	Ellie_(Adult)	Ellie_(Adult)		nm3423667	female			114.07
up_tt1049413	2009	Nurse_AJ	Nurse_AJ		nm0363641	male			15.35
up_tt1049413	2009	Ellie_(Old)	Ellie_(Old)		nm3423667	female			53.26
up_tt1049413	2009	Carl_Fredricksen	Carl_Fredricksen		nm0000799	male	protagonist		1780.28
up_tt1049413	2009	Construction_Worker_Steve	Construction_Worker_Steve		nm0542706	male			18.27
up_tt1049413	2009	Nurse_George	Nurse_George		nm0298412	male			30.07
up_tt1049413	2009	Construction_Foreman_Tom	Construction_Foreman_Tom		nm0001652	male			34.03
up_tt1049413	2009	Alpha	Alpha		nm0677037	male			120.83
up_tt1049413	2009	Beta	Beta		nm0005148	male			108.11
up_tt1049413	2009	Gamma	Gamma		nm0710019	male			77.87
up_tt1049413	2009	Kevin	Kevin		nm0230032	female	protagonist		110.03
up_tt1049413	2009	Kevin's_babies	Kevin's_babies			unknown			14.60
up_tt1049413	2009	Dug	Dug		nm0677037	male	protagonist		275.15
wallace..gromit_tt0312004	2005	Gromit	Gromit			male	protagonist		1109.48
wallace..gromit_tt0312004	2005	Wallace	Wallace		nm0758608	male	protagonist		968.17
wallace..gromit_tt0312004	2005	Reverend_Clement_Hedges	Reverend_Clement_Hedges		nm0809448	male			275.19
wallace..gromit_tt0312004	2005	Mr._Caliche	Mr._Caliche		nm1081121	male			157.57
wallace..gromit_tt0312004	2005	PC_Mackintosh	PC_Mackintosh		nm0443153	male			209.79
wallace..gromit_tt0312004	2005	Mrs._Mulch	Mrs._Mulch		nm0809131	female			152.82
wallace..gromit_tt0312004	2005	Mr._Growbag	Mr._Growbag		nm0447040	male			122.58
wallace..gromit_tt0312004	2005	Miss_Blight	Miss_Blight		nm0309693	female			208.71
wallace..gromit_tt0312004	2005	Rabbits	Rabbits			unknown			261.51
wallace..gromit_tt0312004	2005	Mr._Mulch	Mr._Mulch		nm0039319	male			110.90
wallace..gromit_tt0312004	2005	Hutch	Hutch		nm0758608	male	protagonist		119.87
wallace..gromit_tt0312004	2005	Lady_Campanula_Tottington	Lady_Campanula_Tottington		nm0000307	female	protagonist		586.13
wallace..gromit_tt0312004	2005	Mr._Windfall	Mr._Windfall		nm0861027	male			111.78
wallace..gromit_tt0312004	2005	Mr._Leaching	Mr._Leaching		nm2038317	male			110.28
wallace..gromit_tt0312004	2005	Were-Rabbit	Were-Rabbit		nm0758608	male	antagonist		87.05
wallace..gromit_tt0312004	2005	Victor_Quartermaine	Victor_Quartermaine		nm0000146	male	antagonist		436.44
wallace..gromit_tt0312004	2005	Mrs._Girdling	Mrs._Girdling		nm1348403	unknown			87.34
walle_tt0910970	2008	Wall-E	Wall-E		nm0123785	male	protagonist		142.39
walle_tt0910970	2008	Shelby_Forthright	Shelby_Forthright						59.48
walle_tt0910970	2008	AUTO	AUTO			male	antagonist		15.81
walle_tt0910970	2008	EVE	EVE		nm2264184	female	protagonist		404.32
walle_tt0910970	2008	Captain_B._McCrea	Captain_B._McCrea		nm0307531	male	protagonist		563.40
walle_tt0910970	2008	John_(WALL-E)	John_(WALL-E)		nm0001652	male			82.12
walle_tt0910970	2008	Mary_(WALL-E)	Mary_(WALL-E)		nm0001562	female			57.27
weathering.with_tt9426210	2019	Hina_Amano	Hina_Amano		nm10030720	female	protagonist		702.99
weathering.with_tt9426210	2019	Hodaka_Morishima	Hodaka_Morishima		nm10321662	male	protagonist		1550.71
weathering.with_tt9426210	2019	Nagi_Amano	Nagi_Amano		nm10498321	male	protagonist		274.86
weathering.with_tt9426210	2019	Natsumi_Suga	Natsumi_Suga		nm4836118	female	protagonist		387.68
weathering.with_tt9426210	2019	Keisuke_Suga	Keisuke_Suga		nm1040419	male	protagonist		516.93
weathering.with_tt9426210	2019	Takai	Takai		nm2569233	male			181.35
weathering.with_tt9426210	2019	Yasui	Yasui		nm0386217	male			104.90
weathering.with_tt9426210	2019	Fumi_Tachibana	Fumi_Tachibana		nm0047962	female			87.09
who.framed.roge_tt0096438	1988	Baby_Herman	Baby_Herman		nm0386516	male	protagonist		133.30
who.framed.roge_tt0096438	1988	Roger_Rabbit	Roger_Rabbit		nm0281486	male	protagonist		747.83
who.framed.roge_tt0096438	1988	Bugs_Bunny	Bugs_Bunny		nm0000305	male			29.45
who.framed.roge_tt0096438	1988	Tweety_Bird	Tweety_Bird		nm0000305	male			10.68
who.framed.roge_tt0096438	1988	Porky_Pig	Porky_Pig		nm0000305	male			12.51
who.framed.roge_tt0096438	1988	Pinocchio	Pinocchio		nm0923108	male			15.97
who.framed.roge_tt0096438	1988	Daffy_Duck	Daffy_Duck		nm0000305	male			18.69
who.framed.roge_tt0096438	1988	Benny_The_Cab	Benny_The_Cab		nm0281486	male	protagonist		53.72
who.framed.roge_tt0096438	1988	Donald_Duck	Donald_Duck		nm0030615	male			19.10
who.framed.roge_tt0096438	1988	Sylvester_the_Cat	Sylvester_the_Cat		nm0000305	male			7.88
who.framed.roge_tt0096438	1988	Bongo_the_Gorilla	Bongo_the_Gorilla		nm0213148	male			26.61
who.framed.roge_tt0096438	1988	Betty_Boop	Betty_Boop		nm0703362	female			38.29
who.framed.roge_tt0096438	1988	Jessica_Rabbit	Jessica_Rabbit		nm0000678	female	protagonist		335.21
who.framed.roge_tt0096438	1988	Lena_Hyena	Lena_Hyena		nm0004931	female			7.67
who.framed.roge_tt0096438	1988	Yosemite_Sam	Yosemite_Sam		nm0016085	male			9.22
who.framed.roge_tt0096438	1988	Shoe	Shoe		nm0004813	female			12.89
who.framed.roge_tt0096438	1988	Stupid	Stupid		nm0628091	male			30.86
who.framed.roge_tt0096438	1988	Psycho	Psycho		nm0281486	male			18.27
who.framed.roge_tt0096438	1988	Smart_Ass	Smart_Ass		nm0005581	male			26.78
who.framed.roge_tt0096438	1988	Woody_Woodpecker	Woody_Woodpecker		nm0204348	unknown			10.01
who.framed.roge_tt0096438	1988	Goofy_Goof	Goofy_Goof		nm0610573	male			28.53
who.framed.roge_tt0096438	1988	Mickey_Mouse	Mickey_Mouse		nm0021656	male			34.20
who.framed.roge_tt0096438	1988	Birds	Birds		nm0853122	female			3.50
who.framed.roge_tt0096438	1988	Minnie_Mouse	Minnie_Mouse		nm0853122	female			22.56
who.framed.roge_tt0096438	1988	Droopy	Droopy		nm0931530	male			18.81
who.framed.roge_tt0096438	1988	Bullet_1	Bullet_1		nm0125426	male			3.42
wild.robot_tt29623480	2024	Brightbill_(Baby)	Brightbill_(Baby)		nm16372344	male	protagonist		132.55
wild.robot_tt29623480	2024	Weasels	Weasels		nm1929609	male			11.47
wild.robot_tt29623480	2024	Baby_Otter	Baby_Otter		nm16372346	unknown			39.16
wild.robot_tt29623480	2024	Snowdown	Snowdown		nm5647301	unknown			38.12
wild.robot_tt29623480	2024	Roz	Roz		nm2143282	female	protagonist		1164.91
wild.robot_tt29623480	2024	Badgers	Badgers		nm0048389	male			18.81
wild.robot_tt29623480	2024	Squirrels	Squirrels		nm0048389	male			12.05
wild.robot_tt29623480	2024	Thorn	Thorn		nm0000434	male			71.61
wild.robot_tt29623480	2024	Paddler	Paddler		nm1546196	male			108.48
wild.robot_tt29623480	2024	Fink	Fink		nm0050959	male	protagonist		831.62
wild.robot_tt29623480	2024	Baby_Bunnies	Baby_Bunnies		nm16372345	unknown			46.84
wild.robot_tt29623480	2024	Chipmunk	Chipmunk		nm15901249	unknown			2.09
wild.robot_tt29623480	2024	Raccoons	Raccoons		nm0048389	male			17.27
wild.robot_tt29623480	2024	RECOs	RECOs		nm0858378	male	antagonist		30.03
wild.robot_tt29623480	2024	Brightbill	Brightbill		nm5598573	male	protagonist		727.31
wild.robot_tt29623480	2024	Baby_Opossums	Baby_Opossums		nm13917258	unknown			70.20
wild.robot_tt29623480	2024	Opossum	Opossum			unknown	protagonist		153.03
wild.robot_tt29623480	2024	Peck	Peck		nm6004682	male			27.82
wild.robot_tt29623480	2024	Longneck	Longneck		nm0631490	male	protagonist		92.88
wild.robot_tt29623480	2024	Baby_Lynx	Baby_Lynx		nm15901249	unknown			55.26
wish_tt11304740	2023	Sakina	Sakina		nm5625020	female	protagonist		281.20
wish_tt11304740	2023	Fan_Tourist	Fan_Tourist		nm3721359	female			74.57
wish_tt11304740	2023	Hal	Hal		nm11827577	female	protagonist		345.47
wish_tt11304740	2023	Flying_Woman	Flying_Woman		nm0000525	female			253.46
wish_tt11304740	2023	Sabino	Sabino		nm0001255	male	protagonist		319.74
wish_tt11304740	2023	Asha	Asha		nm3663196	female	protagonist		1797.13
wish_tt11304740	2023	Valentino	Valentino		nm0876138	male	protagonist		433.35
wish_tt11304740	2023	Sania	Sania		nm1840659	female			72.41
wish_tt11304740	2023	Tall_Man_Tourist	Tall_Man_Tourist		nm0949775	male			39.29
wish_tt11304740	2023	Tourist_Boy	Tourist_Boy		nm10147124	unknown			28.49
wish_tt11304740	2023	Simon	Simon		nm1404239	male	antagonist		283.03
wish_tt11304740	2023	Dario	Dario		nm4339544	male	protagonist		318.94
wish_tt11304740	2023	Mountain_Climber's_Wife	Mountain_Climber's_Wife		nm3066573	unknown			124.25
wish_tt11304740	2023	Bazeema	Bazeema		nm5415922	female	protagonist		324.57
wish_tt11304740	2023	Queen_Amaya	Queen_Amaya		nm2512132	female	protagonist		406.66
wish_tt11304740	2023	King_Magnifico	King_Magnifico		nm1517976	male	antagonist		938.10
wish_tt11304740	2023	Safi	Safi		nm3858973	male	protagonist		376.42
wish_tt11304740	2023	Dahlia	Dahlia		nm4454114	female	protagonist		523.15
wish_tt11304740	2023	Gabo	Gabo		nm2957490	male	protagonist		412.16
wish_tt11304740	2023	Mountain_Climber	Mountain_Climber		nm0949775	male			107.32
wish_tt11304740	2023	Star	Star			unknown	protagonist		253.04
wish_tt11304740	2023	Baby_Mushroom	Baby_Mushroom		nm11701368	unknown			13.18
wish_tt11304740	2023	Stag	Stag		nm6105016	male			38.04
wish_tt11304740	2023	Bunny	Bunny		nm11701368	unknown			32.82
wish_tt11304740	2023	Mouse	Mouse		nm12849433	unknown			25.02
wish_tt11304740	2023	Chicken	Chicken			unknown			17.31
wish_tt11304740	2023	Balloon	Balloon			unknown			3.88
wish_tt11304740	2023	Horse	Horse			unknown			5.71
wreckit.ralph_tt1772341	2012	Fix-It_Felix,_Jr.	Fix-It_Felix,_Jr.		nm1442113	male	protagonist		538.91
wreckit.ralph_tt1772341	2012	Mr._Litwak	Mr._Litwak		nm0642145	male			26.44
wreckit.ralph_tt1772341	2012	Moppet_Girl	Moppet_Girl		nm2640887	female			48.67
wreckit.ralph_tt1772341	2012	Sergeant_Calhoun	Sergeant_Calhoun		nm0528331	female	protagonist		271.40
wreckit.ralph_tt1772341	2012	Vanellope_von_Schweetz	Vanellope_von_Schweetz		nm0798971	female	protagonist		781.16
wreckit.ralph_tt1772341	2012	Taffyta_Muttonfudge	Taffyta_Muttonfudge		nm1411676	female			132.22
wreckit.ralph_tt1772341	2012	Gene	Gene		nm0675442	male			155.70
wreckit.ralph_tt1772341	2012	Deanna	Deanna		nm0006713	female			54.64
wreckit.ralph_tt1772341	2012	Mary	Mary		nm0566052	female			98.39
wreckit.ralph_tt1772341	2012	Norwood	Norwood			unknown			24.65
wreckit.ralph_tt1772341	2012	Lucy	Lucy			unknown			67.53
wreckit.ralph_tt1772341	2012	Nel	Nel			unknown			25.86
wreckit.ralph_tt1772341	2012	Wreck-It_Ralph_	Wreck-It_Ralph_		nm0000604	male	protagonist		1426.01
wreckit.ralph_tt1772341	2012	Don	Don		nm0363641	male			45.59
wreckit.ralph_tt1772341	2012	Neff	Neff			male			20.73
wreckit.ralph_tt1772341	2012	Zangief	Zangief		nm0601781	male			36.95
wreckit.ralph_tt1772341	2012	Saitine	Saitine		nm0419089	male			39.58
wreckit.ralph_tt1772341	2012	Dr._Eggman	Dr._Eggman			male			45.30
wreckit.ralph_tt1772341	2012	Sorceress	Sorceress			female			14.51
wreckit.ralph_tt1772341	2012	Clyde	Clyde		nm2119461	male			18.94
wreckit.ralph_tt1772341	2012	M._Bison	M._Bison		nm1196184	male			26.86
wreckit.ralph_tt1772341	2012	Cyborg	Cyborg		nm1293044	male			28.99
wreckit.ralph_tt1772341	2012	Zombie	Zombie		nm0675442	male			42.25
wreckit.ralph_tt1772341	2012	Sour_Bill	Sour_Bill		nm0601781	male	antagonist		140.85
wreckit.ralph_tt1772341	2012	Surge_Protector	Surge_Protector		nm1601882	male			22.86
wreckit.ralph_tt1772341	2012	Sonic_the_Hedgehog	Sonic_the_Hedgehog		nm1886746	male			1.92
wreckit.ralph_tt1772341	2012	Q*bert	Q*bert			male			25.02
wreckit.ralph_tt1772341	2012	Coily	Coily			male			5.30
wreckit.ralph_tt1772341	2012	Jaxson_de_Box	Jaxson_de_Box			unknown			3.84
wreckit.ralph_tt1772341	2012	Roy	Roy		nm2799457	male			75.78
wreckit.ralph_tt1772341	2012	Meg	Meg			female			23.02
wreckit.ralph_tt1772341	2012	Tapper	Tapper		nm0005606	male			20.19
wreckit.ralph_tt1772341	2012	Markowski	Markowski		nm0516266	male			65.44
wreckit.ralph_tt1772341	2012	Dr._Brad_Scott	Dr._Brad_Scott		nm0581580	male			17.64
wreckit.ralph_tt1772341	2012	Kohut	Kohut		nm1792900	male			12.60
wreckit.ralph_tt1772341	2012	General_Hologram	General_Hologram		nm0371660	male			30.32
wreckit.ralph_tt1772341	2012	Crumbelina_DiCaramello	Crumbelina_DiCaramello			female			52.18
wreckit.ralph_tt1772341	2012	Jubileena_Bing-Bing	Jubileena_Bing-Bing			female			64.81
wreckit.ralph_tt1772341	2012	Nougetsia_Brumblestain	Nougetsia_Brumblestain			female			61.52
wreckit.ralph_tt1772341	2012	Gloyd_Orangeboar	Gloyd_Orangeboar			male			58.89
wreckit.ralph_tt1772341	2012	Candlehead	Candlehead		nm1705090	female			94.39
wreckit.ralph_tt1772341	2012	"Swizzle_""The_Swizz""_Malarkey"	"Swizzle_""The_Swizz""_Malarkey"			male			40.83
wreckit.ralph_tt1772341	2012	Rancis_Fluggerbutter	Rancis_Fluggerbutter		nm0255373	male			83.50
wreckit.ralph_tt1772341	2012	Minty_Zaki	Minty_Zaki			female			36.95
wreckit.ralph_tt1772341	2012	Citrusella_Flugpucker	Citrusella_Flugpucker			female			11.47
wreckit.ralph_tt1772341	2012	Snowanna_Rainbeau	Snowanna_Rainbeau			female			43.17
wreckit.ralph_tt1772341	2012	Sticky_Wipplesnit	Sticky_Wipplesnit			female			9.97
wreckit.ralph_tt1772341	2012	Torvald_Batterbutter	Torvald_Batterbutter			female			7.13
wreckit.ralph_tt1772341	2012	King_Candy	King_Candy		nm0876138	male	antagonist		309.52
wreckit.ralph_tt1772341	2012	Duncan	Duncan		nm0764445	male			38.58
wreckit.ralph_tt1772341	2012	Turbo	Turbo			male	antagonist		8.30
wreckit.ralph_tt1772341	2012	Beard_Papa	Beard_Papa		nm0224007	male			6.80
wreckit.ralph_tt1772341	2012	Minty_Sakura	Minty_Sakura			female			6.84
zootopia.2_tt26443597	2025	Nick_Wilde	Nick_Wilde		nm0000867	male	protagonist		1641.18
zootopia.2_tt26443597	2025	Judy_Hopps	Judy_Hopps		nm0329481	female	protagonist		1748.49
zootopia.2_tt26443597	2025	Mr._Big	Mr._Big		nm0005606	male			66.65
zootopia.2_tt26443597	2025	Dawn_Bellwether	Dawn_Bellwether		nm2809577	female			20.10
zootopia.2_tt26443597	2025	Chief_Bogo	Chief_Bogo		nm0252961	male			129.80
zootopia.2_tt26443597	2025	Nibbles_Maplestick	Nibbles_Maplestick		nm3833084	female	protagonist		379.17
zootopia.2_tt26443597	2025	Higgins	Higgins		nm0005519	male			21.52
zootopia.2_tt26443597	2025	Joel	Joel		nm0397174	male			7.80
zootopia.2_tt26443597	2025	George_Purrrnacleo	George_Purrrnacleo		nm0672037	unknown			30.20
zootopia.2_tt26443597	2025	Captain_Hoggbottom	Captain_Hoggbottom		nm0327056	female			100.14
zootopia.2_tt26443597	2025	Zebro_Zebraxton	Zebro_Zebraxton		nm5195221	male			28.45
zootopia.2_tt26443597	2025	Truffler	Truffler		nm0266713	male			16.89
zootopia.2_tt26443597	2025	Mayor_Winddancer	Mayor_Winddancer		nm0911320	male			99.60
zootopia.2_tt26443597	2025	Officer_Benjamin_Clawhauser	Officer_Benjamin_Clawhauser		nm1535594	male			45.71
zootopia.2_tt26443597	2025	Antony_Snootley	Antony_Snootley		nm0000491	male			32.03
zootopia.2_tt26443597	2025	Dr._Fuzzby	Dr._Fuzzby		nm6708435	female			36.29
zootopia.2_tt26443597	2025	Ed_Shearin	Ed_Shearin		nm3247828	male			7.34
zootopia.2_tt26443597	2025	Little_Judith	Little_Judith		nm5198446	female			47.34
zootopia.2_tt26443597	2025	Koslov	Koslov			male			23.90
zootopia.2_tt26443597	2025	Zebro_Zebrowski	Zebro_Zebrowski		nm1516006	male			14.97
zootopia.2_tt26443597	2025	Squeal_of_Fortune_Mouse	Squeal_of_Fortune_Mouse		nm0741242	female			4.05
zootopia.2_tt26443597	2025	Gazelle	Gazelle		nm0787680	female			35.12
zootopia.2_tt26443597	2025	Flash_Slothmore	Flash_Slothmore		nm0675442	male			23.77
zootopia.2_tt26443597	2025	Milton_Lynxley	Milton_Lynxley		nm0000657	male	antagonist		162.45
zootopia.2_tt26443597	2025	Denny_Howlett	Denny_Howlett		nm0530249	male			10.89
zootopia.2_tt26443597	2025	Cattrick_Lynxley	Cattrick_Lynxley		nm0000346	male			86.29
zootopia.2_tt26443597	2025	Pawbert_Lynxley	Pawbert_Lynxley		nm1676221	male	antagonist		358.61
zootopia.2_tt26443597	2025	Kitty_Lynxley	Kitty_Lynxley		nm0814259	female			81.83
zootopia.2_tt26443597	2025	Bartender_Slick_Di'Giguani	Bartender_Slick_Di'Giguani		nm6305751	male			7.38
zootopia.2_tt26443597	2025	Gary_De'Snake	Gary_De'Snake		nm0702841	male	protagonist		359.11
zootopia.2_tt26443597	2025	French_Chef	French_Chef		nm0876138	male			2.46
zootopia.2_tt26443597	2025	Fru_Fru	Fru_Fru		nm3639266	female			68.86
zootopia.2_tt26443597	2025	Jesus	Jesus		nm0001803	male			64.36
zootopia.2_tt26443597	2025	Anti-Venom_Pen	Anti-Venom_Pen		nm7635388	female			11.09
zootopia.2_tt26443597	2025	Berthold_Hufschmerz	Berthold_Hufschmerz		nm0397174	male			8.97
zootopia.2_tt26443597	2025	Jurgen_Ziegenkase	Jurgen_Ziegenkase		nm1158544	male			5.96
zootopia.2_tt26443597	2025	Robert_Furwin	Robert_Furwin		nm2377394	male			16.64
zootopia.2_tt26443597	2025	Paul_Moledebrandt	Paul_Moledebrandt		nm1265802	male			5.80
zootopia_tt2948356	2016	Jaguar_Pretend_Actuary	Jaguar_Pretend_Actuary		nm7970170	male			53.64
zootopia_tt2948356	2016	Judy_Hopps	Judy_Hopps		nm0329481	female	protagonist		1381.71
zootopia_tt2948356	2016	Judy_Hopps'_Sister	Judy_Hopps'_Sister			unknown			120.66
zootopia_tt2948356	2016	Bonnie_Hopps	Bonnie_Hopps		nm0001372	female			324.66
zootopia_tt2948356	2016	Pig_Reporter	Pig_Reporter		nm0224007	male			18.73
zootopia_tt2948356	2016	Sharla	Sharla		nm7229273	female			57.85
zootopia_tt2948356	2016	Judy_Hopps_(Young)	Judy_Hopps_(Young)		nm5415922	female			708.08
zootopia_tt2948356	2016	Stu_Hopps	Stu_Hopps		nm0482141	male			223.72
zootopia_tt2948356	2016	Travis	Travis		nm0397174	male			68.86
zootopia_tt2948356	2016	Sheep_Officer	Sheep_Officer			unknown			4.50
zootopia_tt2948356	2016	Gideon_Grey_(Young)	Gideon_Grey_(Young)		nm1601882	male			58.06
zootopia_tt2948356	2016	Dr._Madge_Honey_Badger	Dr._Madge_Honey_Badger		nm1705090	female			8.26
zootopia_tt2948356	2016	Mouse_Given_Parking_Ticket	Mouse_Given_Parking_Ticket		nm1820079	female			1.00
zootopia_tt2948356	2016	Gareth	Gareth		nm7229273	female			37.08
zootopia_tt2948356	2016	Gideon_Grey	Gideon_Grey		nm1601882	male			34.58
zootopia_tt2948356	2016	Drill_Sergeant	Drill_Sergeant		nm0299275	female			11.59
zootopia_tt2948356	2016	Gary	Gary		nm7961479	male			21.60
zootopia_tt2948356	2016	Officer_McHorn	Officer_McHorn		nm1183986	male			52.39
zootopia_tt2948356	2016	Mrs._Otterton	Mrs._Otterton		nm0818055	female			73.32
zootopia_tt2948356	2016	Dawn_Bellwether	Dawn_Bellwether		nm2809577	female	antagonist		142.27
zootopia_tt2948356	2016	Mayor_Leodore_Lionheart	Mayor_Leodore_Lionheart		nm0799777	male	antagonist		99.35
zootopia_tt2948356	2016	Mrs._Dharma_Armadillo	Mrs._Dharma_Armadillo		nm2888684	female			8.63
zootopia_tt2948356	2016	Oryx_Reporter	Oryx_Reporter			unknown			19.10
zootopia_tt2948356	2016	Beaver_Reporter	Beaver_Reporter			unknown			18.18
zootopia_tt2948356	2016	Moose_Given_Parking_Ticket	Moose_Given_Parking_Ticket		nm0224007	male			7.38
zootopia_tt2948356	2016	Peace_Rally_Protester	Peace_Rally_Protester			unknown			14.43
zootopia_tt2948356	2016	Gazelle	Gazelle		nm0787680	female			24.19
zootopia_tt2948356	2016	Officer_Benjamin_Clawhauser	Officer_Benjamin_Clawhauser		nm1535594	male			129.92
zootopia_tt2948356	2016	Nangi	Nangi		nm1012020	female			26.40
zootopia_tt2948356	2016	Koslov	Koslov			male			49.63
zootopia_tt2948356	2016	Hippo_Whose_Mom_Given_Parking_Ticket	Hippo_Whose_Mom_Given_Parking_Ticket		nm7229273	female			25.40
zootopia_tt2948356	2016	Larry	Larry		nm0601781	male			38.71
zootopia_tt2948356	2016	Chief_Bogo	Chief_Bogo		nm0252961	male			270.44
zootopia_tt2948356	2016	Peace_Rally_Picketer	Peace_Rally_Picketer			unknown			5.76
zootopia_tt2948356	2016	Nick_Wilde	Nick_Wilde		nm0000867	male	protagonist		1525.15
zootopia_tt2948356	2016	Finnick	Finnick		nm0001474	male			31.61
zootopia_tt2948356	2016	Flash_Slothmore	Flash_Slothmore		nm0675442	male			133.51
zootopia_tt2948356	2016	Nick_Wilde_(Young)	Nick_Wilde_(Young)		nm0815718	male			43.50
zootopia_tt2948356	2016	Duke_Weaselton	Duke_Weaselton		nm0876138	male	antagonist		51.68
zootopia_tt2948356	2016	Peter_Moosebridge	Peter_Moosebridge		nm0543730	male			17.73
zootopia_tt2948356	2016	Frantic_Pig	Frantic_Pig		nm2796047	male			7.67
zootopia_tt2948356	2016	Fru_Fru	Fru_Fru		nm3639266	female			36.08
zootopia_tt2948356	2016	Yax	Yax		nm0001045	male			22.31
zootopia_tt2948356	2016	Priscilla	Priscilla		nm0068338	female			41.88
zootopia_tt2948356	2016	Mr._Manchas	Mr._Manchas		nm0181425	male			13.05
zootopia_tt2948356	2016	Jesse	Jesse		nm0224007	male			22.65
zootopia_tt2948356	2016	Woolter	Woolter		nm0224007	male			12.10
zootopia_tt2948356	2016	Fabienne_Growley	Fabienne_Growley		nm0712587	female			18.85
