movie_id	movie_imdb	character	seconds
a.boy.named.cha_tt0064107	tt0064107	Charlie_Brown	2450.98
a.boy.named.cha_tt0064107	tt0064107	Linus_Van_Pelt	1231.08
a.boy.named.cha_tt0064107	tt0064107	Lucy_Van_Pelt	998.22
a.boy.named.cha_tt0064107	tt0064107	Schroeder	460.05
a.boy.named.cha_tt0064107	tt0064107	Frieda	119.08
a.boy.named.cha_tt0064107	tt0064107	Violet_Gray	297.47
a.boy.named.cha_tt0064107	tt0064107	Patty	485.49
a.boy.named.cha_tt0064107	tt0064107	Pig_Pen	36.50
a.boy.named.cha_tt0064107	tt0064107	Sally_Brown	178.39
a.boy.named.cha_tt0064107	tt0064107	Snoopy	356.32
a.boy.named.cha_tt0064107	tt0064107	3rd_Boy	33.08
a.boy.named.cha_tt0064107	tt0064107	2nd_Boy	13.89
a.bugs.life_tt0120623	tt0120623	Princess_Atta	302.80
a.bugs.life_tt0120623	tt0120623	Dot	1062.48
a.bugs.life_tt0120623	tt0120623	Flik	108.32
a.bugs.life_tt0120623	tt0120623	Mr._Soil	792.17
a.bugs.life_tt0120623	tt0120623	Doctor_Flora	352.02
a.bugs.life_tt0120623	tt0120623	Cornelius	133.26
a.bugs.life_tt0120623	tt0120623	Queen	247.71
a.bugs.life_tt0120623	tt0120623	Rosie	333.33
a.bugs.life_tt0120623	tt0120623	Francis	392.14
a.bugs.life_tt0120623	tt0120623	Loco	119.16
a.bugs.life_tt0120623	tt0120623	Axel	147.36
a.bugs.life_tt0120623	tt0120623	Molt	115.99
a.bugs.life_tt0120623	tt0120623	P.T._Flea	51.80
a.bugs.life_tt0120623	tt0120623	Hopper	258.80
a.bugs.life_tt0120623	tt0120623	Harry_Mosquito	26.19
a.bugs.life_tt0120623	tt0120623	Gypsy	318.44
a.bugs.life_tt0120623	tt0120623	Dim	103.02
a.bugs.life_tt0120623	tt0120623	Fly_Brother_#1	26.36
a.bugs.life_tt0120623	tt0120623	Thud	27.44
a.bugs.life_tt0120623	tt0120623	Manny	239.91
a.bugs.life_tt0120623	tt0120623	Tuck_and_Roll	195.45
a.christmas.car_tt1067106	tt1067106	Ebenezer_Scrooge	1488.24
a.christmas.car_tt1067106	tt1067106	Funerary_Undertaker	62.04
a.christmas.car_tt1067106	tt1067106	Undertaker's_Apprentice	60.84
a.christmas.car_tt1067106	tt1067106	Caroline	38.60
a.christmas.car_tt1067106	tt1067106	Tiny_Tim	115.08
a.christmas.car_tt1067106	tt1067106	Scrooge_as_a_Teenage_Boy	57.76
a.christmas.car_tt1067106	tt1067106	Want_Woman	14.32
a.christmas.car_tt1067106	tt1067106	Mrs._Cratchit	170.16
a.christmas.car_tt1067106	tt1067106	Belinda_Cratchit	113.24
a.christmas.car_tt1067106	tt1067106	Bob_Cratchit	286.76
a.christmas.car_tt1067106	tt1067106	Fred's_Wife	39.60
a.christmas.car_tt1067106	tt1067106	Want_Girl	13.28
a.christmas.car_tt1067106	tt1067106	Caroline's_Husband	29.92
a.christmas.car_tt1067106	tt1067106	Portly_Gentleman	83.04
a.christmas.car_tt1067106	tt1067106	Fat_Cook	6.68
a.christmas.car_tt1067106	tt1067106	Ignorance_Man	5.84
a.christmas.car_tt1067106	tt1067106	Fred	196.00
a.christmas.car_tt1067106	tt1067106	Scrooge_as_a_Young_Man	103.24
a.christmas.car_tt1067106	tt1067106	Fred's_Sister-in-Law	72.64
a.christmas.car_tt1067106	tt1067106	Scrooge_as_a_Middle-Aged_Man	35.44
a.christmas.car_tt1067106	tt1067106	Fezziwig	45.92
a.christmas.car_tt1067106	tt1067106	Business_Man_2	29.00
a.christmas.car_tt1067106	tt1067106	Jacob_Marley	157.96
a.christmas.car_tt1067106	tt1067106	Mrs._Fezziwig	20.56
a.christmas.car_tt1067106	tt1067106	Ghost_of_Christmas_Past	192.80
a.christmas.car_tt1067106	tt1067106	Belle	103.08
a.christmas.car_tt1067106	tt1067106	Ghost_of_Christmas_Present	154.80
a.christmas.car_tt1067106	tt1067106	Ignorance_Boy	9.40
a.christmas.car_tt1067106	tt1067106	Mrs._Dilber	55.68
a.goofy.movie_tt0113198	tt0113198	Max_Goof	1862.23
a.goofy.movie_tt0113198	tt0113198	Roxanne	331.46
a.goofy.movie_tt0113198	tt0113198	Miss_Maples	63.94
a.goofy.movie_tt0113198	tt0113198	Goofy	1258.05
a.goofy.movie_tt0113198	tt0113198	Goth_Girls	58.47
a.goofy.movie_tt0113198	tt0113198	Powerline	63.77
a.goofy.movie_tt0113198	tt0113198	Lisa	53.22
a.goofy.movie_tt0113198	tt0113198	P.J.	197.66
a.goofy.movie_tt0113198	tt0113198	Nerdy_kid	24.98
a.goofy.movie_tt0113198	tt0113198	Stacey	75.95
a.goofy.movie_tt0113198	tt0113198	Bobby_Zimuruski	145.19
a.goofy.movie_tt0113198	tt0113198	Bigfoot	69.69
a.goofy.movie_tt0113198	tt0113198	Pete	230.90
a.goofy.movie_tt0113198	tt0113198	Roxanne's_Father	12.05
a.goofy.movie_tt0113198	tt0113198	Lester_the_Possum	24.86
abominable_tt6324278	tt6324278	Dr._Zara	379.09
abominable_tt6324278	tt6324278	Teenage_Girl_#2	35.04
abominable_tt6324278	tt6324278	Mei	134.26
abominable_tt6324278	tt6324278	Teenage_Girl_#1	49.59
abominable_tt6324278	tt6324278	Goon_Leader	242.20
abominable_tt6324278	tt6324278	Everest	931.93
abominable_tt6324278	tt6324278	Peng	808.85
abominable_tt6324278	tt6324278	Van_Driver	33.70
abominable_tt6324278	tt6324278	Female_Customer	32.12
abominable_tt6324278	tt6324278	Merchant	5.92
abominable_tt6324278	tt6324278	Jin	976.44
abominable_tt6324278	tt6324278	Nai_Nai	150.86
abominable_tt6324278	tt6324278	Yi	1782.20
abominable_tt6324278	tt6324278	Boy's_Mom	6.92
abominable_tt6324278	tt6324278	Dock_Worker	2.42
abominable_tt6324278	tt6324278	Teenage_Boy	30.61
abominable_tt6324278	tt6324278	Burnish	317.11
abominable_tt6324278	tt6324278	Goons	74.28
abominable_tt6324278	tt6324278	Jin_Impersonator	5.09
abominable_tt6324278	tt6324278	Yak_Herder	11.51
addams.family.2_tt11125620	tt11125620	Dorky_Girl	4.80
addams.family.2_tt11125620	tt11125620	Cyrus_Strange	433.06
addams.family.2_tt11125620	tt11125620	Dorky_Boy	38.37
addams.family.2_tt11125620	tt11125620	Girl_on_Beach	107.23
addams.family.2_tt11125620	tt11125620	Proposing_Girl	17.39
addams.family.2_tt11125620	tt11125620	Girl_in_Water	28.03
addams.family.2_tt11125620	tt11125620	Gomez_Addams	979.89
addams.family.2_tt11125620	tt11125620	Pugsley_Addams	450.49
addams.family.2_tt11125620	tt11125620	Texas_Lady	39.00
addams.family.2_tt11125620	tt11125620	Morticia_Addams	858.61
addams.family.2_tt11125620	tt11125620	Book_Girl	69.69
addams.family.2_tt11125620	tt11125620	Jerk_on_Beach	40.00
addams.family.2_tt11125620	tt11125620	Peggy	84.13
addams.family.2_tt11125620	tt11125620	Volcano_Kid	55.39
addams.family.2_tt11125620	tt11125620	Miss_Lurleen	45.30
addams.family.2_tt11125620	tt11125620	Pageant_Lady	49.05
addams.family.2_tt11125620	tt11125620	Festival_Kids	64.52
addams.family.2_tt11125620	tt11125620	Wednesday_Addams	973.85
addams.family.2_tt11125620	tt11125620	Uncle_Fester	463.50
addams.family.2_tt11125620	tt11125620	Ophelia	81.33
addams.family.2_tt11125620	tt11125620	Madison	13.68
addams.family.2_tt11125620	tt11125620	Granny	95.14
addams.family.2_tt11125620	tt11125620	Lurch	254.09
addams.family.2_tt11125620	tt11125620	Mr._Mustela	77.49
addams.family.2_tt11125620	tt11125620	Pongo	62.60
addams.family.2_tt11125620	tt11125620	Corny_Girl	29.32
addams.family.2_tt11125620	tt11125620	Merch_Guy	12.01
addams.family.2_tt11125620	tt11125620	Truck_Driver	2.13
addams.family.2_tt11125620	tt11125620	Big_Bad_Ronny	47.63
addams.family_tt1620981	tt1620981	Morticia_Addams	898.48
addams.family_tt1620981	tt1620981	Character_1	97.43
addams.family_tt1620981	tt1620981	Layla	187.31
addams.family_tt1620981	tt1620981	Great_Auntie_Sloom	85.29
addams.family_tt1620981	tt1620981	Priest	59.56
addams.family_tt1620981	tt1620981	Gomez_Addams	956.66
addams.family_tt1620981	tt1620981	Norman_Pickering	101.18
addams.family_tt1620981	tt1620981	Granny	240.57
addams.family_tt1620981	tt1620981	Uncle_Fester	418.29
addams.family_tt1620981	tt1620981	Parker_Needler	269.19
addams.family_tt1620981	tt1620981	Candi_the_Barista	56.51
addams.family_tt1620981	tt1620981	Lurch	284.78
addams.family_tt1620981	tt1620981	Wednesday_Addams	625.79
addams.family_tt1620981	tt1620981	Pugsley	473.22
addams.family_tt1620981	tt1620981	Trudy_Pickering	58.98
addams.family_tt1620981	tt1620981	Margaux_Needler	468.72
addams.family_tt1620981	tt1620981	Glenn	148.02
addams.family_tt1620981	tt1620981	Bethany	110.28
addams.family_tt1620981	tt1620981	Dr._Flambe	17.68
addams.family_tt1620981	tt1620981	Denise	119.58
addams.family_tt1620981	tt1620981	Mitch	14.89
addams.family_tt1620981	tt1620981	Ms._Gravely	44.34
addams.family_tt1620981	tt1620981	Kayla	63.06
addams.family_tt1620981	tt1620981	Cousin_Itt	7.59
aladdin_tt0103639	tt0103639	Peddler	73.28
aladdin_tt0103639	tt0103639	Gazeem	49.01
aladdin_tt0103639	tt0103639	Jafar	560.10
aladdin_tt0103639	tt0103639	Iago	291.63
aladdin_tt0103639	tt0103639	Aladdin	1482.36
aladdin_tt0103639	tt0103639	Cave_of_Wonders	25.65
aladdin_tt0103639	tt0103639	Royal_Guards_(Aladdin)	131.38
aladdin_tt0103639	tt0103639	Harem_Girls	29.95
aladdin_tt0103639	tt0103639	Abu	423.88
aladdin_tt0103639	tt0103639	Jasmine	830.12
aladdin_tt0103639	tt0103639	Elephant_Abu	38.96
aladdin_tt0103639	tt0103639	Sultan	347.60
aladdin_tt0103639	tt0103639	Rajah	98.93
aladdin_tt0103639	tt0103639	Farouk	38.46
aladdin_tt0103639	tt0103639	Genie	528.82
alice.in.wonder_tt0043274	tt0043274	Cards	126.58
alice.in.wonder_tt0043274	tt0043274	White_Rabbit	177.01
alice.in.wonder_tt0043274	tt0043274	Alice	1455.37
alice.in.wonder_tt0043274	tt0043274	Bill_the_Lizard	39.71
alice.in.wonder_tt0043274	tt0043274	Carpenter	96.47
alice.in.wonder_tt0043274	tt0043274	March_Hare	160.54
alice.in.wonder_tt0043274	tt0043274	The_Walrus_and_the_Carpenter	141.47
alice.in.wonder_tt0043274	tt0043274	Mad_Hatter	235.61
alice.in.wonder_tt0043274	tt0043274	Cheshire_Cat	152.65
alice.in.wonder_tt0043274	tt0043274	Tweedle_Dee_and_Tweedle_Dum	139.10
alice.in.wonder_tt0043274	tt0043274	Queen_of_Hearts	245.75
alice.in.wonder_tt0043274	tt0043274	Flamingos	33.87
alice.in.wonder_tt0043274	tt0043274	Alice's_Sister	40.67
alice.in.wonder_tt0043274	tt0043274	Dinah	82.29
alice.in.wonder_tt0043274	tt0043274	The_Doorknob	77.83
alice.in.wonder_tt0043274	tt0043274	Caucus_Race_Animals	69.61
alice.in.wonder_tt0043274	tt0043274	Dodo	75.95
alice.in.wonder_tt0043274	tt0043274	Hammer_and_Pencil_Birds	25.57
alice.in.wonder_tt0043274	tt0043274	Caterpillar	99.97
alice.in.wonder_tt0043274	tt0043274	Curious_Oysters	45.92
alice.in.wonder_tt0043274	tt0043274	Dormouse	29.28
alice.in.wonder_tt0043274	tt0043274	King_of_Hearts	67.19
alvin.and.the.c_tt0952640	tt0952640	Alvin	806.26
alvin.and.the.c_tt0952640	tt0952640	Simon	588.71
alvin.and.the.c_tt0952640	tt0952640	Theodore	721.43
alvin.and.the.c_tt0952640	tt0952640	Dave	1791.87
alvin.and.the.c_tt0952640	tt0952640	Claire_Wilson	240.74
alvin.and.the.c_tt0952640	tt0952640	Character_1	142.39
alvin.and.the.c_tt0952640	tt0952640	Ian	671.17
alvin.and.the.c_tt0952640	tt0952640	Character_2	84.58
alvin.and.the.c_tt0952640	tt0952640	Character_3	21.98
alvin.and.the.c_tt0952640	tt0952640	0.NOTAFACE	10.09
alvin.and.the.c_tt1231580	tt1231580	Human_Character_2	699.82
alvin.and.the.c_tt1231580	tt1231580	Alvin	1046.50
alvin.and.the.c_tt1231580	tt1231580	Human_character_6	226.81
alvin.and.the.c_tt1231580	tt1231580	Theodore	816.86
alvin.and.the.c_tt1231580	tt1231580	Becca_Kingston	171.42
alvin.and.the.c_tt1231580	tt1231580	Human_character_4	156.41
alvin.and.the.c_tt1231580	tt1231580	Human_character_8	73.24
alvin.and.the.c_tt1231580	tt1231580	Simon	950.37
alvin.and.the.c_tt1231580	tt1231580	Brittany	492.91
alvin.and.the.c_tt1231580	tt1231580	Eleanor	427.84
alvin.and.the.c_tt1231580	tt1231580	Human_character_3	286.33
alvin.and.the.c_tt1231580	tt1231580	Dave	44.13
alvin.and.the.c_tt1231580	tt1231580	Human_character_1	463.05
alvin.and.the.c_tt1231580	tt1231580	Human_Character_5	181.64
alvin.and.the.c_tt1231580	tt1231580	0.NOTAFACE	31.07
alvin.and.the.c_tt1231580	tt1231580	Ian	533.32
alvin.and.the.c_tt1231580	tt1231580	Human_character_7	66.98
alvin.and.the.c_tt1231580	tt1231580	Jeanette	365.11
alvin.and.the.c_tt1615918	tt1615918	Dave	808.10
alvin.and.the.c_tt1615918	tt1615918	Brittany	749.21
alvin.and.the.c_tt1615918	tt1615918	Elanor	542.21
alvin.and.the.c_tt1615918	tt1615918	Jeanette	705.62
alvin.and.the.c_tt1615918	tt1615918	Simon	813.52
alvin.and.the.c_tt1615918	tt1615918	Theodore	584.67
alvin.and.the.c_tt1615918	tt1615918	Alvin	1045.50
alvin.and.the.c_tt1615918	tt1615918	Ian	288.50
alvin.and.the.c_tt1615918	tt1615918	Zoe	423.59
alvin.and.the.c_tt1615918	tt1615918	Character_2	33.53
alvin.and.the.c_tt1615918	tt1615918	Spalding_Basketball	32.28
alvin.and.the.c_tt1615918	tt1615918	0.NOTAFACE	5.84
an.american.tai_tt0090633	tt0090633	Papa_Mousekewitz	387.35
an.american.tai_tt0090633	tt0090633	Mama_Mousekewitz	100.53
an.american.tai_tt0090633	tt0090633	Henri	120.09
an.american.tai_tt0090633	tt0090633	Fievel_Mousekewitz	970.04
an.american.tai_tt0090633	tt0090633	Bridget	239.64
an.american.tai_tt0090633	tt0090633	Tanya_Mousekewitz	150.62
an.american.tai_tt0090633	tt0090633	Tony_Toponi	287.75
an.american.tai_tt0090633	tt0090633	Honest_John	148.15
an.american.tai_tt0090633	tt0090633	Warren_T._Rat	113.58
an.american.tai_tt0090633	tt0090633	Gussie_Mausheimer	170.94
an.american.tai_tt0090633	tt0090633	Moe	14.38
an.american.tai_tt0090633	tt0090633	Tiger	189.16
anastasia_tt0118617	tt0118617	Dowager_Empress_Marie_Feodorovna	197.61
anastasia_tt0118617	tt0118617	Czar_Nicolas_II	50.84
anastasia_tt0118617	tt0118617	Anastasia_(Young)	1382.84
anastasia_tt0118617	tt0118617	Dimitri_(Young)	695.53
anastasia_tt0118617	tt0118617	Revolutionary_Soldier	34.49
anastasia_tt0118617	tt0118617	Sophie	356.81
anastasia_tt0118617	tt0118617	Vladimir	607.98
anastasia_tt0118617	tt0118617	Dimitri	605.48
anastasia_tt0118617	tt0118617	Grigori_Rasputin	347.76
anastasia_tt0118617	tt0118617	Bartok	118.79
anastasia_tt0118617	tt0118617	Phlegmenkoff	55.35
anastasia_tt0118617	tt0118617	Anastasia_Nikolaevna	232.07
angry.birds.mov_tt1985949	tt1985949	Red	838.59
angry.birds.mov_tt1985949	tt1985949	Terence	256.51
angry.birds.mov_tt1985949	tt1985949	Red_(Young)	1008.26
angry.birds.mov_tt1985949	tt1985949	Timothy_the_Birthday_Boy	144.69
angry.birds.mov_tt1985949	tt1985949	Edward_the_Birthday_Dad	151.82
angry.birds.mov_tt1985949	tt1985949	Phillip	222.51
angry.birds.mov_tt1985949	tt1985949	Eva_the_Birthday_Mom	84.50
angry.birds.mov_tt1985949	tt1985949	Helen_the_Lunch_Mom	531.49
angry.birds.mov_tt1985949	tt1985949	Bobby_Bird	399.48
angry.birds.mov_tt1985949	tt1985949	Clayton_the_Waiter_Bird	119.91
angry.birds.mov_tt1985949	tt1985949	Mime	50.43
angry.birds.mov_tt1985949	tt1985949	Stella	319.03
angry.birds.mov_tt1985949	tt1985949	Olive_Blue	121.33
angry.birds.mov_tt1985949	tt1985949	Hatchling_Singers	120.20
angry.birds.mov_tt1985949	tt1985949	Cyrus	51.51
angry.birds.mov_tt1985949	tt1985949	Hug_Trader	63.73
angry.birds.mov_tt1985949	tt1985949	Greg_Blue	73.11
angry.birds.mov_tt1985949	tt1985949	Brad_Bird	69.53
angry.birds.mov_tt1985949	tt1985949	Matilda	401.53
angry.birds.mov_tt1985949	tt1985949	Judge_Peckinpah	188.27
angry.birds.mov_tt1985949	tt1985949	Monica_the_Crossing_Guard	65.44
angry.birds.mov_tt1985949	tt1985949	Day_Care_Teacher	63.65
angry.birds.mov_tt1985949	tt1985949	Early_Bird	36.29
angry.birds.mov_tt1985949	tt1985949	Shirley_the_Old_Lady_Bird	56.81
angry.birds.mov_tt1985949	tt1985949	Yoga_Instructor	26.65
angry.birds.mov_tt1985949	tt1985949	Billy_the_Sign	38.37
angry.birds.mov_tt1985949	tt1985949	Chuck	781.20
angry.birds.mov_tt1985949	tt1985949	Bomb	830.91
angry.birds.mov_tt1985949	tt1985949	Bubbles	55.64
angry.birds.mov_tt1985949	tt1985949	Leonard	449.37
angry.birds.mov_tt1985949	tt1985949	Ross	353.56
angry.birds.mov_tt1985949	tt1985949	Tiny	50.30
angry.birds.mov_tt1985949	tt1985949	Acrobat_Pig_(2)	86.42
angry.birds.mov_tt1985949	tt1985949	Acrobat_Pig_(1)	30.57
angry.birds.mov_tt1985949	tt1985949	Photog	55.89
angry.birds.mov_tt1985949	tt1985949	Mighty_Eagle	199.62
angry.birds.mov_tt1985949	tt1985949	Monty_Pig	57.72
angry.birds.mov_tt1985949	tt1985949	Foreman_Pig	50.30
angry.birds.mov_tt1985949	tt1985949	Earl_Pig	99.97
angry.birds.mov_tt1985949	tt1985949	Chef_Pig	18.10
antz_tt0120587	tt0120587	Z	1454.37
antz_tt0120587	tt0120587	Colonel_Cutter	230.31
antz_tt0120587	tt0120587	Grebs_(Drunk_Scout)	98.43
antz_tt0120587	tt0120587	Barbatus	287.58
antz_tt0120587	tt0120587	Azteca	290.96
antz_tt0120587	tt0120587	General_Mandible	493.91
antz_tt0120587	tt0120587	Princess_Bala	800.30
antz_tt0120587	tt0120587	Foreman	134.22
antz_tt0120587	tt0120587	Queen	150.65
antz_tt0120587	tt0120587	Weaver	336.63
antz_tt0120587	tt0120587	Chip	48.51
antz_tt0120587	tt0120587	Muffy	37.00
antz_tt0120587	tt0120587	Fly	11.51
atlantis.the.lo_tt0230011	tt0230011	Joshua_Sweet	320.57
atlantis.the.lo_tt0230011	tt0230011	Kida_Nedakh	637.93
atlantis.the.lo_tt0230011	tt0230011	Kashekim_Nedakh	137.85
atlantis.the.lo_tt0230011	tt0230011	Queen_of_Atlantis	22.23
atlantis.the.lo_tt0230011	tt0230011	Preston_B._Whitmore	146.65
atlantis.the.lo_tt0230011	tt0230011	Audrey_Ramirez	300.34
atlantis.the.lo_tt0230011	tt0230011	Helga_Sinclair	282.66
atlantis.the.lo_tt0230011	tt0230011	Milo_Thatch	1853.14
atlantis.the.lo_tt0230011	tt0230011	Thaddeus_Thatch	31.45
atlantis.the.lo_tt0230011	tt0230011	Fenton_Q._Harcourt	58.43
atlantis.the.lo_tt0230011	tt0230011	Cookie_(Atlantis:_The_Lost_Empire)	134.68
atlantis.the.lo_tt0230011	tt0230011	Vincenzo_Santorini	321.24
atlantis.the.lo_tt0230011	tt0230011	Lyle_Tiberius_Rourke	520.06
atlantis.the.lo_tt0230011	tt0230011	Wilhelmina_Packard	96.47
atlantis.the.lo_tt0230011	tt0230011	Gaetan_Molière	159.41
bad.guys.2_tt30017619	tt30017619	Billionaire	94.47
bad.guys.2_tt30017619	tt30017619	Ms._Tarantula	358.28
bad.guys.2_tt30017619	tt30017619	Agents	67.78
bad.guys.2_tt30017619	tt30017619	Mr._Snake	539.96
bad.guys.2_tt30017619	tt30017619	Mr._Wolf	1259.68
bad.guys.2_tt30017619	tt30017619	Mr._Pirahna	595.35
bad.guys.2_tt30017619	tt30017619	Mr._Shark	595.51
bad.guys.2_tt30017619	tt30017619	Pigtail_Petrova	158.45
bad.guys.2_tt30017619	tt30017619	Tiffany_Fluffit	70.78
bad.guys.2_tt30017619	tt30017619	Diane_Foxington	319.07
bad.guys.2_tt30017619	tt30017619	Professor_Marmalade	109.28
bad.guys.2_tt30017619	tt30017619	Police_Chief_Misty_Luggins	353.14
bad.guys.2_tt30017619	tt30017619	Bank_Manager	31.53
bad.guys.2_tt30017619	tt30017619	Bride	43.34
bad.guys.2_tt30017619	tt30017619	Character_1	117.20
bad.guys.2_tt30017619	tt30017619	Maureen	20.90
bad.guys.2_tt30017619	tt30017619	Character_2	26.99
bad.guys.2_tt30017619	tt30017619	Doom_/_Susan	182.60
bad.guys.2_tt30017619	tt30017619	Prison_Guard	14.43
bad.guys.2_tt30017619	tt30017619	Kitty_Kat	347.72
bad.guys.2_tt30017619	tt30017619	Aunt_Sharon	24.57
bad.guys.2_tt30017619	tt30017619	Wedding_Head_of_Security	4.67
bad.guys.2_tt30017619	tt30017619	Officiant	5.30
bad.guys_tt8115900	tt8115900	Mr._Wolf	1639.14
bad.guys_tt8115900	tt8115900	Mr._Snake	939.69
bad.guys_tt8115900	tt8115900	Ms._Tarantula	249.50
bad.guys_tt8115900	tt8115900	Mr._Shark	700.66
bad.guys_tt8115900	tt8115900	Mr._Pirahna	549.17
bad.guys_tt8115900	tt8115900	Police_Chief_Misty_Luggins	265.27
bad.guys_tt8115900	tt8115900	Tiffany_Fluffit	111.57
bad.guys_tt8115900	tt8115900	Diane_Foxington	550.43
bad.guys_tt8115900	tt8115900	Professor_Marmalade	446.82
bad.guys_tt8115900	tt8115900	Old_Lady	26.99
bambi_tt0034492	tt0034492	Friend_Owl	225.68
bambi_tt0034492	tt0034492	Thumper_(Young)	120.54
bambi_tt0034492	tt0034492	Bambi_(Young)	809.10
bambi_tt0034492	tt0034492	Thumper_(Teen)	139.64
bambi_tt0034492	tt0034492	Thumper_(Adult)	316.48
bambi_tt0034492	tt0034492	Thumper's_Mother	161.79
bambi_tt0034492	tt0034492	Bambi's_Mother	154.45
bambi_tt0034492	tt0034492	Faline_(Adult)	21.77
bambi_tt0034492	tt0034492	Mrs._Possum	22.15
bambi_tt0034492	tt0034492	Faline_(Young)	140.18
bambi_tt0034492	tt0034492	Bambi_(Teen)	369.91
bambi_tt0034492	tt0034492	Flower_(Young)	69.24
bambi_tt0034492	tt0034492	Flower_(Adult)	37.29
bambi_tt0034492	tt0034492	The_Great_Prince	103.19
bambi_tt0034492	tt0034492	Flower_(Teen)	63.94
barnyard_tt0414853	tt0414853	Farmer	74.37
barnyard_tt0414853	tt0414853	Duke_the_Dog	213.13
barnyard_tt0414853	tt0414853	Root_the_Rooster	72.03
barnyard_tt0414853	tt0414853	Miles_the_Mule	219.89
barnyard_tt0414853	tt0414853	Pig_the_Pig	485.69
barnyard_tt0414853	tt0414853	Ben_the_Cow	348.18
barnyard_tt0414853	tt0414853	Eddy_the_Cow	190.69
barnyard_tt0414853	tt0414853	Bud_the_Cow	131.88
barnyard_tt0414853	tt0414853	Igg_the_Cow	156.16
barnyard_tt0414853	tt0414853	Maddy_the_Chick	101.31
barnyard_tt0414853	tt0414853	Etta_the_Hen	153.78
barnyard_tt0414853	tt0414853	Otis_the_Cow	1374.79
barnyard_tt0414853	tt0414853	Pip_the_Mouse	138.35
barnyard_tt0414853	tt0414853	Peck_the_Rooster	270.77
barnyard_tt0414853	tt0414853	Freddy_the_Ferret	296.13
barnyard_tt0414853	tt0414853	Gopher	74.16
barnyard_tt0414853	tt0414853	Character_1	48.92
barnyard_tt0414853	tt0414853	Bessy_the_Cow	327.24
barnyard_tt0414853	tt0414853	Daisy_the_Cow	374.46
barnyard_tt0414853	tt0414853	Snotty_Boy's_Father	6.92
barnyard_tt0414853	tt0414853	Officer_O'Hanlon	36.41
barnyard_tt0414853	tt0414853	Mrs._Beady	117.87
barnyard_tt0414853	tt0414853	Mr._Beady	46.42
barnyard_tt0414853	tt0414853	Dag_the_Coyote	213.50
barnyard_tt0414853	tt0414853	Snotty_Boy	49.51
barnyard_tt0414853	tt0414853	Snotty_Boy's_Friend_1	9.09
barnyard_tt0414853	tt0414853	Snotty_Boy's_Friend_2	8.13
beauty.and.the._tt0101414	tt0101414	Beast	581.79
beauty.and.the._tt0101414	tt0101414	Belle	1231.52
beauty.and.the._tt0101414	tt0101414	Cogsworth	448.07
beauty.and.the._tt0101414	tt0101414	Gaston's_Cronies	188.40
beauty.and.the._tt0101414	tt0101414	LeFou	343.51
beauty.and.the._tt0101414	tt0101414	The_Bimbettes	77.91
beauty.and.the._tt0101414	tt0101414	The_Bookseller	23.90
beauty.and.the._tt0101414	tt0101414	Maurice	298.88
beauty.and.the._tt0101414	tt0101414	Monsieur_D'Arque	38.62
beauty.and.the._tt0101414	tt0101414	Mrs._Potts	261.09
beauty.and.the._tt0101414	tt0101414	Gaston	538.58
beauty.and.the._tt0101414	tt0101414	Wardrobe	56.68
beauty.and.the._tt0101414	tt0101414	Philippe	98.10
beauty.and.the._tt0101414	tt0101414	Lumiere	358.78
beauty.and.the._tt0101414	tt0101414	Chip_Potts	124.08
beauty.and.the._tt0101414	tt0101414	Fifi	18.77
beauty.and.the._tt0101414	tt0101414	Chef_Bouche	6.59
beavis.and.butt_tt0115641	tt0115641	Principal_McVicker	123.50
beavis.and.butt_tt0115641	tt0115641	Butt-Head	1472.26
beavis.and.butt_tt0115641	tt0115641	Indian_Dignitary	18.27
beavis.and.butt_tt0115641	tt0115641	White_House_Press_Secretary	138.26
beavis.and.butt_tt0115641	tt0115641	French_Dignitary	194.74
beavis.and.butt_tt0115641	tt0115641	President_Clinton	130.59
beavis.and.butt_tt0115641	tt0115641	Announcer_in_Capitol	80.87
beavis.and.butt_tt0115641	tt0115641	Concierge	40.37
beavis.and.butt_tt0115641	tt0115641	FBI_Agent_Hurly	103.44
beavis.and.butt_tt0115641	tt0115641	Martha_the_Old_Lady	338.88
beavis.and.butt_tt0115641	tt0115641	ATF_Agent_Bork	468.89
beavis.and.butt_tt0115641	tt0115641	Tom_Anderson	224.14
beavis.and.butt_tt0115641	tt0115641	Mr._Van_Driessen	97.81
beavis.and.butt_tt0115641	tt0115641	Dallas_Grimes	156.16
beavis.and.butt_tt0115641	tt0115641	Old_Guy	95.51
beavis.and.butt_tt0115641	tt0115641	Muddy_Grimes	235.23
beavis.and.butt_tt0115641	tt0115641	Beavis	1478.64
beavis.and.butt_tt0115641	tt0115641	General_at_Strategic_Air_Command	87.38
beavis.and.butt_tt0115641	tt0115641	ATF_Agent_Flemming	537.66
beavis.and.butt_tt0115641	tt0115641	Tour_Bus_Driver	89.80
beavis.and.butt_tt0115641	tt0115641	Lieutenant_at_Strategic_Air_Command	22.11
bedknobs.and.br_tt0066817	tt0066817	Mrs._Jessica_Hobday	263.60
bedknobs.and.br_tt0066817	tt0066817	Professor_Emelius_Browne	2027.23
bedknobs.and.br_tt0066817	tt0066817	Paul_Rawlins	808.85
bedknobs.and.br_tt0066817	tt0066817	Charlie_Rawlins	1177.05
bedknobs.and.br_tt0066817	tt0066817	Carrie_Rawlins	886.72
bedknobs.and.br_tt0066817	tt0066817	Miss_Eglantine_Price	2233.23
bedknobs.and.br_tt0066817	tt0066817	Cosmic_Creepers	60.77
bedknobs.and.br_tt0066817	tt0066817	Professor_Emelius_Browne_transformed	30.20
bedknobs.and.br_tt0066817	tt0066817	King_Leonidas	161.04
bedknobs.and.br_tt0066817	tt0066817	Bookman	153.70
bedknobs.and.br_tt0066817	tt0066817	Mr._Codfish	37.12
bedknobs.and.br_tt0066817	tt0066817	Pig	18.98
bedknobs.and.br_tt0066817	tt0066817	Vulture	24.86
bedknobs.and.br_tt0066817	tt0066817	Fisherman_Bear	90.88
bedknobs.and.br_tt0066817	tt0066817	Secretary_Bird	45.42
bedknobs.and.br_tt0066817	tt0066817	Elephant	28.40
bedknobs.and.br_tt0066817	tt0066817	Ostrich	30.32
bedknobs.and.br_tt0066817	tt0066817	Crocodile	72.32
bedknobs.and.br_tt0066817	tt0066817	Kangaroo	10.39
bedknobs.and.br_tt0066817	tt0066817	Hippopotamus	27.36
bee.movie_tt0389790	tt0389790	Barry_B._Benson	1800.51
bee.movie_tt0389790	tt0389790	Jeanette_Chung	91.05
bee.movie_tt0389790	tt0389790	Sandy_Shrimpkin	85.04
bee.movie_tt0389790	tt0389790	Martin_Benson	134.80
bee.movie_tt0389790	tt0389790	Janet_Benson	142.23
bee.movie_tt0389790	tt0389790	Adam_Flayman	520.31
bee.movie_tt0389790	tt0389790	Mooseblood	71.40
bee.movie_tt0389790	tt0389790	Buzz	129.17
bee.movie_tt0389790	tt0389790	Dean_Buzzwell	113.57
bee.movie_tt0389790	tt0389790	Trudy	147.06
bee.movie_tt0389790	tt0389790	Press_Person_2	93.30
bee.movie_tt0389790	tt0389790	Jock_1	136.93
bee.movie_tt0389790	tt0389790	Mother	127.63
bee.movie_tt0389790	tt0389790	Splitz	34.16
bee.movie_tt0389790	tt0389790	Lou_Lo_Duca	59.23
bee.movie_tt0389790	tt0389790	Vanessa_Bloome	633.80
bee.movie_tt0389790	tt0389790	Bob_Bumble	35.54
bee.movie_tt0389790	tt0389790	Waterbug	7.80
bee.movie_tt0389790	tt0389790	Ken	213.92
bee.movie_tt0389790	tt0389790	Little_Girl	67.28
bee.movie_tt0389790	tt0389790	Timmy	38.41
bee.movie_tt0389790	tt0389790	Bud_Ditchwater	50.93
bee.movie_tt0389790	tt0389790	Pilot	196.82
bee.movie_tt0389790	tt0389790	TSA_Agent	32.66
bee.movie_tt0389790	tt0389790	Klauss_Vanderhayden	122.25
bee.movie_tt0389790	tt0389790	Janitor	15.97
bee.movie_tt0389790	tt0389790	Layton_T._Montgomery	211.88
bee.movie_tt0389790	tt0389790	Bailiff	24.02
bee.movie_tt0389790	tt0389790	Hector	55.93
bee.movie_tt0389790	tt0389790	Ray_Liotta	80.96
bee.movie_tt0389790	tt0389790	Ladybug	6.51
bee.movie_tt0389790	tt0389790	Freddy	25.19
bee.movie_tt0389790	tt0389790	Uncle_Carl	30.11
bee.movie_tt0389790	tt0389790	Bee_Larry_King	51.80
bee.movie_tt0389790	tt0389790	Press_Person_1	16.64
bee.movie_tt0389790	tt0389790	Judge_Bumbleton	67.15
bee.movie_tt0389790	tt0389790	Sting	35.29
bee.movie_tt0389790	tt0389790	Cow	11.30
beowulf_tt0442933	tt0442933	Wealthow	505.17
beowulf_tt0442933	tt0442933	Cain	60.85
beowulf_tt0442933	tt0442933	Estrith	20.48
beowulf_tt0442933	tt0442933	Yrsa	75.24
beowulf_tt0442933	tt0442933	Hild	32.45
beowulf_tt0442933	tt0442933	Frisian_Leader	116.57
beowulf_tt0442933	tt0442933	Cille	38.79
beowulf_tt0442933	tt0442933	Aesher	15.22
beowulf_tt0442933	tt0442933	Ursula	190.86
beowulf_tt0442933	tt0442933	Olaf	104.35
beowulf_tt0442933	tt0442933	Hondshew	87.38
beowulf_tt0442933	tt0442933	Scylding's_Watch	60.69
beowulf_tt0442933	tt0442933	Wiglaf	218.26
beowulf_tt0442933	tt0442933	Hrothgar	889.76
beowulf_tt0442933	tt0442933	Beowulf	972.51
beowulf_tt0442933	tt0442933	Unferth	333.00
beowulf_tt0442933	tt0442933	Wulfgar	5.38
beowulf_tt0442933	tt0442933	Grendel's_Mother	130.51
beowulf_tt0442933	tt0442933	Grendel	65.15
big.hero.6_tt2245084	tt2245084	The_Ringleader	20.02
big.hero.6_tt2245084	tt2245084	Yama_	54.26
big.hero.6_tt2245084	tt2245084	Abigail_Callaghan	42.46
big.hero.6_tt2245084	tt2245084	Hiro_Hamada	1737.32
big.hero.6_tt2245084	tt2245084	Tadashi_Hamada	519.06
big.hero.6_tt2245084	tt2245084	Heathcliff	43.33
big.hero.6_tt2245084	tt2245084	Honey_Lemon	460.75
big.hero.6_tt2245084	tt2245084	Go_Go_Tomago	496.25
big.hero.6_tt2245084	tt2245084	Aunt_Cass	176.59
big.hero.6_tt2245084	tt2245084	Mochi	2.84
big.hero.6_tt2245084	tt2245084	Wasabi	412.87
big.hero.6_tt2245084	tt2245084	Fred	354.31
big.hero.6_tt2245084	tt2245084	Alistair_Krei	156.70
big.hero.6_tt2245084	tt2245084	Baymax	441.07
big.hero.6_tt2245084	tt2245084	Professor_Robert_Callaghan	159.12
big.hero.6_tt2245084	tt2245084	Judy_	59.02
big.hero.6_tt2245084	tt2245084	Sergeant_Gerson	62.31
big.hero.6_tt2245084	tt2245084	Mr._Frederickson	15.35
big.hero.6_tt2245084	tt2245084	Yokai	60.44
black.cauldron_tt0088814	tt0088814	Dallben	149.02
black.cauldron_tt0088814	tt0088814	Taran	1239.78
black.cauldron_tt0088814	tt0088814	Duck	11.26
black.cauldron_tt0088814	tt0088814	Pig	218.76
black.cauldron_tt0088814	tt0088814	Fflewddur_Fflam	445.70
black.cauldron_tt0088814	tt0088814	Gurgi	414.50
black.cauldron_tt0088814	tt0088814	Dog	37.41
black.cauldron_tt0088814	tt0088814	Henchmen	72.49
black.cauldron_tt0088814	tt0088814	Creeper	276.19
black.cauldron_tt0088814	tt0088814	Frog	15.85
black.cauldron_tt0088814	tt0088814	Orgoch	50.93
black.cauldron_tt0088814	tt0088814	Orddu	130.55
black.cauldron_tt0088814	tt0088814	Horned_King	86.00
black.cauldron_tt0088814	tt0088814	Princess_Eilonwy	496.37
black.cauldron_tt0088814	tt0088814	Rat	7.63
black.cauldron_tt0088814	tt0088814	Fair_Folk_Boy	16.39
black.cauldron_tt0088814	tt0088814	Fair_Folk_Girl	23.86
black.cauldron_tt0088814	tt0088814	Doli	58.56
black.cauldron_tt0088814	tt0088814	King_Eidilleg	59.93
black.cauldron_tt0088814	tt0088814	Orwen	109.07
bobs.burgers.mo_tt7466442	tt7466442	Linda_Belcher	1065.15
bobs.burgers.mo_tt7466442	tt7466442	Louise_Belcher	1646.39
bobs.burgers.mo_tt7466442	tt7466442	Gene_Belcher	1567.98
bobs.burgers.mo_tt7466442	tt7466442	Tina_Belcher	1555.51
bobs.burgers.mo_tt7466442	tt7466442	Bob_Belcher	1219.09
bobs.burgers.mo_tt7466442	tt7466442	Jimmy_Jr.	401.32
bobs.burgers.mo_tt7466442	tt7466442	Phillip_Frond	625.04
bobs.burgers.mo_tt7466442	tt7466442	Chloe_Barbash	121.25
bobs.burgers.mo_tt7466442	tt7466442	Sergeant_Bosco	237.45
bobs.burgers.mo_tt7466442	tt7466442	Teddy	398.73
bobs.burgers.mo_tt7466442	tt7466442	Calvin_Fischoeder	414.71
bobs.burgers.mo_tt7466442	tt7466442	Felix_Fischoeder	495.62
bobs.burgers.mo_tt7466442	tt7466442	Jericho	4.25
bobs.burgers.mo_tt7466442	tt7466442	Kuchi_Kopi	61.81
bolt_tt0397892	tt0397892	Officer_Ester	57.14
bolt_tt0397892	tt0397892	Bolt	1761.47
bolt_tt0397892	tt0397892	Rhino	439.23
bolt_tt0397892	tt0397892	Penny's_Mother	128.17
bolt_tt0397892	tt0397892	Penny	565.06
bolt_tt0397892	tt0397892	Penny's_Father_(Actor)	60.73
bolt_tt0397892	tt0397892	Character_1	114.61
bolt_tt0397892	tt0397892	Dr._Calico	63.31
bolt_tt0397892	tt0397892	Mittens	923.38
bolt_tt0397892	tt0397892	Dr._Calico_Guard	27.69
bolt_tt0397892	tt0397892	Character_2	76.79
bolt_tt0397892	tt0397892	Character_5	73.95
bolt_tt0397892	tt0397892	Character_4	73.20
bolt_tt0397892	tt0397892	Character_6	88.63
bolt_tt0397892	tt0397892	The_Director	62.81
bolt_tt0397892	tt0397892	Officer_Martin	36.37
bolt_tt0397892	tt0397892	Mindy_Parker	123.37
bolt_tt0397892	tt0397892	Director	40.21
bolt_tt0397892	tt0397892	Agent	207.54
bolt_tt0397892	tt0397892	Dr._Calico's_Fluffy_Cat	85.84
bolt_tt0397892	tt0397892	Dr._Calico's_Black_Cat	87.59
bolt_tt0397892	tt0397892	0.NOTAFACE	10.22
bolt_tt0397892	tt0397892	Joey,_Vinnie,_and_Bobby	111.32
bolt_tt0397892	tt0397892	*Pigeons	73.82
bolt_tt0397892	tt0397892	Officer_Lloyd	17.14
boss.baby.2.fam_tt6932874	tt6932874	Tim_Templeton_(Young)	1276.23
boss.baby.2.fam_tt6932874	tt6932874	Boss_Baby_/_Theodore_Templeton_(Young)	1039.87
boss.baby.2.fam_tt6932874	tt6932874	Ted_Templeton	145.94
boss.baby.2.fam_tt6932874	tt6932874	Tabitha_Templeton	1058.22
boss.baby.2.fam_tt6932874	tt6932874	Carol_Templeton	388.30
boss.baby.2.fam_tt6932874	tt6932874	Tim_Templeton	589.17
boss.baby.2.fam_tt6932874	tt6932874	Tina_Templeton	1051.38
boss.baby.2.fam_tt6932874	tt6932874	Jimbo	44.00
boss.baby.2.fam_tt6932874	tt6932874	Character_3	266.64
boss.baby.2.fam_tt6932874	tt6932874	*Police_Officers	13.35
boss.baby.2.fam_tt6932874	tt6932874	Precious_Templeton_(Horse)	94.64
boss.baby.2.fam_tt6932874	tt6932874	Boss_Baby_/_Theodore_Templeton	262.93
boss.baby.2.fam_tt6932874	tt6932874	Wizzie	58.73
boss.baby.2.fam_tt6932874	tt6932874	Pageant_Mom_#2	37.16
boss.baby.2.fam_tt6932874	tt6932874	Nathan_Pickles	179.30
boss.baby.2.fam_tt6932874	tt6932874	Time_Out_Kid	31.28
boss.baby.2.fam_tt6932874	tt6932874	Connie_(Story_Bear)	53.01
boss.baby.2.fam_tt6932874	tt6932874	*Baby_Triplets	91.17
boss.baby.2.fam_tt6932874	tt6932874	Dr._Tiffany_Hamilton	146.94
boss.baby.2.fam_tt6932874	tt6932874	Dr._Armstrong	129.17
boss.baby.2.fam_tt6932874	tt6932874	Character_2	189.94
boss.baby.2.fam_tt6932874	tt6932874	Meghan_Glick	81.29
boss.baby.2.fam_tt6932874	tt6932874	Character_1	244.12
boss.baby.2.fam_tt6932874	tt6932874	Purple_Glasses_Baby	61.02
boss.baby.2.fam_tt6932874	tt6932874	Box_Kid	81.41
boss.baby.2.fam_tt6932874	tt6932874	Dreidel_Kid	9.22
boss.baby.2.fam_tt6932874	tt6932874	Glue_Baby	34.08
boss.baby.2.fam_tt6932874	tt6932874	Character_6	34.28
boss.baby.2.fam_tt6932874	tt6932874	No_Girl	40.96
boss.baby.2.fam_tt6932874	tt6932874	Janice_Templeton	138.22
boss.baby.2.fam_tt6932874	tt6932874	Movie_Patron	21.10
boss.baby.2.fam_tt6932874	tt6932874	Little_Bo_Peep_Baby	44.21
boss.baby.2.fam_tt6932874	tt6932874	Creepy_Girl	27.57
boss.baby.2.fam_tt6932874	tt6932874	Character_4	26.15
boss.baby.2.fam_tt6932874	tt6932874	*Baby_Ninjas	40.92
boss.baby.2.fam_tt6932874	tt6932874	Character_5	18.27
boss.baby_tt3874544	tt3874544	Tim_Templeton	2004.26
boss.baby_tt3874544	tt3874544	Janice_Templeton	325.33
boss.baby_tt3874544	tt3874544	Ted_Timpleton	310.48
boss.baby_tt3874544	tt3874544	Francis_E._Francis	168.96
boss.baby_tt3874544	tt3874544	Wizzie	71.91
boss.baby_tt3874544	tt3874544	Theodore_Templeton_(Boss_Baby)	1800.13
boss.baby_tt3874544	tt3874544	Character_1	78.91
boss.baby_tt3874544	tt3874544	Staci	153.03
boss.baby_tt3874544	tt3874544	Jimbo	144.31
boss.baby_tt3874544	tt3874544	Pirate_Theodore	54.64
boss.baby_tt3874544	tt3874544	Yellow_Triplet	85.42
boss.baby_tt3874544	tt3874544	Pirate_Tim_Templeton	28.36
boss.baby_tt3874544	tt3874544	Blue_Triplet	114.57
boss.baby_tt3874544	tt3874544	0.NOTAFACE	28.65
boss.baby_tt3874544	tt3874544	Ski_Mask_Tim_Templeton	19.39
boss.baby_tt3874544	tt3874544	Big_Boss_Baby	41.25
boss.baby_tt3874544	tt3874544	Eugene_Francis	53.26
boss.baby_tt3874544	tt3874544	*Forever_Puppies	26.90
boss.baby_tt3874544	tt3874544	Character_2	53.76
brave_tt1217209	tt1217209	Queen_Elinor	540.12
brave_tt1217209	tt1217209	Merida	1359.44
brave_tt1217209	tt1217209	King_Fergus	423.84
brave_tt1217209	tt1217209	Wee_Dingwall	60.85
brave_tt1217209	tt1217209	Maudie	74.28
brave_tt1217209	tt1217209	Harris,_Hubert,_and_Hamish	100.56
brave_tt1217209	tt1217209	Lord_MacGuffin	139.68
brave_tt1217209	tt1217209	Young_Macintosh	53.14
brave_tt1217209	tt1217209	Lord_Dingwall	140.35
brave_tt1217209	tt1217209	Lord_Macintosh	120.79
brave_tt1217209	tt1217209	Young_MacGuffin	86.21
brave_tt1217209	tt1217209	Witch_(Brave)	146.06
brave_tt1217209	tt1217209	Queen_Elinor_(Bear)	301.68
brave_tt1217209	tt1217209	Harris,_Hubert,_Hamish_(Bears)	19.94
brother.bear_tt0328880	tt0328880	Older_Denahi	23.40
brother.bear_tt0328880	tt0328880	Tanana	210.08
brother.bear_tt0328880	tt0328880	Denahi	591.38
brother.bear_tt0328880	tt0328880	Sitka	178.43
brother.bear_tt0328880	tt0328880	Tuke	245.29
brother.bear_tt0328880	tt0328880	Kenai	1253.38
brother.bear_tt0328880	tt0328880	Ram_#1	41.88
brother.bear_tt0328880	tt0328880	Male_Lover_Bear	125.92
brother.bear_tt0328880	tt0328880	Koda	863.57
brother.bear_tt0328880	tt0328880	Chipmunks	23.90
brother.bear_tt0328880	tt0328880	Tug	107.73
brother.bear_tt0328880	tt0328880	Female_Lover_Bear	37.83
brother.bear_tt0328880	tt0328880	Croatian_Bear	24.32
brother.bear_tt0328880	tt0328880	Old_Lady_Bear	22.81
captain.underpa_tt2091256	tt2091256	Harold_Hutchins	1660.16
captain.underpa_tt2091256	tt2091256	Goody_Two-Shoes_Girl	110.11
captain.underpa_tt2091256	tt2091256	Captain_Underpants_/_Mr._Krupp	1129.84
captain.underpa_tt2091256	tt2091256	George_Beard	1675.38
captain.underpa_tt2091256	tt2091256	Tommy	189.06
captain.underpa_tt2091256	tt2091256	Edith	160.04
captain.underpa_tt2091256	tt2091256	Mr._Fyde	41.50
captain.underpa_tt2091256	tt2091256	Ms._Ribble	92.80
captain.underpa_tt2091256	tt2091256	Ms._Dayken	39.21
captain.underpa_tt2091256	tt2091256	Sad_Girl	93.30
captain.underpa_tt2091256	tt2091256	Melvin_Sneedly	251.13
captain.underpa_tt2091256	tt2091256	Green_Dinosaur	30.86
captain.underpa_tt2091256	tt2091256	Mime	16.85
captain.underpa_tt2091256	tt2091256	Professor_Poopypants	507.88
captain.underpa_tt2091256	tt2091256	Nobel_Moderator	45.50
care.bears.movi_tt0088885	tt0088885	Mrs._Kim_Cherrywood	48.59
care.bears.movi_tt0088885	tt0088885	Jason	551.22
care.bears.movi_tt0088885	tt0088885	Mr._Nicholas_Cherrywood	76.95
care.bears.movi_tt0088885	tt0088885	Kim	556.22
care.bears.movi_tt0088885	tt0088885	Nicholas	511.39
care.bears.movi_tt0088885	tt0088885	Playful_Heart_Monkey	226.10
care.bears.movi_tt0088885	tt0088885	Brave_Heart_Lion	289.79
care.bears.movi_tt0088885	tt0088885	Birthday_Bear	87.13
care.bears.movi_tt0088885	tt0088885	Baby_Hugs_Bear	34.78
care.bears.movi_tt0088885	tt0088885	Proud_Heart_Cat	333.67
care.bears.movi_tt0088885	tt0088885	Tenderheart_Bear	367.20
care.bears.movi_tt0088885	tt0088885	Friend_Bear	227.81
care.bears.movi_tt0088885	tt0088885	Wish_Bear	236.03
care.bears.movi_tt0088885	tt0088885	Cheer_Bear	220.43
care.bears.movi_tt0088885	tt0088885	Share_Bear	141.89
care.bears.movi_tt0088885	tt0088885	Cozy_Heart_Penguin	155.53
care.bears.movi_tt0088885	tt0088885	Bright_Heart_Raccoon	112.03
care.bears.movi_tt0088885	tt0088885	Good_Luck_Bear	80.96
care.bears.movi_tt0088885	tt0088885	Swift_Heart_Rabbit	87.59
care.bears.movi_tt0088885	tt0088885	Bedtime_Bear	133.05
care.bears.movi_tt0088885	tt0088885	Gentle_Heart_Lamb	119.12
care.bears.movi_tt0088885	tt0088885	Grumpy_Bear	154.15
care.bears.movi_tt0088885	tt0088885	Love-A-Lot_Bear	348.18
care.bears.movi_tt0088885	tt0088885	Champ_Bear	151.23
care.bears.movi_tt0088885	tt0088885	Treat_Heart_Pig	45.34
care.bears.movi_tt0088885	tt0088885	Secret_Bear	40.50
care.bears.movi_tt0088885	tt0088885	Funshine_Bear	144.85
care.bears.movi_tt0088885	tt0088885	Great_Fetuccini	126.63
care.bears.movi_tt0088885	tt0088885	Spirit	21.02
care.bears.movi_tt0088885	tt0088885	Loyal_Heart_Dog	31.99
care.bears.movi_tt0088885	tt0088885	Grams_Bear	15.81
care.bears.movi_tt0088885	tt0088885	Baby_Tugs_Bear	81.46
care.bears.movi_tt0088885	tt0088885	Lotsa_Heart_Elephant	114.49
cars.2_tt1216475	tt1216475	Lightning_McQueen	804.35
cars.2_tt1216475	tt1216475	Francesco_Bernoulli	282.99
cars.2_tt1216475	tt1216475	Sally_Carrera	354.35
cars.2_tt1216475	tt1216475	Professor_Zundapp	150.90
cars.2_tt1216475	tt1216475	Miles_Axlerod	253.38
cars.2_tt1216475	tt1216475	Holley_Shiftwell	366.53
cars.2_tt1216475	tt1216475	Red	111.65
cars.2_tt1216475	tt1216475	Combat_Ship	0.38
cars.2_tt1216475	tt1216475	Raoul_CaRoule	28.95
cars.2_tt1216475	tt1216475	Mater	730.81
cars.2_tt1216475	tt1216475	Guido	92.93
cars.2_tt1216475	tt1216475	Otis	24.86
cars.2_tt1216475	tt1216475	Luigi	166.83
cars.2_tt1216475	tt1216475	Fillmore	118.58
cars.2_tt1216475	tt1216475	Flo	79.29
cars.2_tt1216475	tt1216475	Mel_Dorado	53.39
cars.2_tt1216475	tt1216475	Tubbs_Pacer	72.66
cars.2_tt1216475	tt1216475	Minny	32.57
cars.2_tt1216475	tt1216475	The_Queen	21.02
cars.2_tt1216475	tt1216475	Mama_Topolino	20.31
cars.2_tt1216475	tt1216475	Jeff_Gorvette	49.59
cars.2_tt1216475	tt1216475	Van	73.41
cars.2_tt1216475	tt1216475	Daisu_Tsashimi	5.96
cars.2_tt1216475	tt1216475	Carla_Veloso	26.61
cars.2_tt1216475	tt1216475	Japanese_Toilet_Assistant_Cartoon	8.84
cars.3_tt3606752	tt3606752	Lightning_McQueen	1447.86
cars.3_tt3606752	tt3606752	Cal_Weathers	88.13
cars.3_tt3606752	tt3606752	Chase_Racelott	26.36
cars.3_tt3606752	tt3606752	Sterling	330.29
cars.3_tt3606752	tt3606752	Maddy_McGear	242.70
cars.3_tt3606752	tt3606752	Fillmore	67.94
cars.3_tt3606752	tt3606752	Guido	146.44
cars.3_tt3606752	tt3606752	Shannon_Spokes	217.63
cars.3_tt3606752	tt3606752	Mater	168.13
cars.3_tt3606752	tt3606752	Luigi	229.35
cars.3_tt3606752	tt3606752	Dusty_Rust-eze	111.24
cars.3_tt3606752	tt3606752	Cruz_Ramirez	826.66
cars.3_tt3606752	tt3606752	Sally_Carrera	180.89
cars.3_tt3606752	tt3606752	Sweet_Tea	26.82
cars.3_tt3606752	tt3606752	Louise_Nash	90.55
cars.3_tt3606752	tt3606752	Miss_Fritter	24.11
cars_tt0317219	tt0317219	Mia	115.45
cars_tt0317219	tt0317219	Van	123.12
cars_tt0317219	tt0317219	Lightning_McQueen	1595.18
cars_tt0317219	tt0317219	Sally_Carrera	565.31
cars_tt0317219	tt0317219	Ramone	68.19
cars_tt0317219	tt0317219	Michael_Schumacher_Ferrari	42.79
cars_tt0317219	tt0317219	Motorhome_Race_Fans	33.95
cars_tt0317219	tt0317219	Dusty_Rust-eze	89.34
cars_tt0317219	tt0317219	Flik_Car	49.34
cars_tt0317219	tt0317219	Darrell_Cartrip	12.68
cars_tt0317219	tt0317219	Kori_Turbowitz	104.02
cars_tt0317219	tt0317219	Flo	337.05
cars_tt0317219	tt0317219	Minny	94.05
cars_tt0317219	tt0317219	Luigi	309.81
cars_tt0317219	tt0317219	Sullivan_Truck	15.52
cars_tt0317219	tt0317219	Mike_Car	11.34
cars_tt0317219	tt0317219	Mrs._The_King	94.30
cars_tt0317219	tt0317219	Red	137.93
cars_tt0317219	tt0317219	Fred	74.57
cars_tt0317219	tt0317219	Snotrod	16.10
cars_tt0317219	tt0317219	Mater	336.79
cars_tt0317219	tt0317219	Hamm_Truck	7.05
chicken.little_tt0371606	tt0371606	Chicken_Little	1226.10
chicken.little_tt0371606	tt0371606	*Rabbits	191.40
chicken.little_tt0371606	tt0371606	Character_6	104.69
chicken.little_tt0371606	tt0371606	Dalmation	25.11
chicken.little_tt0371606	tt0371606	Character_1	72.03
chicken.little_tt0371606	tt0371606	Character_4	26.11
chicken.little_tt0371606	tt0371606	Leapard	92.51
chicken.little_tt0371606	tt0371606	Buck_Cluck	672.80
chicken.little_tt0371606	tt0371606	Character_2	29.32
chicken.little_tt0371606	tt0371606	Donkey	44.84
chicken.little_tt0371606	tt0371606	Dog_Announcer	58.77
chicken.little_tt0371606	tt0371606	Mayor_Turkey_Lurkey	24.94
chicken.little_tt0371606	tt0371606	Rodriguez	24.02
chicken.little_tt0371606	tt0371606	Foxy_Loxy	108.19
chicken.little_tt0371606	tt0371606	Character_3	33.03
chicken.little_tt0371606	tt0371606	Coach	65.57
chicken.little_tt0371606	tt0371606	Mr._Woolensworth	31.36
chicken.little_tt0371606	tt0371606	Runt_of_the_Litter	371.91
chicken.little_tt0371606	tt0371606	Morkubine_Porcupine	16.27
chicken.little_tt0371606	tt0371606	Fish_Out_of_Water	158.53
chicken.little_tt0371606	tt0371606	Abby_Mallard	525.82
chicken.little_tt0371606	tt0371606	Hollywood_Fish	18.39
chicken.little_tt0371606	tt0371606	Hollywood_Abby	13.89
chicken.little_tt0371606	tt0371606	Character_5	20.94
chicken.little_tt0371606	tt0371606	Acorn_Mascot	7.38
chicken.little_tt0371606	tt0371606	Mama_Runt	23.19
chicken.little_tt0371606	tt0371606	Melvin	41.75
chicken.little_tt0371606	tt0371606	Bull	14.97
chicken.little_tt0371606	tt0371606	Hollywood_Runt	6.76
chicken.little_tt0371606	tt0371606	Kirby	147.56
chicken.little_tt0371606	tt0371606	Tina	30.49
chicken.little_tt0371606	tt0371606	Alien_Cop	16.02
chicken.little_tt0371606	tt0371606	Hollywood_Chicken_Little	36.41
chicken.run_tt0120630	tt0120630	Dog	32.91
chicken.run_tt0120630	tt0120630	Ginger	1313.23
chicken.run_tt0120630	tt0120630	Rocky	1135.09
chicken.run_tt0120630	tt0120630	Bunty	456.66
chicken.run_tt0120630	tt0120630	Babs	383.42
chicken.run_tt0120630	tt0120630	Fowler	293.29
chicken.run_tt0120630	tt0120630	Troll	8.05
chicken.run_tt0120630	tt0120630	Mr._Tweedy	250.25
chicken.run_tt0120630	tt0120630	Mrs._Tweedy	265.35
chicken.run_tt0120630	tt0120630	Mac	285.87
chicken.run_tt0120630	tt0120630	Nick	154.90
chicken.run_tt0120630	tt0120630	Fetcher	207.87
chicken.run_tt0120630	tt0120630	Circus_Man	12.55
cinderella_tt0042332	tt0042332	Cinderella's_Father	7.09
cinderella_tt0042332	tt0042332	Cinderella	617.70
cinderella_tt0042332	tt0042332	Lucifer	410.66
cinderella_tt0042332	tt0042332	Drizella_Tremaine	157.57
cinderella_tt0042332	tt0042332	Anastasia_Tremaine	173.26
cinderella_tt0042332	tt0042332	Lady_Tremaine	237.53
cinderella_tt0042332	tt0042332	Birds	114.16
cinderella_tt0042332	tt0042332	The_Chickens	25.73
cinderella_tt0042332	tt0042332	Jaq	559.93
cinderella_tt0042332	tt0042332	Gus/Gus_Gus	489.49
cinderella_tt0042332	tt0042332	Perla	38.00
cinderella_tt0042332	tt0042332	Luke	138.14
cinderella_tt0042332	tt0042332	Mary	52.64
cinderella_tt0042332	tt0042332	Bert_and_Mert	96.81
cinderella_tt0042332	tt0042332	Bruno	91.26
cinderella_tt0042332	tt0042332	Major	86.25
cinderella_tt0042332	tt0042332	The_King	202.62
cinderella_tt0042332	tt0042332	The_Grand_Duke	345.43
cinderella_tt0042332	tt0042332	Prince_Charming	101.27
cinderella_tt0042332	tt0042332	White_Horses	30.03
cinderella_tt0042332	tt0042332	Fairy_Godmother	152.11
cinderella_tt0042332	tt0042332	The_Herald	73.07
cinderella_tt0042332	tt0042332	Royal_Guards	2.00
cloudy.with.a.c_tt0844471	tt0844471	Regina_Devereaux	274.48
cloudy.with.a.c_tt0844471	tt0844471	Cal_Devereaux	138.14
cloudy.with.a.c_tt0844471	tt0844471	Baby_Brent	195.65
cloudy.with.a.c_tt0844471	tt0844471	Fran_Lockwood	227.06
cloudy.with.a.c_tt0844471	tt0844471	Sam_Sparks	949.99
cloudy.with.a.c_tt0844471	tt0844471	Flint_(Young)	130.63
cloudy.with.a.c_tt0844471	tt0844471	Tim_Lockwood	297.09
cloudy.with.a.c_tt0844471	tt0844471	Flint_Lockwood	1651.19
cloudy.with.a.c_tt0844471	tt0844471	Steve	151.57
cloudy.with.a.c_tt0844471	tt0844471	Patrick_Patrickson	86.04
cloudy.with.a.c_tt0844471	tt0844471	Earl_Devereaux	200.33
cloudy.with.a.c_tt0844471	tt0844471	Mayor_Shelbourne	263.39
cloudy.with.a.c_tt1985966	tt1985966	Barry	255.05
cloudy.with.a.c_tt1985966	tt1985966	Flint_(Young)	30.03
cloudy.with.a.c_tt1985966	tt1985966	Chester_V	732.36
cloudy.with.a.c_tt1985966	tt1985966	Sentinel_Louise	57.39
cloudy.with.a.c_tt1985966	tt1985966	Cal_Devereaux	50.63
cloudy.with.a.c_tt1985966	tt1985966	Sam_Sparks	1039.41
cloudy.with.a.c_tt1985966	tt1985966	Flint_Lockwood	1627.38
cloudy.with.a.c_tt1985966	tt1985966	Barb	430.81
cloudy.with.a.c_tt1985966	tt1985966	Brent_McHale	429.10
cloudy.with.a.c_tt1985966	tt1985966	Earl_Devereaux	517.56
cloudy.with.a.c_tt1985966	tt1985966	Steve	415.71
cloudy.with.a.c_tt1985966	tt1985966	Tim_Lockwood	370.50
cloudy.with.a.c_tt1985966	tt1985966	Manny	65.94
cloudy.with.a.c_tt1985966	tt1985966	Flinty_McCallahan	9.84
cloudy.with.a.c_tt1985966	tt1985966	Sentinel_Peter	50.38
coco_tt2380307	tt2380307	Elena_Rivera	247.41
coco_tt2380307	tt2380307	Mama_Coco_(child)	117.87
coco_tt2380307	tt2380307	Miguel_Rivera	2152.15
coco_tt2380307	tt2380307	Mama_Coco	195.95
coco_tt2380307	tt2380307	Enrique_Rivera	152.61
coco_tt2380307	tt2380307	Plaza_Mariachi	54.01
coco_tt2380307	tt2380307	Luisa_Rivera	183.14
coco_tt2380307	tt2380307	Berto_Rivera	119.70
coco_tt2380307	tt2380307	Ernesto_de_la_Cruz	395.98
coco_tt2380307	tt2380307	Dante	113.49
coco_tt2380307	tt2380307	Héctor	1038.83
coco_tt2380307	tt2380307	Rosita	249.71
coco_tt2380307	tt2380307	Frida_Kahlo	121.08
coco_tt2380307	tt2380307	Imelda_Rivera	525.15
coco_tt2380307	tt2380307	Victoria_Rivera	180.47
coco_tt2380307	tt2380307	Rosa	57.52
coco_tt2380307	tt2380307	Felipe/Oscar	172.59
coco_tt2380307	tt2380307	Papa_Julio	137.97
coco_tt2380307	tt2380307	Corrections_Officer	14.81
coco_tt2380307	tt2380307	Juan_Ortodoncia	11.30
coco_tt2380307	tt2380307	Head_Clerk	53.76
coco_tt2380307	tt2380307	Pepita	72.11
coco_tt2380307	tt2380307	Cecilia_(Coco)	15.85
coco_tt2380307	tt2380307	Monkey_Alebrije	19.52
coco_tt2380307	tt2380307	Gustavo_(Coco)	32.87
coco_tt2380307	tt2380307	Chicharrón	43.25
coraline_tt0327597	tt0327597	Doll_of_The_Sweet_Ghost_Girl	12.61
coraline_tt0327597	tt0327597	April_Spink	150.78
coraline_tt0327597	tt0327597	Other_Father	148.05
coraline_tt0327597	tt0327597	Coraline_Jones	2599.80
coraline_tt0327597	tt0327597	The_Cat	171.20
coraline_tt0327597	tt0327597	Wyborn_Lovat	252.89
coraline_tt0327597	tt0327597	Other_Wybie	117.88
coraline_tt0327597	tt0327597	Mel_Jones	233.90
coraline_tt0327597	tt0327597	Charlie_Jones	132.03
coraline_tt0327597	tt0327597	Taffy_Monster	10.41
coraline_tt0327597	tt0327597	Other_Mother	228.23
coraline_tt0327597	tt0327597	Sergei_Alexander_Bobinsky	33.03
coraline_tt0327597	tt0327597	Miriam_Forcible	88.09
coraline_tt0327597	tt0327597	The_Jumping_Mice/Mouse_Circus	25.33
coraline_tt0327597	tt0327597	Young_Other_Miriam_Forcible	30.16
coraline_tt0327597	tt0327597	The_Beldam	83.18
coraline_tt0327597	tt0327597	Grandma's_Missing_Sister/The_Sweet_Ghost_Girl	51.82
coraline_tt0327597	tt0327597	The_Ghost_Boy	29.66
coraline_tt0327597	tt0327597	Angus	0.40
corpse.bride_tt0121164	tt0121164	Victor_Van_Dort	1169.67
corpse.bride_tt0121164	tt0121164	Victoria_Everglot	546.09
corpse.bride_tt0121164	tt0121164	William_Van_Dort	161.87
corpse.bride_tt0121164	tt0121164	Scraps	66.36
corpse.bride_tt0121164	tt0121164	Finis_Everglot	305.18
corpse.bride_tt0121164	tt0121164	Emil_the_Butler	34.12
corpse.bride_tt0121164	tt0121164	Maudeline_Everglot	268.43
corpse.bride_tt0121164	tt0121164	Barkis_Bittern	278.99
corpse.bride_tt0121164	tt0121164	Nell_Van_Dort	149.23
corpse.bride_tt0121164	tt0121164	Solemn_Village_Boy	19.14
corpse.bride_tt0121164	tt0121164	Hildegarde	73.95
corpse.bride_tt0121164	tt0121164	Pastor_Galswells	86.09
corpse.bride_tt0121164	tt0121164	Town_Crier	23.69
corpse.bride_tt0121164	tt0121164	Corpse_Bride	846.55
corpse.bride_tt0121164	tt0121164	Alfred	62.56
corpse.bride_tt0121164	tt0121164	Bonejangles	112.65
corpse.bride_tt0121164	tt0121164	Miss_Plum	82.96
corpse.bride_tt0121164	tt0121164	General_Bonesapart	63.52
corpse.bride_tt0121164	tt0121164	General_Wellington	37.12
corpse.bride_tt0121164	tt0121164	Paul_the_Head_Waiter	43.04
corpse.bride_tt0121164	tt0121164	Maggot	92.88
corpse.bride_tt0121164	tt0121164	Fat_Chef	25.48
corpse.bride_tt0121164	tt0121164	The_Black_Widow	51.26
corpse.bride_tt0121164	tt0121164	Elder_Gutknecht	63.98
corpse.bride_tt0121164	tt0121164	Grandfather_Everglot	3.63
croods.a.new.ag_tt2850386	tt2850386	Belt_Crood	87.59
croods.a.new.ag_tt2850386	tt2850386	Guy_Crood	1008.30
croods.a.new.ag_tt2850386	tt2850386	Eep_Crood	946.86
croods.a.new.ag_tt2850386	tt2850386	Grug_Crood	1038.25
croods.a.new.ag_tt2850386	tt2850386	Sandy_Crood	177.14
croods.a.new.ag_tt2850386	tt2850386	Ugga_Crood	636.01
croods.a.new.ag_tt2850386	tt2850386	Thunk_Crood	248.87
croods.a.new.ag_tt2850386	tt2850386	Douglas	26.78
croods.a.new.ag_tt2850386	tt2850386	Dawn_Betterman	514.89
croods.a.new.ag_tt2850386	tt2850386	Gran_Crood	205.79
croods.a.new.ag_tt2850386	tt2850386	Chunky	103.60
croods.a.new.ag_tt2850386	tt2850386	Hope_Betterman	571.28
croods.a.new.ag_tt2850386	tt2850386	Phil_Betterman	667.50
croods.a.new.ag_tt2850386	tt2850386	Wigasus	18.18
croods.a.new.ag_tt2850386	tt2850386	Spiny_Mandrilla	87.63
croods.a.new.ag_tt2850386	tt2850386	Wolf_Spider	73.74
croods_tt0481499	tt0481499	Thunk_Crood	562.65
croods_tt0481499	tt0481499	Eep_Crood	1175.55
croods_tt0481499	tt0481499	Ugga_Crood	674.13
croods_tt0481499	tt0481499	Sandy_Crood	376.67
croods_tt0481499	tt0481499	Grug_Crood	1265.76
croods_tt0481499	tt0481499	Bear_Owl	56.10
croods_tt0481499	tt0481499	Liyotes	22.48
croods_tt0481499	tt0481499	Guy	930.05
croods_tt0481499	tt0481499	Gran_Crood	425.51
croods_tt0481499	tt0481499	Brabby_&_Nabby	9.05
croods_tt0481499	tt0481499	Belt	143.18
croods_tt0481499	tt0481499	Mousephant	8.88
croods_tt0481499	tt0481499	Chunky	97.76
croods_tt0481499	tt0481499	Punch_Monkeys	26.07
croods_tt0481499	tt0481499	Douglas	40.25
dc.league.of.su_tt8912936	tt8912936	Krypto_the_Superdog	1598.76
dc.league.of.su_tt8912936	tt8912936	Lulu	662.58
dc.league.of.su_tt8912936	tt8912936	Lara	28.74
dc.league.of.su_tt8912936	tt8912936	Jor-El	19.73
dc.league.of.su_tt8912936	tt8912936	Superman_/_Clark_Kent_/_Kal-El	391.35
dc.league.of.su_tt8912936	tt8912936	Wonder_Woman_/_Diana	88.59
dc.league.of.su_tt8912936	tt8912936	Lois_Lane	174.09
dc.league.of.su_tt8912936	tt8912936	Carl	18.48
dc.league.of.su_tt8912936	tt8912936	Waffles	57.60
dc.league.of.su_tt8912936	tt8912936	Foofy_Dog	53.85
dc.league.of.su_tt8912936	tt8912936	PB	474.89
dc.league.of.su_tt8912936	tt8912936	Ace_the_Bat-Hound	968.72
dc.league.of.su_tt8912936	tt8912936	Patty	29.07
dc.league.of.su_tt8912936	tt8912936	Chip	293.42
dc.league.of.su_tt8912936	tt8912936	Merton	146.35
dc.league.of.su_tt8912936	tt8912936	Corgi	26.28
dc.league.of.su_tt8912936	tt8912936	Flash_/_Barry_Allen	40.25
dc.league.of.su_tt8912936	tt8912936	Lex_Luthor	168.42
dc.league.of.su_tt8912936	tt8912936	Mercy_Graves	68.28
dc.league.of.su_tt8912936	tt8912936	Mega_Lulu	64.36
dc.league.of.su_tt8912936	tt8912936	Aquaman_/_Arthur_Curry	57.77
dc.league.of.su_tt8912936	tt8912936	Cyborg_/_Victor_Stone	41.58
dc.league.of.su_tt8912936	tt8912936	Green_Lantern_/_Jessica_Cruz	51.34
dc.league.of.su_tt8912936	tt8912936	Whiskers	69.19
dc.league.of.su_tt8912936	tt8912936	Batman_/_Bruce_Wayne	120.33
dc.league.of.su_tt8912936	tt8912936	Dog-El	58.27
dc.league.of.su_tt8912936	tt8912936	Keith	66.32
dc.league.of.su_tt8912936	tt8912936	Mark	56.97
dc.league.of.su_tt8912936	tt8912936	Anubis	28.99
despicable.me.2_tt1690953	tt1690953	Minions	180.68
despicable.me.2_tt1690953	tt1690953	Stuart_the_Minion	301.93
despicable.me.2_tt1690953	tt1690953	Bob_the_Minion	418.63
despicable.me.2_tt1690953	tt1690953	Flight_Attendant	40.04
despicable.me.2_tt1690953	tt1690953	Silas_Ramsbottom	179.14
despicable.me.2_tt1690953	tt1690953	Lucy_Wilde	876.21
despicable.me.2_tt1690953	tt1690953	Gru	1625.62
despicable.me.2_tt1690953	tt1690953	Agnes	403.65
despicable.me.2_tt1690953	tt1690953	Edith	211.71
despicable.me.2_tt1690953	tt1690953	Antonio	183.02
despicable.me.2_tt1690953	tt1690953	Margo	397.06
despicable.me.2_tt1690953	tt1690953	Jillian	96.60
despicable.me.2_tt1690953	tt1690953	Italian_Waiter	31.41
despicable.me.2_tt1690953	tt1690953	Kevin_the_Minion	256.01
despicable.me.2_tt1690953	tt1690953	Dr._Nefario	173.92
despicable.me.2_tt1690953	tt1690953	Floyd	50.63
despicable.me.2_tt1690953	tt1690953	Shannon	73.28
despicable.me.3_tt3469046	tt3469046	Minions	281.91
despicable.me.3_tt3469046	tt3469046	TV_Show_Host	29.07
despicable.me.3_tt3469046	tt3469046	Clive_the_Robot	34.03
despicable.me.3_tt3469046	tt3469046	Balthazar_Bratt	344.93
despicable.me.3_tt3469046	tt3469046	Military_Officer	35.87
despicable.me.3_tt3469046	tt3469046	Agnes	428.76
despicable.me.3_tt3469046	tt3469046	Niko	92.55
despicable.me.3_tt3469046	tt3469046	Lucy_Wilde	621.50
despicable.me.3_tt3469046	tt3469046	Gru	1262.80
despicable.me.3_tt3469046	tt3469046	Silas_Ramsbottom	131.67
despicable.me.3_tt3469046	tt3469046	Museum_Director	26.82
despicable.me.3_tt3469046	tt3469046	Marlena_Gru	31.41
despicable.me.3_tt3469046	tt3469046	Valerie_Da_Vinci	57.77
despicable.me.3_tt3469046	tt3469046	Edith	254.55
despicable.me.3_tt3469046	tt3469046	Scar-Faced_Man	89.30
despicable.me.3_tt3469046	tt3469046	Margo	279.49
despicable.me.3_tt3469046	tt3469046	Niko's_Mother	70.61
despicable.me.3_tt3469046	tt3469046	Fritz	47.80
despicable.me.3_tt3469046	tt3469046	Dru	427.51
despicable.me.4_tt7510222	tt7510222	Minions	502.29
despicable.me.4_tt7510222	tt7510222	Gru	1274.53
despicable.me.4_tt7510222	tt7510222	Silas_Ramsbottom	239.61
despicable.me.4_tt7510222	tt7510222	Maxime_Le_Mal	473.81
despicable.me.4_tt7510222	tt7510222	Melora	34.70
despicable.me.4_tt7510222	tt7510222	Valentina	124.79
despicable.me.4_tt7510222	tt7510222	Agnes	422.46
despicable.me.4_tt7510222	tt7510222	Principal_Ubelschlecht	91.34
despicable.me.4_tt7510222	tt7510222	Perry_Prescott	114.61
despicable.me.4_tt7510222	tt7510222	Bus_Driver_Carl	31.78
despicable.me.4_tt7510222	tt7510222	Poppy_Prescott	319.19
despicable.me.4_tt7510222	tt7510222	Margo	217.72
despicable.me.4_tt7510222	tt7510222	Edith	235.07
despicable.me.4_tt7510222	tt7510222	Lucy_Wilde	551.80
despicable.me.4_tt7510222	tt7510222	Gru_Jr.	617.20
despicable.me.4_tt7510222	tt7510222	Lenny	33.24
despicable.me.4_tt7510222	tt7510222	Patsy_Prescott	69.57
despicable.me.4_tt7510222	tt7510222	Sensei_O'Sullivan	77.29
despicable.me_tt1323594	tt1323594	Justin	21.94
despicable.me_tt1323594	tt1323594	Justin's_Mother	67.69
despicable.me_tt1323594	tt1323594	Gertrude	3.55
despicable.me_tt1323594	tt1323594	Justin's_Father	14.97
despicable.me_tt1323594	tt1323594	Dr._Nefario	239.99
despicable.me_tt1323594	tt1323594	Mr._Perkins	150.78
despicable.me_tt1323594	tt1323594	MSNBC_Anchorman	28.53
despicable.me_tt1323594	tt1323594	Felonious_Gru	1821.36
despicable.me_tt1323594	tt1323594	Agnes_Gru	921.67
despicable.me_tt1323594	tt1323594	Carnival_Ride_Worker	9.93
despicable.me_tt1323594	tt1323594	Fred_McDade	38.46
despicable.me_tt1323594	tt1323594	Vector_Perkins	308.60
despicable.me_tt1323594	tt1323594	Kyle_Gru	30.11
despicable.me_tt1323594	tt1323594	Margo_Gru	882.51
despicable.me_tt1323594	tt1323594	Edith_Gru	691.07
despicable.me_tt1323594	tt1323594	Minions	364.78
despicable.me_tt1323594	tt1323594	Miss_Hattie	141.18
despicable.me_tt1323594	tt1323594	Marlena_Gru	70.36
despicable.me_tt1323594	tt1323594	Carnival_Barker	56.18
despicable.me_tt1323594	tt1323594	Vector's_Shark	6.17
dinosaur_tt0130623	tt0130623	Triceratops	13.85
dinosaur_tt0130623	tt0130623	Neera	274.67
dinosaur_tt0130623	tt0130623	Aladar	711.78
dinosaur_tt0130623	tt0130623	T_Rex	65.97
dinosaur_tt0130623	tt0130623	Kron	203.27
dinosaur_tt0130623	tt0130623	Suri	111.51
dinosaur_tt0130623	tt0130623	Plio	321.49
dinosaur_tt0130623	tt0130623	Yar	240.47
dinosaur_tt0130623	tt0130623	Zini_(Young)	38.71
dinosaur_tt0130623	tt0130623	Zini	121.99
dinosaur_tt0130623	tt0130623	Baby_Dino	35.67
dinosaur_tt0130623	tt0130623	Styracosaurus	72.34
dinosaur_tt0130623	tt0130623	Baylene	85.55
dog.man_tt10954718	tt10954718	Chief	554.93
dog.man_tt10954718	tt10954718	Petey_the_Cat	983.56
dog.man_tt10954718	tt10954718	Dog_Man	1195.36
dog.man_tt10954718	tt10954718	Officer_Knight	96.26
dog.man_tt10954718	tt10954718	Grump	22.90
dog.man_tt10954718	tt10954718	Nurse	48.30
dog.man_tt10954718	tt10954718	Lil_Petey	624.08
dog.man_tt10954718	tt10954718	Butler	78.16
dog.man_tt10954718	tt10954718	Doctor	26.44
dog.man_tt10954718	tt10954718	Sarah_Hatoff	359.44
dog.man_tt10954718	tt10954718	Seamus	83.17
dog.man_tt10954718	tt10954718	Harold_Hutchins	5.46
dog.man_tt10954718	tt10954718	Mayor	76.24
dog.man_tt10954718	tt10954718	Milly	40.17
dog.man_tt10954718	tt10954718	Realtor	44.29
dog.man_tt10954718	tt10954718	Surfer	5.09
dog.man_tt10954718	tt10954718	Big_Jim	28.11
dog.man_tt10954718	tt10954718	Mr._Whiskers	7.30
dog.man_tt10954718	tt10954718	Fish	201.91
dog.man_tt10954718	tt10954718	Scientist	47.13
dog.man_tt10954718	tt10954718	Dippy	22.90
dog.man_tt10954718	tt10954718	Janet	17.68
dog.man_tt10954718	tt10954718	Rocco	18.69
dog.man_tt10954718	tt10954718	Grampa	61.39
dog.man_tt10954718	tt10954718	Flippy_the_Fish	27.82
dog.man_tt10954718	tt10954718	Apartment_Building	2.38
dog.man_tt10954718	tt10954718	3D_Guy	1.50
dog.man_tt10954718	tt10954718	Ice_Cream_Building	5.30
elemental_tt15789038	tt15789038	Bernie_Lumen	823.53
elemental_tt15789038	tt15789038	Cinder_Lumen	465.01
elemental_tt15789038	tt15789038	Clod	111.57
elemental_tt15789038	tt15789038	Wood_Immigration_Official	49.59
elemental_tt15789038	tt15789038	Eddy_Ripple	48.76
elemental_tt15789038	tt15789038	Alan_Ripple	209.17
elemental_tt15789038	tt15789038	Polo_Ripple	53.01
elemental_tt15789038	tt15789038	Marco_Ripple	109.07
elemental_tt15789038	tt15789038	Brook_Ripple	140.97
elemental_tt15789038	tt15789038	Lutz	29.24
elemental_tt15789038	tt15789038	Lake_Ripple	172.63
elemental_tt15789038	tt15789038	Ember_Lumen	759.92
elemental_tt15789038	tt15789038	Gale_Cumulus	128.34
elemental_tt15789038	tt15789038	Ember_(Big_Kid)	554.76
elemental_tt15789038	tt15789038	Ember_(Little_Kid)	1065.23
elemental_tt15789038	tt15789038	Flarry	187.15
elemental_tt15789038	tt15789038	Flarietta	91.34
elemental_tt15789038	tt15789038	Wade_Ripple	875.79
elemental_tt15789038	tt15789038	Fern_Grouchwood	20.69
elemental_tt15789038	tt15789038	Harold	44.38
elemental_tt15789038	tt15789038	Doorman	12.18
elemental_tt15789038	tt15789038	Ghibli	10.05
elio_tt4900148	tt4900148	Olga_Solis	799.96
elio_tt4900148	tt4900148	Elio_Solis	2328.57
elio_tt4900148	tt4900148	Colonel_Markwell	48.84
elio_tt4900148	tt4900148	Bryce	210.71
elio_tt4900148	tt4900148	Caleb	48.42
elio_tt4900148	tt4900148	Gunther_Melmac	72.66
elio_tt4900148	tt4900148	Ambassador_Mira	70.90
elio_tt4900148	tt4900148	OOOOO	180.85
elio_tt4900148	tt4900148	Ambassador_Questa	159.95
elio_tt4900148	tt4900148	Ambassador_Helix	203.04
elio_tt4900148	tt4900148	Ambassador_Tegmen	16.68
elio_tt4900148	tt4900148	Ambassador_Grigon	262.22
elio_tt4900148	tt4900148	Aquarii	19.64
elio_tt4900148	tt4900148	Turais	10.14
elio_tt4900148	tt4900148	Glordon	307.35
emoji.movie_tt4877122	tt4877122	Nerd_Emoji	45.50
emoji.movie_tt4877122	tt4877122	Alex	184.85
emoji.movie_tt4877122	tt4877122	Travis	111.44
emoji.movie_tt4877122	tt4877122	Akiko_Glitter	73.16
emoji.movie_tt4877122	tt4877122	Addie	101.06
emoji.movie_tt4877122	tt4877122	Mr._Schnoebelen	41.79
emoji.movie_tt4877122	tt4877122	Poop_Jr.	32.74
emoji.movie_tt4877122	tt4877122	Angel	90.21
emoji.movie_tt4877122	tt4877122	Devil_Steven	98.72
emoji.movie_tt4877122	tt4877122	Smiler	275.23
emoji.movie_tt4877122	tt4877122	Poop	104.73
emoji.movie_tt4877122	tt4877122	Hysterical_Laughter	159.24
emoji.movie_tt4877122	tt4877122	Mel_Meh	411.37
emoji.movie_tt4877122	tt4877122	Laughter	99.60
emoji.movie_tt4877122	tt4877122	Gene	1368.16
emoji.movie_tt4877122	tt4877122	Cat_Heart_Eyes	65.98
emoji.movie_tt4877122	tt4877122	Rocket	11.43
emoji.movie_tt4877122	tt4877122	Hi-5	831.41
emoji.movie_tt4877122	tt4877122	Flamenca	13.18
emoji.movie_tt4877122	tt4877122	Heart_Eyes	34.08
emoji.movie_tt4877122	tt4877122	Thumbs_Up	17.52
emoji.movie_tt4877122	tt4877122	Fist_Bump	14.31
emoji.movie_tt4877122	tt4877122	Gavel	37.45
emoji.movie_tt4877122	tt4877122	Mary_Meh	325.16
emoji.movie_tt4877122	tt4877122	Reggie_Ram_Tech	45.13
emoji.movie_tt4877122	tt4877122	Pizza	8.55
emoji.movie_tt4877122	tt4877122	Ronnie_Ram_Tech	19.89
emoji.movie_tt4877122	tt4877122	Ram_Tech_Bouncer	29.28
emoji.movie_tt4877122	tt4877122	Alien	19.56
emoji.movie_tt4877122	tt4877122	Broom	2.04
emoji.movie_tt4877122	tt4877122	Spam	20.85
emoji.movie_tt4877122	tt4877122	Trojan_Horse	5.51
emoji.movie_tt4877122	tt4877122	Trojan_Soldier	7.09
emoji.movie_tt4877122	tt4877122	Jailbreak	772.73
encanto_tt2953050	tt2953050	Mirabel_(Young)	322.78
encanto_tt2953050	tt2953050	Abuela_Alma	663.12
encanto_tt2953050	tt2953050	Character_2	165.67
encanto_tt2953050	tt2953050	Pedro_Madrigal	70.20
encanto_tt2953050	tt2953050	Mariano_Guzman	111.95
encanto_tt2953050	tt2953050	*Town_Kids	204.91
encanto_tt2953050	tt2953050	Agustin_Madrigal	200.32
encanto_tt2953050	tt2953050	Luisa_Madrigal	336.21
encanto_tt2953050	tt2953050	Mirabel_Madrigal	1794.75
encanto_tt2953050	tt2953050	Antonio_Madrigal	295.84
encanto_tt2953050	tt2953050	Isabela_Madrigal	355.73
encanto_tt2953050	tt2953050	Coffee_Kid	105.06
encanto_tt2953050	tt2953050	Julieta_Madrigal	361.82
encanto_tt2953050	tt2953050	Camilo_Madrigal	251.79
encanto_tt2953050	tt2953050	Dolores_Madrigal	239.57
encanto_tt2953050	tt2953050	Pepa_Madrigal	286.24
encanto_tt2953050	tt2953050	Felix_Madrigal	209.33
encanto_tt2953050	tt2953050	Bruno_Madrigal	385.93
encanto_tt2953050	tt2953050	*Donkeys	70.28
encanto_tt2953050	tt2953050	Senora_Guzman	30.99
encanto_tt2953050	tt2953050	Character_1	47.92
encanto_tt2953050	tt2953050	Osvaldo	107.19
encanto_tt2953050	tt2953050	Old_Arturo	21.40
encanto_tt2953050	tt2953050	Pico	30.28
encanto_tt2953050	tt2953050	Capybara	24.19
enchanted_tt0461770	tt0461770	Queen_Narissa_(Animated)	135.68
enchanted_tt0461770	tt0461770	Nathaniel_(Animated)	95.47
enchanted_tt0461770	tt0461770	Prince_Edward_(Live)	625.88
enchanted_tt0461770	tt0461770	Forest_Owl	15.68
enchanted_tt0461770	tt0461770	Giselle_(Animated)	214.76
enchanted_tt0461770	tt0461770	Forest_Deer	48.30
enchanted_tt0461770	tt0461770	Forest_Birds	21.73
enchanted_tt0461770	tt0461770	Pip_(Animated)	63.94
enchanted_tt0461770	tt0461770	Bunny	31.95
enchanted_tt0461770	tt0461770	Turtle	17.52
enchanted_tt0461770	tt0461770	Hedgehogs	10.97
enchanted_tt0461770	tt0461770	Pip_(Live)	87.50
enchanted_tt0461770	tt0461770	Fox	10.84
enchanted_tt0461770	tt0461770	Troll	28.74
enchanted_tt0461770	tt0461770	Morgan_Philip	343.22
enchanted_tt0461770	tt0461770	Destiny_(Animated)	16.68
enchanted_tt0461770	tt0461770	Robert_Philip	1400.77
enchanted_tt0461770	tt0461770	Giselle_(Live)	1573.57
enchanted_tt0461770	tt0461770	Nathaniel_(Live)	246.16
enchanted_tt0461770	tt0461770	Phoebe_Banks	127.21
enchanted_tt0461770	tt0461770	Ethan_Banks	113.03
enchanted_tt0461770	tt0461770	Nancy_Tremaine	291.21
enchanted_tt0461770	tt0461770	Sam	93.38
enchanted_tt0461770	tt0461770	Queen_Narissa_(Live)	107.98
enchanted_tt0461770	tt0461770	Queen_Narissa_as_a_Dragon	39.16
epic_tt0848537	tt0848537	Father	164.79
epic_tt0848537	tt0848537	Bomba	242.91
epic_tt0848537	tt0848537	Dagda	52.68
epic_tt0848537	tt0848537	Nod	702.08
epic_tt0848537	tt0848537	Ronin	637.30
epic_tt0848537	tt0848537	Jinn_Flower	20.02
epic_tt0848537	tt0848537	Taxi_Driver	17.10
epic_tt0848537	tt0848537	MK_(Mary_Katherine)	1255.96
epic_tt0848537	tt0848537	Ozzi_(Dog)	57.35
epic_tt0848537	tt0848537	Thistle_Jinn	8.30
epic_tt0848537	tt0848537	Jinn_Mom	22.69
epic_tt0848537	tt0848537	Marigold_Girl	55.97
epic_tt0848537	tt0848537	Queen_Tara	183.35
epic_tt0848537	tt0848537	*Mandrake's_Minions	21.52
epic_tt0848537	tt0848537	Mandrake	185.81
epic_tt0848537	tt0848537	Pinecone_Jinn	14.14
epic_tt0848537	tt0848537	Purple_Flower_Girl	12.60
epic_tt0848537	tt0848537	Nod's_Bird	37.66
epic_tt0848537	tt0848537	Stickman_Jockey	4.71
epic_tt0848537	tt0848537	Mub	99.14
epic_tt0848537	tt0848537	Grub	24.27
epic_tt0848537	tt0848537	Bufo's_Goon	12.51
epic_tt0848537	tt0848537	Bufo	65.86
epic_tt0848537	tt0848537	Berry_Lady	15.43
epic_tt0848537	tt0848537	Character_1	21.27
epic_tt0848537	tt0848537	Mouse	21.69
epic_tt0848537	tt0848537	Old_Snail	9.80
epic_tt0848537	tt0848537	Dandelion_Jinn	5.05
epic_tt0848537	tt0848537	Pink_Flower_Girl	4.55
epic_tt0848537	tt0848537	Nim_Galuu	180.60
epic_tt0848537	tt0848537	Mary_Katherine_with_Mask	20.98
epic_tt0848537	tt0848537	Mandrake's_Creature	30.24
fantasia.2000_tt0120910	tt0120910	Donald_Duck	98.01
fantasia.2000_tt0120910	tt0120910	Mickey_Mouse	268.73
fantasia.2000_tt0120910	tt0120910	Character_8	36.37
fantasia.2000_tt0120910	tt0120910	Character_2	48.05
fantasia.2000_tt0120910	tt0120910	Flamingo	48.67
fantasia.2000_tt0120910	tt0120910	Character_3	41.83
fantasia.2000_tt0120910	tt0120910	Character_7	28.15
fantasia.2000_tt0120910	tt0120910	Character_20	5.34
fantasia.2000_tt0120910	tt0120910	Character_16	88.17
fantasia.2000_tt0120910	tt0120910	Character_5	74.03
fantasia.2000_tt0120910	tt0120910	Character_6	12.76
fantasia.2000_tt0120910	tt0120910	Character_12	19.64
fantasia.2000_tt0120910	tt0120910	Character_10	29.07
fantasia.2000_tt0120910	tt0120910	Character_17	25.36
fantasia.2000_tt0120910	tt0120910	Character_11	25.57
fantasia.2000_tt0120910	tt0120910	Character_19	19.77
fantasia.2000_tt0120910	tt0120910	Character_18	29.74
fantasia.2000_tt0120910	tt0120910	Character_13	79.54
fantasia.2000_tt0120910	tt0120910	Bird	3.88
fantasia.2000_tt0120910	tt0120910	Character_14	54.60
fantasia.2000_tt0120910	tt0120910	Character_4	72.66
fantasia.2000_tt0120910	tt0120910	Character_9	67.48
fantasia.2000_tt0120910	tt0120910	Character_1	37.91
fantasia.2000_tt0120910	tt0120910	Rabbit	6.92
fantasia.2000_tt0120910	tt0120910	Character_15	32.28
fantasia.2000_tt0120910	tt0120910	Daisy_Duck	49.76
fantasia_tt0032455	tt0032455	Horns_2	127.54
fantasia_tt0032455	tt0032455	Horns	60.73
fantasia_tt0032455	tt0032455	Pink_Unicorn	23.27
fantasia_tt0032455	tt0032455	Pony	75.37
fantasia_tt0032455	tt0032455	Girl_2	75.83
fantasia_tt0032455	tt0032455	Mickey_Mouse	263.60
fantasia_tt0032455	tt0032455	Red	17.10
fantasia_tt0032455	tt0032455	Purple	35.33
fantasia_tt0032455	tt0032455	Black_Pony	54.51
fantasia_tt0032455	tt0032455	T_Rex	47.55
fantasia_tt0032455	tt0032455	Dinosaur	51.63
fantasia_tt0032455	tt0032455	Hippo	172.96
fantasia_tt0032455	tt0032455	Unicorn	38.91
fantasia_tt0032455	tt0032455	Cherub	272.23
fantasia_tt0032455	tt0032455	Horse	57.81
fantasia_tt0032455	tt0032455	Bird_2	116.24
fantasia_tt0032455	tt0032455	Girl_1	87.71
fantasia_tt0032455	tt0032455	Character_1	87.13
fantasia_tt0032455	tt0032455	Dionysus	75.99
fantasia_tt0032455	tt0032455	Donkey	54.64
fantasia_tt0032455	tt0032455	Elephant	77.16
fantasia_tt0032455	tt0032455	Crocodile	102.39
fantasia_tt0032455	tt0032455	Bird	2.59
finding.dory_tt2277860	tt2277860	Dory_(Young)	180.35
finding.dory_tt2277860	tt2277860	Jenny	229.77
finding.dory_tt2277860	tt2277860	Charlie	213.55
finding.dory_tt2277860	tt2277860	Husband_Fish_(Stan)	51.84
finding.dory_tt2277860	tt2277860	Dory_(Tween)	172.21
finding.dory_tt2277860	tt2277860	Sunfish	6.59
finding.dory_tt2277860	tt2277860	Dory	1172.97
finding.dory_tt2277860	tt2277860	Marlin	546.80
finding.dory_tt2277860	tt2277860	Nemo	453.45
finding.dory_tt2277860	tt2277860	Chickenfish	19.69
finding.dory_tt2277860	tt2277860	Squirt	11.01
finding.dory_tt2277860	tt2277860	Passenger_Carl	15.77
finding.dory_tt2277860	tt2277860	Hank	305.06
finding.dory_tt2277860	tt2277860	Rudder	132.72
finding.dory_tt2277860	tt2277860	Fluke	112.36
finding.dory_tt2277860	tt2277860	Gerald	40.29
finding.dory_tt2277860	tt2277860	Destiny	205.46
finding.dory_tt2277860	tt2277860	Becky	35.33
finding.dory_tt2277860	tt2277860	Bloat	7.26
finding.nemo_tt0266543	tt0266543	Marlin	1145.81
finding.nemo_tt0266543	tt0266543	Coral	177.05
finding.nemo_tt0266543	tt0266543	Nemo	631.38
finding.nemo_tt0266543	tt0266543	Bob	62.06
finding.nemo_tt0266543	tt0266543	Ted	69.78
finding.nemo_tt0266543	tt0266543	Bill	61.85
finding.nemo_tt0266543	tt0266543	Sheldon	111.86
finding.nemo_tt0266543	tt0266543	Pearl	100.89
finding.nemo_tt0266543	tt0266543	Tad	42.08
finding.nemo_tt0266543	tt0266543	Mr._Johanson	0.96
finding.nemo_tt0266543	tt0266543	Mr._Ray	9.93
finding.nemo_tt0266543	tt0266543	Gurgle	203.75
finding.nemo_tt0266543	tt0266543	Deb_/_Flo	130.13
finding.nemo_tt0266543	tt0266543	Bubbles	187.98
finding.nemo_tt0266543	tt0266543	Dory	811.69
finding.nemo_tt0266543	tt0266543	Bruce	142.43
finding.nemo_tt0266543	tt0266543	Crush	84.33
finding.nemo_tt0266543	tt0266543	Dentist	61.77
finding.nemo_tt0266543	tt0266543	Bloat	213.09
finding.nemo_tt0266543	tt0266543	Peach	34.08
finding.nemo_tt0266543	tt0266543	Jacques	11.18
finding.nemo_tt0266543	tt0266543	Nigel	117.74
finding.nemo_tt0266543	tt0266543	Darla	96.97
finding.nemo_tt0266543	tt0266543	Black-white_fish	177.55
finding.nemo_tt0266543	tt0266543	Squirt	42.04
finding.nemo_tt0266543	tt0266543	Seagulls	18.64
flushed.away_tt0424095	tt0424095	Roddy_St._James	1870.20
flushed.away_tt0424095	tt0424095	Action_Figure	13.51
flushed.away_tt0424095	tt0424095	Shocky	107.57
flushed.away_tt0424095	tt0424095	Rita_Malone	938.48
flushed.away_tt0424095	tt0424095	Sid	230.02
flushed.away_tt0424095	tt0424095	Ladykiller	16.06
flushed.away_tt0424095	tt0424095	Whitey	286.91
flushed.away_tt0424095	tt0424095	Liam	62.85
flushed.away_tt0424095	tt0424095	Artist	24.73
flushed.away_tt0424095	tt0424095	Spike	235.99
flushed.away_tt0424095	tt0424095	Fat_Barry	43.96
flushed.away_tt0424095	tt0424095	Goldfish	17.64
flushed.away_tt0424095	tt0424095	Fly	9.63
flushed.away_tt0424095	tt0424095	Rita's_Little_Sister	30.66
flushed.away_tt0424095	tt0424095	Rita's_Dad	65.98
flushed.away_tt0424095	tt0424095	Rita's_Sister_#2	54.26
flushed.away_tt0424095	tt0424095	Prophet_(Harold)	32.70
flushed.away_tt0424095	tt0424095	Fergus	38.87
flushed.away_tt0424095	tt0424095	Tex	13.39
flushed.away_tt0424095	tt0424095	Edna	12.30
flushed.away_tt0424095	tt0424095	Rita's_Mum	81.46
flushed.away_tt0424095	tt0424095	Policeman_(Colin)	31.32
flushed.away_tt0424095	tt0424095	Rita's_Grandma	33.33
flushed.away_tt0424095	tt0424095	Pegleg	24.86
flushed.away_tt0424095	tt0424095	Thimblenose_Ted	17.93
flushed.away_tt0424095	tt0424095	Rita's_Sister_#3	37.66
flushed.away_tt0424095	tt0424095	The_Toad	343.43
flushed.away_tt0424095	tt0424095	Tadpole	24.27
flushed.away_tt0424095	tt0424095	Henchfrog_#1	168.59
flushed.away_tt0424095	tt0424095	Le_Frog	85.25
flushed.away_tt0424095	tt0424095	Marcel	13.05
fox.and.the.hou_tt0082406	tt0082406	Big_Mama	370.50
fox.and.the.hou_tt0082406	tt0082406	Chief	358.11
fox.and.the.hou_tt0082406	tt0082406	Tod_(Young)	536.70
fox.and.the.hou_tt0082406	tt0082406	Boomer	215.76
fox.and.the.hou_tt0082406	tt0082406	Dinky	177.34
fox.and.the.hou_tt0082406	tt0082406	Squeaks	53.09
fox.and.the.hou_tt0082406	tt0082406	Widow_Tweed	329.00
fox.and.the.hou_tt0082406	tt0082406	Vixey	239.45
fox.and.the.hou_tt0082406	tt0082406	Amos_Slade	299.01
fox.and.the.hou_tt0082406	tt0082406	Copper_(Young)	286.79
fox.and.the.hou_tt0082406	tt0082406	Copper	415.33
fox.and.the.hou_tt0082406	tt0082406	Tod	628.00
fox.and.the.hou_tt0082406	tt0082406	Porcupine	48.26
fox.and.the.hou_tt0082406	tt0082406	Badger	20.19
fox.and.the.hou_tt0082406	tt0082406	Mr._Digger	22.94
fox.and.the.hou_tt0082406	tt0082406	The_Bear	43.63
frozen.ii_tt4520988	tt4520988	Elsa_(Young)	164.00
frozen.ii_tt4520988	tt4520988	Anna_(Young)	230.98
frozen.ii_tt4520988	tt4520988	King_Agnarr	116.66
frozen.ii_tt4520988	tt4520988	Queen_Iduna	196.32
frozen.ii_tt4520988	tt4520988	Ryder	177.89
frozen.ii_tt4520988	tt4520988	Yelana	172.21
frozen.ii_tt4520988	tt4520988	Lieutenant_Mattias	232.48
frozen.ii_tt4520988	tt4520988	Kai	34.78
frozen.ii_tt4520988	tt4520988	Agnarr_(Young)	78.87
frozen.ii_tt4520988	tt4520988	Halima	27.53
frozen.ii_tt4520988	tt4520988	Arendellian_Soldier	70.03
frozen.ii_tt4520988	tt4520988	Honeymaren	176.38
frozen.ii_tt4520988	tt4520988	Kristoff	665.87
frozen.ii_tt4520988	tt4520988	Sven	373.92
frozen.ii_tt4520988	tt4520988	Elsa	1457.92
frozen.ii_tt4520988	tt4520988	Olaf	600.89
frozen.ii_tt4520988	tt4520988	Anna	1511.68
frozen.ii_tt4520988	tt4520988	Oaken	17.02
frozen.ii_tt4520988	tt4520988	Pabbie	39.04
frozen.ii_tt4520988	tt4520988	King_Runeard	25.82
frozen.ii_tt4520988	tt4520988	Bulda	7.59
frozen_tt2294629	tt2294629	Kristoff	925.30
frozen_tt2294629	tt2294629	Hans	491.20
frozen_tt2294629	tt2294629	Sven	341.42
frozen_tt2294629	tt2294629	Anna	590.26
frozen_tt2294629	tt2294629	Kristoff_(Young)	54.64
frozen_tt2294629	tt2294629	Oaken	61.90
frozen_tt2294629	tt2294629	Elsa_(Young)	130.76
frozen_tt2294629	tt2294629	Anna_(Preteen)	1050.97
frozen_tt2294629	tt2294629	Anna_(Young)	222.22
frozen_tt2294629	tt2294629	Elsa_(Teen)	20.35
frozen_tt2294629	tt2294629	Olaf	448.24
frozen_tt2294629	tt2294629	Elsa	849.22
frozen_tt2294629	tt2294629	King	114.11
frozen_tt2294629	tt2294629	Queen	143.02
frozen_tt2294629	tt2294629	Bulda	157.37
frozen_tt2294629	tt2294629	Gothi	170.80
frozen_tt2294629	tt2294629	Pabbie	45.71
frozen_tt2294629	tt2294629	Kai	89.51
frozen_tt2294629	tt2294629	German_Dignitary	70.90
frozen_tt2294629	tt2294629	Gerda	45.96
frozen_tt2294629	tt2294629	Spanish_Dignitary	77.74
frozen_tt2294629	tt2294629	Duke_Of_Weselton	136.68
frozen_tt2294629	tt2294629	Irish_Dignitary	48.05
frozen_tt2294629	tt2294629	Horse	51.72
frozen_tt2294629	tt2294629	Bishop	16.98
frozen_tt2294629	tt2294629	Baby_Troll	33.12
frozen_tt2294629	tt2294629	Cliff	40.42
garfield_tt5779228	tt5779228	Jon_Arbuckle	503.80
garfield_tt5779228	tt5779228	Garfield	2100.64
garfield_tt5779228	tt5779228	Vito	23.15
garfield_tt5779228	tt5779228	Lactose_Farms_Phone_Operator_#2	43.54
garfield_tt5779228	tt5779228	Maria	28.86
garfield_tt5779228	tt5779228	Vic	1015.39
garfield_tt5779228	tt5779228	Pound_Worker	19.23
garfield_tt5779228	tt5779228	Dr._Liz_Wilson	5.92
garfield_tt5779228	tt5779228	Roland	167.13
garfield_tt5779228	tt5779228	Nolan	129.71
garfield_tt5779228	tt5779228	Barry	12.39
garfield_tt5779228	tt5779228	Jinx	305.18
garfield_tt5779228	tt5779228	Snickers	17.93
garfield_tt5779228	tt5779228	Olivia	31.95
garfield_tt5779228	tt5779228	Ethel	107.44
garfield_tt5779228	tt5779228	Lactose_Farms_Phone_Operator_#1	36.16
garfield_tt5779228	tt5779228	Busboy	13.97
garfield_tt5779228	tt5779228	Marge	156.62
gforce_tt0436339	tt0436339	Hurley	450.37
gforce_tt0436339	tt0436339	Darwin	957.46
gforce_tt0436339	tt0436339	Speckles	92.68
gforce_tt0436339	tt0436339	Blaster	524.90
gforce_tt0436339	tt0436339	Juarez	405.45
gforce_tt0436339	tt0436339	Bucky	105.15
gnomeo..juliet_tt0377981	tt0377981	Benny	364.36
gnomeo..juliet_tt0377981	tt0377981	Lord_Redbrick	311.27
gnomeo..juliet_tt0377981	tt0377981	Conjoined_Gnome_Left	97.89
gnomeo..juliet_tt0377981	tt0377981	Mankini_Gnome	27.74
gnomeo..juliet_tt0377981	tt0377981	Fishing_Gnome	67.53
gnomeo..juliet_tt0377981	tt0377981	Stone_Fish	17.68
gnomeo..juliet_tt0377981	tt0377981	Bunny	53.68
gnomeo..juliet_tt0377981	tt0377981	Tybalt	206.79
gnomeo..juliet_tt0377981	tt0377981	Fawn	138.30
gnomeo..juliet_tt0377981	tt0377981	Lady_Bluebury	199.24
gnomeo..juliet_tt0377981	tt0377981	Dolly_Gnome	98.47
gnomeo..juliet_tt0377981	tt0377981	Gnomeo	1004.79
gnomeo..juliet_tt0377981	tt0377981	Juliet	894.06
gnomeo..juliet_tt0377981	tt0377981	Nanette	282.57
gnomeo..juliet_tt0377981	tt0377981	Conjoined_Gnome_Right	40.21
gnomeo..juliet_tt0377981	tt0377981	Paris	89.92
gnomeo..juliet_tt0377981	tt0377981	Flamingo	135.18
gnomeo..juliet_tt0377981	tt0377981	Call_Me_Doll	17.06
good.dinosaur_tt1979388	tt1979388	Poppa	273.52
good.dinosaur_tt1979388	tt1979388	Young_Arlo	313.81
good.dinosaur_tt1979388	tt1979388	Momma	133.51
good.dinosaur_tt1979388	tt1979388	Young_Libby	64.27
good.dinosaur_tt1979388	tt1979388	Arlo	1440.94
good.dinosaur_tt1979388	tt1979388	Buck	50.34
good.dinosaur_tt1979388	tt1979388	Spot	655.36
good.dinosaur_tt1979388	tt1979388	Tetrapodophis	19.69
good.dinosaur_tt1979388	tt1979388	Coldfront	15.18
good.dinosaur_tt1979388	tt1979388	Pet_Collector	37.37
good.dinosaur_tt1979388	tt1979388	Thunderclap	92.34
good.dinosaur_tt1979388	tt1979388	Downpour	5.00
good.dinosaur_tt1979388	tt1979388	Nash	188.35
good.dinosaur_tt1979388	tt1979388	Ramsey	243.58
good.dinosaur_tt1979388	tt1979388	Butch	231.86
good.dinosaur_tt1979388	tt1979388	Bubbha	35.37
good.dinosaur_tt1979388	tt1979388	Lurleane	41.50
good.dinosaur_tt1979388	tt1979388	Cave_Family_mother	50.97
good.dinosaur_tt1979388	tt1979388	Cave_Family_Father	60.35
good.dinosaur_tt1979388	tt1979388	Cave_Family_son	50.88
great.mouse.det_tt0091149	tt0091149	Olivia_Flaversham	506.25
great.mouse.det_tt0091149	tt0091149	Hiram_Flaversham	144.48
great.mouse.det_tt0091149	tt0091149	Thug_1	109.53
great.mouse.det_tt0091149	tt0091149	Fidget	186.06
great.mouse.det_tt0091149	tt0091149	Basil_of_Baker_Street	868.70
great.mouse.det_tt0091149	tt0091149	Dr._David_Q_Dawson	780.65
great.mouse.det_tt0091149	tt0091149	Mrs._Judson	67.32
great.mouse.det_tt0091149	tt0091149	Professor_Ratigan	600.72
great.mouse.det_tt0091149	tt0091149	Lady_Mouse	29.36
great.mouse.det_tt0091149	tt0091149	Thug_3	114.16
great.mouse.det_tt0091149	tt0091149	Bartholomew	62.48
great.mouse.det_tt0091149	tt0091149	Thug_2	57.27
great.mouse.det_tt0091149	tt0091149	Mouse_Queen	105.52
great.mouse.det_tt0091149	tt0091149	Robot_Queen	66.15
great.mouse.det_tt0091149	tt0091149	Thug_4	3.55
great.mouse.det_tt0091149	tt0091149	Felicia	41.75
great.mouse.det_tt0091149	tt0091149	Toby	91.51
great.mouse.det_tt0091149	tt0091149	Bar_Maid	44.71
great.mouse.det_tt0091149	tt0091149	Miss_Kitty_Mouse	77.41
grinch_tt2709692	tt2709692	Groopert	322.57
grinch_tt2709692	tt2709692	Ozzy	151.03
grinch_tt2709692	tt2709692	Bricklebaum	123.33
grinch_tt2709692	tt2709692	Cindy-Lou_Who	597.39
grinch_tt2709692	tt2709692	Axl	100.39
grinch_tt2709692	tt2709692	Grinch	1143.56
grinch_tt2709692	tt2709692	Max	418.29
grinch_tt2709692	tt2709692	Donna_Who	259.09
grinch_tt2709692	tt2709692	Izzy	67.86
grinch_tt2709692	tt2709692	Fred	141.60
gullivers.trave_tt0031397	tt0031397	Character_4	198.23
gullivers.trave_tt0031397	tt0031397	Gabby	646.81
gullivers.trave_tt0031397	tt0031397	Character_1	222.36
gullivers.trave_tt0031397	tt0031397	Character_5	100.53
gullivers.trave_tt0031397	tt0031397	Character_2	216.78
gullivers.trave_tt0031397	tt0031397	Character_6	54.19
gullivers.trave_tt0031397	tt0031397	Character_8	73.77
gullivers.trave_tt0031397	tt0031397	King_Little	513.95
gullivers.trave_tt0031397	tt0031397	King_Bombo	362.23
gullivers.trave_tt0031397	tt0031397	Princess_Glory	115.82
gullivers.trave_tt0031397	tt0031397	Prince_David	111.18
gullivers.trave_tt0031397	tt0031397	Bluebirds	83.12
gullivers.trave_tt0031397	tt0031397	Character_9	20.99
gullivers.trave_tt0031397	tt0031397	Character_11	45.25
gullivers.trave_tt0031397	tt0031397	Character_3	143.91
gullivers.trave_tt0031397	tt0031397	White_bird	69.40
gullivers.trave_tt0031397	tt0031397	Character_7	35.24
gullivers.trave_tt0031397	tt0031397	Character_10	23.79
gullivers.trave_tt0031397	tt0031397	Gulliver	264.10
happy.feet_tt0366548	tt0366548	Gloria	554.18
happy.feet_tt0366548	tt0366548	Elder_1	298.76
happy.feet_tt0366548	tt0366548	Norma_Jean	470.93
happy.feet_tt0366548	tt0366548	Raul	627.67
happy.feet_tt0366548	tt0366548	Memphis	416.50
happy.feet_tt0366548	tt0366548	Rinaldo	125.83
happy.feet_tt0366548	tt0366548	Leopard_Seal	42.25
happy.feet_tt0366548	tt0366548	Mumble	1219.39
happy.feet_tt0366548	tt0366548	Mumble_(Baby)	428.01
happy.feet_tt0366548	tt0366548	Gloria_(Baby)	156.70
happy.feet_tt0366548	tt0366548	Lombardo	126.33
happy.feet_tt0366548	tt0366548	Seymour_(Baby)	51.89
happy.feet_tt0366548	tt0366548	Lovelace	106.52
happy.feet_tt0366548	tt0366548	Ramon	311.90
happy.feet_tt0366548	tt0366548	Vinnie	37.50
happy.feet_tt0366548	tt0366548	Boss_Skua	89.38
happy.feet_tt0366548	tt0366548	Dino	31.32
happy.feet_tt0366548	tt0366548	Bryan_the_Beachmaster	47.59
home_tt2224026	tt2224026	Oh	2123.08
home_tt2224026	tt2224026	Captain_Smek	406.28
home_tt2224026	tt2224026	Tip	1419.33
home_tt2224026	tt2224026	Father	19.64
home_tt2224026	tt2224026	Tip's_Mother	242.37
home_tt2224026	tt2224026	Pig	267.56
home_tt2224026	tt2224026	Kyle	223.43
home_tt2224026	tt2224026	Gorg_Commander	23.06
hop_tt1411704	tt1411704	Fluffy_of_the_Pink_Berets	86.13
hop_tt1411704	tt1411704	Phil	258.05
hop_tt1411704	tt1411704	Fred_O'Hare	1528.32
hop_tt1411704	tt1411704	E.B._(Young)	168.84
hop_tt1411704	tt1411704	E.B.'s_Dad	359.23
hop_tt1411704	tt1411704	E.B.	1162.45
hop_tt1411704	tt1411704	Carlos	450.70
hop_tt1411704	tt1411704	Fred_O'Hare_(Young)	49.34
hop_tt1411704	tt1411704	Sam_O'Hare	323.61
hop_tt1411704	tt1411704	Bonnie_O'Hare	120.75
hop_tt1411704	tt1411704	Alex_O'Hare	86.21
hop_tt1411704	tt1411704	Henry_O'Hare	219.55
hop_tt1411704	tt1411704	David_Hasselhoff	85.50
hop_tt1411704	tt1411704	Bit_of_the_Pink_Berets	64.52
horton.hears.a._tt0451079	tt0451079	Councilman	85.34
horton.hears.a._tt0451079	tt0451079	Horton_the_Elephant	1056.68
horton.hears.a._tt0451079	tt0451079	Jessica_Quilligan	40.00
horton.hears.a._tt0451079	tt0451079	Tommy	80.41
horton.hears.a._tt0451079	tt0451079	Katie	65.57
horton.hears.a._tt0451079	tt0451079	Morton_the_Mouse	134.93
horton.hears.a._tt0451079	tt0451079	Rudy_Kangaroo	127.42
horton.hears.a._tt0451079	tt0451079	Sour_Kangaroo	210.54
horton.hears.a._tt0451079	tt0451079	Dentist	38.96
horton.hears.a._tt0451079	tt0451079	Glummox_Mom	85.46
horton.hears.a._tt0451079	tt0451079	Mrs._Quilligan	26.44
horton.hears.a._tt0451079	tt0451079	Yummo_Wickersham	87.75
horton.hears.a._tt0451079	tt0451079	Wickersham_Guard_1	91.55
horton.hears.a._tt0451079	tt0451079	Haley	29.07
horton.hears.a._tt0451079	tt0451079	Mayor_Ned_McDodd	335.29
horton.hears.a._tt0451079	tt0451079	Old_Time_Who	569.86
horton.hears.a._tt0451079	tt0451079	Sally_O'Malley	185.02
horton.hears.a._tt0451079	tt0451079	Heather	37.04
horton.hears.a._tt0451079	tt0451079	Who_Kid	21.81
horton.hears.a._tt0451079	tt0451079	Heidi	3.04
horton.hears.a._tt0451079	tt0451079	Holly	50.76
horton.hears.a._tt0451079	tt0451079	Hooly	25.90
horton.hears.a._tt0451079	tt0451079	Hanna	18.98
horton.hears.a._tt0451079	tt0451079	Helen	2.71
horton.hears.a._tt0451079	tt0451079	Hedy	11.01
horton.hears.a._tt0451079	tt0451079	Hildy	17.39
horton.hears.a._tt0451079	tt0451079	JoJo_McDodd	180.14
horton.hears.a._tt0451079	tt0451079	Dr._Mary_Lou_LaRue	47.71
horton.hears.a._tt0451079	tt0451079	Miss_Yelp	69.82
horton.hears.a._tt0451079	tt0451079	Who_Mom	42.17
horton.hears.a._tt0451079	tt0451079	Obnoxious_Who	13.81
horton.hears.a._tt0451079	tt0451079	Angela	30.99
horton.hears.a._tt0451079	tt0451079	Willie_Bear	54.55
hotel.transylva_tt0837562	tt0837562	Dracula	1843.42
hotel.transylva_tt0837562	tt0837562	Mavis_(Young)	85.17
hotel.transylva_tt0837562	tt0837562	Foreman	16.02
hotel.transylva_tt0837562	tt0837562	Mavis	858.73
hotel.transylva_tt0837562	tt0837562	Pilot	36.45
hotel.transylva_tt0837562	tt0837562	Winnie	97.01
hotel.transylva_tt0837562	tt0837562	Wanda	121.96
hotel.transylva_tt0837562	tt0837562	Wayne	308.22
hotel.transylva_tt0837562	tt0837562	Zombie	20.85
hotel.transylva_tt0837562	tt0837562	Marty	76.20
hotel.transylva_tt0837562	tt0837562	Hydra_Head	35.16
hotel.transylva_tt0837562	tt0837562	Gremlin_Man	18.31
hotel.transylva_tt0837562	tt0837562	Eunice	84.79
hotel.transylva_tt0837562	tt0837562	Skeleton_Husband	55.68
hotel.transylva_tt0837562	tt0837562	Frankenstein	444.03
hotel.transylva_tt0837562	tt0837562	Jonathan	1097.05
hotel.transylva_tt0837562	tt0837562	Murray	234.98
hotel.transylva_tt0837562	tt0837562	Quasimodo	128.55
hotel.transylva_tt0837562	tt0837562	Hairy_Monster	27.90
hotel.transylva_tt0837562	tt0837562	Shrunken_Head	42.29
hotel.transylva_tt0837562	tt0837562	Suit_of_Armor	10.72
hotel.transylva_tt0837562	tt0837562	Fly	27.86
hotel.transylva_tt2510894	tt2510894	Dracula	1734.57
hotel.transylva_tt2510894	tt2510894	Abominable_Snowman	57.10
hotel.transylva_tt2510894	tt2510894	Eunice	46.34
hotel.transylva_tt2510894	tt2510894	Frankenstein	549.67
hotel.transylva_tt2510894	tt2510894	Grandma_Linda	215.67
hotel.transylva_tt2510894	tt2510894	Ticket_Agent	38.33
hotel.transylva_tt2510894	tt2510894	Grandpa_Mike	190.48
hotel.transylva_tt2510894	tt2510894	Red_Head_Human_Woman	82.87
hotel.transylva_tt2510894	tt2510894	Bela	138.93
hotel.transylva_tt2510894	tt2510894	Blue_Big_Lip_Monster	54.60
hotel.transylva_tt2510894	tt2510894	Purple_One-Eyed_Monster	58.18
hotel.transylva_tt2510894	tt2510894	Jonathan	750.71
hotel.transylva_tt2510894	tt2510894	Blobby	77.12
hotel.transylva_tt2510894	tt2510894	Mavis	975.93
hotel.transylva_tt2510894	tt2510894	*Shrunken_Heads	13.89
hotel.transylva_tt2510894	tt2510894	Murray	233.65
hotel.transylva_tt2510894	tt2510894	Wayne	408.87
hotel.transylva_tt2510894	tt2510894	Jogger_#2	32.66
hotel.transylva_tt2510894	tt2510894	*Winnie's_Brothers	84.88
hotel.transylva_tt2510894	tt2510894	Purple_Shirt_Blonde_Human_Woman	16.98
hotel.transylva_tt2510894	tt2510894	Jogger_#1	41.54
hotel.transylva_tt2510894	tt2510894	Tourist_Passenger	13.56
hotel.transylva_tt2510894	tt2510894	Wanda	39.29
hotel.transylva_tt2510894	tt2510894	Marty	1.88
hotel.transylva_tt2510894	tt2510894	Dracula_Bat_Form	29.90
hotel.transylva_tt2510894	tt2510894	Dennis_Bat_Form	31.03
hotel.transylva_tt2510894	tt2510894	Dracula_Nurse_Costume	22.27
hotel.transylva_tt2510894	tt2510894	Dennis	1078.74
hotel.transylva_tt2510894	tt2510894	Winnie	108.07
hotel.transylva_tt2510894	tt2510894	Kid_#1	91.38
hotel.transylva_tt2510894	tt2510894	Vampire_Kid	121.75
hotel.transylva_tt2510894	tt2510894	Kid_#2	10.30
hotel.transylva_tt2510894	tt2510894	Fly_Guy	9.05
hotel.transylva_tt2510894	tt2510894	Tourist_Driver	12.68
hotel.transylva_tt2510894	tt2510894	Dana	112.07
hotel.transylva_tt2510894	tt2510894	Kakie	42.29
hotel.transylva_tt2510894	tt2510894	Caren	49.92
hotel.transylva_tt2510894	tt2510894	Kal	15.56
hotel.transylva_tt2510894	tt2510894	Troy	67.73
hotel.transylva_tt2510894	tt2510894	Red_Helmet_Kid	29.90
hotel.transylva_tt2510894	tt2510894	Pandragora	22.98
hotel.transylva_tt2510894	tt2510894	Kelsey	11.22
hotel.transylva_tt2510894	tt2510894	Johnny_Vampire_Costume	158.45
hotel.transylva_tt2510894	tt2510894	Phantom_of_the_Opera	15.39
hotel.transylva_tt2510894	tt2510894	Vlad	140.81
hotel.transylva_tt2510894	tt2510894	Grandpa_Vlad_Dracula_	75.91
hotel.transylva_tt2510894	tt2510894	Kakie_Red	22.73
hotel.transylva_tt5220122	tt5220122	Mavis	703.08
hotel.transylva_tt5220122	tt5220122	Dracula	1178.47
hotel.transylva_tt5220122	tt5220122	Frankenstein	330.66
hotel.transylva_tt5220122	tt5220122	Austrian_Boy	13.26
hotel.transylva_tt5220122	tt5220122	Van_Helsing	299.01
hotel.transylva_tt5220122	tt5220122	Jonathan	338.71
hotel.transylva_tt5220122	tt5220122	Dennis	222.60
hotel.transylva_tt5220122	tt5220122	Wayne	114.07
hotel.transylva_tt5220122	tt5220122	Murray	118.70
hotel.transylva_tt5220122	tt5220122	Blue_Big_Lipped_Monster	56.01
hotel.transylva_tt5220122	tt5220122	Abominable_Snowman	59.43
hotel.transylva_tt5220122	tt5220122	Purple_One_Eye_Monster_White_Chin	31.07
hotel.transylva_tt5220122	tt5220122	Blue_Spiky_Monster	61.44
hotel.transylva_tt5220122	tt5220122	Pink_One-Eyed_Monster	30.53
hotel.transylva_tt5220122	tt5220122	Skeleton	13.18
hotel.transylva_tt5220122	tt5220122	Sunny	79.29
hotel.transylva_tt5220122	tt5220122	Winnie	139.31
hotel.transylva_tt5220122	tt5220122	*Werewolf_Siblings	77.45
hotel.transylva_tt5220122	tt5220122	Eunice	125.42
hotel.transylva_tt5220122	tt5220122	Wanda	99.39
hotel.transylva_tt5220122	tt5220122	Lucy	31.41
hotel.transylva_tt5220122	tt5220122	Kelsey	11.85
hotel.transylva_tt5220122	tt5220122	Tinkles	99.14
hotel.transylva_tt5220122	tt5220122	Red_Big_Lipped_Monster	45.42
hotel.transylva_tt5220122	tt5220122	Frankenlady	36.16
hotel.transylva_tt5220122	tt5220122	Zingr_Witch	3.38
hotel.transylva_tt5220122	tt5220122	Gremlin_Pilot	21.06
hotel.transylva_tt5220122	tt5220122	Gremlins	4.88
hotel.transylva_tt5220122	tt5220122	Gremlin_Stewardess	15.93
hotel.transylva_tt5220122	tt5220122	Monster_#1	22.69
hotel.transylva_tt5220122	tt5220122	Vlad	42.67
hotel.transylva_tt5220122	tt5220122	Stan	17.43
hotel.transylva_tt5220122	tt5220122	Blobby_Son	45.46
hotel.transylva_tt5220122	tt5220122	Witch_#2	39.12
hotel.transylva_tt5220122	tt5220122	Hydra_Monster	29.74
hotel.transylva_tt5220122	tt5220122	Witch_#3	19.77
hotel.transylva_tt5220122	tt5220122	Witch_#1	21.02
hotel.transylva_tt5220122	tt5220122	Ericka_Van_Helsing	731.15
hotel.transylva_tt5220122	tt5220122	Chupacabra	15.01
hotel.transylva_tt5220122	tt5220122	Blue_Teeth_Monster	51.63
hotel.transylva_tt5220122	tt5220122	Monster_#2	31.66
how.to.train.yo_tt0892769	tt0892769	Hiccup_Haddock_III	1635.34
how.to.train.yo_tt0892769	tt0892769	Meatlug	31.24
how.to.train.yo_tt0892769	tt0892769	Stoick_the_Vast	483.48
how.to.train.yo_tt0892769	tt0892769	Gobber_the_Belch	314.94
how.to.train.yo_tt0892769	tt0892769	Tuffnut_Thorston	128.55
how.to.train.yo_tt0892769	tt0892769	Snotlout_Jorgenson	199.16
how.to.train.yo_tt0892769	tt0892769	Ruffnut_Thorston	114.03
how.to.train.yo_tt0892769	tt0892769	Astrid_Hofferson	496.87
how.to.train.yo_tt0892769	tt0892769	Fishlegs	131.51
how.to.train.yo_tt0892769	tt0892769	Deadly_Nadder	18.64
how.to.train.yo_tt0892769	tt0892769	Hookfang	26.53
how.to.train.yo_tt0892769	tt0892769	Toothless	343.68
how.to.train.yo_tt0892769	tt0892769	Gothi	21.02
how.to.train.yo_tt0892769	tt0892769	Barf_and_Belch	29.95
how.to.train.yo_tt0892769	tt0892769	Hideous_Zippleback	0.08
how.to.train.yo_tt1646971	tt1646971	Fishlegs_Ingerman_(Franchise)	82.58
how.to.train.yo_tt1646971	tt1646971	Skullcrusher	32.99
how.to.train.yo_tt1646971	tt1646971	Snotlout_Jorgenson_(Franchise)	100.35
how.to.train.yo_tt1646971	tt1646971	Barf_and_Belch_(Franchise)	16.27
how.to.train.yo_tt1646971	tt1646971	Ruffnut_Thorston_(Franchise)	90.13
how.to.train.yo_tt1646971	tt1646971	Stoick_the_Vast_(Franchise)	338.80
how.to.train.yo_tt1646971	tt1646971	Spitelout	31.82
how.to.train.yo_tt1646971	tt1646971	Gothi_(Franchise)	24.27
how.to.train.yo_tt1646971	tt1646971	Gobber_the_Belch_(Franchise)	98.93
how.to.train.yo_tt1646971	tt1646971	Stormfly	81.21
how.to.train.yo_tt1646971	tt1646971	Astrid_Hofferson_(Franchise)	416.04
how.to.train.yo_tt1646971	tt1646971	Toothless_(Franchise)	387.68
how.to.train.yo_tt1646971	tt1646971	Valka_(Franchise)	625.92
how.to.train.yo_tt1646971	tt1646971	Hiccup_Horrendous_Haddock_III_(Franchise)	1358.90
how.to.train.yo_tt1646971	tt1646971	Eret,_Son_of_Eret_(Franchise)	261.22
how.to.train.yo_tt1646971	tt1646971	Drago_Bludvist_(Franchise)	235.86
how.to.train.yo_tt1646971	tt1646971	Grump	17.27
how.to.train.yo_tt1646971	tt1646971	Tuffnut_Thorston_(Franchise)	55.47
how.to.train.yo_tt1646971	tt1646971	Cloudjumper	78.41
how.to.train.yo_tt1646971	tt1646971	Drago's_Bewilderbeast	105.27
how.to.train.yo_tt2386490	tt2386490	Ivar_the_Witless	41.21
how.to.train.yo_tt2386490	tt2386490	Hiccup_(Young)	156.03
how.to.train.yo_tt2386490	tt2386490	Ragnar_the_Rock	73.28
how.to.train.yo_tt2386490	tt2386490	Toothless	478.48
how.to.train.yo_tt2386490	tt2386490	Hiccup	1231.48
how.to.train.yo_tt2386490	tt2386490	Tuffnut	146.52
how.to.train.yo_tt2386490	tt2386490	Hobgobbler	22.61
how.to.train.yo_tt2386490	tt2386490	Snotlout	168.71
how.to.train.yo_tt2386490	tt2386490	Stormfly	64.40
how.to.train.yo_tt2386490	tt2386490	Astrid	589.88
how.to.train.yo_tt2386490	tt2386490	Valka	264.01
how.to.train.yo_tt2386490	tt2386490	Spitelout	18.02
how.to.train.yo_tt2386490	tt2386490	Baby_Deadly_Nadder	13.93
how.to.train.yo_tt2386490	tt2386490	Gobber	110.19
how.to.train.yo_tt2386490	tt2386490	Skullcrusher	29.49
how.to.train.yo_tt2386490	tt2386490	Ruffnut	106.02
how.to.train.yo_tt2386490	tt2386490	Fishlegs	51.38
how.to.train.yo_tt2386490	tt2386490	Stoick	81.25
how.to.train.yo_tt2386490	tt2386490	Eret	152.57
how.to.train.yo_tt2386490	tt2386490	Grimmel	301.34
how.to.train.yo_tt2386490	tt2386490	Griselda_the_Grevious	27.03
how.to.train.yo_tt2386490	tt2386490	Light_Fury	208.29
hunchback.of.no_tt0116583	tt0116583	Quasimodo	1496.41
hunchback.of.no_tt0116583	tt0116583	Archdeacon	107.19
hunchback.of.no_tt0116583	tt0116583	Clopin	109.86
hunchback.of.no_tt0116583	tt0116583	Gypsies	20.98
hunchback.of.no_tt0116583	tt0116583	Quasimodo's_Mother	26.32
hunchback.of.no_tt0116583	tt0116583	Frollo	781.82
hunchback.of.no_tt0116583	tt0116583	Hugo	259.18
hunchback.of.no_tt0116583	tt0116583	Victor	214.30
hunchback.of.no_tt0116583	tt0116583	Laverne	266.47
hunchback.of.no_tt0116583	tt0116583	Phoebus	575.32
hunchback.of.no_tt0116583	tt0116583	Guards	146.40
hunchback.of.no_tt0116583	tt0116583	Esmeralda	743.45
hunchback.of.no_tt0116583	tt0116583	Dijali	98.64
hunchback.of.no_tt0116583	tt0116583	Old_Heretic	8.43
ice.age.collisi_tt3416828	tt3416828	Lily_Start	15.31
ice.age.collisi_tt3416828	tt3416828	Diego	344.18
ice.age.collisi_tt3416828	tt3416828	Scrat	121.29
ice.age.collisi_tt3416828	tt3416828	Shangri_Llama	119.79
ice.age.collisi_tt3416828	tt3416828	Sid	351.56
ice.age.collisi_tt3416828	tt3416828	Crash	143.02
ice.age.collisi_tt3416828	tt3416828	Eddie	185.94
ice.age.collisi_tt3416828	tt3416828	Peaches	401.90
ice.age.collisi_tt3416828	tt3416828	Julian	261.76
ice.age.collisi_tt3416828	tt3416828	Manny	298.80
ice.age.collisi_tt3416828	tt3416828	Steffie	95.55
ice.age.collisi_tt3416828	tt3416828	Ellie	342.22
ice.age.collisi_tt3416828	tt3416828	Granny	93.09
ice.age.collisi_tt3416828	tt3416828	Mother_Aardvark	2.59
ice.age.collisi_tt3416828	tt3416828	Mariachi_Band_Baptornis	13.39
ice.age.collisi_tt3416828	tt3416828	Ethel	26.15
ice.age.collisi_tt3416828	tt3416828	Andrew_Aardvark	69.15
ice.age.collisi_tt3416828	tt3416828	Pythagoras_Buck	564.56
ice.age.collisi_tt3416828	tt3416828	Vera	12.68
ice.age.collisi_tt3416828	tt3416828	Shira	228.98
ice.age.collisi_tt3416828	tt3416828	Brooke	181.97
ice.age.collisi_tt3416828	tt3416828	Cindy	10.72
ice.age.collisi_tt3416828	tt3416828	Bubbles	10.09
ice.age.collisi_tt3416828	tt3416828	Molehog_(character)	13.51
ice.age.collisi_tt3416828	tt3416828	Mother_Triceratops	5.71
ice.age.collisi_tt3416828	tt3416828	Gertie	143.52
ice.age.collisi_tt3416828	tt3416828	Roger	90.72
ice.age.collisi_tt3416828	tt3416828	Gavin	163.25
ice.age.collisi_tt3416828	tt3416828	Geotopia_Palaeotherium	9.43
ice.age.collisi_tt3416828	tt3416828	Neil_deBuck_Weasel	53.51
ice.age.collisi_tt3416828	tt3416828	Geotopia_Diatryma	18.06
ice.age.collisi_tt3416828	tt3416828	Teddy	28.15
ice.age.collisi_tt3416828	tt3416828	Geotopia_Shovelmouth	5.26
ice.age.contine_tt1667889	tt1667889	Diego	465.46
ice.age.contine_tt1667889	tt1667889	Manny	265.97
ice.age.contine_tt1667889	tt1667889	Ellie	221.97
ice.age.contine_tt1667889	tt1667889	Steffie	70.53
ice.age.contine_tt1667889	tt1667889	Louis	172.80
ice.age.contine_tt1667889	tt1667889	Crash	47.42
ice.age.contine_tt1667889	tt1667889	Meghan	37.08
ice.age.contine_tt1667889	tt1667889	Peaches	436.23
ice.age.contine_tt1667889	tt1667889	Eunice	43.46
ice.age.contine_tt1667889	tt1667889	Sid	454.54
ice.age.contine_tt1667889	tt1667889	Marshall	65.02
ice.age.contine_tt1667889	tt1667889	Mother_Aardvark	5.71
ice.age.contine_tt1667889	tt1667889	Billy	2.79
ice.age.contine_tt1667889	tt1667889	Opossum	43.79
ice.age.contine_tt1667889	tt1667889	Gutt	328.83
ice.age.contine_tt1667889	tt1667889	Katie	73.87
ice.age.contine_tt1667889	tt1667889	Ethel	17.93
ice.age.contine_tt1667889	tt1667889	Squint	83.71
ice.age.contine_tt1667889	tt1667889	Silas	34.53
ice.age.contine_tt1667889	tt1667889	Flynn	88.92
ice.age.contine_tt1667889	tt1667889	Raz	107.57
ice.age.contine_tt1667889	tt1667889	Shira	306.93
ice.age.contine_tt1667889	tt1667889	Fuzzy	61.27
ice.age.contine_tt1667889	tt1667889	Chipmunk	35.83
ice.age.dawn.of_tt1080016	tt1080016	Scrat	197.53
ice.age.dawn.of_tt1080016	tt1080016	Scratte	112.57
ice.age.dawn.of_tt1080016	tt1080016	Cindy	34.78
ice.age.dawn.of_tt1080016	tt1080016	Diego	470.68
ice.age.dawn.of_tt1080016	tt1080016	Manny	368.53
ice.age.dawn.of_tt1080016	tt1080016	Sid	698.32
ice.age.dawn.of_tt1080016	tt1080016	Gazelle_(character)	37.04
ice.age.dawn.of_tt1080016	tt1080016	Molehog_(character)	10.39
ice.age.dawn.of_tt1080016	tt1080016	Crash	229.90
ice.age.dawn.of_tt1080016	tt1080016	Eddie	242.83
ice.age.dawn.of_tt1080016	tt1080016	Ellie	595.39
ice.age.dawn.of_tt1080016	tt1080016	Billy	3.46
ice.age.dawn.of_tt1080016	tt1080016	Dinosaur_Babies	251.58
ice.age.dawn.of_tt1080016	tt1080016	Baby_Dinos	157.03
ice.age.dawn.of_tt1080016	tt1080016	Momma_Dino	125.46
ice.age.dawn.of_tt1080016	tt1080016	Vera	15.18
ice.age.dawn.of_tt1080016	tt1080016	Ronald	10.26
ice.age.dawn.of_tt1080016	tt1080016	Ethel	1.58
ice.age.dawn.of_tt1080016	tt1080016	Cretaceous_Tyrannosaurus	32.95
ice.age.dawn.of_tt1080016	tt1080016	Buck	530.28
ice.age.dawn.of_tt1080016	tt1080016	Mean_Looking_Dinosaur	25.44
ice.age.dawn.of_tt1080016	tt1080016	Blue_Dinosaur	35.41
ice.age.the.mel_tt0438097	tt0438097	Scrat	197.41
ice.age.the.mel_tt0438097	tt0438097	Mother_Opossum	13.05
ice.age.the.mel_tt0438097	tt0438097	Diego	681.85
ice.age.the.mel_tt0438097	tt0438097	Ronald	74.91
ice.age.the.mel_tt0438097	tt0438097	Ethel	37.79
ice.age.the.mel_tt0438097	tt0438097	Mr/Mrs_Start	153.95
ice.age.the.mel_tt0438097	tt0438097	Aardvark_Dad	32.62
ice.age.the.mel_tt0438097	tt0438097	Cindy	73.87
ice.age.the.mel_tt0438097	tt0438097	Fast_Tony	102.44
ice.age.the.mel_tt0438097	tt0438097	Vera	23.65
ice.age.the.mel_tt0438097	tt0438097	Billy	85.25
ice.age.the.mel_tt0438097	tt0438097	Ashley	74.74
ice.age.the.mel_tt0438097	tt0438097	Sid	772.65
ice.age.the.mel_tt0438097	tt0438097	Rose	14.68
ice.age.the.mel_tt0438097	tt0438097	Vulture	50.05
ice.age.the.mel_tt0438097	tt0438097	Manny	392.89
ice.age.the.mel_tt0438097	tt0438097	Bird	14.76
ice.age.the.mel_tt0438097	tt0438097	Mother_Aardvark	13.56
ice.age.the.mel_tt0438097	tt0438097	Lone_Gunslinger	43.75
ice.age.the.mel_tt0438097	tt0438097	Cretaceous	18.69
ice.age.the.mel_tt0438097	tt0438097	Molehog_(character)	14.60
ice.age.the.mel_tt0438097	tt0438097	Crash	19.23
ice.age.the.mel_tt0438097	tt0438097	Eddie	215.34
ice.age.the.mel_tt0438097	tt0438097	Opossum	187.69
ice.age.the.mel_tt0438097	tt0438097	Ellie	431.26
ice.age.the.mel_tt0438097	tt0438097	Layla_Zee	48.67
ice.age_tt0268380	tt0268380	Scrat	152.19
ice.age_tt0268380	tt0268380	Zeke	73.78
ice.age_tt0268380	tt0268380	Glypto_1	18.39
ice.age_tt0268380	tt0268380	Frank	78.87
ice.age_tt0268380	tt0268380	Freaky_Mammal_2	9.38
ice.age_tt0268380	tt0268380	Freaky_Mammal_1	6.38
ice.age_tt0268380	tt0268380	Carl	73.57
ice.age_tt0268380	tt0268380	Start_1	21.60
ice.age_tt0268380	tt0268380	Rachel	31.70
ice.age_tt0268380	tt0268380	Manny	344.51
ice.age_tt0268380	tt0268380	Sid	914.96
ice.age_tt0268380	tt0268380	Nadia	58.73
ice.age_tt0268380	tt0268380	Roshan,_the_Infant	607.19
ice.age_tt0268380	tt0268380	Runar	131.17
ice.age_tt0268380	tt0268380	Soto	157.45
ice.age_tt0268380	tt0268380	Diego	607.06
ice.age_tt0268380	tt0268380	Jennifer	48.42
ice.age_tt0268380	tt0268380	Lenny	36.75
ice.age_tt0268380	tt0268380	Dodo_5	62.44
imaginary.frien_tt11152168	tt11152168	Art_Teacher	61.31
imaginary.frien_tt11152168	tt11152168	Blossom	264.10
imaginary.frien_tt11152168	tt11152168	Blue	593.01
imaginary.frien_tt11152168	tt11152168	Octocat	10.76
imaginary.frien_tt11152168	tt11152168	Sunny	42.00
imaginary.frien_tt11152168	tt11152168	Magician_Mouse	46.21
imaginary.frien_tt11152168	tt11152168	Bubble	44.25
imaginary.frien_tt11152168	tt11152168	Green_Creature	30.78
imaginary.frien_tt11152168	tt11152168	SDog	65.36
imaginary.frien_tt11152168	tt11152168	Ice	25.90
imaginary.frien_tt11152168	tt11152168	Robot	23.86
imaginary.frien_tt11152168	tt11152168	Cosmo	6.55
imaginary.frien_tt11152168	tt11152168	Lewis	203.49
imaginary.frien_tt11152168	tt11152168	Spaceman	2.75
imaginary.frien_tt11152168	tt11152168	Unicorn	89.96
imaginary.frien_tt11152168	tt11152168	Ally	54.43
imaginary.frien_tt11152168	tt11152168	Red_Creature	15.64
imaginary.frien_tt11152168	tt11152168	Blue_Creature	6.01
imaginary.frien_tt11152168	tt11152168	Marshmallow	10.26
incredibles.2_tt3606756	tt3606756	Rick_Dicker	91.88
incredibles.2_tt3606756	tt3606756	Tony_Rydinger	205.20
incredibles.2_tt3606756	tt3606756	Violet_Parr	743.37
incredibles.2_tt3606756	tt3606756	Helen_Parr_(Elastigirl)	1412.24
incredibles.2_tt3606756	tt3606756	Evelyn_Deavor	525.69
incredibles.2_tt3606756	tt3606756	Winston_Deavor	526.48
incredibles.2_tt3606756	tt3606756	Ambassador	65.36
incredibles.2_tt3606756	tt3606756	Dash_Parr	592.01
incredibles.2_tt3606756	tt3606756	Jack-Jack_Parr	668.58
incredibles.2_tt3606756	tt3606756	Bob_Parr	1430.10
incredibles.2_tt3606756	tt3606756	The_Underminer	8.93
incredibles.2_tt3606756	tt3606756	Krushauer	84.21
incredibles.2_tt3606756	tt3606756	Lucius_Best_(Frozone)	181.26
incredibles.2_tt3606756	tt3606756	Chad_Brentley	117.78
incredibles.2_tt3606756	tt3606756	Edna_Mode	199.78
incredibles.2_tt3606756	tt3606756	Fironic	8.43
incredibles.2_tt3606756	tt3606756	He-lectrix	67.69
incredibles.2_tt3606756	tt3606756	Rocky	33.78
incredibles.2_tt3606756	tt3606756	Brick	92.34
incredibles.2_tt3606756	tt3606756	Reflux	52.43
incredibles.2_tt3606756	tt3606756	Voyd	104.90
incredibles.2_tt3606756	tt3606756	Screech	96.68
incredibles_tt0317705	tt0317705	Mr._Incredible_/_Bob_Parr	1394.43
incredibles_tt0317705	tt0317705	Elastigirl_/_Helen_Parr	1135.55
incredibles_tt0317705	tt0317705	Frozone_/_Lucius_Best	45.00
incredibles_tt0317705	tt0317705	Principal_John_Walker	56.35
incredibles_tt0317705	tt0317705	Dashiell	585.54
incredibles_tt0317705	tt0317705	Squeaker's_Owner	13.43
incredibles_tt0317705	tt0317705	Kari_McKeen	71.53
incredibles_tt0317705	tt0317705	Police_Officer_#1	48.80
incredibles_tt0317705	tt0317705	Incrediboy_/_Buddy_Pine	63.10
incredibles_tt0317705	tt0317705	Mugger	13.10
incredibles_tt0317705	tt0317705	Tony_Rydinger	57.10
incredibles_tt0317705	tt0317705	Bomb_Voyage	17.43
incredibles_tt0317705	tt0317705	Syndrome_/_Buddy_Pine	211.17
incredibles_tt0317705	tt0317705	Minister	18.56
incredibles_tt0317705	tt0317705	Edna	230.61
incredibles_tt0317705	tt0317705	Rick_Dicker	54.22
incredibles_tt0317705	tt0317705	Violet_(without_costume)	169.04
incredibles_tt0317705	tt0317705	Mrs._Hogenson	17.10
incredibles_tt0317705	tt0317705	Jack-Jack_Parr	121.12
incredibles_tt0317705	tt0317705	Gilbert_Huph	81.16
incredibles_tt0317705	tt0317705	Bernie_Kropp	50.59
incredibles_tt0317705	tt0317705	Violet_Parr	261.39
incredibles_tt0317705	tt0317705	Guard_#1	62.40
incredibles_tt0317705	tt0317705	Mirage	169.50
incredibles_tt0317705	tt0317705	Underminer	7.47
inside.out.2_tt22022452	tt22022452	Riley_Anderson	773.81
inside.out.2_tt22022452	tt22022452	Joy	1756.13
inside.out.2_tt22022452	tt22022452	Grace	296.38
inside.out.2_tt22022452	tt22022452	Riley's_Mom	100.35
inside.out.2_tt22022452	tt22022452	Riley's_Dad	75.12
inside.out.2_tt22022452	tt22022452	Bree	156.53
inside.out.2_tt22022452	tt22022452	Coach_Roberts	71.65
inside.out.2_tt22022452	tt22022452	Anger	392.31
inside.out.2_tt22022452	tt22022452	Fear	529.95
inside.out.2_tt22022452	tt22022452	Mom's_Anger	405.90
inside.out.2_tt22022452	tt22022452	Disgust	1132.17
inside.out.2_tt22022452	tt22022452	Valentina	222.64
inside.out.2_tt22022452	tt22022452	Sadness	851.22
inside.out.2_tt22022452	tt22022452	Dad's_Anger	140.43
inside.out.2_tt22022452	tt22022452	Fritz	17.89
inside.out.2_tt22022452	tt22022452	Margie	17.52
inside.out.2_tt22022452	tt22022452	Foreman	30.49
inside.out.2_tt22022452	tt22022452	Jake	9.18
inside.out.2_tt22022452	tt22022452	Anxiety	751.88
inside.out.2_tt22022452	tt22022452	Envy	490.41
inside.out.2_tt22022452	tt22022452	Embarrassment	281.86
inside.out.2_tt22022452	tt22022452	Ennui	69.15
inside.out.2_tt22022452	tt22022452	Nostalgia	18.94
inside.out.2_tt22022452	tt22022452	Mind_Cop_Frank	11.18
inside.out.2_tt22022452	tt22022452	Mind_Cop_Dave	6.30
inside.out.2_tt22022452	tt22022452	Bloofy	88.80
inside.out.2_tt22022452	tt22022452	Lance_Slashblade	62.31
inside.out.2_tt22022452	tt22022452	Deep_Dark_Secret	27.36
inside.out.2_tt22022452	tt22022452	Pouchy	33.66
inside.out.2_tt22022452	tt22022452	Forgetter_Bobby	7.55
inside.out.2_tt22022452	tt22022452	Forgetter_Paula	7.05
inside.out_tt2096673	tt2096673	Joy	1770.60
inside.out_tt2096673	tt2096673	Riley's_Dad	198.36
inside.out_tt2096673	tt2096673	Sadness	997.25
inside.out_tt2096673	tt2096673	Riley_(Young)	90.97
inside.out_tt2096673	tt2096673	Fear	415.71
inside.out_tt2096673	tt2096673	Riley's_Mom	235.69
inside.out_tt2096673	tt2096673	Dad�s_Fear	14.56
inside.out_tt2096673	tt2096673	Disgust	572.45
inside.out_tt2096673	tt2096673	Anger	475.64
inside.out_tt2096673	tt2096673	Riley's_Friend	29.99
inside.out_tt2096673	tt2096673	Riley_Anderson	511.72
inside.out_tt2096673	tt2096673	Mom's_Anger	31.78
inside.out_tt2096673	tt2096673	Helicopter_Pilot	24.86
inside.out_tt2096673	tt2096673	No_Pants_Girl	114.24
inside.out_tt2096673	tt2096673	Jordan	46.63
inside.out_tt2096673	tt2096673	Fritz	7.63
inside.out_tt2096673	tt2096673	Teacher	24.44
inside.out_tt2096673	tt2096673	Jangles	13.85
inside.out_tt2096673	tt2096673	Mom�s_Joy	21.52
inside.out_tt2096673	tt2096673	Mom�s_Fear	17.98
inside.out_tt2096673	tt2096673	Mom�s_Disgust	41.17
inside.out_tt2096673	tt2096673	Mom's_Sadness	56.64
inside.out_tt2096673	tt2096673	Dad's_Anger	37.41
inside.out_tt2096673	tt2096673	Forgettor_Bobby	56.35
inside.out_tt2096673	tt2096673	Forgettor_Paula	23.69
inside.out_tt2096673	tt2096673	Bing_Bong	415.58
inside.out_tt2096673	tt2096673	Male_Mind_Worker	8.63
inside.out_tt2096673	tt2096673	Female_Mind_Worker	20.31
inside.out_tt2096673	tt2096673	Male_Cloud	2.75
inside.out_tt2096673	tt2096673	Train_of_Thought_Conductor	10.55
inside.out_tt2096673	tt2096673	Dream_Director	43.92
inside.out_tt2096673	tt2096673	Subconscious_Guard_Dave	27.15
inside.out_tt2096673	tt2096673	Subconscious_Guard_Frank	26.32
inside.out_tt2096673	tt2096673	Mind_Worker_Cop_Jake	10.14
inside.out_tt2096673	tt2096673	Clown's_Joy	4.50
jungle.book_tt0061852	tt0061852	Bagheera	637.39
jungle.book_tt0061852	tt0061852	Rama	71.11
jungle.book_tt0061852	tt0061852	Baloo	928.09
jungle.book_tt0061852	tt0061852	Kaa	218.72
jungle.book_tt0061852	tt0061852	Akela	47.63
jungle.book_tt0061852	tt0061852	Mowgli	1116.91
jungle.book_tt0061852	tt0061852	Dizzy	39.16
jungle.book_tt0061852	tt0061852	Colonel_Hathi	157.12
jungle.book_tt0061852	tt0061852	Winifred	72.82
jungle.book_tt0061852	tt0061852	Junior	108.36
jungle.book_tt0061852	tt0061852	Slob_Elephant	31.41
jungle.book_tt0061852	tt0061852	Ziggy	120.37
jungle.book_tt0061852	tt0061852	King_Louie	163.20
jungle.book_tt0061852	tt0061852	Buzzie	175.17
jungle.book_tt0061852	tt0061852	Shere_Khan	273.44
jungle.book_tt0061852	tt0061852	Flaps	156.91
jungle.book_tt0061852	tt0061852	Shanti	47.55
jungle_book	tt3040964	Raksha	237.24
jungle_book	tt3040964	Gray	152.49
jungle_book	tt3040964	Bagheera	313.73
jungle_book	tt3040964	Akela	308.43
jungle_book	tt3040964	Neelgai_Deer	3.25
jungle_book	tt3040964	Giant_Squirrel	5.67
jungle_book	tt3040964	Shere_Khan	232.69
jungle_book	tt3040964	Pygmy_Hog	28.19
jungle_book	tt3040964	King_Louie	154.70
king.of.kings_tt7967302	tt7967302	Thomas	243.03
king.of.kings_tt7967302	tt7967302	Roman	90.22
king.of.kings_tt7967302	tt7967302	Pontius_Pilate	92.88
king.of.kings_tt7967302	tt7967302	Charles_Dickens	1134.22
king.of.kings_tt7967302	tt7967302	Catherine_Dickens	390.47
king.of.kings_tt7967302	tt7967302	Mary_of_Bethany	194.78
king.of.kings_tt7967302	tt7967302	Willa_the_Cat	63.86
king.of.kings_tt7967302	tt7967302	Walter_Dickens	1249.79
king.of.kings_tt7967302	tt7967302	Cat	275.53
king.of.kings_tt7967302	tt7967302	Human_character_3	265.31
king.of.kings_tt7967302	tt7967302	Jesus_Christ	976.89
king.of.kings_tt7967302	tt7967302	Dismas	209.88
king.of.kings_tt7967302	tt7967302	Human_character_2	202.91
king.of.kings_tt7967302	tt7967302	Peter	672.21
king.of.kings_tt7967302	tt7967302	Adulteress	51.59
king.of.kings_tt7967302	tt7967302	King_Herod	89.09
king.of.kings_tt7967302	tt7967302	Pharisee_Hillel	256.13
king.of.kings_tt7967302	tt7967302	Phillip	197.66
king.of.kings_tt7967302	tt7967302	Human_character_1	415.50
king.of.kings_tt7967302	tt7967302	Pharisee_Eleazar	293.71
king.of.kings_tt7967302	tt7967302	High_Priest_Caiaphas	129.42
king.of.kings_tt7967302	tt7967302	Matthew	178.47
king.of.kings_tt7967302	tt7967302	James_the_Greater	31.41
kung.fu.panda.2_tt1302011	tt1302011	Wolf_Soldiers	112.95
kung.fu.panda.2_tt1302011	tt1302011	Wolf_Boss	115.53
kung.fu.panda.2_tt1302011	tt1302011	Po	1590.38
kung.fu.panda.2_tt1302011	tt1302011	Bunny_Fan	50.47
kung.fu.panda.2_tt1302011	tt1302011	Pig_Mother	80.66
kung.fu.panda.2_tt1302011	tt1302011	Crane	73.66
kung.fu.panda.2_tt1302011	tt1302011	Viper	124.29
kung.fu.panda.2_tt1302011	tt1302011	Mantis	13.89
kung.fu.panda.2_tt1302011	tt1302011	Tigress	444.44
kung.fu.panda.2_tt1302011	tt1302011	Monkey	234.40
kung.fu.panda.2_tt1302011	tt1302011	Shifu	182.47
kung.fu.panda.2_tt1302011	tt1302011	Wo_Hop	74.41
kung.fu.panda.2_tt1302011	tt1302011	Musician_Bunny	25.02
kung.fu.panda.2_tt1302011	tt1302011	Mr._Ping	213.17
kung.fu.panda.2_tt1302011	tt1302011	Baby_Po	80.46
kung.fu.panda.2_tt1302011	tt1302011	Master_Croc	31.66
kung.fu.panda.2_tt1302011	tt1302011	Master_Ox	53.93
kung.fu.panda.2_tt1302011	tt1302011	Master_Rhino	15.43
kung.fu.panda.2_tt1302011	tt1302011	Soothsayer	191.23
kung.fu.panda.2_tt1302011	tt1302011	Shen	398.31
kung.fu.panda.2_tt1302011	tt1302011	Gorilla_Guards	65.77
kung.fu.panda.2_tt1302011	tt1302011	Market_Sheep	29.15
kung.fu.panda.2_tt1302011	tt1302011	Antelope_Driver	9.68
kung.fu.panda.3_tt2267968	tt2267968	Oogway	49.34
kung.fu.panda.3_tt2267968	tt2267968	Kai	270.81
kung.fu.panda.3_tt2267968	tt2267968	Grandma_Panda	234.23
kung.fu.panda.3_tt2267968	tt2267968	Po	1289.16
kung.fu.panda.3_tt2267968	tt2267968	Tigress	354.81
kung.fu.panda.3_tt2267968	tt2267968	Lei_Lei	345.43
kung.fu.panda.3_tt2267968	tt2267968	Bao	501.63
kung.fu.panda.3_tt2267968	tt2267968	Monkey	191.36
kung.fu.panda.3_tt2267968	tt2267968	Crane	78.66
kung.fu.panda.3_tt2267968	tt2267968	Li	674.47
kung.fu.panda.3_tt2267968	tt2267968	Cheering_Bunny	44.04
kung.fu.panda.3_tt2267968	tt2267968	Dumpling_Record_Pig	110.19
kung.fu.panda.3_tt2267968	tt2267968	Farmer_Rabbit	70.57
kung.fu.panda.3_tt2267968	tt2267968	Rabbit_Villager	58.98
kung.fu.panda.3_tt2267968	tt2267968	Mrs._Chow	29.53
kung.fu.panda.3_tt2267968	tt2267968	Shifu	387.14
kung.fu.panda.3_tt2267968	tt2267968	Viper	95.76
kung.fu.panda.3_tt2267968	tt2267968	Mantis	13.01
kung.fu.panda.3_tt2267968	tt2267968	Meng_Meng	86.59
kung.fu.panda.3_tt2267968	tt2267968	Mr._Ping	201.12
kung.fu.panda.3_tt2267968	tt2267968	Hom_Lee	513.85
kung.fu.panda.3_tt2267968	tt2267968	Mei_Mei	283.53
kung.fu.panda.3_tt2267968	tt2267968	Master_Bear	15.52
kung.fu.panda.3_tt2267968	tt2267968	Ku_Ku	24.48
kung.fu.panda.3_tt2267968	tt2267968	Master_Chicken	2.54
kung.fu.panda.3_tt2267968	tt2267968	Master_Croc	13.14
kung.fu.panda.4_tt21692408	tt21692408	Picture_Bunny_Kid	50.47
kung.fu.panda.4_tt21692408	tt21692408	Frightened_Ram	5.80
kung.fu.panda.4_tt21692408	tt21692408	Ram_Foreman	17.85
kung.fu.panda.4_tt21692408	tt21692408	Ram_Worker	15.39
kung.fu.panda.4_tt21692408	tt21692408	Dark_Brown_Den_Bunny	68.90
kung.fu.panda.4_tt21692408	tt21692408	Mr._Ping	139.51
kung.fu.panda.4_tt21692408	tt21692408	Shifu	267.64
kung.fu.panda.4_tt21692408	tt21692408	Li	380.38
kung.fu.panda.4_tt21692408	tt21692408	Bunny_Bartender	61.23
kung.fu.panda.4_tt21692408	tt21692408	Brown_Den_Bunny	109.23
kung.fu.panda.4_tt21692408	tt21692408	Po	1594.72
kung.fu.panda.4_tt21692408	tt21692408	Autograph-Seeking_Fan_#1	49.13
kung.fu.panda.4_tt21692408	tt21692408	Action_Figure_Pig_Kid	62.94
kung.fu.panda.4_tt21692408	tt21692408	Boastful_Komodo	60.19
kung.fu.panda.4_tt21692408	tt21692408	Piglet_#2	13.26
kung.fu.panda.4_tt21692408	tt21692408	Goose_Jail_Guard	2.59
kung.fu.panda.4_tt21692408	tt21692408	White_Den_Bunny	80.58
kung.fu.panda.4_tt21692408	tt21692408	Tigress	18.18
kung.fu.panda.4_tt21692408	tt21692408	Fish	11.59
kung.fu.panda.4_tt21692408	tt21692408	Mantis	2.96
kung.fu.panda.4_tt21692408	tt21692408	Bull_Officer_#2	28.28
kung.fu.panda.4_tt21692408	tt21692408	Zhen	966.67
kung.fu.panda.4_tt21692408	tt21692408	Last_Ram	10.64
kung.fu.panda.4_tt21692408	tt21692408	Chameleon	284.91
kung.fu.panda.4_tt21692408	tt21692408	Badger_Crime_Boss	43.84
kung.fu.panda.4_tt21692408	tt21692408	Granny_Boar	58.73
kung.fu.panda.4_tt21692408	tt21692408	Bear_Crime_Boss	43.04
kung.fu.panda.4_tt21692408	tt21692408	Croc_Crime_Boss	26.23
kung.fu.panda.4_tt21692408	tt21692408	Wolf_Crime_Boss	145.14
kung.fu.panda.4_tt21692408	tt21692408	Tavern_Patron_#2	88.21
kung.fu.panda.4_tt21692408	tt21692408	Questioned_Boar	116.32
kung.fu.panda.4_tt21692408	tt21692408	Bull_Officer_#1	12.51
kung.fu.panda.4_tt21692408	tt21692408	Han	77.12
kung.fu.panda.4_tt21692408	tt21692408	Tai_Lung	88.84
kung.fu.panda.4_tt21692408	tt21692408	Monkey	3.50
kung.fu.panda.4_tt21692408	tt21692408	Crane	0.71
kung.fu.panda_tt0441773	tt0441773	Bunny_Mom	19.14
kung.fu.panda_tt0441773	tt0441773	Po	1665.00
kung.fu.panda_tt0441773	tt0441773	Tigress	303.93
kung.fu.panda_tt0441773	tt0441773	Monkey	201.16
kung.fu.panda_tt0441773	tt0441773	Bunny_Fan_2	59.89
kung.fu.panda_tt0441773	tt0441773	Mr._Ping	98.72
kung.fu.panda_tt0441773	tt0441773	Bunny_Fan_1	59.27
kung.fu.panda_tt0441773	tt0441773	Pig_Patron	53.34
kung.fu.panda_tt0441773	tt0441773	Gong_Pig	20.60
kung.fu.panda_tt0441773	tt0441773	Shifu	1035.58
kung.fu.panda_tt0441773	tt0441773	Viper	138.60
kung.fu.panda_tt0441773	tt0441773	Crane	62.94
kung.fu.panda_tt0441773	tt0441773	Mantis	19.98
kung.fu.panda_tt0441773	tt0441773	Muh_Lin	40.21
kung.fu.panda_tt0441773	tt0441773	Oogway	183.06
kung.fu.panda_tt0441773	tt0441773	Tai_Lung	248.21
kung.fu.panda_tt0441773	tt0441773	KG_Shaw	15.27
kung.fu.panda_tt0441773	tt0441773	JR_Shaw	47.59
kung.fu.panda_tt0441773	tt0441773	Commander_Vachir	59.23
kung.fu.panda_tt0441773	tt0441773	Rhino_Guard	13.89
kung.fu.panda_tt0441773	tt0441773	Tai_Lung_(Baby)	10.47
lady.and.the.tr_tt0048280	tt0048280	Lady	1229.69
lady.and.the.tr_tt0048280	tt0048280	Hyena	20.35
lady.and.the.tr_tt0048280	tt0048280	Beaver	95.64
lady.and.the.tr_tt0048280	tt0048280	Pedro	68.23
lady.and.the.tr_tt0048280	tt0048280	Rat	25.61
lady.and.the.tr_tt0048280	tt0048280	Jock	317.78
lady.and.the.tr_tt0048280	tt0048280	Trusty	172.42
lady.and.the.tr_tt0048280	tt0048280	Tramp	756.96
lady.and.the.tr_tt0048280	tt0048280	Joe	42.21
lady.and.the.tr_tt0048280	tt0048280	Peg	99.52
lady.and.the.tr_tt0048280	tt0048280	Bull	100.98
lady.and.the.tr_tt0048280	tt0048280	Dogcatcher	0.88
lady.and.the.tr_tt0048280	tt0048280	Aunt_Sarah	8.47
lady.and.the.tr_tt0048280	tt0048280	Am	11.85
lady.and.the.tr_tt0048280	tt0048280	Si	48.05
lady.and.the.tr_tt0048280	tt0048280	Policeman	17.02
lady.and.the.tr_tt0048280	tt0048280	Professor	16.68
lady.and.the.tr_tt0048280	tt0048280	Alligator	3.55
lady.and.the.tr_tt0048280	tt0048280	Tony	72.32
lady.and.the.tr_tt0048280	tt0048280	Chicken	5.09
lady.and.the.tr_tt0048280	tt0048280	Toughy	96.51
lady.and.the.tr_tt0048280	tt0048280	Boris	98.60
lady.and.the.tr_tt0048280	tt0048280	Dachsie	15.72
land.before.tim_tt0095489	tt0095489	Petrie	80.95
land.before.tim_tt0095489	tt0095489	Littlefoot	541.84
land.before.tim_tt0095489	tt0095489	Crow_Character	56.06
land.before.tim_tt0095489	tt0095489	Littlefoot's_Mother	121.92
land.before.tim_tt0095489	tt0095489	Ducky's_Mom	37.90
land.before.tim_tt0095489	tt0095489	Ducky	347.65
land.before.tim_tt0095489	tt0095489	Spike	155.59
land.before.tim_tt0095489	tt0095489	Rooter	85.75
land.before.tim_tt0095489	tt0095489	Cera	565.20
land.before.tim_tt0095489	tt0095489	Daddy_Topps	70.57
land.before.tim_tt0095489	tt0095489	T_Rex	67.50
land.before.tim_tt0095489	tt0095489	Ankylosaurus_Character	8.61
land.before.tim_tt0095489	tt0095489	Petrie's_Mom	7.61
lego.batman.mov_tt4116284	tt4116284	Batman_/_Bruce_Wayne	1484.77
lego.batman.mov_tt4116284	tt4116284	Pilot_Bill	26.07
lego.batman.mov_tt4116284	tt4116284	Captain_Dale	9.93
lego.batman.mov_tt4116284	tt4116284	Reporter_Pippa	86.71
lego.batman.mov_tt4116284	tt4116284	Joker	532.78
lego.batman.mov_tt4116284	tt4116284	Bruce_Wayne	178.51
lego.batman.mov_tt4116284	tt4116284	Riddler_/_Edward_Nigma	41.08
lego.batman.mov_tt4116284	tt4116284	Tarantula	5.26
lego.batman.mov_tt4116284	tt4116284	Scarecrow_/_Jonathan_Crane	4.17
lego.batman.mov_tt4116284	tt4116284	Two-Face_/_Harvey_Dent	10.76
lego.batman.mov_tt4116284	tt4116284	Captain_Boomerang	8.38
lego.batman.mov_tt4116284	tt4116284	Catwoman_/_Selina_Kyle	23.69
lego.batman.mov_tt4116284	tt4116284	King_Tut	12.47
lego.batman.mov_tt4116284	tt4116284	Poison_Ivy_/_Pamela_Isley	46.55
lego.batman.mov_tt4116284	tt4116284	Lord_Voldemort	64.19
lego.batman.mov_tt4116284	tt4116284	Crazy_Quilt	10.01
lego.batman.mov_tt4116284	tt4116284	Eraser	2.59
lego.batman.mov_tt4116284	tt4116284	Orca	4.59
lego.batman.mov_tt4116284	tt4116284	Killer_Moth	9.13
lego.batman.mov_tt4116284	tt4116284	March_Harriet	30.86
lego.batman.mov_tt4116284	tt4116284	Zodiac_Master	1.08
lego.batman.mov_tt4116284	tt4116284	Calendar_Man	1.96
lego.batman.mov_tt4116284	tt4116284	Zebra_Man	5.51
lego.batman.mov_tt4116284	tt4116284	Condiment_King	7.38
lego.batman.mov_tt4116284	tt4116284	Chief_O'Hara	130.42
lego.batman.mov_tt4116284	tt4116284	Commissioner_James_Gordon	37.00
lego.batman.mov_tt4116284	tt4116284	Harley_Quinn_/_Harleen_Quinzel	133.13
lego.batman.mov_tt4116284	tt4116284	Flash_/_Barry_Allen	32.62
lego.batman.mov_tt4116284	tt4116284	Anchorman_Phil	20.60
lego.batman.mov_tt4116284	tt4116284	Mayor_McCaskill	66.52
lego.batman.mov_tt4116284	tt4116284	Wicked_Witch_of_the_West	23.65
lego.batman.mov_tt4116284	tt4116284	Batgirl_/_Barbara_Gordon	42.50
lego.batman.mov_tt4116284	tt4116284	Robin_/_Dick_Grayson	629.88
lego.batman.mov_tt4116284	tt4116284	Batgirl_(no_mask)	648.40
lego.batman.mov_tt4116284	tt4116284	Green_Lantern_/_Hal_Jordan	22.65
lego.batman.mov_tt4116284	tt4116284	Agent_Smith	32.78
lego.batman.mov_tt4116284	tt4116284	Reporter_3	23.77
lego.batman.mov_tt4116284	tt4116284	Superman_/_Clark_Kent_/_Kal-El	70.82
lego.batman.mov_tt4116284	tt4116284	Wonder_Woman_/_Diana	22.73
lego.batman.mov_tt4116284	tt4116284	Dracula	48.01
lego.batman.mov_tt4116284	tt4116284	Alfred_Pennyworth	390.52
lego.batman.mov_tt4116284	tt4116284	Kraken	22.36
lego.batman.mov_tt4116284	tt4116284	Reporter_1	7.63
lego.batman.mov_tt4116284	tt4116284	Martian_Manhunter_/_J'onn_J'onzz	4.00
lego.batman.mov_tt4116284	tt4116284	Aquaman_/_Arthur_Curry	11.93
lego.batman.mov_tt4116284	tt4116284	Jor_El	5.67
lego.batman.mov_tt4116284	tt4116284	Creature_of_the_Lagoon	5.21
lego.batman.mov_tt4116284	tt4116284	Medusa	10.30
lego.batman.mov_tt4116284	tt4116284	Raptor	20.10
lego.batman.mov_tt4116284	tt4116284	Penguin_/_Oswald_Cobblepot	6.38
lego.movie.2.th_tt3513498	tt3513498	Ice_Cream_Cone	72.78
lego.movie.2.th_tt3513498	tt3513498	Emmet	1049.55
lego.movie.2.th_tt3513498	tt3513498	Wyldstyle_/_Lucy	943.78
lego.movie.2.th_tt3513498	tt3513498	President_Business	28.07
lego.movie.2.th_tt3513498	tt3513498	Benny	117.33
lego.movie.2.th_tt3513498	tt3513498	Batman_/_Bruce_Wayne	379.80
lego.movie.2.th_tt3513498	tt3513498	Unikitty_/_Ultrakatty	243.08
lego.movie.2.th_tt3513498	tt3513498	Metalbeard	101.52
lego.movie.2.th_tt3513498	tt3513498	Sherry	14.56
lego.movie.2.th_tt3513498	tt3513498	Rex_Dangervest	625.00
lego.movie.2.th_tt3513498	tt3513498	Wonder_Woman_/_Diana	33.99
lego.movie.2.th_tt3513498	tt3513498	Superman_/_Clark_Kent_/_Kal-El	75.91
lego.movie.2.th_tt3513498	tt3513498	Aquaman_/_Arthur_Curry	9.76
lego.movie.2.th_tt3513498	tt3513498	Sewer_Babies	5.76
lego.movie.2.th_tt3513498	tt3513498	Surfer_/_Chainsaw_/_Purgatory_Dave	16.43
lego.movie.2.th_tt3513498	tt3513498	Alfred_Pennyworth	14.64
lego.movie.2.th_tt3513498	tt3513498	Gandalf	13.26
lego.movie.2.th_tt3513498	tt3513498	Hearts	19.31
lego.movie.2.th_tt3513498	tt3513498	Panda	2.46
lego.movie.2.th_tt3513498	tt3513498	Abraham_Lincoln	13.97
lego.movie.2.th_tt3513498	tt3513498	General_Sweet_Mayhem	126.13
lego.movie.2.th_tt3513498	tt3513498	Gary_Payton	7.09
lego.movie.2.th_tt3513498	tt3513498	Lex_Luthor	21.77
lego.movie.2.th_tt3513498	tt3513498	Larry_Poppins	4.63
lego.movie.2.th_tt3513498	tt3513498	Dorothy	6.26
lego.movie.2.th_tt3513498	tt3513498	Banarnar	28.65
lego.movie.2.th_tt3513498	tt3513498	Chocolate_Bar	22.40
lego.movie.2.th_tt3513498	tt3513498	Susan	30.41
lego.movie.2.th_tt3513498	tt3513498	Queen_Watevra_Wa-Nabi	349.77
lego.movie.2.th_tt3513498	tt3513498	Balthazar	57.72
lego.movie.2.th_tt3513498	tt3513498	Octopus	17.52
lego.movie.2.th_tt3513498	tt3513498	Bruce_Willis	9.63
lego.movie.2.th_tt3513498	tt3513498	Plantimals	3.38
lego.movie.2.th_tt3513498	tt3513498	Scarecrow	6.09
lego.movie.2.th_tt3513498	tt3513498	Wonder_Woman_Duplo	19.23
lego.movie.2.th_tt3513498	tt3513498	Cowardly_Lion	2.67
lego.movie.2.th_tt3513498	tt3513498	Tin_Man	2.59
lego.movie_tt1490017	tt1490017	Vitruvius	76.45
lego.movie_tt1490017	tt1490017	Lord_Business	243.79
lego.movie_tt1490017	tt1490017	Octan_Robot	59.93
lego.movie_tt1490017	tt1490017	Emmet	1148.44
lego.movie_tt1490017	tt1490017	Han_Solo	64.27
lego.movie_tt1490017	tt1490017	Wally	64.73
lego.movie_tt1490017	tt1490017	Benny	127.17
lego.movie_tt1490017	tt1490017	Michelangelo	12.26
lego.movie_tt1490017	tt1490017	Superman_/_Clark_Kent_/_Kal-El	67.19
lego.movie_tt1490017	tt1490017	Surfer_Dave	10.09
lego.movie_tt1490017	tt1490017	Gail	54.01
lego.movie_tt1490017	tt1490017	Green_Lantern_/_Hal_Jordan	21.81
lego.movie_tt1490017	tt1490017	Wyldstyle_/_Lucy	610.99
lego.movie_tt1490017	tt1490017	Foreman_Jim	45.09
lego.movie_tt1490017	tt1490017	Larry_the_Barista	21.94
lego.movie_tt1490017	tt1490017	Barry	32.45
lego.movie_tt1490017	tt1490017	Bad_Cop	167.13
lego.movie_tt1490017	tt1490017	Abraham_Lincoln	11.47
lego.movie_tt1490017	tt1490017	Good_Cop	22.73
lego.movie_tt1490017	tt1490017	William_Shakespeare	17.18
lego.movie_tt1490017	tt1490017	Lando_Calrissian	9.88
lego.movie_tt1490017	tt1490017	Robot_Foreman	42.08
lego.movie_tt1490017	tt1490017	Lord_Business'_Assistant	3.63
lego.movie_tt1490017	tt1490017	Pa_Cop	34.24
lego.movie_tt1490017	tt1490017	Ma_Cop	39.83
lego.movie_tt1490017	tt1490017	Batman_/_Bruce_Wayne	177.09
lego.movie_tt1490017	tt1490017	Unikitty	221.26
lego.movie_tt1490017	tt1490017	Albus_Dumbledore	7.84
lego.movie_tt1490017	tt1490017	Wonder_Woman_/_Diana	23.65
lego.movie_tt1490017	tt1490017	Shaq	9.30
lego.movie_tt1490017	tt1490017	Milhouse_Van_Houten	1.38
lego.movie_tt1490017	tt1490017	Flash	0.46
lego.ninjago.mo_tt3014284	tt3014284	Lloyd	1191.77
lego.ninjago.mo_tt3014284	tt3014284	Kai	392.18
lego.ninjago.mo_tt3014284	tt3014284	Pilate_Studio_Owner	55.43
lego.ninjago.mo_tt3014284	tt3014284	Lord_Garmadon	1052.13
lego.ninjago.mo_tt3014284	tt3014284	General_Olivia	56.81
lego.ninjago.mo_tt3014284	tt3014284	Master_Wu	359.90
lego.ninjago.mo_tt3014284	tt3014284	Cole	411.70
lego.ninjago.mo_tt3014284	tt3014284	Nya	403.90
lego.ninjago.mo_tt3014284	tt3014284	Robin_Roberts	50.68
lego.ninjago.mo_tt3014284	tt3014284	Michael_Strahan	34.62
lego.ninjago.mo_tt3014284	tt3014284	Koko	246.41
lego.ninjago.mo_tt3014284	tt3014284	Zane	380.80
lego.ninjago.mo_tt3014284	tt3014284	Terri_IT_Nerd	17.77
lego.ninjago.mo_tt3014284	tt3014284	Mayor	16.56
lego.ninjago.mo_tt3014284	tt3014284	Chen_the_Cheerleader	41.33
lego.ninjago.mo_tt3014284	tt3014284	Maggie_the_Cheerleader	26.19
lego.ninjago.mo_tt3014284	tt3014284	Jay	404.49
lego.ninjago.mo_tt3014284	tt3014284	General_Jolly	39.46
lego.ninjago.mo_tt3014284	tt3014284	Asimov_IT_Nerd	9.34
lego.ninjago.mo_tt3014284	tt3014284	Fuchsia_Ninja	1.25
lightyear_tt10298810	tt10298810	Buzz_Lightyear	1887.76
lightyear_tt10298810	tt10298810	Featheringhamstan	304.72
lightyear_tt10298810	tt10298810	Alicia_Hawthorne	558.35
lightyear_tt10298810	tt10298810	Izzy_Hawthorne	331.50
lightyear_tt10298810	tt10298810	Mo_Morrison	436.85
lightyear_tt10298810	tt10298810	Izzy_(Young)	20.23
lightyear_tt10298810	tt10298810	Airman_Diaz	30.78
lightyear_tt10298810	tt10298810	Sox	451.45
lightyear_tt10298810	tt10298810	Darby_Steel	378.34
lightyear_tt10298810	tt10298810	Commander_Burnside	73.87
lightyear_tt10298810	tt10298810	Zurg	68.36
lightyear_tt10298810	tt10298810	Zyclops	46.88
lilo..stitch_tt0275847	tt0275847	Grand_Councilwoman	248.04
lilo..stitch_tt0275847	tt0275847	Captain_Gantu	169.04
lilo..stitch_tt0275847	tt0275847	Jumba_Jookiba	415.41
lilo..stitch_tt0275847	tt0275847	Stitch	1199.95
lilo..stitch_tt0275847	tt0275847	Pleakley	267.93
lilo..stitch_tt0275847	tt0275847	Lilo_Pelekai	1285.66
lilo..stitch_tt0275847	tt0275847	Nani_Pelekai	1238.40
lilo..stitch_tt0275847	tt0275847	Moses_Puloki	88.09
lilo..stitch_tt0275847	tt0275847	Susan_Hegarty	77.04
lilo..stitch_tt0275847	tt0275847	Ice_Cream_Man	12.51
lilo..stitch_tt0275847	tt0275847	Mertle_Edmonds	119.29
lilo..stitch_tt0275847	tt0275847	David_Kawena	266.27
lilo..stitch_tt0275847	tt0275847	Cobra_Bubbles	207.29
lion.king_tt0110357	tt0110357	Zazu	264.26
lion.king_tt0110357	tt0110357	Mufasa	283.91
lion.king_tt0110357	tt0110357	Rafiki	189.19
lion.king_tt0110357	tt0110357	Sarabi	162.75
lion.king_tt0110357	tt0110357	Simba_(Young)	830.25
lion.king_tt0110357	tt0110357	Nala	146.31
lion.king_tt0110357	tt0110357	Scar	465.51
lion.king_tt0110357	tt0110357	Sarafina	226.98
lion.king_tt0110357	tt0110357	Nala_(Young)	132.09
lion.king_tt0110357	tt0110357	Pumbaa	347.76
lion.king_tt0110357	tt0110357	Simba	807.97
lion.king_tt0110357	tt0110357	Banzai	76.33
lion.king_tt0110357	tt0110357	Shenzi	110.03
lion.king_tt0110357	tt0110357	Ed	118.70
lion.king_tt0110357	tt0110357	Timon	422.76
lion.king_tt6105098	tt6105098	Timon	376.83
lion.king_tt6105098	tt6105098	Mufasa	288.29
lion.king_tt6105098	tt6105098	Rafiki	98.01
lion.king_tt6105098	tt6105098	Sarabi	283.16
lion.king_tt6105098	tt6105098	Nala_(Young)	299.84
lion.king_tt6105098	tt6105098	Simba_(Young)	697.32
lion.king_tt6105098	tt6105098	Scar	521.77
lion.king_tt6105098	tt6105098	Nala	273.65
lion.king_tt6105098	tt6105098	Simba	550.80
lion.king_tt6105098	tt6105098	Sarafina	33.74
lion.king_tt6105098	tt6105098	Shenzi	200.49
lion.king_tt6105098	tt6105098	Kamari	127.88
lion.king_tt6105098	tt6105098	Azizi	50.05
lion.king_tt6105098	tt6105098	Pumba	298.59
little.mermaid_tt0097757	tt0097757	Max	53.01
little.mermaid_tt0097757	tt0097757	Prince_Eric	505.00
little.mermaid_tt0097757	tt0097757	Grimsby	129.71
little.mermaid_tt0097757	tt0097757	Sebastian	559.77
little.mermaid_tt0097757	tt0097757	Seahorse	28.11
little.mermaid_tt0097757	tt0097757	King_Triton	235.94
little.mermaid_tt0097757	tt0097757	Flotsam_and_Jetsam	92.97
little.mermaid_tt0097757	tt0097757	Flounder	362.90
little.mermaid_tt0097757	tt0097757	Princess_Ariel	1276.78
little.mermaid_tt0097757	tt0097757	Ursula	321.03
little.mermaid_tt0097757	tt0097757	Scuttle	252.54
little.mermaid_tt0097757	tt0097757	Carlotta	31.11
little.mermaid_tt0097757	tt0097757	Chef_Louis	78.33
lorax_tt1482459	tt1482459	Forest_Animals	465.51
lorax_tt1482459	tt1482459	Lorax	460.42
lorax_tt1482459	tt1482459	Cy	71.86
lorax_tt1482459	tt1482459	Once-ler	873.58
lorax_tt1482459	tt1482459	Ted	927.76
lorax_tt1482459	tt1482459	Chet	51.13
lorax_tt1482459	tt1482459	Audrey	256.51
lorax_tt1482459	tt1482459	O'Hare	355.73
lorax_tt1482459	tt1482459	Brett	51.30
lorax_tt1482459	tt1482459	Ted's_Mom	279.90
lorax_tt1482459	tt1482459	Once-ler's_Mom	104.81
lorax_tt1482459	tt1482459	Aunt_Grizelda	89.88
lorax_tt1482459	tt1482459	Grammy_Norma	253.29
lorax_tt1482459	tt1482459	Uncle_Ubb	53.22
lorax_tt1482459	tt1482459	Humming_Fish	289.62
lorax_tt1482459	tt1482459	Once-ler_Old	34.37
lord.of.the.rin_tt0077869	tt0077869	Frodo_Baggins	1507.55
lord.of.the.rin_tt0077869	tt0077869	Peregrin	471.97
lord.of.the.rin_tt0077869	tt0077869	Elrond	141.22
lord.of.the.rin_tt0077869	tt0077869	Bilbo_Baggins	215.51
lord.of.the.rin_tt0077869	tt0077869	Everard_Proudfoot	36.29
lord.of.the.rin_tt0077869	tt0077869	Innkeeper	79.12
lord.of.the.rin_tt0077869	tt0077869	Legolas	293.79
lord.of.the.rin_tt0077869	tt0077869	Samwise_Gamgee	680.81
lord.of.the.rin_tt0077869	tt0077869	Gandalf	563.56
lord.of.the.rin_tt0077869	tt0077869	Gimli	359.90
lord.of.the.rin_tt0077869	tt0077869	Theoden	72.82
lord.of.the.rin_tt0077869	tt0077869	Celeborn	16.06
lord.of.the.rin_tt0077869	tt0077869	Saruman_of_Many_Colours	66.52
lord.of.the.rin_tt0077869	tt0077869	Meriadoc	290.67
lord.of.the.rin_tt0077869	tt0077869	Witch-King	123.50
lord.of.the.rin_tt0077869	tt0077869	Aragorn	778.28
lord.of.the.rin_tt0077869	tt0077869	�omer	8.34
lord.of.the.rin_tt0077869	tt0077869	Grishn�kh	68.15
lord.of.the.rin_tt0077869	tt0077869	Boromir	102.73
lord.of.the.rin_tt0077869	tt0077869	�owyn	65.02
lord.of.the.rin_tt0077869	tt0077869	Galadriel	112.74
lord.of.the.rin_tt0077869	tt0077869	Gollum_/_Smeagol	194.99
lord.of.the.rin_tt0077869	tt0077869	Treebeard	21.86
lord.of.the.rin_tt0077869	tt0077869	Wormtongue	80.37
madagascar.3.eu_tt1277953	tt1277953	Mason	43.63
madagascar.3.eu_tt1277953	tt1277953	Gloria	569.03
madagascar.3.eu_tt1277953	tt1277953	Melman	433.93
madagascar.3.eu_tt1277953	tt1277953	Alex	1206.83
madagascar.3.eu_tt1277953	tt1277953	Skipper	126.50
madagascar.3.eu_tt1277953	tt1277953	Private	65.57
madagascar.3.eu_tt1277953	tt1277953	King_Julien	159.62
madagascar.3.eu_tt1277953	tt1277953	Marty	439.98
madagascar.3.eu_tt1277953	tt1277953	Mayor_of_New_York_City	36.79
madagascar.3.eu_tt1277953	tt1277953	Kid_in_Crowd	44.92
madagascar.3.eu_tt1277953	tt1277953	Casino_Security	48.92
madagascar.3.eu_tt1277953	tt1277953	Captain_Chantel_DuBois	323.20
madagascar.3.eu_tt1277953	tt1277953	Circus_Master	24.40
madagascar.3.eu_tt1277953	tt1277953	Mort	80.37
madagascar.3.eu_tt1277953	tt1277953	Maurice	80.58
madagascar.3.eu_tt1277953	tt1277953	Phil	48.38
madagascar.3.eu_tt1277953	tt1277953	Rico	30.66
madagascar.3.eu_tt1277953	tt1277953	Kowalski	65.65
madagascar.3.eu_tt1277953	tt1277953	First_Policeman	72.24
madagascar.3.eu_tt1277953	tt1277953	Commandante	34.08
madagascar.3.eu_tt1277953	tt1277953	Horses	67.98
madagascar.3.eu_tt1277953	tt1277953	Gia	376.54
madagascar.3.eu_tt1277953	tt1277953	Vitaly	409.91
madagascar.3.eu_tt1277953	tt1277953	Stefano	353.48
madagascar.3.eu_tt1277953	tt1277953	Jonesy_the_Dog	33.74
madagascar.3.eu_tt1277953	tt1277953	Frankie_the_Dog	37.29
madagascar.3.eu_tt1277953	tt1277953	Freddie_the_Dog	42.25
madagascar.3.eu_tt1277953	tt1277953	Second_Policeman	22.31
madagascar.esca_tt0479952	tt0479952	Alex_(Baby)	133.13
madagascar.esca_tt0479952	tt0479952	Zuba	564.19
madagascar.esca_tt0479952	tt0479952	Makunga	289.75
madagascar.esca_tt0479952	tt0479952	Alex	1178.72
madagascar.esca_tt0479952	tt0479952	Marty_(Baby)	12.26
madagascar.esca_tt0479952	tt0479952	Gloria	531.11
madagascar.esca_tt0479952	tt0479952	Melman	575.20
madagascar.esca_tt0479952	tt0479952	Marty	494.41
madagascar.esca_tt0479952	tt0479952	Moto_Moto	272.19
madagascar.esca_tt0479952	tt0479952	Maurice	156.36
madagascar.esca_tt0479952	tt0479952	King_Julien	273.40
madagascar.esca_tt0479952	tt0479952	Mort	35.95
madagascar.esca_tt0479952	tt0479952	Rico	52.14
madagascar.esca_tt0479952	tt0479952	Skipper	163.79
madagascar.esca_tt0479952	tt0479952	Mason	68.57
madagascar.esca_tt0479952	tt0479952	Kowalski	67.48
madagascar.esca_tt0479952	tt0479952	Private	49.59
madagascar.esca_tt0479952	tt0479952	Phil	34.45
madagascar.esca_tt0479952	tt0479952	Florrie	394.56
madagascar.esca_tt0479952	tt0479952	Teetsi	29.07
madagascar_tt0351283	tt0351283	Marty	1041.75
madagascar_tt0351283	tt0351283	Alex	1619.53
madagascar_tt0351283	tt0351283	Gloria	674.42
madagascar_tt0351283	tt0351283	Melman	603.89
madagascar_tt0351283	tt0351283	Phil	19.52
madagascar_tt0351283	tt0351283	Skipper	135.34
madagascar_tt0351283	tt0351283	Private	69.28
madagascar_tt0351283	tt0351283	Kowalski	87.92
madagascar_tt0351283	tt0351283	Police_Horse	8.34
madagascar_tt0351283	tt0351283	Old_Lady	21.02
madagascar_tt0351283	tt0351283	King_Julien	397.40
madagascar_tt0351283	tt0351283	Willie	60.69
madagascar_tt0351283	tt0351283	Lemur_1	54.43
madagascar_tt0351283	tt0351283	Foosa	115.74
madagascar_tt0351283	tt0351283	Mort	108.40
madagascar_tt0351283	tt0351283	Spider	3.88
madagascar_tt0351283	tt0351283	Maurice	307.89
meet.the.robins_tt0396555	tt0396555	Cousin_Tallulah	112.99
meet.the.robins_tt0396555	tt0396555	Mildred	176.97
meet.the.robins_tt0396555	tt0396555	Lewis	1651.69
meet.the.robins_tt0396555	tt0396555	Michael	238.28
meet.the.robins_tt0396555	tt0396555	Grandpa_Bud	226.27
meet.the.robins_tt0396555	tt0396555	Cornelius_Robinson	113.61
meet.the.robins_tt0396555	tt0396555	Uncle_Fritz	191.36
meet.the.robins_tt0396555	tt0396555	Franny_Robinson	216.30
meet.the.robins_tt0396555	tt0396555	Franny_(Young)	81.04
meet.the.robins_tt0396555	tt0396555	Mr._Willerstein	146.65
meet.the.robins_tt0396555	tt0396555	Wilbur_Robinson	742.62
meet.the.robins_tt0396555	tt0396555	Aunt_Billie	102.85
meet.the.robins_tt0396555	tt0396555	Lucille_Krunklehorn	225.35
meet.the.robins_tt0396555	tt0396555	Frankie	106.77
meet.the.robins_tt0396555	tt0396555	Bowler_Hat_Guy	537.75
meet.the.robins_tt0396555	tt0396555	Spike	8.68
meet.the.robins_tt0396555	tt0396555	Uncle_Art	110.82
meet.the.robins_tt0396555	tt0396555	Carl	168.75
meet.the.robins_tt0396555	tt0396555	Dmitri	15.02
meet.the.robins_tt0396555	tt0396555	Uncle_Gaston	99.52
meet.the.robins_tt0396555	tt0396555	Cousin_Laszlo	68.40
meet.the.robins_tt0396555	tt0396555	Aunt_Petunia	88.13
meet.the.robins_tt0396555	tt0396555	Tiny_the_T-Rex	47.84
megamind_tt1001526	tt1001526	Megamind	1364.99
megamind_tt1001526	tt1001526	Megamind's_Mother	46.42
megamind_tt1001526	tt1001526	Megamind's_Father	8.17
megamind_tt1001526	tt1001526	Minion	507.72
megamind_tt1001526	tt1001526	School_Child_1	54.05
megamind_tt1001526	tt1001526	Roxanne_Ritchi	1083.04
megamind_tt1001526	tt1001526	Lady_Scott	16.98
megamind_tt1001526	tt1001526	Crying_Baby	21.86
megamind_tt1001526	tt1001526	Prisoner	37.70
megamind_tt1001526	tt1001526	School_Child_2	32.49
megamind_tt1001526	tt1001526	Mayor	46.38
megamind_tt1001526	tt1001526	Prisoner_Guard_1	51.84
megamind_tt1001526	tt1001526	Prison_Guard_2	41.00
megamind_tt1001526	tt1001526	Hal_Stewart_/_Tighten	491.82
megamind_tt1001526	tt1001526	Bernard	357.94
megamind_tt1001526	tt1001526	Metro_Man	205.29
megamind_tt1001526	tt1001526	Warden	135.18
migration_tt6495056	tt6495056	Pam_Mallard	1223.93
migration_tt6495056	tt6495056	Dax_Mallard	823.41
migration_tt6495056	tt6495056	Gwen_Mallard	766.06
migration_tt6495056	tt6495056	Mack_Mallard	1377.00
migration_tt6495056	tt6495056	Erin	123.37
migration_tt6495056	tt6495056	Googoo	111.95
migration_tt6495056	tt6495056	Kim	127.96
migration_tt6495056	tt6495056	Uncle_Dan	231.06
migration_tt6495056	tt6495056	Snail	3.75
migration_tt6495056	tt6495056	Owl_Character	119.95
migration_tt6495056	tt6495056	Chump	161.58
migration_tt6495056	tt6495056	Delroy	215.51
migration_tt6495056	tt6495056	Human_2_character	26.19
migration_tt6495056	tt6495056	Human_Character	94.43
migration_tt6495056	tt6495056	White_duck_character	50.72
minions.the.ris_tt5113044	tt5113044	Stuart_the_Minion	395.94
minions.the.ris_tt5113044	tt5113044	Belle_Bottom	191.69
minions.the.ris_tt5113044	tt5113044	Master_Chow	249.17
minions.the.ris_tt5113044	tt5113044	Stronghold	89.01
minions.the.ris_tt5113044	tt5113044	Svengeance	39.91
minions.the.ris_tt5113044	tt5113044	Nun-Chuck	34.74
minions.the.ris_tt5113044	tt5113044	Jean_Clawed	71.11
minions.the.ris_tt5113044	tt5113044	Wild_Knuckles	445.49
minions.the.ris_tt5113044	tt5113044	Gru's_Teacher	38.87
minions.the.ris_tt5113044	tt5113044	Gru_(Young)	1170.13
minions.the.ris_tt5113044	tt5113044	Birthday_Kid	34.37
minions.the.ris_tt5113044	tt5113044	Dr._Nefario	64.61
minions.the.ris_tt5113044	tt5113044	Bob_the_Minion	693.90
minions.the.ris_tt5113044	tt5113044	Kevin_the_Minion	459.75
minions.the.ris_tt5113044	tt5113044	Otto_the_Minion	323.11
minions.the.ris_tt5113044	tt5113044	Mr._Perkins	51.55
minions.the.ris_tt5113044	tt5113044	Henchman_#2	24.48
minions.the.ris_tt5113044	tt5113044	Henchman_#3	50.59
minions.the.ris_tt5113044	tt5113044	Henchman_#1	43.13
minions.the.ris_tt5113044	tt5113044	Biker	42.92
minions_tt2293640	tt2293640	Stuart_the_Minion	668.46
minions_tt2293640	tt2293640	Minions	116.03
minions_tt2293640	tt2293640	Bob_the_Minion	1146.02
minions_tt2293640	tt2293640	Kevin_the_Minion	1217.55
minions_tt2293640	tt2293640	Walter_Jr.	107.27
minions_tt2293640	tt2293640	The_Queen	294.38
minions_tt2293640	tt2293640	News_Reporter	90.72
minions_tt2293640	tt2293640	Gru_(Young)	131.59
minions_tt2293640	tt2293640	Herb_Overkill	314.98
minions_tt2293640	tt2293640	Scarlet_Overkill	632.97
minions_tt2293640	tt2293640	Sumo_Villain	68.23
minions_tt2293640	tt2293640	Tina	90.05
minions_tt2293640	tt2293640	Walter_Nelson	175.30
minions_tt2293640	tt2293640	VNC_Announcer	36.24
minions_tt2293640	tt2293640	Madge_Nelson	114.41
minions_tt2293640	tt2293640	Professor_Flux	33.16
minions_tt2293640	tt2293640	Fabrice	20.73
minions_tt2293640	tt2293640	Royal_Advisor	101.77
minions_tt2293640	tt2293640	Tower_Guard	24.86
moana_tt13622970	tt13622970	Moana	2038.58
moana_tt13622970	tt13622970	Pua	212.17
moana_tt13622970	tt13622970	Loto	442.48
moana_tt13622970	tt13622970	Heihei	28.70
moana_tt13622970	tt13622970	Simea	341.26
moana_tt13622970	tt13622970	Sina	329.45
moana_tt13622970	tt13622970	Gramma_Tala	133.47
moana_tt13622970	tt13622970	Chief_Tui	195.70
moana_tt13622970	tt13622970	Kele	294.79
moana_tt13622970	tt13622970	Matangi	255.88
moana_tt13622970	tt13622970	Moni	513.43
moana_tt13622970	tt13622970	Maui	693.61
moana_tt13622970	tt13622970	Tautai_Vasa	45.34
moana_tt13622970	tt13622970	Tamatoa	19.89
moana_tt3521164	tt3521164	Young_Moana	255.51
moana_tt3521164	tt3521164	Hawk_Maui	12.72
moana_tt3521164	tt3521164	Maui	863.28
moana_tt3521164	tt3521164	Moana	1924.21
moana_tt3521164	tt3521164	Te_Kā	70.78
moana_tt3521164	tt3521164	Gramma_Tala	270.56
moana_tt3521164	tt3521164	Chief_Tui	195.49
moana_tt3521164	tt3521164	Sina	236.53
moana_tt3521164	tt3521164	Moni	59.18
moana_tt3521164	tt3521164	Heihei	58.98
moana_tt3521164	tt3521164	Pua	54.60
moana_tt3521164	tt3521164	Eight-Eyed_Bats	0.63
moana_tt3521164	tt3521164	Kakamora	25.78
moana_tt3521164	tt3521164	Kotu	9.68
moana_tt3521164	tt3521164	Tamatoa	106.52
moana_tt3521164	tt3521164	Shark_Maui	41.25
moana_tt3521164	tt3521164	Te_Fiti	36.33
monster.house_tt0385880	tt0385880	Eliza	48.18
monster.house_tt0385880	tt0385880	Horace_Nebbercracker	299.37
monster.house_tt0385880	tt0385880	DJ_Walters	1377.88
monster.house_tt0385880	tt0385880	Mrs._Walters	71.60
monster.house_tt0385880	tt0385880	Mr._Walters	52.82
monster.house_tt0385880	tt0385880	Chowder	978.84
monster.house_tt0385880	tt0385880	"Reginald_""Skull""_Skulinski"	96.03
monster.house_tt0385880	tt0385880	Jenny_Bennett	681.68
monster.house_tt0385880	tt0385880	Zee	224.22
monster.house_tt0385880	tt0385880	Bones	136.07
monster.house_tt0385880	tt0385880	Officer_Lister	152.79
monster.house_tt0385880	tt0385880	Officer_Landers	142.04
monster.house_tt0385880	tt0385880	Constance_Nebbercracker	57.52
monsters.inc._tt0198781	tt0198781	Boo	445.78
monsters.inc._tt0198781	tt0198781	Bile	105.69
monsters.inc._tt0198781	tt0198781	Ms._Flint	12.47
monsters.inc._tt0198781	tt0198781	Rex	22.56
monsters.inc._tt0198781	tt0198781	Sulley_/_James_P._Sullivan	1693.69
monsters.inc._tt0198781	tt0198781	Waternoose	250.79
monsters.inc._tt0198781	tt0198781	Mike_Wazowski	1378.54
monsters.inc._tt0198781	tt0198781	Chalooby	20.65
monsters.inc._tt0198781	tt0198781	George	38.16
monsters.inc._tt0198781	tt0198781	Pete	25.23
monsters.inc._tt0198781	tt0198781	Floor_Manager	37.37
monsters.inc._tt0198781	tt0198781	Fungus	115.62
monsters.inc._tt0198781	tt0198781	Tony	16.31
monsters.inc._tt0198781	tt0198781	Smitty	67.86
monsters.inc._tt0198781	tt0198781	Needleman	62.94
monsters.inc._tt0198781	tt0198781	Celia_Mae	120.95
monsters.inc._tt0198781	tt0198781	Randall_Boggs	294.17
monsters.inc._tt0198781	tt0198781	Roz	83.37
monsters.inc._tt0198781	tt0198781	Charlie	17.35
monsters.inc._tt0198781	tt0198781	Sushi_Chef	9.22
monsters.inc._tt0198781	tt0198781	Yeti	97.18
monsters.univer_tt1453405	tt1453405	Sulley_/_James_P._Sullivan	1486.11
monsters.univer_tt1453405	tt1453405	Randy_Boggs	154.28
monsters.univer_tt1453405	tt1453405	Art	561.39
monsters.univer_tt1453405	tt1453405	Mrs._Graves	56.47
monsters.univer_tt1453405	tt1453405	Johnny	182.85
monsters.univer_tt1453405	tt1453405	Mike_Wazowski	1694.48
monsters.univer_tt1453405	tt1453405	Mike_Wazowski_(Young)	71.20
monsters.univer_tt1453405	tt1453405	Squishy	519.19
monsters.univer_tt1453405	tt1453405	Frank_McCay	62.48
monsters.univer_tt1453405	tt1453405	Ms._Squibbles	101.48
monsters.univer_tt1453405	tt1453405	Greek_Council_VP	126.21
monsters.univer_tt1453405	tt1453405	Greek_Council_President	137.89
monsters.univer_tt1453405	tt1453405	Slug	28.90
monsters.univer_tt1453405	tt1453405	Don_Carlton	483.73
monsters.univer_tt1453405	tt1453405	Professor_Knight	114.28
monsters.univer_tt1453405	tt1453405	Dean_Hardscrabble	287.66
monsters.univer_tt1453405	tt1453405	Terry	398.73
monsters.univer_tt1453405	tt1453405	Terri	415.62
monsters.univer_tt1453405	tt1453405	PNK_Carrie	39.41
monsters.univer_tt1453405	tt1453405	Rosie_Levin	16.77
monsters.univer_tt1453405	tt1453405	Yeti	6.88
monsters.vs..al_tt0892782	tt0892782	Technician_Ben	34.87
monsters.vs..al_tt0892782	tt0892782	Technician_Jerry	31.28
monsters.vs..al_tt0892782	tt0892782	Mrs._Ronson	32.99
monsters.vs..al_tt0892782	tt0892782	Derek_Dietl	259.34
monsters.vs..al_tt0892782	tt0892782	Wendy_Murphy	263.97
monsters.vs..al_tt0892782	tt0892782	Advisor_Ouaou	46.63
monsters.vs..al_tt0892782	tt0892782	Female_Advisor_2	34.58
monsters.vs..al_tt0892782	tt0892782	Carl_Murphy	103.14
monsters.vs..al_tt0892782	tt0892782	Ginormica_/_Susan_Murphy	1170.34
monsters.vs..al_tt0892782	tt0892782	Mama_Dietl	26.48
monsters.vs..al_tt0892782	tt0892782	Advisor_Ortega	17.31
monsters.vs..al_tt0892782	tt0892782	President_Hathaway	175.26
monsters.vs..al_tt0892782	tt0892782	General_W.R._Monger	198.24
monsters.vs..al_tt0892782	tt0892782	Katie	53.51
monsters.vs..al_tt0892782	tt0892782	Advisor_Hawk	19.14
monsters.vs..al_tt0892782	tt0892782	Advisor_Dither	18.73
monsters.vs..al_tt0892782	tt0892782	Advisor_Smith	13.76
monsters.vs..al_tt0892782	tt0892782	Advisor_Wedgie	34.33
monsters.vs..al_tt0892782	tt0892782	Commander	6.55
monsters.vs..al_tt0892782	tt0892782	Secret_Service_Man_1	54.60
monsters.vs..al_tt0892782	tt0892782	Dr_Cockroach_Ph.D.	415.75
monsters.vs..al_tt0892782	tt0892782	B.O.B	339.38
monsters.vs..al_tt0892782	tt0892782	The_Missing_Link	518.10
monsters.vs..al_tt0892782	tt0892782	Sqweep	74.24
monsters.vs..al_tt0892782	tt0892782	Gallaxhar	267.02
monsters.vs..al_tt0892782	tt0892782	Cuthbert	35.70
monsters.vs..al_tt0892782	tt0892782	News_Reporter	30.32
monsters.vs..al_tt0892782	tt0892782	Private_Bullhorn	24.98
monsters.vs..al_tt0892782	tt0892782	Lieutenant	7.84
mr..peabody..sh_tt0864835	tt0864835	Sherman	1575.20
mr..peabody..sh_tt0864835	tt0864835	Mr._Peabody	1390.18
mr..peabody..sh_tt0864835	tt0864835	Paul_Peterson	222.39
mr..peabody..sh_tt0864835	tt0864835	Penny	857.57
mr..peabody..sh_tt0864835	tt0864835	Spartacus	7.63
mr..peabody..sh_tt0864835	tt0864835	Mason	122.54
mr..peabody..sh_tt0864835	tt0864835	Mona_Lisa	79.58
mr..peabody..sh_tt0864835	tt0864835	Egyptian_Spectator	43.46
mr..peabody..sh_tt0864835	tt0864835	New_York_City_Cop	62.73
mr..peabody..sh_tt0864835	tt0864835	Marie_Antoinette	64.11
mr..peabody..sh_tt0864835	tt0864835	Bill_Clinton	7.92
mr..peabody..sh_tt0864835	tt0864835	George_Washington	85.34
mr..peabody..sh_tt0864835	tt0864835	Albert_Einstein	37.08
mr..peabody..sh_tt0864835	tt0864835	King_Tut	98.18
mr..peabody..sh_tt0864835	tt0864835	Robespierre	74.99
mr..peabody..sh_tt0864835	tt0864835	Isaac_Newton	31.28
mr..peabody..sh_tt0864835	tt0864835	Agamemnon	175.76
mr..peabody..sh_tt0864835	tt0864835	French_Guard	19.31
mr..peabody..sh_tt0864835	tt0864835	Ms._Grunion	181.35
mr..peabody..sh_tt0864835	tt0864835	Abraham_Lincoln	34.99
mr..peabody..sh_tt0864835	tt0864835	Teacher	34.45
mr..peabody..sh_tt0864835	tt0864835	Carl	57.10
mr..peabody..sh_tt0864835	tt0864835	Principal_Purdy	49.80
mr..peabody..sh_tt0864835	tt0864835	Judge	23.02
mr..peabody..sh_tt0864835	tt0864835	Mahatma_Gandhi	28.32
mr..peabody..sh_tt0864835	tt0864835	Patty_Peterson	202.87
mr..peabody..sh_tt0864835	tt0864835	Ay	62.48
mr..peabody..sh_tt0864835	tt0864835	Leonardo_da_Vinci	151.44
mr..peabody..sh_tt0864835	tt0864835	Odysseus	87.42
mufasa.the.lion_tt13186482	tt13186482	Ajarry	29.32
mufasa.the.lion_tt13186482	tt13186482	Mosi	5.09
mufasa.the.lion_tt13186482	tt13186482	Simba	108.78
mufasa.the.lion_tt13186482	tt13186482	Mufasa	792.00
mufasa.the.lion_tt13186482	tt13186482	Mufasa_(Young)	124.92
mufasa.the.lion_tt13186482	tt13186482	Nala	62.85
mufasa.the.lion_tt13186482	tt13186482	Afia	251.67
mufasa.the.lion_tt13186482	tt13186482	Timon	88.84
mufasa.the.lion_tt13186482	tt13186482	Pumbaa	47.01
mufasa.the.lion_tt13186482	tt13186482	Chigaru	22.52
mufasa.the.lion_tt13186482	tt13186482	Kiara	203.70
mufasa.the.lion_tt13186482	tt13186482	Obasi	196.24
mufasa.the.lion_tt13186482	tt13186482	Scar_/_Taka	613.95
mufasa.the.lion_tt13186482	tt13186482	Taka_(Young)	52.51
mufasa.the.lion_tt13186482	tt13186482	Sarafina	137.76
mufasa.the.lion_tt13186482	tt13186482	Rafiki_(Young)	348.93
mufasa.the.lion_tt13186482	tt13186482	Masego	16.85
mufasa.the.lion_tt13186482	tt13186482	Sarabi	95.43
mufasa.the.lion_tt13186482	tt13186482	Eshe	306.06
mufasa.the.lion_tt13186482	tt13186482	Amara	78.54
mufasa.the.lion_tt13186482	tt13186482	Kiros	285.28
mufasa.the.lion_tt13186482	tt13186482	Azibo	43.54
mufasa.the.lion_tt13186482	tt13186482	Akua	46.46
mufasa.the.lion_tt13186482	tt13186482	Bird	30.24
mufasa.the.lion_tt13186482	tt13186482	Inaki	55.43
mulan_tt0120762	tt0120762	Hayabusa_the_Falcon	5.80
mulan_tt0120762	tt0120762	Fa_Mulan	1456.83
mulan_tt0120762	tt0120762	Yao,_Ling,_and_Chien_Po	459.00
mulan_tt0120762	tt0120762	Bandits	103.19
mulan_tt0120762	tt0120762	Li_Shang	605.86
mulan_tt0120762	tt0120762	Shan_Yu	180.68
mulan_tt0120762	tt0120762	General_Li	129.38
mulan_tt0120762	tt0120762	Fa_Zhou	287.20
mulan_tt0120762	tt0120762	Chi-Fu	263.26
mulan_tt0120762	tt0120762	The_Emperor_of_China	168.63
mulan_tt0120762	tt0120762	Mushu	449.62
mulan_tt0120762	tt0120762	Little_Brother	21.81
mulan_tt0120762	tt0120762	Khan	127.88
mulan_tt0120762	tt0120762	Fa_Li	195.95
mulan_tt0120762	tt0120762	Grandmother_Fa	135.64
mulan_tt0120762	tt0120762	Cri-Kee	120.87
mulan_tt0120762	tt0120762	The_Matchmaker	117.99
mulan_tt0120762	tt0120762	Shang's_Horse	33.95
mulan_tt0120762	tt0120762	First_Ancestor_Fa	77.08
mulan_tt0120762	tt0120762	Fa_Family_Ancestors	54.01
nightmare.befor_tt0107688	tt0107688	Monster_Who_Lives_Under_The_Bed	1.79
nightmare.befor_tt0107688	tt0107688	Dr._Finkelstein	109.19
nightmare.befor_tt0107688	tt0107688	Sally	529.95
nightmare.befor_tt0107688	tt0107688	Vampire_Teddy	44.29
nightmare.befor_tt0107688	tt0107688	Mayor_of_Halloween_Town	170.55
nightmare.befor_tt0107688	tt0107688	Harlequin_Demon	33.20
nightmare.befor_tt0107688	tt0107688	Behemoth	103.69
nightmare.befor_tt0107688	tt0107688	Pumpkin-in-the-Box	5.55
nightmare.befor_tt0107688	tt0107688	Mummy_Boy	12.43
nightmare.befor_tt0107688	tt0107688	Jack_Skellington	778.28
nightmare.befor_tt0107688	tt0107688	Shock	94.55
nightmare.befor_tt0107688	tt0107688	Clown_with_the_Tear-Away_Face	1.54
nightmare.befor_tt0107688	tt0107688	Undersea_Gal	5.26
nightmare.befor_tt0107688	tt0107688	Barrel	134.47
nightmare.befor_tt0107688	tt0107688	Lock	115.28
nightmare.befor_tt0107688	tt0107688	Little_Boy	31.70
nightmare.befor_tt0107688	tt0107688	Easter_Bunny	3.38
nightmare.befor_tt0107688	tt0107688	Skeletal_Reindeer	11.93
nightmare.befor_tt0107688	tt0107688	Santa_Claus_(The_Nightmare_Before_Christmas)	68.36
nightmare.befor_tt0107688	tt0107688	Oogie_Boogie	52.26
nut.job_tt1821658	tt1821658	Pigeon	47.55
nut.job_tt1821658	tt1821658	Surly	1128.33
nut.job_tt1821658	tt1821658	Armoured_Guard	28.07
nut.job_tt1821658	tt1821658	Lana	86.00
nut.job_tt1821658	tt1821658	Andie	635.09
nut.job_tt1821658	tt1821658	Raccoon	302.68
nut.job_tt1821658	tt1821658	Redline	60.23
nut.job_tt1821658	tt1821658	Mole	195.36
nut.job_tt1821658	tt1821658	Grayson	312.77
nut.job_tt1821658	tt1821658	Jamie	163.75
nut.job_tt1821658	tt1821658	Fingers	192.90
nut.job_tt1821658	tt1821658	Lucky	178.51
nut.job_tt1821658	tt1821658	King	193.15
nut.job_tt1821658	tt1821658	Police_Officer	48.05
nut.job_tt1821658	tt1821658	Girl_Scout	36.91
nut.job_tt1821658	tt1821658	Precious	306.97
nut.job_tt1821658	tt1821658	Buddy	319.40
nut.job_tt1821658	tt1821658	Jimmy	55.51
nut.job_tt1821658	tt1821658	Johnny	199.03
oliver..company_tt0095776	tt0095776	Character_2	66.73
oliver..company_tt0095776	tt0095776	Character_3	37.67
oliver..company_tt0095776	tt0095776	Rita	283.85
oliver..company_tt0095776	tt0095776	Sykes	38.37
oliver..company_tt0095776	tt0095776	Jennifer_Foxworth	298.80
oliver..company_tt0095776	tt0095776	Oliver	593.83
oliver..company_tt0095776	tt0095776	Bluebird	32.60
oliver..company_tt0095776	tt0095776	Roscoe	64.16
oliver..company_tt0095776	tt0095776	Louie	13.71
oliver..company_tt0095776	tt0095776	Dodger	549.28
oliver..company_tt0095776	tt0095776	Einstein	251.32
oliver..company_tt0095776	tt0095776	Desoto	65.43
oliver..company_tt0095776	tt0095776	Ignacio_Alonzo_Julio_Federico_de_Tito	359.43
oliver..company_tt0095776	tt0095776	Francis	294.53
oliver..company_tt0095776	tt0095776	Fagin	410.38
oliver..company_tt0095776	tt0095776	Winston	35.20
oliver..company_tt0095776	tt0095776	Character_1	92.19
oliver..company_tt0095776	tt0095776	Georgette	325.93
one.hundred.and_tt0055254	tt0055254	Penny	338.71
one.hundred.and_tt0055254	tt0055254	Pongo	759.38
one.hundred.and_tt0055254	tt0055254	Lucky	260.59
one.hundred.and_tt0055254	tt0055254	Spotty	94.80
one.hundred.and_tt0055254	tt0055254	Rover	64.86
one.hundred.and_tt0055254	tt0055254	Roger_Radcliffe	367.87
one.hundred.and_tt0055254	tt0055254	Anita_Radcliffe	187.73
one.hundred.and_tt0055254	tt0055254	Collie	54.14
one.hundred.and_tt0055254	tt0055254	Perdita	117.70
one.hundred.and_tt0055254	tt0055254	Rolly	111.99
one.hundred.and_tt0055254	tt0055254	Freckles	82.21
one.hundred.and_tt0055254	tt0055254	Jasper_Badun	239.57
one.hundred.and_tt0055254	tt0055254	Dipstick	32.37
one.hundred.and_tt0055254	tt0055254	Pepper	41.29
one.hundred.and_tt0055254	tt0055254	Nanny	148.44
one.hundred.and_tt0055254	tt0055254	Cruella_de_Vil	274.15
one.hundred.and_tt0055254	tt0055254	Patch	20.60
one.hundred.and_tt0055254	tt0055254	Cadpig	53.55
one.hundred.and_tt0055254	tt0055254	Dirty_Dawson	14.43
one.hundred.and_tt0055254	tt0055254	Fidget	16.02
one.hundred.and_tt0055254	tt0055254	Whizzer	23.98
one.hundred.and_tt0055254	tt0055254	Danny	42.88
one.hundred.and_tt0055254	tt0055254	Television_Announcer	21.44
one.hundred.and_tt0055254	tt0055254	Two-Tone	8.76
one.hundred.and_tt0055254	tt0055254	Horace_Badun	159.45
one.hundred.and_tt0055254	tt0055254	Truck_Driver	9.63
one.hundred.and_tt0055254	tt0055254	Schnauser	12.10
one.hundred.and_tt0055254	tt0055254	Lucy	26.40
one.hundred.and_tt0055254	tt0055254	Towser	47.21
one.hundred.and_tt0055254	tt0055254	Captain	57.68
one.hundred.and_tt0055254	tt0055254	Sgt._Tibs	111.19
one.hundred.and_tt0055254	tt0055254	White_dog	91.05
one.hundred.and_tt0055254	tt0055254	Quizmaster	32.74
one.hundred.and_tt0055254	tt0055254	Miss_Birdwell	5.80
one.hundred.and_tt0055254	tt0055254	Inspector_Craven	5.92
one.hundred.and_tt0055254	tt0055254	Queenie	27.65
one.hundred.and_tt0055254	tt0055254	Princess	21.94
one.hundred.and_tt0055254	tt0055254	Duchess	32.87
one.hundred.and_tt0055254	tt0055254	Labrador	56.10
onward_tt7146812	tt7146812	Sundra	40.75
onward_tt7146812	tt7146812	Ian_Lightfoot	2270.44
onward_tt7146812	tt7146812	Specter	61.35
onward_tt7146812	tt7146812	Laurel_Lightfoot	518.98
onward_tt7146812	tt7146812	Barley_Lightfoot	1391.60
onward_tt7146812	tt7146812	Gaxton	46.80
onward_tt7146812	tt7146812	Blazey	22.81
onward_tt7146812	tt7146812	Colt_Bronco	186.27
onward_tt7146812	tt7146812	Gore	41.25
onward_tt7146812	tt7146812	Gorgamon	17.23
onward_tt7146812	tt7146812	Construction_Worker_Fenwick	18.89
onward_tt7146812	tt7146812	Wilden_Lightfoot	22.27
onward_tt7146812	tt7146812	Corey	302.76
onward_tt7146812	tt7146812	Wilden_Lightfoot_disguised	46.21
onward_tt7146812	tt7146812	Avel	25.28
onward_tt7146812	tt7146812	Dewdrop	32.74
onward_tt7146812	tt7146812	Grecklin	35.87
open.season_tt0400717	tt0400717	Beth	274.48
open.season_tt0400717	tt0400717	Boog	1541.67
open.season_tt0400717	tt0400717	Hunter	30.41
open.season_tt0400717	tt0400717	Gordy	102.39
open.season_tt0400717	tt0400717	Shaw	256.30
open.season_tt0400717	tt0400717	Elliot	807.14
open.season_tt0400717	tt0400717	Giselle	103.31
open.season_tt0400717	tt0400717	Human_character_2	12.89
open.season_tt0400717	tt0400717	Deer_Character	150.69
open.season_tt0400717	tt0400717	Mr._Weenie	62.15
open.season_tt0400717	tt0400717	Bobbie	66.82
open.season_tt0400717	tt0400717	Human_Character_1	61.98
open.season_tt0400717	tt0400717	McSquizzy	65.06
open.season_tt0400717	tt0400717	Rabbit_Character	21.90
open.season_tt0400717	tt0400717	Beaver_Character	78.41
open.season_tt0400717	tt0400717	Buddy	25.53
open.season_tt0400717	tt0400717	Rosie	30.11
open.season_tt0400717	tt0400717	Duck_Character	49.55
over.the.hedge_tt0327084	tt0327084	RJ	1392.14
over.the.hedge_tt0327084	tt0327084	Hammy	587.63
over.the.hedge_tt0327084	tt0327084	Vincent	161.62
over.the.hedge_tt0327084	tt0327084	Police_Officer	62.10
over.the.hedge_tt0327084	tt0327084	Verne	1012.93
over.the.hedge_tt0327084	tt0327084	Quillo	114.99
over.the.hedge_tt0327084	tt0327084	Penny	375.25
over.the.hedge_tt0327084	tt0327084	Stella	250.75
over.the.hedge_tt0327084	tt0327084	Ozzie	452.12
over.the.hedge_tt0327084	tt0327084	Heather	357.23
over.the.hedge_tt0327084	tt0327084	Spike	205.00
over.the.hedge_tt0327084	tt0327084	Bucky	189.02
over.the.hedge_tt0327084	tt0327084	Lou	445.19
over.the.hedge_tt0327084	tt0327084	Gladys	177.05
over.the.hedge_tt0327084	tt0327084	Mackenzie	38.25
over.the.hedge_tt0327084	tt0327084	Tiger	96.81
over.the.hedge_tt0327084	tt0327084	Shelby	37.37
over.the.hedge_tt0327084	tt0327084	Timmy	52.51
over.the.hedge_tt0327084	tt0327084	Debbie	23.69
over.the.hedge_tt0327084	tt0327084	Dwayne_LaFontant	121.79
over.the.hedge_tt0327084	tt0327084	Nugent_The_Dog	14.85
paw.patrol.the._tt11832046	tt11832046	Marshall	185.94
paw.patrol.the._tt11832046	tt11832046	Chase	896.19
paw.patrol.the._tt11832046	tt11832046	Gus	86.34
paw.patrol.the._tt11832046	tt11832046	Cap'n_Turbot	54.47
paw.patrol.the._tt11832046	tt11832046	Ryder	714.05
paw.patrol.the._tt11832046	tt11832046	Rubble	362.95
paw.patrol.the._tt11832046	tt11832046	Zuma	232.73
paw.patrol.the._tt11832046	tt11832046	Skye	359.94
paw.patrol.the._tt11832046	tt11832046	Rocky	243.28
paw.patrol.the._tt11832046	tt11832046	Marty_Muckraker	171.71
paw.patrol.the._tt11832046	tt11832046	Mayor_Goodway	86.21
paw.patrol.the._tt11832046	tt11832046	Tough_Guy	41.58
paw.patrol.the._tt11832046	tt11832046	Kendra_Wilson	196.11
paw.patrol.the._tt11832046	tt11832046	Harris	249.12
paw.patrol.the._tt11832046	tt11832046	Liberty	104.94
paw.patrol.the._tt11832046	tt11832046	Carmen	103.39
paw.patrol.the._tt11832046	tt11832046	Ruben	157.16
paw.patrol.the._tt11832046	tt11832046	Butch	203.37
paw.patrol.the._tt11832046	tt11832046	Mayor_Humdinger	434.23
paw.patrol.the._tt11832046	tt11832046	Cats	140.52
paw.patrol.the._tt11832046	tt11832046	Delores	67.98
paw.patrol.the._tt11832046	tt11832046	Rocket	22.86
paw.patrol.the._tt11832046	tt11832046	Tony	30.82
paw.patrol.the._tt11832046	tt11832046	Barney	22.19
paw.patrol.the._tt15837338	tt15837338	Hank	95.93
paw.patrol.the._tt15837338	tt15837338	Janet	93.34
paw.patrol.the._tt15837338	tt15837338	Ryder	513.26
paw.patrol.the._tt15837338	tt15837338	Skye	912.58
paw.patrol.the._tt15837338	tt15837338	Rubble	265.18
paw.patrol.the._tt15837338	tt15837338	Liberty	591.88
paw.patrol.the._tt15837338	tt15837338	Chase	454.08
paw.patrol.the._tt15837338	tt15837338	Rocky	207.87
paw.patrol.the._tt15837338	tt15837338	Zuma	246.00
paw.patrol.the._tt15837338	tt15837338	Marshall	154.78
paw.patrol.the._tt15837338	tt15837338	Victoria_Vance	515.18
paw.patrol.the._tt15837338	tt15837338	Sam_Stringer	80.58
paw.patrol.the._tt15837338	tt15837338	Yoga_Yvette	65.94
paw.patrol.the._tt15837338	tt15837338	Mayor_Goodway	21.56
paw.patrol.the._tt15837338	tt15837338	Delores	165.46
paw.patrol.the._tt15837338	tt15837338	Nano	199.95
paw.patrol.the._tt15837338	tt15837338	Mini	200.20
paw.patrol.the._tt15837338	tt15837338	Tot	185.10
paw.patrol.the._tt15837338	tt15837338	Mayor_Humdinger	250.71
peanuts.movie_tt2452042	tt2452042	Patty	376.50
peanuts.movie_tt2452042	tt2452042	Sally_Brown	381.47
peanuts.movie_tt2452042	tt2452042	Woodstock	253.50
peanuts.movie_tt2452042	tt2452042	Snoopy	737.24
peanuts.movie_tt2452042	tt2452042	Marcie	349.68
peanuts.movie_tt2452042	tt2452042	Peppermint_Patty	347.85
peanuts.movie_tt2452042	tt2452042	Lucy_van_Pelt	501.21
peanuts.movie_tt2452042	tt2452042	Rerun_van_Pelt	388.26
peanuts.movie_tt2452042	tt2452042	Frieda	255.38
peanuts.movie_tt2452042	tt2452042	Violet	254.63
peanuts.movie_tt2452042	tt2452042	Charlie_Brown	1848.93
peanuts.movie_tt2452042	tt2452042	Franklin	365.57
peanuts.movie_tt2452042	tt2452042	Pig-Pen	288.16
peanuts.movie_tt2452042	tt2452042	Little_Kid	225.52
peanuts.movie_tt2452042	tt2452042	Linus_van_Pelt	155.91
peanuts.movie_tt2452042	tt2452042	Fifi	133.34
peanuts.movie_tt2452042	tt2452042	Little_Red-Haired_Girl	79.12
penguins.of.mad_tt1911658	tt1911658	Kowalski	678.59
penguins.of.mad_tt1911658	tt1911658	Private	406.86
penguins.of.mad_tt1911658	tt1911658	Skipper	1106.73
penguins.of.mad_tt1911658	tt1911658	Documentary_Filmmaker	13.39
penguins.of.mad_tt1911658	tt1911658	Agent_Classified	98.10
penguins.of.mad_tt1911658	tt1911658	Woman_at_Aquarium	21.15
penguins.of.mad_tt1911658	tt1911658	Character_1	105.56
penguins.of.mad_tt1911658	tt1911658	Dave_/_Dr._Octavius_Brine	286.24
penguins.of.mad_tt1911658	tt1911658	Cricket	3.75
penguins.of.mad_tt1911658	tt1911658	Girl_at_Zoo	7.01
penguins.of.mad_tt1911658	tt1911658	Boy_at_Zoo	9.59
penguins.of.mad_tt1911658	tt1911658	Gondolier	27.61
penguins.of.mad_tt1911658	tt1911658	Boy_at_Aquarium	6.63
penguins.of.mad_tt1911658	tt1911658	Girl_with_Snow_Globe	42.38
penguins.of.mad_tt1911658	tt1911658	New_York_Reporter	44.59
penguins.of.mad_tt1911658	tt1911658	Penguin_Fan	3.21
penguins.of.mad_tt1911658	tt1911658	Squid	78.70
penguins.of.mad_tt1911658	tt1911658	Angry_Man	13.18
penguins.of.mad_tt1911658	tt1911658	Eva	195.45
penguins.of.mad_tt1911658	tt1911658	Short_Fuse	166.62
penguins.of.mad_tt1911658	tt1911658	Corporal	220.80
penguins.of.mad_tt1911658	tt1911658	Wolf	358.65
penguins.of.mad_tt1911658	tt1911658	Pilot	2.84
penguins.of.mad_tt1911658	tt1911658	Mermaid_Penguin	41.88
penguins.of.mad_tt1911658	tt1911658	Aquarium_Employee	5.38
penguins.of.mad_tt1911658	tt1911658	Mort	10.09
penguins.of.mad_tt1911658	tt1911658	King_Julien	12.85
peter_rabbit	tt5117670	Peter_Rabbit	1246.08
peter_rabbit	tt5117670	Mr._Tod	14.72
peter_rabbit	tt5117670	Mopsy	583.21
peter_rabbit	tt5117670	Mr._Jeremy_Fisher	5.05
peter_rabbit	tt5117670	Mrs._Tiggly-Winkle	20.35
peter_rabbit	tt5117670	Benjamin_Bunny	616.95
peter_rabbit	tt5117670	Flopsy	550.76
peter_rabbit	tt5117670	Cotton-Tail	621.83
peter_rabbit	tt5117670	Mr._Rabbit	39.62
peter_rabbit	tt5117670	Mrs._Rabbit	60.98
peter_rabbit	tt5117670	Tommy_Brock	27.15
peter_rabbit	tt5117670	Pigling_Bland	75.74
peter_rabbit	tt5117670	Johnny_Town-Mouse	12.26
peter_rabbit_2	tt8376234	Peter_Rabbit	1273.86
peter_rabbit_2	tt8376234	Benjamin_Bunny	475.02
peter_rabbit_2	tt8376234	Pigling_Bland	95.64
peter_rabbit_2	tt8376234	Cotton-Tail	435.18
peter_rabbit_2	tt8376234	Flopsy	410.37
peter_rabbit_2	tt8376234	Mopsy	443.90
peter_rabbit_2	tt8376234	Tommy_Brock	85.67
peter_rabbit_2	tt8376234	Jemima_Puddle-Duck	50.97
peter_rabbit_2	tt8376234	Mr._Tod	52.09
peter_rabbit_2	tt8376234	Mr._Jeremy_Fisher	3.34
peter_rabbit_2	tt8376234	Mrs._Tiggly-Winkle	46.67
peter_rabbit_2	tt8376234	Johnny_Town-Mouse	23.48
peter_rabbit_2	tt8376234	Kennedy_St._Squirrel	19.48
peter_rabbit_2	tt8376234	Barnabas	504.09
peter_rabbit_2	tt8376234	Busker_K._Bushy,_Esq.	22.77
peter_rabbit_2	tt8376234	Samuel_Whiskers	169.38
peter_rabbit_2	tt8376234	Tom_Kitten	166.12
peter_rabbit_2	tt8376234	Mittens	118.45
peter_rabbit_2	tt8376234	Little_Pig_Robinson	23.19
peter_rabbit_2	tt8376234	JW_Rooster_III	3.42
petes.dragon_tt0076538	tt0076538	Elliott	795.67
pinocchio_tt0032910	tt0032910	Jiminy_Cricket	1034.91
pinocchio_tt0032910	tt0032910	Pinocchio_(character)	1343.59
pinocchio_tt0032910	tt0032910	Figaro	425.72
pinocchio_tt0032910	tt0032910	Geppetto	448.07
pinocchio_tt0032910	tt0032910	Cleo	93.72
pinocchio_tt0032910	tt0032910	Dancing_Puppets	53.01
pinocchio_tt0032910	tt0032910	Stromboli	203.75
pinocchio_tt0032910	tt0032910	Blue_Fairy	88.42
pinocchio_tt0032910	tt0032910	The_Coachman	96.47
pinocchio_tt0032910	tt0032910	Lampwick	113.20
pinocchio_tt0032910	tt0032910	Honest_John	315.31
pinocchio_tt0032910	tt0032910	Gideon_(Pinocchio)	82.96
pinocchio_tt0032910	tt0032910	Cat_2	108.36
pinocchio_tt0032910	tt0032910	Donkey	54.80
planes_tt1691917	tt1691917	Bravo	39.79
planes_tt1691917	tt1691917	Dusty_Crophopper	1019.44
planes_tt1691917	tt1691917	Chug	340.30
planes_tt1691917	tt1691917	Dottie	280.86
planes_tt1691917	tt1691917	Cars_3	28.74
planes_tt1691917	tt1691917	Leadbottom	78.87
planes_tt1691917	tt1691917	Ned	51.22
planes_tt1691917	tt1691917	Zed	28.32
planes_tt1691917	tt1691917	Roper	73.45
planes_tt1691917	tt1691917	Cars_2	81.50
planes_tt1691917	tt1691917	Cars_1	39.50
planes_tt1691917	tt1691917	Harland	20.19
planes_tt1691917	tt1691917	Ishani	107.07
planes_tt1691917	tt1691917	Colin_Cowling	11.30
pocahontas_tt0114148	tt0114148	Lon	238.99
pocahontas_tt0114148	tt0114148	Thomas	318.82
pocahontas_tt0114148	tt0114148	Governor_Ratcliffe	401.48
pocahontas_tt0114148	tt0114148	Ben	240.32
pocahontas_tt0114148	tt0114148	John_Smith	809.89
pocahontas_tt0114148	tt0114148	Kocoum	177.34
pocahontas_tt0114148	tt0114148	Percy_(Pocahontas)	137.35
pocahontas_tt0114148	tt0114148	Wiggins	112.74
pocahontas_tt0114148	tt0114148	Pocahontas_	1223.14
pocahontas_tt0114148	tt0114148	Chief_Powhatan	323.28
pocahontas_tt0114148	tt0114148	Kekata	58.73
pocahontas_tt0114148	tt0114148	Nakoma	172.71
pocahontas_tt0114148	tt0114148	Flit	52.89
pocahontas_tt0114148	tt0114148	Meeko	252.00
pocahontas_tt0114148	tt0114148	Grandmother_Willow	115.32
pokmon.the.firs_tt0190641	tt0190641	Dr._Fuji	17.23
pokmon.the.firs_tt0190641	tt0190641	Mewtwo	249.54
pokmon.the.firs_tt0190641	tt0190641	Mew	59.35
pokmon.the.firs_tt0190641	tt0190641	Charizard_(Ash's)	130.63
pokmon.the.firs_tt0190641	tt0190641	Meowth	220.59
pokmon.the.firs_tt0190641	tt0190641	Misty	534.24
pokmon.the.firs_tt0190641	tt0190641	Brock	568.11
pokmon.the.firs_tt0190641	tt0190641	Ash_Ketchum	611.07
pokmon.the.firs_tt0190641	tt0190641	Togepi_(Misty's)	20.40
pokmon.the.firs_tt0190641	tt0190641	Pikachu_(Ash's)	418.79
pokmon.the.firs_tt0190641	tt0190641	Raymond	34.87
pokmon.the.firs_tt0190641	tt0190641	Bulbasaur_(Ash's)	136.55
pokmon.the.firs_tt0190641	tt0190641	Squirtle_(Ash's)	162.83
pokmon.the.firs_tt0190641	tt0190641	Jessie	196.78
pokmon.the.firs_tt0190641	tt0190641	James	148.27
pokmon.the.firs_tt0190641	tt0190641	Mewtwo_(Young)	72.41
pokmon.the.firs_tt0190641	tt0190641	Corey	141.85
pokmon.the.firs_tt0190641	tt0190641	Fergus	103.81
pokmon.the.firs_tt0190641	tt0190641	Neesha	146.06
pokmon.the.firs_tt0190641	tt0190641	Miranda	84.38
pokmon.the.firs_tt0190641	tt0190641	Officer_Jenny	59.31
pokmon.the.firs_tt0190641	tt0190641	Nurse_Joy	182.43
pokmon.the.firs_tt0190641	tt0190641	Gyarados	84.13
pokmon.the.firs_tt0190641	tt0190641	Sandslash	41.29
pokmon.the.firs_tt0190641	tt0190641	Staryu_(Misty's)	0.33
pokmon.the.firs_tt0190641	tt0190641	Weezing_(James's)	5.09
pokmon.the.firs_tt0190641	tt0190641	Vulpix_(Brock's)	49.47
pokmon.the.firs_tt0190641	tt0190641	Psyduck_(Misty's)	83.50
pokmon.the.firs_tt0190641	tt0190641	Venusaur	98.93
pokmon.the.firs_tt0190641	tt0190641	Shellshocker_(Neesha's)	156.91
pokmon.the.firs_tt0190641	tt0190641	Rapidash	30.16
pokmon.the.firs_tt0190641	tt0190641	Ninetales	7.26
pokmon.the.firs_tt0190641	tt0190641	Vaporeon	26.86
polar.express_tt0338348	tt0338348	Hero_Boy	1655.40
polar.express_tt0338348	tt0338348	Toothless_Boy	108.82
polar.express_tt0338348	tt0338348	Sarah	85.13
polar.express_tt0338348	tt0338348	Billy	398.23
polar.express_tt0338348	tt0338348	Hero_Girl	743.16
polar.express_tt0338348	tt0338348	Conductor	521.23
polar.express_tt0338348	tt0338348	Know-it-All	184.93
polar.express_tt0338348	tt0338348	Red_Head_Girl	50.68
polar.express_tt0338348	tt0338348	Santa_Claus	68.74
polar.express_tt0338348	tt0338348	Waiters	22.40
polar.express_tt0338348	tt0338348	Pastry_Chefs	4.92
polar.express_tt0338348	tt0338348	Hobo	145.02
polar.express_tt0338348	tt0338348	Smokey	63.02
polar.express_tt0338348	tt0338348	Elves	73.03
polar.express_tt0338348	tt0338348	Elf_Lieutenant	27.82
prince.of.egypt_tt0120794	tt0120794	Character_1	195.24
prince.of.egypt_tt0120794	tt0120794	Character_3	81.37
prince.of.egypt_tt0120794	tt0120794	Character_2	42.13
prince.of.egypt_tt0120794	tt0120794	Aaron	282.37
prince.of.egypt_tt0120794	tt0120794	Pharaoh_Seti_I	303.01
prince.of.egypt_tt0120794	tt0120794	Yocheved	200.53
prince.of.egypt_tt0120794	tt0120794	Miriam_(Young)	151.03
prince.of.egypt_tt0120794	tt0120794	Miriam	361.44
prince.of.egypt_tt0120794	tt0120794	Queen_Tuya	162.04
prince.of.egypt_tt0120794	tt0120794	Ramses'_Son	82.25
prince.of.egypt_tt0120794	tt0120794	Moses	1617.53
prince.of.egypt_tt0120794	tt0120794	Rameses	158.32
prince.of.egypt_tt0120794	tt0120794	Huy	92.55
prince.of.egypt_tt0120794	tt0120794	Hotep	89.71
prince.of.egypt_tt0120794	tt0120794	Tzipporah	308.47
princess.and.th_tt0780521	tt0780521	Charlotte_La_Bouff	376.71
princess.and.th_tt0780521	tt0780521	Marcel	22.86
princess.and.th_tt0780521	tt0780521	Tiana_Rogers	801.13
princess.and.th_tt0780521	tt0780521	Eudora	247.25
princess.and.th_tt0780521	tt0780521	Eli_La_Bouff	129.46
princess.and.th_tt0780521	tt0780521	James_Rogers	146.35
princess.and.th_tt0780521	tt0780521	Buford_(The_Princess_and_the_Frog)	58.43
princess.and.th_tt0780521	tt0780521	Prince_Naveen	351.27
princess.and.th_tt0780521	tt0780521	Tiana_(frog)	774.40
princess.and.th_tt0780521	tt0780521	Prince_Ralphie	10.80
princess.and.th_tt0780521	tt0780521	Dr._Facilier	323.07
princess.and.th_tt0780521	tt0780521	Lawrence_(The_Princess_and_the_Frog)	175.80
princess.and.th_tt0780521	tt0780521	Harvey_Fenner_	44.71
princess.and.th_tt0780521	tt0780521	Queen_of_Maldonia	8.59
princess.and.th_tt0780521	tt0780521	Facilier's_Friends_on_the_Other_Side	22.27
princess.and.th_tt0780521	tt0780521	Stella	3.04
princess.and.th_tt0780521	tt0780521	Louis_(The_Princess_and_the_Frog)	371.91
princess.and.th_tt0780521	tt0780521	Prince_Naveen_(frog)	908.95
princess.and.th_tt0780521	tt0780521	Reggie	57.60
princess.and.th_tt0780521	tt0780521	Butterflies_(The_Princess_and_the_Frog)	9.26
princess.and.th_tt0780521	tt0780521	Ray	325.58
princess.and.th_tt0780521	tt0780521	Firefly_Family	18.73
princess.and.th_tt0780521	tt0780521	Beaudreaux	15.77
princess.and.th_tt0780521	tt0780521	Two-Fingers	27.99
princess.and.th_tt0780521	tt0780521	Darnell	52.68
princess.and.th_tt0780521	tt0780521	Mama_Odie	174.26
puss.in.boots.t_tt3915174	tt3915174	Ohhh_Cat	10.64
puss.in.boots.t_tt3915174	tt3915174	Jan_Serpent	81.00
puss.in.boots.t_tt3915174	tt3915174	Governor's_Assistant	17.18
puss.in.boots.t_tt3915174	tt3915174	Band_Members	35.54
puss.in.boots.t_tt3915174	tt3915174	Jo_Serpent	34.08
puss.in.boots.t_tt3915174	tt3915174	Goldilocks	338.80
puss.in.boots.t_tt3915174	tt3915174	Little_Boy	23.82
puss.in.boots.t_tt3915174	tt3915174	Little_Jack_Audience_Member	9.34
puss.in.boots.t_tt3915174	tt3915174	Puss_in_Boots	1576.58
puss.in.boots.t_tt3915174	tt3915174	Mama_Luna	55.06
puss.in.boots.t_tt3915174	tt3915174	Governor	25.23
puss.in.boots.t_tt3915174	tt3915174	Goldi_(Young)	31.57
puss.in.boots.t_tt3915174	tt3915174	Doctor	67.90
puss.in.boots.t_tt3915174	tt3915174	Baker's_Dozen_Gang_Members	8.13
puss.in.boots.t_tt3915174	tt3915174	Gingy	3.84
puss.in.boots.t_tt3915174	tt3915174	Bartender	2.25
puss.in.boots.t_tt3915174	tt3915174	Wolf	204.58
puss.in.boots.t_tt3915174	tt3915174	Kitty_Softpaws	592.09
puss.in.boots.t_tt3915174	tt3915174	Jack_Horner	285.91
puss.in.boots.t_tt3915174	tt3915174	Baby_Bear	297.67
puss.in.boots.t_tt3915174	tt3915174	Mama_Bear	308.27
puss.in.boots.t_tt3915174	tt3915174	Papa_Bear	256.72
puss.in.boots.t_tt3915174	tt3915174	Perrito	571.40
puss.in.boots.t_tt3915174	tt3915174	Last_Baker	7.72
puss.in.boots.t_tt3915174	tt3915174	Pinocchio	4.84
puss.in.boots.t_tt3915174	tt3915174	Ethical_Bug	55.14
puss.in.boots_tt0448694	tt0448694	Puss_in_Boots	1340.51
puss.in.boots_tt0448694	tt0448694	Bounty_Hunter	21.10
puss.in.boots_tt0448694	tt0448694	Jack	77.37
puss.in.boots_tt0448694	tt0448694	Manuel	38.66
puss.in.boots_tt0448694	tt0448694	Luis	39.37
puss.in.boots_tt0448694	tt0448694	Bartender	15.43
puss.in.boots_tt0448694	tt0448694	Raoul	63.06
puss.in.boots_tt0448694	tt0448694	Rafael	16.68
puss.in.boots_tt0448694	tt0448694	Moustache_Man	56.72
puss.in.boots_tt0448694	tt0448694	Hotel_Owner	37.75
puss.in.boots_tt0448694	tt0448694	Jill	82.29
puss.in.boots_tt0448694	tt0448694	Milk_Lady	15.77
puss.in.boots_tt0448694	tt0448694	Rodrigo	12.18
puss.in.boots_tt0448694	tt0448694	Ivana	15.01
puss.in.boots_tt0448694	tt0448694	Little_Boy	18.10
puss.in.boots_tt0448694	tt0448694	Kitty_Softpaws	545.21
puss.in.boots_tt0448694	tt0448694	Humpty_Alexander_Dumpty	752.29
puss.in.boots_tt0448694	tt0448694	Imelda	134.47
puss.in.boots_tt0448694	tt0448694	Charo	13.72
puss.in.boots_tt0448694	tt0448694	Mean_Boy	4.50
puss.in.boots_tt0448694	tt0448694	Little_Boy_Blue	6.09
puss.in.boots_tt0448694	tt0448694	Ohhh_Cat	41.33
puss.in.boots_tt0448694	tt0448694	Prison_Guard	30.36
puss.in.boots_tt0448694	tt0448694	Friar_Miller	3.50
puss.in.boots_tt0448694	tt0448694	Comandante	71.78
puss.in.boots_tt0448694	tt0448694	Estella_Maria	18.77
puss.in.boots_tt0448694	tt0448694	Soldier	48.09
puss.in.boots_tt0448694	tt0448694	Chick	91.63
puss.in.boots_tt0448694	tt0448694	Andy_Beanstalk	51.22
puss.in.boots_tt0448694	tt0448694	Geese	51.30
puss.in.boots_tt0448694	tt0448694	Guiseppe	3.42
ralph.breaks.th_tt5848272	tt5848272	Vanellope_von_Schweetz	1704.24
ralph.breaks.th_tt5848272	tt5848272	Wreck-It_Ralph	1965.67
ralph.breaks.th_tt5848272	tt5848272	Zangief	18.73
ralph.breaks.th_tt5848272	tt5848272	Belle	105.77
ralph.breaks.th_tt5848272	tt5848272	Sgt._Calhoun	108.02
ralph.breaks.th_tt5848272	tt5848272	Gene	49.22
ralph.breaks.th_tt5848272	tt5848272	Fix-It-Felix	209.21
ralph.breaks.th_tt5848272	tt5848272	Sonic_the_Hedgehog	40.96
ralph.breaks.th_tt5848272	tt5848272	Sour_Bill	17.06
ralph.breaks.th_tt5848272	tt5848272	Felony	63.40
ralph.breaks.th_tt5848272	tt5848272	Princess_Aurora	64.98
ralph.breaks.th_tt5848272	tt5848272	Surge_Protector	98.93
ralph.breaks.th_tt5848272	tt5848272	McNeely	33.95
ralph.breaks.th_tt5848272	tt5848272	Nafisa	33.91
ralph.breaks.th_tt5848272	tt5848272	Swati	55.01
ralph.breaks.th_tt5848272	tt5848272	Taffyta_Muttonfudge	64.94
ralph.breaks.th_tt5848272	tt5848272	Candlehead	49.84
ralph.breaks.th_tt5848272	tt5848272	Stan_Litwak	47.51
ralph.breaks.th_tt5848272	tt5848272	Little_Debbie	87.09
ralph.breaks.th_tt5848272	tt5848272	Princess_Ariel	106.19
ralph.breaks.th_tt5848272	tt5848272	Duncan	2.00
ralph.breaks.th_tt5848272	tt5848272	Lee_the_Office_Nerd	21.60
ralph.breaks.th_tt5848272	tt5848272	Jimmy	23.48
ralph.breaks.th_tt5848272	tt5848272	Tapper	16.31
ralph.breaks.th_tt5848272	tt5848272	Ballet_Mom	67.32
ralph.breaks.th_tt5848272	tt5848272	Knowsmore	131.30
ralph.breaks.th_tt5848272	tt5848272	Elsa	130.13
ralph.breaks.th_tt5848272	tt5848272	Spamley	165.04
ralph.breaks.th_tt5848272	tt5848272	Moana	124.17
ralph.breaks.th_tt5848272	tt5848272	Tiana	13.47
ralph.breaks.th_tt5848272	tt5848272	Cinderella	115.87
ralph.breaks.th_tt5848272	tt5848272	ebay_Elayne	26.03
ralph.breaks.th_tt5848272	tt5848272	Snow_White	89.26
ralph.breaks.th_tt5848272	tt5848272	Butcher_Boy	61.19
ralph.breaks.th_tt5848272	tt5848272	Shank	260.01
ralph.breaks.th_tt5848272	tt5848272	Pyro	58.43
ralph.breaks.th_tt5848272	tt5848272	Mulan	64.02
ralph.breaks.th_tt5848272	tt5848272	Pocahontas	123.33
ralph.breaks.th_tt5848272	tt5848272	Eboy	19.81
ralph.breaks.th_tt5848272	tt5848272	Yesss	185.64
ralph.breaks.th_tt5848272	tt5848272	Maybe	85.54
ralph.breaks.th_tt5848272	tt5848272	Instagram_Pop-Up	5.51
ralph.breaks.th_tt5848272	tt5848272	Buzz_Lightyear	4.34
ralph.breaks.th_tt5848272	tt5848272	Princess_Merida	37.33
ralph.breaks.th_tt5848272	tt5848272	Princess_Jasmine	44.79
ralph.breaks.th_tt5848272	tt5848272	Anna	109.07
ralph.breaks.th_tt5848272	tt5848272	Rapunzel	116.53
ralph.breaks.th_tt5848272	tt5848272	News_Anchor	13.26
ralph.breaks.th_tt5848272	tt5848272	Hey_Nongman	14.10
ralph.breaks.th_tt5848272	tt5848272	Groot	15.14
ralph.breaks.th_tt5848272	tt5848272	Stormtroopers	11.39
ralph.breaks.th_tt5848272	tt5848272	Grumpy	3.71
ralph.breaks.th_tt5848272	tt5848272	C-3PO	4.50
ralph.breaks.th_tt5848272	tt5848272	Double_Dan	60.73
rango_tt1192628	tt1192628	Wounded_Bird	86.13
rango_tt1192628	tt1192628	Mariachi_Owls	133.47
rango_tt1192628	tt1192628	Rango	1851.10
rango_tt1192628	tt1192628	Roadkill	76.49
rango_tt1192628	tt1192628	Spoons	102.98
rango_tt1192628	tt1192628	Rock-Eye	22.27
rango_tt1192628	tt1192628	Hawk	43.04
rango_tt1192628	tt1192628	Beans	842.38
rango_tt1192628	tt1192628	Priscilla	143.69
rango_tt1192628	tt1192628	Furgus	164.87
rango_tt1192628	tt1192628	Ezekiel	112.32
rango_tt1192628	tt1192628	Elgin	111.15
rango_tt1192628	tt1192628	Ambrose	93.93
rango_tt1192628	tt1192628	Buford	157.28
rango_tt1192628	tt1192628	Doc_Kenny	110.44
rango_tt1192628	tt1192628	Bad_Bill	57.89
rango_tt1192628	tt1192628	Waffles	153.95
rango_tt1192628	tt1192628	Merrimack	70.86
rango_tt1192628	tt1192628	Sergeant_Turley	51.63
rango_tt1192628	tt1192628	Angelique	55.35
rango_tt1192628	tt1192628	Mayor	226.27
rango_tt1192628	tt1192628	Rattlesnake_Jake	140.06
ratatouille_tt0382932	tt0382932	Auguste_Gusteau	163.66
ratatouille_tt0382932	tt0382932	Anton_Ego	298.38
ratatouille_tt0382932	tt0382932	Remy	1183.60
ratatouille_tt0382932	tt0382932	Django	254.25
ratatouille_tt0382932	tt0382932	Emile	387.55
ratatouille_tt0382932	tt0382932	Mabel_(Ratatouille)	37.16
ratatouille_tt0382932	tt0382932	Mustafa	134.59
ratatouille_tt0382932	tt0382932	Lalo	110.07
ratatouille_tt0382932	tt0382932	Pompidou	97.51
ratatouille_tt0382932	tt0382932	Colette_Tatou	616.12
ratatouille_tt0382932	tt0382932	Horst	170.71
ratatouille_tt0382932	tt0382932	Health_Inspector	63.19
ratatouille_tt0382932	tt0382932	Larousse	126.33
ratatouille_tt0382932	tt0382932	Alfredo_Linguini	1361.19
ratatouille_tt0382932	tt0382932	Chef_Skinner	592.09
ratatouille_tt0382932	tt0382932	Talon_Labarthe	148.15
ratatouille_tt0382932	tt0382932	Ambrister_Minion	34.62
raya.and.the.la_tt5109280	tt5109280	Buon	359.86
raya.and.the.la_tt5109280	tt5109280	Raya_(Young)	426.80
raya.and.the.la_tt5109280	tt5109280	Tuk_Tuk	149.36
raya.and.the.la_tt5109280	tt5109280	Spine_Warrior	32.32
raya.and.the.la_tt5109280	tt5109280	Chief_Benja	254.38
raya.and.the.la_tt5109280	tt5109280	Dang_Hai	64.98
raya.and.the.la_tt5109280	tt5109280	Merchant_#2	16.14
raya.and.the.la_tt5109280	tt5109280	Merchant	79.41
raya.and.the.la_tt5109280	tt5109280	Tail_Chief	18.18
raya.and.the.la_tt5109280	tt5109280	Spine_Chief	45.17
raya.and.the.la_tt5109280	tt5109280	General_Atitaya	81.62
raya.and.the.la_tt5109280	tt5109280	Virana	127.92
raya.and.the.la_tt5109280	tt5109280	Dang_Hu	58.48
raya.and.the.la_tt5109280	tt5109280	Fang_Officer	48.01
raya.and.the.la_tt5109280	tt5109280	Namaari_(Young)	147.56
raya.and.the.la_tt5109280	tt5109280	Sisu	561.56
raya.and.the.la_tt5109280	tt5109280	Namaari	351.89
raya.and.the.la_tt5109280	tt5109280	Raya	1261.14
raya.and.the.la_tt5109280	tt5109280	Chai	64.36
raya.and.the.la_tt5109280	tt5109280	Wahn	48.63
raya.and.the.la_tt5109280	tt5109280	Sisu_(human)	437.10
raya.and.the.la_tt5109280	tt5109280	Ongis	128.84
raya.and.the.la_tt5109280	tt5109280	Noi	246.25
raya.and.the.la_tt5109280	tt5109280	Tong	267.85
rescuers_tt0076618	tt0076618	Ellie_Mae	84.17
rescuers_tt0076618	tt0076618	Luke	126.33
rescuers_tt0076618	tt0076618	Bernard	830.12
rescuers_tt0076618	tt0076618	Chairmouse	64.31
rescuers_tt0076618	tt0076618	Mr._Chairman	42.21
rescuers_tt0076618	tt0076618	Deacon_Owl	31.70
rescuers_tt0076618	tt0076618	Digger	14.51
rescuers_tt0076618	tt0076618	Miss_Bianca	659.70
rescuers_tt0076618	tt0076618	Rufus	129.84
rescuers_tt0076618	tt0076618	Penny	531.28
rescuers_tt0076618	tt0076618	Madame_Medusa	334.13
rescuers_tt0076618	tt0076618	Orville	80.87
rescuers_tt0076618	tt0076618	Mr._Snoops	147.77
rescuers_tt0076618	tt0076618	Brutus	103.10
rescuers_tt0076618	tt0076618	Evinrude	82.21
rescuers_tt0076618	tt0076618	Gramps	25.03
rescuers_tt0076618	tt0076618	Deadeye	36.24
rescuers_tt0076618	tt0076618	TV_Announcer	17.64
rio.2_tt2357291	tt2357291	Fernando	9.84
rio.2_tt2357291	tt2357291	Mom	5.38
rio.2_tt2357291	tt2357291	Newscaster	37.12
rio.2_tt2357291	tt2357291	Pedro	229.19
rio.2_tt2357291	tt2357291	Nico	205.46
rio.2_tt2357291	tt2357291	Coin_Toss_Bird	5.42
rio.2_tt2357291	tt2357291	Blu	902.11
rio.2_tt2357291	tt2357291	Jewel	680.10
rio.2_tt2357291	tt2357291	Carla	155.36
rio.2_tt2357291	tt2357291	Tiago	163.83
rio.2_tt2357291	tt2357291	Rafael	125.17
rio.2_tt2357291	tt2357291	Felipe	101.06
rio.2_tt2357291	tt2357291	Bia	155.41
rio.2_tt2357291	tt2357291	Luiz	56.39
rio.2_tt2357291	tt2357291	Tiny	32.87
rio.2_tt2357291	tt2357291	Aunt_Mimi	68.15
rio.2_tt2357291	tt2357291	Swinging_Audition_Monkey	28.03
rio.2_tt2357291	tt2357291	Tulio	230.81
rio.2_tt2357291	tt2357291	Linda	305.72
rio.2_tt2357291	tt2357291	Obnoxious_Kid	29.24
rio.2_tt2357291	tt2357291	Opera_Bird	9.30
rio.2_tt2357291	tt2357291	Blue_Sentry	24.11
rio.2_tt2357291	tt2357291	Peri	24.73
rio.2_tt2357291	tt2357291	Eduardo	360.28
rio.2_tt2357291	tt2357291	Gabi	127.63
rio.2_tt2357291	tt2357291	Street_Vendor	30.70
rio.2_tt2357291	tt2357291	Dr._Monae	4.30
rio.2_tt2357291	tt2357291	Logging_Foreman	49.47
rio.2_tt2357291	tt2357291	Big_Boss	69.94
rio.2_tt2357291	tt2357291	Old_Bird	1.13
rio.2_tt2357291	tt2357291	Roberto	152.03
rio.2_tt2357291	tt2357291	Claira	21.77
rio.2_tt2357291	tt2357291	Porcupine_Game_Announcer	30.82
rio.2_tt2357291	tt2357291	Rapping_Sloth	8.22
rio.2_tt2357291	tt2357291	Capoeira_Turtle	18.39
rio.2_tt2357291	tt2357291	Tapir_Game_Announcer	32.74
rio_tt1436562	tt1436562	Trapped_Bird	23.44
rio_tt1436562	tt1436562	Neurotic_Bird	4.38
rio_tt1436562	tt1436562	Pedro	253.75
rio_tt1436562	tt1436562	Blue	939.65
rio_tt1436562	tt1436562	Linda	687.69
rio_tt1436562	tt1436562	Newscaster	26.82
rio_tt1436562	tt1436562	Fernando	240.28
rio_tt1436562	tt1436562	Young_Linda	8.01
rio_tt1436562	tt1436562	Tulio_Monteiro	448.78
rio_tt1436562	tt1436562	Alice_&_Chloe	0.42
rio_tt1436562	tt1436562	Armando	149.86
rio_tt1436562	tt1436562	Dr._Barbosa	11.68
rio_tt1436562	tt1436562	Nico	234.69
rio_tt1436562	tt1436562	Nigel	167.79
rio_tt1436562	tt1436562	Aviary_Intern	22.52
rio_tt1436562	tt1436562	Jewel	632.55
rio_tt1436562	tt1436562	Slyvio	44.00
rio_tt1436562	tt1436562	Tipa	192.48
rio_tt1436562	tt1436562	Marcel	162.83
rio_tt1436562	tt1436562	Luiz	103.77
rio_tt1436562	tt1436562	0.NOTAFACE	4.92
rio_tt1436562	tt1436562	Toucan_Kids	136.55
rio_tt1436562	tt1436562	Rafael	145.69
rio_tt1436562	tt1436562	The_Marmosets	107.40
rio_tt1436562	tt1436562	Boy_in_Gondola	7.67
rio_tt1436562	tt1436562	Mauro	80.04
rio_tt1436562	tt1436562	Carnival_girl	8.51
rise.of.the.gua_tt1446192	tt1446192	Jack_Frost	1265.10
rise.of.the.gua_tt1446192	tt1446192	Jamie_Bennett	450.82
rise.of.the.gua_tt1446192	tt1446192	Elves	47.55
rise.of.the.gua_tt1446192	tt1446192	Nicholas_St._North	635.68
rise.of.the.gua_tt1446192	tt1446192	Claude	111.28
rise.of.the.gua_tt1446192	tt1446192	Baby_Tooth	80.66
rise.of.the.gua_tt1446192	tt1446192	Toothiana	464.59
rise.of.the.gua_tt1446192	tt1446192	Sandy	305.68
rise.of.the.gua_tt1446192	tt1446192	E._Aster_Bunnymund	465.09
rise.of.the.gua_tt1446192	tt1446192	Mary	28.15
rise.of.the.gua_tt1446192	tt1446192	Caleb	91.51
rise.of.the.gua_tt1446192	tt1446192	Sophie_Bennet	50.93
rise.of.the.gua_tt1446192	tt1446192	Monty	68.44
rise.of.the.gua_tt1446192	tt1446192	Pippa	89.42
rise.of.the.gua_tt1446192	tt1446192	Cupcake	85.84
rise.of.the.gua_tt1446192	tt1446192	Pitch_Black	323.57
rise.of.the.gua_tt1446192	tt1446192	Phil	30.74
rise.of.the.gua_tt1446192	tt1446192	Nightmares	17.43
road.to.el.dora_tt0138749	tt0138749	Cortes	78.28
road.to.el.dora_tt0138749	tt0138749	Horsre	358.93
road.to.el.dora_tt0138749	tt0138749	Human_character_1	90.59
road.to.el.dora_tt0138749	tt0138749	Tulio	1897.53
road.to.el.dora_tt0138749	tt0138749	Miguel	1780.65
road.to.el.dora_tt0138749	tt0138749	Zaragoza	48.68
road.to.el.dora_tt0138749	tt0138749	Human_character_2	99.43
road.to.el.dora_tt0138749	tt0138749	Tzekel-Kan	457.49
road.to.el.dora_tt0138749	tt0138749	Chief	453.15
road.to.el.dora_tt0138749	tt0138749	Chel	800.20
road.to.el.dora_tt0138749	tt0138749	Acolyte	85.29
road.to.el.dora_tt0138749	tt0138749	Aardvark	35.84
road.to.el.dora_tt0138749	tt0138749	Kid_#1	2.84
robin.hood_tt0070608	tt0070608	Alan-a-Dale	71.82
robin.hood_tt0070608	tt0070608	Prince_John	636.01
robin.hood_tt0070608	tt0070608	Sir_Hiss	186.02
robin.hood_tt0070608	tt0070608	Maid_Marian	323.37
robin.hood_tt0070608	tt0070608	Robin_Hood	479.52
robin.hood_tt0070608	tt0070608	Little_John	249.04
robin.hood_tt0070608	tt0070608	Friar_Tuck	251.92
robin.hood_tt0070608	tt0070608	Lady_Cluck	184.10
robin.hood_tt0070608	tt0070608	Sheriff_of_Nottingham	414.37
robin.hood_tt0070608	tt0070608	Rhino	145.02
robin.hood_tt0070608	tt0070608	Owl	55.43
robin.hood_tt0070608	tt0070608	Sis	118.66
robin.hood_tt0070608	tt0070608	Otto	88.96
robin.hood_tt0070608	tt0070608	Captain_of_the_Guard	41.96
robin.hood_tt0070608	tt0070608	Mother_Rabbit	64.56
robin.hood_tt0070608	tt0070608	Father_Sexton	44.92
robin.hood_tt0070608	tt0070608	Skippy	253.30
robin.hood_tt0070608	tt0070608	Toby	105.15
robin.hood_tt0070608	tt0070608	Nutsy	78.16
robin.hood_tt0070608	tt0070608	Trigger	107.52
robin.hood_tt0070608	tt0070608	Mother_Church_Mouse	40.62
robots_tt0358082	tt0358082	Lydia_Copperbottom	225.14
robots_tt0358082	tt0358082	Herb_Copperbottom	374.21
robots_tt0358082	tt0358082	Bigmouth_Executive	50.84
robots_tt0358082	tt0358082	Cappy	352.35
robots_tt0358082	tt0358082	Broken_Arm_Bot	6.67
robots_tt0358082	tt0358082	Rodney_(Young)	146.98
robots_tt0358082	tt0358082	Fire_Hydrant	4.50
robots_tt0358082	tt0358082	Madame_Gasket	142.31
robots_tt0358082	tt0358082	Loretta_Geargrinder	35.66
robots_tt0358082	tt0358082	Youngest_Rodney	268.31
robots_tt0358082	tt0358082	Rodney_Copperbottom	841.30
robots_tt0358082	tt0358082	Bigweld	221.26
robots_tt0358082	tt0358082	Tin_Man	15.97
robots_tt0358082	tt0358082	Tim_the_Gate_Guard	39.41
robots_tt0358082	tt0358082	Crank_Casey	32.70
robots_tt0358082	tt0358082	Blue_robot	96.47
robots_tt0358082	tt0358082	Fender	241.37
robots_tt0358082	tt0358082	Trashcan_Bot	8.88
robots_tt0358082	tt0358082	Lug	171.59
robots_tt0358082	tt0358082	Piper_Pinwheeler	298.05
robots_tt0358082	tt0358082	Jack_Hammer	17.60
robots_tt0358082	tt0358082	Aunt_Fanny	110.53
rons.gone.wrong_tt7504818	tt7504818	Marc_Wydell	376.13
rons.gone.wrong_tt7504818	tt7504818	Savannah_Meades	499.33
rons.gone.wrong_tt7504818	tt7504818	Andrew_Morris	309.89
rons.gone.wrong_tt7504818	tt7504818	Barney_Pudowski	1929.10
rons.gone.wrong_tt7504818	tt7504818	Bubble_Techs	72.20
rons.gone.wrong_tt7504818	tt7504818	Noah	273.44
rons.gone.wrong_tt7504818	tt7504818	Jayden	131.88
rons.gone.wrong_tt7504818	tt7504818	Police_Officer	65.02
rons.gone.wrong_tt7504818	tt7504818	Ellie	88.80
rons.gone.wrong_tt7504818	tt7504818	Ron	259.59
rons.gone.wrong_tt7504818	tt7504818	Mr._Cleaver	30.53
rons.gone.wrong_tt7504818	tt7504818	Ms._Hartley	24.11
rons.gone.wrong_tt7504818	tt7504818	Bree	93.34
rons.gone.wrong_tt7504818	tt7504818	Ava	137.18
rons.gone.wrong_tt7504818	tt7504818	Rich_Belcher	311.19
rons.gone.wrong_tt7504818	tt7504818	Alex	112.28
rons.gone.wrong_tt7504818	tt7504818	Miss_Thomas	38.83
rons.gone.wrong_tt7504818	tt7504818	Graham_Pudowski	331.29
rons.gone.wrong_tt7504818	tt7504818	Donka_Pudowski	337.75
rons.gone.wrong_tt7504818	tt7504818	Sita	93.51
rons.gone.wrong_tt7504818	tt7504818	Shayne_the_Biker	43.71
rugrats.movie_tt0134067	tt0134067	Tommy_Pickles	1184.22
rugrats.movie_tt0134067	tt0134067	Angelica_Pickles	382.63
rugrats.movie_tt0134067	tt0134067	Chuckie_Finster	910.12
rugrats.movie_tt0134067	tt0134067	Stu_Pickles	535.79
rugrats.movie_tt0134067	tt0134067	Didi_Pickles	349.97
rugrats.movie_tt0134067	tt0134067	Phillip	657.95
rugrats.movie_tt0134067	tt0134067	Lillian	584.13
rugrats.movie_tt0134067	tt0134067	Ranger_Frank	60.77
rugrats.movie_tt0134067	tt0134067	Aunt_Miriam	25.53
rugrats.movie_tt0134067	tt0134067	Spike	81.00
rugrats.movie_tt0134067	tt0134067	Betty_DeVille	178.34
rugrats.movie_tt0134067	tt0134067	Susie_Carmichael	69.28
rugrats.movie_tt0134067	tt0134067	Charlotte_Pickles	77.87
rugrats.movie_tt0134067	tt0134067	Rex_Pester	88.67
rugrats.movie_tt0134067	tt0134067	Chaz_Finster	73.95
rugrats.movie_tt0134067	tt0134067	Howard_DeVille	54.18
rugrats.movie_tt0134067	tt0134067	Minka_Kropotkin	48.47
rugrats.movie_tt0134067	tt0134067	Grandpa_Boris_Kropotkin	80.12
rugrats.movie_tt0134067	tt0134067	Drew_Pickles	183.73
rugrats.movie_tt0134067	tt0134067	Grandpa_Lou_Pickles	200.07
rugrats.movie_tt0134067	tt0134067	Dr._Lipschitz	2.00
rugrats.movie_tt0134067	tt0134067	Nurse	37.04
rugrats.movie_tt0134067	tt0134067	Lucy_Carmichael	27.94
rugrats.movie_tt0134067	tt0134067	Dil_Pickles	527.40
rugrats.movie_tt0134067	tt0134067	Igor	42.50
rugrats.movie_tt0134067	tt0134067	Serge	34.78
rugrats.movie_tt0134067	tt0134067	United_Express_Driver	13.39
rugrats.movie_tt0134067	tt0134067	Reptar_Wagon	36.33
rugrats.movie_tt0134067	tt0134067	Lt._Klavin	14.60
rugrats.movie_tt0134067	tt0134067	Ranger_Margaret	54.60
sausage.party_tt1700841	tt1700841	Camille_Toh	45.92
sausage.party_tt1700841	tt1700841	Darren	94.55
sausage.party_tt1700841	tt1700841	Frank	680.18
sausage.party_tt1700841	tt1700841	Carl	440.90
sausage.party_tt1700841	tt1700841	Catcall_Sausage	203.95
sausage.party_tt1700841	tt1700841	Barry	225.14
sausage.party_tt1700841	tt1700841	Troy	62.44
sausage.party_tt1700841	tt1700841	Beer_Can	54.80
sausage.party_tt1700841	tt1700841	Beet	10.80
sausage.party_tt1700841	tt1700841	Popped_Cherry_Mixer	20.06
sausage.party_tt1700841	tt1700841	Chunk_Munchers_Cereal	47.96
sausage.party_tt1700841	tt1700841	Italian_Tomato	55.10
sausage.party_tt1700841	tt1700841	Potato	28.99
sausage.party_tt1700841	tt1700841	Sammy_Bagel_Jr.	329.50
sausage.party_tt1700841	tt1700841	Empanada	181.97
sausage.party_tt1700841	tt1700841	Watermelon	14.68
sausage.party_tt1700841	tt1700841	Jamaican_Rum	11.05
sausage.party_tt1700841	tt1700841	Green_Pepper	34.58
sausage.party_tt1700841	tt1700841	Mustard	53.47
sausage.party_tt1700841	tt1700841	Pop_Bottle	5.76
sausage.party_tt1700841	tt1700841	Roberta_Bun	101.43
sausage.party_tt1700841	tt1700841	Ticklish_Licorice	66.11
sausage.party_tt1700841	tt1700841	Ketchup	15.39
sausage.party_tt1700841	tt1700841	Toilet_Paper	38.37
sausage.party_tt1700841	tt1700841	Ice_Cream	66.94
sausage.party_tt1700841	tt1700841	Relish	6.38
sausage.party_tt1700841	tt1700841	Sauerkraut	19.89
sausage.party_tt1700841	tt1700841	El_Guaco	38.25
sausage.party_tt1700841	tt1700841	Beer_Keg	12.80
sausage.party_tt1700841	tt1700841	Loretta_Bun	76.95
sausage.party_tt1700841	tt1700841	Sally_Bun	43.54
sausage.party_tt1700841	tt1700841	Brenda	680.47
sausage.party_tt1700841	tt1700841	Pop_Tart	22.11
sausage.party_tt1700841	tt1700841	Baby_Carrot	24.40
sausage.party_tt1700841	tt1700841	Old_Pork_Sausage	1.75
sausage.party_tt1700841	tt1700841	Twink	76.95
sausage.party_tt1700841	tt1700841	Douche	186.06
sausage.party_tt1700841	tt1700841	Orange_triangle	115.20
sausage.party_tt1700841	tt1700841	Lettuce	14.85
sausage.party_tt1700841	tt1700841	Mariachi_Salsa	22.06
sausage.party_tt1700841	tt1700841	Grits	80.41
sausage.party_tt1700841	tt1700841	Plum_#2	1.96
sausage.party_tt1700841	tt1700841	Grape_#1	3.17
sausage.party_tt1700841	tt1700841	Plum_#1	1.17
sausage.party_tt1700841	tt1700841	Lavash	379.34
sausage.party_tt1700841	tt1700841	Juice_Box	8.13
sausage.party_tt1700841	tt1700841	Bag_of_Dog_Food	5.76
sausage.party_tt1700841	tt1700841	Firewater	140.43
sausage.party_tt1700841	tt1700841	Tequila	48.34
sausage.party_tt1700841	tt1700841	Teresa_Taco	70.61
sausage.party_tt1700841	tt1700841	Queso	11.18
sausage.party_tt1700841	tt1700841	Drug_Dealer	7.51
sausage.party_tt1700841	tt1700841	Druggie	112.90
sausage.party_tt1700841	tt1700841	Cookies	28.07
sausage.party_tt1700841	tt1700841	Sandwich	34.62
sausage.party_tt1700841	tt1700841	Tampon	5.71
sausage.party_tt1700841	tt1700841	Fit_Man	1.42
sausage.party_tt1700841	tt1700841	Sergeant_Pepper	3.13
secret.life.of._tt2709768	tt2709768	Max	1250.08
secret.life.of._tt2709768	tt2709768	Katie	190.98
secret.life.of._tt2709768	tt2709768	Gidget	498.58
secret.life.of._tt2709768	tt2709768	Chloe	371.91
secret.life.of._tt2709768	tt2709768	Mel	295.04
secret.life.of._tt2709768	tt2709768	Sweetpea	121.41
secret.life.of._tt2709768	tt2709768	Reginald	28.74
secret.life.of._tt2709768	tt2709768	Ozone	73.87
secret.life.of._tt2709768	tt2709768	Buddy	223.26
secret.life.of._tt2709768	tt2709768	Leonard	37.75
secret.life.of._tt2709768	tt2709768	Norman	108.27
secret.life.of._tt2709768	tt2709768	Duke	731.02
secret.life.of._tt2709768	tt2709768	Maria	19.69
secret.life.of._tt2709768	tt2709768	Snowball	425.88
secret.life.of._tt2709768	tt2709768	Fernando	24.02
secret.life.of._tt2709768	tt2709768	Dragon	67.15
secret.life.of._tt2709768	tt2709768	Tattoo	172.76
secret.life.of._tt2709768	tt2709768	Tiberius	238.66
secret.life.of._tt2709768	tt2709768	Derick	32.03
secret.life.of._tt2709768	tt2709768	Pops	112.74
secret.life.of._tt5113040	tt5113040	Tiny	81.83
secret.life.of._tt5113040	tt5113040	Katie	137.72
secret.life.of._tt5113040	tt5113040	Liam	221.01
secret.life.of._tt5113040	tt5113040	Max	1158.86
secret.life.of._tt5113040	tt5113040	Molly	94.39
secret.life.of._tt5113040	tt5113040	Duke	446.74
secret.life.of._tt5113040	tt5113040	Pops	129.55
secret.life.of._tt5113040	tt5113040	Chuck	74.16
secret.life.of._tt5113040	tt5113040	Chloe	316.77
secret.life.of._tt5113040	tt5113040	Gidget	415.96
secret.life.of._tt5113040	tt5113040	Princess	65.11
secret.life.of._tt5113040	tt5113040	Snowball	537.16
secret.life.of._tt5113040	tt5113040	Buddy	70.90
secret.life.of._tt5113040	tt5113040	Mel	81.37
secret.life.of._tt5113040	tt5113040	Norman	25.28
secret.life.of._tt5113040	tt5113040	Pickles	70.53
secret.life.of._tt5113040	tt5113040	Hamster	8.80
secret.life.of._tt5113040	tt5113040	Daisy	381.26
secret.life.of._tt5113040	tt5113040	Cat_Lady	20.27
secret.life.of._tt5113040	tt5113040	Hu	232.61
secret.life.of._tt5113040	tt5113040	Little_Sergei	114.95
secret.life.of._tt5113040	tt5113040	Sergei	98.39
secret.life.of._tt5113040	tt5113040	The_Pig	18.10
secret.life.of._tt5113040	tt5113040	Rooster	257.97
secret.life.of._tt5113040	tt5113040	Lead_Wolf	78.58
secret.life.of._tt5113040	tt5113040	Sweetpea	44.21
secret.life.of._tt5113040	tt5113040	Cotton	37.91
shark.tale_tt0307453	tt0307453	Worm	24.90
shark.tale_tt0307453	tt0307453	Lenny	443.65
shark.tale_tt0307453	tt0307453	Frankie	425.97
shark.tale_tt0307453	tt0307453	Katie_Current	79.25
shark.tale_tt0307453	tt0307453	Angie	632.30
shark.tale_tt0307453	tt0307453	Starfish	4.25
shark.tale_tt0307453	tt0307453	Janice	7.26
shark.tale_tt0307453	tt0307453	Shortie_#2	77.87
shark.tale_tt0307453	tt0307453	Shortie_#1	55.85
shark.tale_tt0307453	tt0307453	Tip_Fish_#1	18.60
shark.tale_tt0307453	tt0307453	Prawn_Shop_Owner	3.67
shark.tale_tt0307453	tt0307453	Oscar	1904.07
shark.tale_tt0307453	tt0307453	Shortie_#3	83.67
shark.tale_tt0307453	tt0307453	Crazy_Joe	34.95
shark.tale_tt0307453	tt0307453	Shrimp	66.65
shark.tale_tt0307453	tt0307453	Headphone_Guy	2.42
shark.tale_tt0307453	tt0307453	Sykes	405.15
shark.tale_tt0307453	tt0307453	Don_Lino	304.26
shark.tale_tt0307453	tt0307453	Luca	88.38
shark.tale_tt0307453	tt0307453	Don_Feinberg	48.01
shark.tale_tt0307453	tt0307453	Whale_Wash_Co-Worker_#2	51.22
shark.tale_tt0307453	tt0307453	Whale_Wash_Co-Worker	51.47
shark.tale_tt0307453	tt0307453	Bernie	125.33
shark.tale_tt0307453	tt0307453	Ernie	156.53
shark.tale_tt0307453	tt0307453	Mrs._Sanchez	14.10
shark.tale_tt0307453	tt0307453	Cashier	13.51
shark.tale_tt0307453	tt0307453	Lola	230.23
shark.tale_tt0307453	tt0307453	Christina	17.23
shark.tale_tt0307453	tt0307453	Missy	10.51
shark.tale_tt0307453	tt0307453	Clown_Whale	3.67
shrek.2_tt0298148	tt0298148	Princess_Fiona	592.09
shrek.2_tt0298148	tt0298148	Fairy_Godmother	425.42
shrek.2_tt0298148	tt0298148	Shrek_(human)	377.04
shrek.2_tt0298148	tt0298148	Prince_Charming	209.33
shrek.2_tt0298148	tt0298148	King_Harold	422.84
shrek.2_tt0298148	tt0298148	Queen_Lillian	214.67
shrek.2_tt0298148	tt0298148	The_Big_Bad_Wolf	30.61
shrek.2_tt0298148	tt0298148	Shrek	936.52
shrek.2_tt0298148	tt0298148	Cedric	47.38
shrek.2_tt0298148	tt0298148	Nobleman's_Son	5.92
shrek.2_tt0298148	tt0298148	Page	31.61
shrek.2_tt0298148	tt0298148	Humphries	11.39
shrek.2_tt0298148	tt0298148	Herald	59.93
shrek.2_tt0298148	tt0298148	Donkey	578.33
shrek.2_tt0298148	tt0298148	Dronkey	7.38
shrek.2_tt0298148	tt0298148	Three_Blind_Mice	10.84
shrek.2_tt0298148	tt0298148	Mongo	67.69
shrek.2_tt0298148	tt0298148	Pig_3	24.23
shrek.2_tt0298148	tt0298148	Pig_2	15.97
shrek.2_tt0298148	tt0298148	Pinocchio	49.47
shrek.2_tt0298148	tt0298148	Pig_1	10.30
shrek.2_tt0298148	tt0298148	Donkey_(horse)	161.24
shrek.2_tt0298148	tt0298148	Doris	65.32
shrek.2_tt0298148	tt0298148	Fast_Food_Clerk	6.26
shrek.2_tt0298148	tt0298148	Man_with_Box	2.63
shrek.2_tt0298148	tt0298148	Maiden_#1	43.00
shrek.2_tt0298148	tt0298148	Jill	36.24
shrek.2_tt0298148	tt0298148	Maiden_#2	35.70
shrek.2_tt0298148	tt0298148	Princess_Fiona_(human)	188.81
shrek.2_tt0298148	tt0298148	Cyclops	7.17
shrek.2_tt0298148	tt0298148	Bar_Frog	6.42
shrek.2_tt0298148	tt0298148	Puss_in_Boots	333.67
shrek.2_tt0298148	tt0298148	Jerome_the_Receptionist	25.48
shrek.2_tt0298148	tt0298148	Captain_of_the_Guards	11.59
shrek.2_tt0298148	tt0298148	Joan_Rivers	11.55
shrek.2_tt0298148	tt0298148	Nobleman	9.30
shrek.2_tt0298148	tt0298148	Magic_Mirror	4.13
shrek.2_tt0298148	tt0298148	Gingerbread_Man	23.11
shrek.2_tt0298148	tt0298148	Dragon	14.47
shrek.forever.a_tt0892791	tt0892791	Villager_Fan_#2	40.33
shrek.forever.a_tt0892791	tt0892791	Pied_Piper	33.99
shrek.forever.a_tt0892791	tt0892791	Queen_Lillian	115.74
shrek.forever.a_tt0892791	tt0892791	King_Harold	89.46
shrek.forever.a_tt0892791	tt0892791	Palace_Witch	72.86
shrek.forever.a_tt0892791	tt0892791	Witch_Guard_#2	8.93
shrek.forever.a_tt0892791	tt0892791	Rumplestiltskin	567.19
shrek.forever.a_tt0892791	tt0892791	Pinocchio	39.04
shrek.forever.a_tt0892791	tt0892791	Felicia	69.82
shrek.forever.a_tt0892791	tt0892791	Shrek	1691.90
shrek.forever.a_tt0892791	tt0892791	Princess_Fiona	655.49
shrek.forever.a_tt0892791	tt0892791	Fergus	86.09
shrek.forever.a_tt0892791	tt0892791	Farkel	32.91
shrek.forever.a_tt0892791	tt0892791	Father_of_Butter_Pants	55.81
shrek.forever.a_tt0892791	tt0892791	Donkey	384.30
shrek.forever.a_tt0892791	tt0892791	Dronkies	34.95
shrek.forever.a_tt0892791	tt0892791	Puss_in_Boots	205.04
shrek.forever.a_tt0892791	tt0892791	Gretched	90.88
shrek.forever.a_tt0892791	tt0892791	Brogan	189.94
shrek.forever.a_tt0892791	tt0892791	Ogre_Gnimrach	67.78
shrek.forever.a_tt0892791	tt0892791	Dragon	33.78
shrek.forever.a_tt0892791	tt0892791	Villager_Fan_#1	20.56
shrek.forever.a_tt0892791	tt0892791	Villager_Kid	31.16
shrek.forever.a_tt0892791	tt0892791	Wagon_Witch_2	17.64
shrek.forever.a_tt0892791	tt0892791	Butter_Pants	37.79
shrek.forever.a_tt0892791	tt0892791	Gingerbread_Man	28.65
shrek.forever.a_tt0892791	tt0892791	Doris	11.34
shrek.forever.a_tt0892791	tt0892791	The_Big_Bad_Wolf	16.89
shrek.forever.a_tt0892791	tt0892791	Pig_2	13.81
shrek.forever.a_tt0892791	tt0892791	Pig_3	25.11
shrek.forever.a_tt0892791	tt0892791	Pig_1	19.81
shrek.forever.a_tt0892791	tt0892791	Patrol_Witch	7.47
shrek.forever.a_tt0892791	tt0892791	Dancing_Witch	18.60
shrek.forever.a_tt0892791	tt0892791	Pumpkin_Witch	25.78
shrek.forever.a_tt0892791	tt0892791	Broomsy_Witch	75.87
shrek.forever.a_tt0892791	tt0892791	Camp_Ogre	38.12
shrek.forever.a_tt0892791	tt0892791	Cookie	80.50
shrek.forever.a_tt0892791	tt0892791	Magic_Mirror	6.01
shrek.forever.a_tt0892791	tt0892791	Geppetto	7.97
shrek.forever.a_tt0892791	tt0892791	Three_Blind_Mice	2.09
shrek.the.third_tt0413267	tt0413267	Artie	653.11
shrek.the.third_tt0413267	tt0413267	Prince_Charming	516.60
shrek.the.third_tt0413267	tt0413267	Mother	86.38
shrek.the.third_tt0413267	tt0413267	Fiddlesworth	99.64
shrek.the.third_tt0413267	tt0413267	Evil_Queen	77.66
shrek.the.third_tt0413267	tt0413267	Rumplestiltskin	75.24
shrek.the.third_tt0413267	tt0413267	Xavier	18.60
shrek.the.third_tt0413267	tt0413267	Principal_Pynchley	40.96
shrek.the.third_tt0413267	tt0413267	The_Big_Bad_Wolf	61.02
shrek.the.third_tt0413267	tt0413267	Pig_2	48.38
shrek.the.third_tt0413267	tt0413267	Pig_1	39.96
shrek.the.third_tt0413267	tt0413267	Mabel	71.11
shrek.the.third_tt0413267	tt0413267	Pig_3	61.48
shrek.the.third_tt0413267	tt0413267	Pinocchio	112.07
shrek.the.third_tt0413267	tt0413267	Queen_Lillian	166.08
shrek.the.third_tt0413267	tt0413267	Stage_Actress	17.93
shrek.the.third_tt0413267	tt0413267	Rapunzel	222.68
shrek.the.third_tt0413267	tt0413267	Hall_Monitor	122.16
shrek.the.third_tt0413267	tt0413267	Tiffany	21.98
shrek.the.third_tt0413267	tt0413267	Cinderella	209.00
shrek.the.third_tt0413267	tt0413267	Sleeping_Beauty	134.59
shrek.the.third_tt0413267	tt0413267	Gingerbread_Man	41.46
shrek.the.third_tt0413267	tt0413267	Doris	164.50
shrek.the.third_tt0413267	tt0413267	Waiter	9.72
shrek.the.third_tt0413267	tt0413267	Gary	99.43
shrek.the.third_tt0413267	tt0413267	Princess_Fiona	491.03
shrek.the.third_tt0413267	tt0413267	Snow_White	241.66
shrek.the.third_tt0413267	tt0413267	Raul	36.75
shrek.the.third_tt0413267	tt0413267	Shrek	1286.16
shrek.the.third_tt0413267	tt0413267	Donkey	571.24
shrek.the.third_tt0413267	tt0413267	Dronkies	22.94
shrek.the.third_tt0413267	tt0413267	Puss_in_Boots	448.11
shrek.the.third_tt0413267	tt0413267	Evil_Dwarf	41.62
shrek.the.third_tt0413267	tt0413267	Lancelot	60.89
shrek.the.third_tt0413267	tt0413267	Cheerleaders	8.34
shrek.the.third_tt0413267	tt0413267	Fergus	25.82
shrek.the.third_tt0413267	tt0413267	Guard_#1	78.24
shrek.the.third_tt0413267	tt0413267	King_Harold_(frog)	85.75
shrek.the.third_tt0413267	tt0413267	Cyclops	113.20
shrek.the.third_tt0413267	tt0413267	Puppet_Master	51.34
shrek.the.third_tt0413267	tt0413267	Evil_Tree_#2	63.61
shrek.the.third_tt0413267	tt0413267	Captain_Hook	104.23
shrek.the.third_tt0413267	tt0413267	Evil_Knight	6.46
shrek.the.third_tt0413267	tt0413267	Three_Blind_Mice	5.46
shrek.the.third_tt0413267	tt0413267	Dragon	68.53
shrek.the.third_tt0413267	tt0413267	Ship_Captain	5.38
shrek.the.third_tt0413267	tt0413267	Felicia	99.10
shrek.the.third_tt0413267	tt0413267	Farkel	25.82
shrek.the.third_tt0413267	tt0413267	Guinevere	34.28
shrek.the.third_tt0413267	tt0413267	Mascot_Contestant	7.30
shrek.the.third_tt0413267	tt0413267	Nanny_Dwarf	17.31
shrek.the.third_tt0413267	tt0413267	Merlin	132.59
shrek_tt0126029	tt0126029	Shrek	1429.18
shrek_tt0126029	tt0126029	Monsieur_Hood	145.14
shrek_tt0126029	tt0126029	Ogre_Hunters	12.80
shrek_tt0126029	tt0126029	Seventh_Dwarf	9.34
shrek_tt0126029	tt0126029	Knight	128.29
shrek_tt0126029	tt0126029	Captain_of_the_Guards	60.89
shrek_tt0126029	tt0126029	Snow_White	17.56
shrek_tt0126029	tt0126029	Pinocchio	49.72
shrek_tt0126029	tt0126029	Old_Woman	35.62
shrek_tt0126029	tt0126029	Geppetto	12.39
shrek_tt0126029	tt0126029	Donkey	1028.90
shrek_tt0126029	tt0126029	Peter_Pan	58.81
shrek_tt0126029	tt0126029	Pig_2	42.00
shrek_tt0126029	tt0126029	Pig_3	32.16
shrek_tt0126029	tt0126029	Three_Blind_Mice	12.60
shrek_tt0126029	tt0126029	The_Big_Bad_Wolf	19.52
shrek_tt0126029	tt0126029	Cinderella	26.48
shrek_tt0126029	tt0126029	Thelonious	25.69
shrek_tt0126029	tt0126029	Lord_Farquaad	266.02
shrek_tt0126029	tt0126029	Gingerbread_Man	28.53
shrek_tt0126029	tt0126029	Magic_Mirror	41.92
shrek_tt0126029	tt0126029	Princess_Fiona	800.97
shrek_tt0126029	tt0126029	Dragon	89.96
shrek_tt0126029	tt0126029	Duloc_Mascot	13.10
shrek_tt0126029	tt0126029	Bishop	10.22
simpsons.movie_tt0462538	tt0462538	Scratchy	22.61
simpsons.movie_tt0462538	tt0462538	Itchy	31.11
simpsons.movie_tt0462538	tt0462538	Sideshow_Mel	59.14
simpsons.movie_tt0462538	tt0462538	Mrs._Muntz	36.75
simpsons.movie_tt0462538	tt0462538	Mrs._Hibbert	83.37
simpsons.movie_tt0462538	tt0462538	Homer_Simpson	1249.21
simpsons.movie_tt0462538	tt0462538	Mayor_Diamond_Joe_Quimby	118.58
simpsons.movie_tt0462538	tt0462538	Mike_Dirnt_(Greenday)	40.37
simpsons.movie_tt0462538	tt0462538	Marge_Simpson	764.81
simpsons.movie_tt0462538	tt0462538	Nelson_Muntz	96.51
simpsons.movie_tt0462538	tt0462538	Carl_Carlson	112.11
simpsons.movie_tt0462538	tt0462538	Milhouse_Van_Houten	124.54
simpsons.movie_tt0462538	tt0462538	Todd_Flanders	113.57
simpsons.movie_tt0462538	tt0462538	Comic_Book_Guy_/_Jeff_Albertson	94.30
simpsons.movie_tt0462538	tt0462538	Edna_Krabappel	75.20
simpsons.movie_tt0462538	tt0462538	Principal_Seymour_Skinner	46.21
simpsons.movie_tt0462538	tt0462538	Jimbo_Jones	27.99
simpsons.movie_tt0462538	tt0462538	Moe_Szyslak	165.83
simpsons.movie_tt0462538	tt0462538	Kent_Brockman	89.92
simpsons.movie_tt0462538	tt0462538	Maggie_Simpson	233.27
simpsons.movie_tt0462538	tt0462538	Chief_Clancy_Wiggum	144.94
simpsons.movie_tt0462538	tt0462538	President_Arnold_Schwarzenegger	71.45
simpsons.movie_tt0462538	tt0462538	Apu_Nahasapeemapetilon	82.42
simpsons.movie_tt0462538	tt0462538	Bart_Simpson	724.81
simpsons.movie_tt0462538	tt0462538	Otto_Mann	41.46
simpsons.movie_tt0462538	tt0462538	Reverend_Timothy_Lovejoy	72.74
simpsons.movie_tt0462538	tt0462538	Lenny_Leonard	118.99
simpsons.movie_tt0462538	tt0462538	Lisa_Simpson	490.28
simpsons.movie_tt0462538	tt0462538	Helen_Lovejoy	97.51
simpsons.movie_tt0462538	tt0462538	Ralph_Wiggum	40.29
simpsons.movie_tt0462538	tt0462538	Charles_Montgomery_Burns	55.10
simpsons.movie_tt0462538	tt0462538	Waylon_Smithers	105.44
simpsons.movie_tt0462538	tt0462538	Martin_Prince	51.30
simpsons.movie_tt0462538	tt0462538	Billie_Joe_Armstrong_(Greenday)	38.54
simpsons.movie_tt0462538	tt0462538	Tre_Cool_(Greenday)	57.77
simpsons.movie_tt0462538	tt0462538	TV_Dad	139.64
simpsons.movie_tt0462538	tt0462538	Lou	86.04
simpsons.movie_tt0462538	tt0462538	Counter_Man	39.37
simpsons.movie_tt0462538	tt0462538	Groundskeeper_Willie	50.30
simpsons.movie_tt0462538	tt0462538	Female_EPA_Worker	32.07
simpsons.movie_tt0462538	tt0462538	Tom_Hanks	54.35
simpsons.movie_tt0462538	tt0462538	EPA_Passenger	9.26
simpsons.movie_tt0462538	tt0462538	Lindsey_Naegle	60.85
simpsons.movie_tt0462538	tt0462538	Barney_Gumble	83.88
simpsons.movie_tt0462538	tt0462538	Cookie_Kwan	37.33
simpsons.movie_tt0462538	tt0462538	EPA_Official	79.12
simpsons.movie_tt0462538	tt0462538	Mayor's_Aide	29.15
simpsons.movie_tt0462538	tt0462538	Panicky_Man	23.06
simpsons.movie_tt0462538	tt0462538	Professor_Frink	92.26
simpsons.movie_tt0462538	tt0462538	Squeaky_Voiced_Teen_/_Jeremy_Freedman	39.79
simpsons.movie_tt0462538	tt0462538	Dr._Nick_Riviera	64.52
simpsons.movie_tt0462538	tt0462538	Sea_Captain_McCallister	47.51
simpsons.movie_tt0462538	tt0462538	TV_Daughter	56.22
simpsons.movie_tt0462538	tt0462538	Dr._Julius_Hibbert	76.33
simpsons.movie_tt0462538	tt0462538	Russ_Cargill	294.04
simpsons.movie_tt0462538	tt0462538	Mr._Teeny	23.77
simpsons.movie_tt0462538	tt0462538	Cletus_Spuckler	80.79
simpsons.movie_tt0462538	tt0462538	Hans_Moleman	34.20
simpsons.movie_tt0462538	tt0462538	Agnes_Skinner	74.87
simpsons.movie_tt0462538	tt0462538	Krusty_the_Clown	81.58
simpsons.movie_tt0462538	tt0462538	Patty_Bouvier	40.58
simpsons.movie_tt0462538	tt0462538	Ned_Flanders	224.27
simpsons.movie_tt0462538	tt0462538	Drederick_Tatum	17.93
simpsons.movie_tt0462538	tt0462538	Selma_Bouvier	39.33
simpsons.movie_tt0462538	tt0462538	Bumblebee_Man	49.22
simpsons.movie_tt0462538	tt0462538	NSA_Worker	25.86
simpsons.movie_tt0462538	tt0462538	Colin	124.92
simpsons.movie_tt0462538	tt0462538	Abraham_Simpson	146.23
simpsons.movie_tt0462538	tt0462538	Rod_Flanders	86.88
simpsons.movie_tt0462538	tt0462538	TV_Son	29.95
simpsons.movie_tt0462538	tt0462538	Carnival_Barker	69.94
simpsons.movie_tt0462538	tt0462538	Medicine_Woman	68.11
simpsons.movie_tt0462538	tt0462538	Toll_Booth_Man	20.35
simpsons.movie_tt0462538	tt0462538	Plopper	125.08
simpsons.movie_tt0462538	tt0462538	Crazy_Cat_Lady_/_Eleanor_Abernathy	15.85
simpsons.movie_tt0462538	tt0462538	Guard	61.60
simpsons.movie_tt0462538	tt0462538	Multi-Eyed_Squirrel	22.31
simpsons.movie_tt0462538	tt0462538	Male_EPA_Worker	4.42
simpsons.movie_tt0462538	tt0462538	Santa's_Little_Helper	6.84
simpsons.movie_tt0462538	tt0462538	EPA_Driver	9.26
simpsons.movie_tt0462538	tt0462538	Bear	11.55
sing.2_tt6467266	tt6467266	Meena	357.90
sing.2_tt6467266	tt6467266	Gunter	357.57
sing.2_tt6467266	tt6467266	Rosita	571.57
sing.2_tt6467266	tt6467266	Johnny	459.71
sing.2_tt6467266	tt6467266	Big_Daddy	105.40
sing.2_tt6467266	tt6467266	Nooshy	228.90
sing.2_tt6467266	tt6467266	Alfonso	61.56
sing.2_tt6467266	tt6467266	Jerry	157.95
sing.2_tt6467266	tt6467266	Sammy	51.26
sing.2_tt6467266	tt6467266	Hippo_	19.19
sing.2_tt6467266	tt6467266	Buster_Moon	1322.57
sing.2_tt6467266	tt6467266	Norman	171.63
sing.2_tt6467266	tt6467266	Suki_Lane	190.32
sing.2_tt6467266	tt6467266	Miss_Crawly	257.47
sing.2_tt6467266	tt6467266	Karen	47.84
sing.2_tt6467266	tt6467266	Nana_Noodleman	83.67
sing.2_tt6467266	tt6467266	Ash	600.39
sing.2_tt6467266	tt6467266	Ruby	24.02
sing.2_tt6467266	tt6467266	Jimmy_Crystal	218.97
sing.2_tt6467266	tt6467266	Horse	7.42
sing.2_tt6467266	tt6467266	Ryan	36.12
sing.2_tt6467266	tt6467266	Ducklings	5.21
sing.2_tt6467266	tt6467266	Harry	150.69
sing.2_tt6467266	tt6467266	Jimmy's_bodyguard	32.57
sing.2_tt6467266	tt6467266	Klaus_Kickenklober	152.94
sing.2_tt6467266	tt6467266	Night_Cleaners	31.57
sing.2_tt6467266	tt6467266	Darius	139.97
sing.2_tt6467266	tt6467266	Sasha	17.27
sing.2_tt6467266	tt6467266	Gorilla_robbers	20.27
sing.2_tt6467266	tt6467266	Porsha_Crystal	205.41
sing.2_tt6467266	tt6467266	Clay_Calloway	324.12
sing_tt3470600	tt3470600	Minions	21.90
sing_tt3470600	tt3470600	Bob	56.56
sing_tt3470600	tt3470600	Kip_Casey	34.87
sing_tt3470600	tt3470600	Hippo	53.72
sing_tt3470600	tt3470600	Nana_Noodleman	111.40
sing_tt3470600	tt3470600	Buster_Moon's_father	24.94
sing_tt3470600	tt3470600	Buster_Moon	1411.91
sing_tt3470600	tt3470600	Miss_Crawly	356.15
sing_tt3470600	tt3470600	Jeff	215.17
sing_tt3470600	tt3470600	Bull	31.78
sing_tt3470600	tt3470600	Baboon	33.99
sing_tt3470600	tt3470600	Judith	59.43
sing_tt3470600	tt3470600	Rosita	642.98
sing_tt3470600	tt3470600	Johnny	374.83
sing_tt3470600	tt3470600	Meena	315.77
sing_tt3470600	tt3470600	Norman	149.44
sing_tt3470600	tt3470600	Gunter	300.63
sing_tt3470600	tt3470600	Lance	105.77
sing_tt3470600	tt3470600	Ash	485.69
sing_tt3470600	tt3470600	Harry	2.59
sing_tt3470600	tt3470600	Meena's_mother	166.33
sing_tt3470600	tt3470600	Meena's_grandfather	41.83
sing_tt3470600	tt3470600	Mike	364.86
sing_tt3470600	tt3470600	Eddie	157.16
sing_tt3470600	tt3470600	Llama	45.75
sing_tt3470600	tt3470600	Richard	40.96
sing_tt3470600	tt3470600	Shrimp	9.63
sing_tt3470600	tt3470600	The_Q-Teez	65.61
sing_tt3470600	tt3470600	Turtles	14.51
sing_tt3470600	tt3470600	Puffins	5.76
sing_tt3470600	tt3470600	Big_Daddy	240.20
sing_tt3470600	tt3470600	Pete	34.37
sing_tt3470600	tt3470600	Ray	6.38
sing_tt3470600	tt3470600	Nancy	85.29
sing_tt3470600	tt3470600	Bears	79.95
sing_tt3470600	tt3470600	Derek	10.59
sing_tt3470600	tt3470600	Cat	18.64
sleeping.beauty_tt0053285	tt0053285	Maleficent	222.97
sleeping.beauty_tt0053285	tt0053285	Queen_Leah	108.27
sleeping.beauty_tt0053285	tt0053285	King_Stefan	231.02
sleeping.beauty_tt0053285	tt0053285	King_Hubert	348.68
sleeping.beauty_tt0053285	tt0053285	Aurora	342.34
sleeping.beauty_tt0053285	tt0053285	Merryweather	619.33
sleeping.beauty_tt0053285	tt0053285	Flora	496.12
sleeping.beauty_tt0053285	tt0053285	Fauna	474.22
sleeping.beauty_tt0053285	tt0053285	Crow	81.33
sleeping.beauty_tt0053285	tt0053285	Maleficent's_Goons	13.26
sleeping.beauty_tt0053285	tt0053285	Pig_Goon	54.93
sleeping.beauty_tt0053285	tt0053285	Bunny	41.75
sleeping.beauty_tt0053285	tt0053285	Bluebird	28.19
sleeping.beauty_tt0053285	tt0053285	Red_Owl	15.77
sleeping.beauty_tt0053285	tt0053285	Chipmunk	97.64
sleeping.beauty_tt0053285	tt0053285	Owl	107.32
sleeping.beauty_tt0053285	tt0053285	Prince_Phillip	222.47
sleeping.beauty_tt0053285	tt0053285	Samson	68.65
sleeping.beauty_tt0053285	tt0053285	Minstrel	103.39
smallfoot_tt6182908	tt6182908	Garry	179.30
smallfoot_tt6182908	tt6182908	Migo	1364.53
smallfoot_tt6182908	tt6182908	Soozie's_Mom	70.61
smallfoot_tt6182908	tt6182908	Thorp	214.05
smallfoot_tt6182908	tt6182908	Kolka	399.94
smallfoot_tt6182908	tt6182908	Gwangi	381.01
smallfoot_tt6182908	tt6182908	Meechee	646.35
smallfoot_tt6182908	tt6182908	Dorgle	197.32
smallfoot_tt6182908	tt6182908	Pilot	15.81
smallfoot_tt6182908	tt6182908	Fleem	174.97
smallfoot_tt6182908	tt6182908	Percy	610.19
smallfoot_tt6182908	tt6182908	Brenda	124.96
smallfoot_tt6182908	tt6182908	Mama_Bear	16.68
smurfs.2_tt2017020	tt2017020	Hotel_Assistant_Manager	131.09
smurfs.2_tt2017020	tt2017020	Papa_Smurf	534.20
smurfs.2_tt2017020	tt2017020	Smurfette	759.47
smurfs.2_tt2017020	tt2017020	Passive_Agressive_Smurf	229.73
smurfs.2_tt2017020	tt2017020	Narrator_Smurf	33.74
smurfs.2_tt2017020	tt2017020	Grouchy_Smurf	429.89
smurfs.2_tt2017020	tt2017020	Vanity_Smurf	400.82
smurfs.2_tt2017020	tt2017020	Clumsy_Smurf	307.72
smurfs.2_tt2017020	tt2017020	Handy_Smurf	103.27
smurfs.2_tt2017020	tt2017020	Smooth_Smurf	16.31
smurfs.2_tt2017020	tt2017020	Farmer_Smurf	79.12
smurfs.2_tt2017020	tt2017020	Vexy	736.90
smurfs.2_tt2017020	tt2017020	Blue_Winslow	238.07
smurfs.2_tt2017020	tt2017020	Azrael	185.81
smurfs.2_tt2017020	tt2017020	Gargamel	771.90
smurfs.2_tt2017020	tt2017020	Grace_Winslow	274.86
smurfs.2_tt2017020	tt2017020	Hotel_Desk_Manager	97.10
smurfs.2_tt2017020	tt2017020	Hackus	405.70
smurfs.2_tt2017020	tt2017020	Gutsy_Smurf	49.34
smurfs.2_tt2017020	tt2017020	Brainy_Smurf	68.44
smurfs.2_tt2017020	tt2017020	Patrick_Winslow	659.70
smurfs.2_tt2017020	tt2017020	Victor_Doyle	286.04
smurfs_tt0472181	tt0472181	Farmer_Smurf	22.52
smurfs_tt0472181	tt0472181	Greedy_Smurf	139.76
smurfs_tt0472181	tt0472181	Vanity_Smurf	31.03
smurfs_tt0472181	tt0472181	Grouchy_Smurf	305.64
smurfs_tt0472181	tt0472181	Hefty_Smurf	73.41
smurfs_tt0472181	tt0472181	Chef_Smurf	41.29
smurfs_tt0472181	tt0472181	Brainy_Smurf	332.04
smurfs_tt0472181	tt0472181	Smurfette	399.02
smurfs_tt0472181	tt0472181	Clumsy_Smurf	382.13
smurfs_tt0472181	tt0472181	Handy_Smurf	15.56
smurfs_tt0472181	tt0472181	Narrator_Smurf	35.70
smurfs_tt0472181	tt0472181	Painter_Smurf	17.77
smurfs_tt0472181	tt0472181	Gutsy_Smurf	337.38
smurfs_tt0472181	tt0472181	Papa_Smurf	632.97
smurfs_tt0472181	tt0472181	Gargamel	784.74
smurfs_tt0472181	tt0472181	Azrael	126.42
smurfs_tt0472181	tt0472181	Odile_Anjelou	264.43
smurfs_tt0472181	tt0472181	Patrick_Winslow	1086.79
smurfs_tt0472181	tt0472181	Grace_Winslow	477.52
smurfs_tt0472181	tt0472181	Elway	13.89
snow.white.and._tt0029583	tt0029583	Evil_Queen_(Normal)	158.07
snow.white.and._tt0029583	tt0029583	Snow_White	936.23
snow.white.and._tt0029583	tt0029583	The_Prince	76.87
snow.white.and._tt0029583	tt0029583	Huntsman	26.36
snow.white.and._tt0029583	tt0029583	Blue_birds	173.88
snow.white.and._tt0029583	tt0029583	Rabbit	213.46
snow.white.and._tt0029583	tt0029583	Chipmunks	364.41
snow.white.and._tt0029583	tt0029583	Deer	258.59
snow.white.and._tt0029583	tt0029583	Gray_squirrel	191.65
snow.white.and._tt0029583	tt0029583	Raccoon	65.32
snow.white.and._tt0029583	tt0029583	Brown_Birds	48.21
snow.white.and._tt0029583	tt0029583	Turtle	47.38
snow.white.and._tt0029583	tt0029583	Dopey	600.27
snow.white.and._tt0029583	tt0029583	Doc	681.89
snow.white.and._tt0029583	tt0029583	Happy	483.52
snow.white.and._tt0029583	tt0029583	Evil_Queen_(Disguised)	299.34
snow.white.and._tt0029583	tt0029583	Bashful	285.08
snow.white.and._tt0029583	tt0029583	Sneezy	560.98
snow.white.and._tt0029583	tt0029583	Sleepy	600.52
snow.white.and._tt0029583	tt0029583	Grumpy	549.59
snow.white.and._tt0029583	tt0029583	Vultures	35.45
south.park.bigg_tt0158983	tt0158983	Stan_Marsh	1135.47
south.park.bigg_tt0158983	tt0158983	Bebe_Stevens	169.46
south.park.bigg_tt0158983	tt0158983	Tom_the_News_Reporter	334.42
south.park.bigg_tt0158983	tt0158983	Wendy_Testaburger	248.33
south.park.bigg_tt0158983	tt0158983	Bill_Gates	15.27
south.park.bigg_tt0158983	tt0158983	Liane_Cartman	345.22
south.park.bigg_tt0158983	tt0158983	Clyde_Donovan	180.14
south.park.bigg_tt0158983	tt0158983	Terrance_Henry_Stoot	218.22
south.park.bigg_tt0158983	tt0158983	Phillip_Niles_Argyle	250.83
south.park.bigg_tt0158983	tt0158983	Sheila_Broflovski	466.34
south.park.bigg_tt0158983	tt0158983	Carol_McCormick	156.78
south.park.bigg_tt0158983	tt0158983	Tom	8.13
south.park.bigg_tt0158983	tt0158983	Gregory	380.46
south.park.bigg_tt0158983	tt0158983	Sharon_Marsh	223.10
south.park.bigg_tt0158983	tt0158983	Woman_In_Theatre	139.76
south.park.bigg_tt0158983	tt0158983	American_Diplomat	55.81
south.park.bigg_tt0158983	tt0158983	Kenny_McCormick	191.07
south.park.bigg_tt0158983	tt0158983	Leopold_Butters_Stotch	141.39
south.park.bigg_tt0158983	tt0158983	Herbert_Garrison	85.38
south.park.bigg_tt0158983	tt0158983	Gerald_Broflovski	123.04
south.park.bigg_tt0158983	tt0158983	Ike_Broflovski	109.40
south.park.bigg_tt0158983	tt0158983	Kyle_Broflovski	1096.18
south.park.bigg_tt0158983	tt0158983	Eric_Cartman	1036.28
south.park.bigg_tt0158983	tt0158983	Big_Gay_Al	124.71
south.park.bigg_tt0158983	tt0158983	Randy_Marsh	201.45
south.park.bigg_tt0158983	tt0158983	Ticket_Taker	147.27
south.park.bigg_tt0158983	tt0158983	Man_In_Theatre	37.08
south.park.bigg_tt0158983	tt0158983	Red	155.99
south.park.bigg_tt0158983	tt0158983	Mole's_Mom	70.20
south.park.bigg_tt0158983	tt0158983	Winona_Ryder	152.49
south.park.bigg_tt0158983	tt0158983	Jerome_'Chef'_McElroy	81.41
south.park.bigg_tt0158983	tt0158983	Mole	372.41
south.park.bigg_tt0158983	tt0158983	Mr._Mackey	154.07
south.park.bigg_tt0158983	tt0158983	Dr._Gouache	42.17
south.park.bigg_tt0158983	tt0158983	Jimbo_Kearn	191.98
south.park.bigg_tt0158983	tt0158983	Bill_Clinton	54.01
south.park.bigg_tt0158983	tt0158983	Shelly_Marsh	22.98
south.park.bigg_tt0158983	tt0158983	Brooke_Shields	37.58
south.park.bigg_tt0158983	tt0158983	Conan_O'Brien	60.77
south.park.bigg_tt0158983	tt0158983	Canadian_Ambassador	24.27
south.park.bigg_tt0158983	tt0158983	Army_General	119.08
south.park.bigg_tt0158983	tt0158983	Satan	334.67
south.park.bigg_tt0158983	tt0158983	Dr._Vosnocker	42.33
south.park.bigg_tt0158983	tt0158983	Brian_Dennehy	14.43
south.park.bigg_tt0158983	tt0158983	Ned_Gerblanski	66.19
space.jam.a.new_tt3554046	tt3554046	Bugs_Bunny	480.56
space.jam.a.new_tt3554046	tt3554046	Arachnneka	97.68
space.jam.a.new_tt3554046	tt3554046	White_Mamba	292.92
space.jam.a.new_tt3554046	tt3554046	Chronos	29.49
space.jam.a.new_tt3554046	tt3554046	Elmer_Fudd	152.65
space.jam.a.new_tt3554046	tt3554046	Alfred_Pennyworth	30.28
space.jam.a.new_tt3554046	tt3554046	LeBron_James	475.85
space.jam.a.new_tt3554046	tt3554046	Superman_/_Clark_Kent_/_Kal-El	18.73
space.jam.a.new_tt3554046	tt3554046	Granny	165.83
space.jam.a.new_tt3554046	tt3554046	Pete	115.07
space.jam.a.new_tt3554046	tt3554046	Nerdluck_Bang	3.25
space.jam.a.new_tt3554046	tt3554046	Al_G._Rhythm	23.36
space.jam.a.new_tt3554046	tt3554046	Morty	13.89
space.jam.a.new_tt3554046	tt3554046	Batman_/_Bruce_Wayne	2.67
space.jam.a.new_tt3554046	tt3554046	Iron_Giant	9.76
space.jam.a.new_tt3554046	tt3554046	Lola_Bunny	382.38
space.jam.a.new_tt3554046	tt3554046	Porky_Pig	290.00
space.jam.a.new_tt3554046	tt3554046	Foghorn_Leghorn	105.40
space.jam.a.new_tt3554046	tt3554046	Sylvester_the_Cat	115.07
space.jam.a.new_tt3554046	tt3554046	Road_Runner	30.99
space.jam.a.new_tt3554046	tt3554046	Daffy_Duck	187.81
space.jam.a.new_tt3554046	tt3554046	Tasmanian_Devil	99.43
space.jam.a.new_tt3554046	tt3554046	Gossamer	119.49
space.jam.a.new_tt3554046	tt3554046	Wile_E._Coyote	88.63
space.jam.a.new_tt3554046	tt3554046	Tweety_Bird	140.97
space.jam.a.new_tt3554046	tt3554046	Marvin_the_Martian	28.95
space.jam.a.new_tt3554046	tt3554046	Speedy_Gonzales	11.22
space.jam.a.new_tt3554046	tt3554046	Jimmy_Olsen	0.67
space.jam.a.new_tt3554046	tt3554046	Dr._Harleen_Quinzel	0.67
space.jam.a.new_tt3554046	tt3554046	Aquaman_/_Arthur_Curry	9.59
space.jam.a.new_tt3554046	tt3554046	Rick	7.42
space.jam.a.new_tt3554046	tt3554046	Yosemite_Sam	90.55
space.jam.a.new_tt3554046	tt3554046	Wonder_Woman_/_Diana	40.50
space.jam.a.new_tt3554046	tt3554046	Nerdluck_Nawt	2.25
space.jam.a.new_tt3554046	tt3554046	Brow	63.02
space.jam.a.new_tt3554046	tt3554046	Gremlins	1.71
space.jam.a.new_tt3554046	tt3554046	Yogi_Bear	1.33
space.jam.a.new_tt3554046	tt3554046	Boo_Boo	0.63
space.jam.a.new_tt3554046	tt3554046	Nerdluck_Blanko	1.96
space.jam.a.new_tt3554046	tt3554046	Wet-Fire	76.79
space.jam.a.new_tt3554046	tt3554046	Igoo	12.05
space.jam.a.new_tt3554046	tt3554046	Gloop	21.10
space.jam.a.new_tt3554046	tt3554046	Jabberjaw	1.92
space.jam.a.new_tt3554046	tt3554046	Nerdluck_Bupkus	1.50
space.jam.a.new_tt3554046	tt3554046	Nerdluck_Pound	2.63
space.jam_tt0117705	tt0117705	Bugs_Bunny	439.36
space.jam_tt0117705	tt0117705	Michael_Jordan	1051.93
space.jam_tt0117705	tt0117705	Pepe_Le_Pew	97.18
space.jam_tt0117705	tt0117705	Nerdluck_Pound	132.72
space.jam_tt0117705	tt0117705	Mr._Swackhammer	123.54
space.jam_tt0117705	tt0117705	Nerdluck_Nawt	116.62
space.jam_tt0117705	tt0117705	Nerdluck_Bupkus	101.56
space.jam_tt0117705	tt0117705	Nerdluck_Bang	91.26
space.jam_tt0117705	tt0117705	Nerdluck_Blanko	100.06
space.jam_tt0117705	tt0117705	Daffy_Duck	230.94
space.jam_tt0117705	tt0117705	Sylvester_the_Cat	105.02
space.jam_tt0117705	tt0117705	Yosemite_Sam	67.19
space.jam_tt0117705	tt0117705	Porky_Pig	244.58
space.jam_tt0117705	tt0117705	Barnyard_Dawg	42.38
space.jam_tt0117705	tt0117705	Tweety_Bird	87.30
space.jam_tt0117705	tt0117705	Granny	66.15
space.jam_tt0117705	tt0117705	Wile_E._Coyote	41.08
space.jam_tt0117705	tt0117705	Foghorn_Leghorn	80.12
space.jam_tt0117705	tt0117705	Hubie	42.00
space.jam_tt0117705	tt0117705	Tasmanian_Devil	88.30
space.jam_tt0117705	tt0117705	Bertie	17.02
space.jam_tt0117705	tt0117705	Monstar_Bang	128.63
space.jam_tt0117705	tt0117705	Monstar_Nawt	60.69
space.jam_tt0117705	tt0117705	Blanko	78.62
space.jam_tt0117705	tt0117705	Monstar_Bupkus	104.77
space.jam_tt0117705	tt0117705	Elmer_Fudd	56.89
space.jam_tt0117705	tt0117705	Monstar_Pound	137.39
space.jam_tt0117705	tt0117705	Lola_Bunny	162.75
space.jam_tt0117705	tt0117705	Marvin_the_Martian	19.85
space.jam_tt0117705	tt0117705	Sniffles	13.72
spiderman.acros_tt9362722	tt9362722	Glory	27.53
spiderman.acros_tt9362722	tt9362722	Peni_Parker	2.09
spiderman.acros_tt9362722	tt9362722	Spider-Woman_/_Gwen_Stacy	839.55
spiderman.acros_tt9362722	tt9362722	Spider-Punk_/_Hobie_Brown	87.46
spiderman.acros_tt9362722	tt9362722	Spider-Man_/_Miles_Morales	1389.55
spiderman.acros_tt9362722	tt9362722	Spectacular_Spider-Man	23.40
spiderman.acros_tt9362722	tt9362722	Spider-Byte_/_Margo_Kess	90.67
spiderman.acros_tt9362722	tt9362722	Prowler_/_Miles_G._Morales	127.79
spiderman.acros_tt9362722	tt9362722	Aaron_Davis	47.09
spiderman.acros_tt9362722	tt9362722	Spider-Man_2099_/_Miguel_O'Hara	282.99
spiderman.acros_tt9362722	tt9362722	Rio_Morales	653.74
spiderman.acros_tt9362722	tt9362722	Spider-woman_(in_mask)	309.48
spiderman.acros_tt9362722	tt9362722	May	9.01
spiderman.acros_tt9362722	tt9362722	Jefferson_Morales	497.46
spiderman.acros_tt9362722	tt9362722	Betty	12.55
spiderman.acros_tt9362722	tt9362722	MJ	19.48
spiderman.acros_tt9362722	tt9362722	Peter_Parker_Earth-65	25.32
spiderman.acros_tt9362722	tt9362722	Lyla	37.16
spiderman.acros_tt9362722	tt9362722	Maria	44.71
spiderman.acros_tt9362722	tt9362722	Ganke_Lee	49.38
spiderman.acros_tt9362722	tt9362722	Yuri_Watanabe	17.48
spiderman.acros_tt9362722	tt9362722	George_Stacy	211.17
spiderman.acros_tt9362722	tt9362722	Spider-Woman_/_Jessica_Drew	191.77
spiderman.acros_tt9362722	tt9362722	Spider-Man_/_Peter_B._Parker	295.71
spiderman.acros_tt9362722	tt9362722	Doctor_Octopus_/_Olivia_Octavius	10.26
spiderman.acros_tt9362722	tt9362722	Vulture_/_Adriano_Tumino	20.77
spiderman.acros_tt9362722	tt9362722	Spiderman_(miguel_in_suit)	57.39
spiderman.acros_tt9362722	tt9362722	Character_1	29.86
spiderman.acros_tt9362722	tt9362722	Spiderman_(in_mask)	271.85
spiderman.acros_tt9362722	tt9362722	Spot_/_Jonathan_Ohnn	18.69
spiderman.acros_tt9362722	tt9362722	Ms._Weber	67.28
spiderman.acros_tt9362722	tt9362722	J._Jonah_Jameson	1.33
spiderman.acros_tt9362722	tt9362722	Lenny	25.11
spiderman.acros_tt9362722	tt9362722	Lego_Spider-Man	18.52
spiderman.acros_tt9362722	tt9362722	Mary_Jane	35.37
spiderman.acros_tt9362722	tt9362722	Mayday_Parker	60.39
spiderman.acros_tt9362722	tt9362722	Spider-Man_India_/_Pavitr_Prabhakar	65.57
spiderman.acros_tt9362722	tt9362722	Insomniac_Spider-Man	3.21
spiderman.acros_tt9362722	tt9362722	Spider-UK_/_Malala_Windsor	2.50
spiderman.acros_tt9362722	tt9362722	Spider-Ham_/_Peter_Porker	1.67
spiderman.acros_tt9362722	tt9362722	Scarlet_Spider_/_Ben_Reilly	5.17
spiderman.acros_tt9362722	tt9362722	'67_Spider-Man	3.04
spiderman.acros_tt9362722	tt9362722	Sun-Spider_/_Charlotte_Webber	0.33
spiderman.into._tt4633694	tt4633694	Rio_Morales	168.08
spiderman.into._tt4633694	tt4633694	Mary_Jane_Watson	45.04
spiderman.into._tt4633694	tt4633694	Spider-Man_/_Peter_B._Parker	319.24
spiderman.into._tt4633694	tt4633694	Spider-Man_/_Miles_Morales	99.89
spiderman.into._tt4633694	tt4633694	Spider-Ham_/_Peter_Porker	107.27
spiderman.into._tt4633694	tt4633694	Peter_Parker	461.54
spiderman.into._tt4633694	tt4633694	Scientist_in_Cafeteria	93.64
spiderman.into._tt4633694	tt4633694	Kingpin	118.49
spiderman.into._tt4633694	tt4633694	Green_Goblin_/_Norman_Osborn	8.05
spiderman.into._tt4633694	tt4633694	Spider-Man_Earth-67	40.12
spiderman.into._tt4633694	tt4633694	Miles_Morales	1279.28
spiderman.into._tt4633694	tt4633694	Brooklyn_Visions_Security_Guard	54.35
spiderman.into._tt4633694	tt4633694	Doctor_Octopus_/_Olivia_Octavius	62.52
spiderman.into._tt4633694	tt4633694	Ganke_Lee	41.67
spiderman.into._tt4633694	tt4633694	Jefferson_Davis	313.52
spiderman.into._tt4633694	tt4633694	Vanessa_Fisk	10.84
spiderman.into._tt4633694	tt4633694	Lyla	8.30
spiderman.into._tt4633694	tt4633694	Peni_Parker	155.36
spiderman.into._tt4633694	tt4633694	Miss_Calleros	22.86
spiderman.into._tt4633694	tt4633694	Gwen_Stacy	292.29
spiderman.into._tt4633694	tt4633694	Miles_Morales_First_Suit	253.29
spiderman.into._tt4633694	tt4633694	Prowler_/_Aaron_Davis	41.25
spiderman.into._tt4633694	tt4633694	Spider-Woman_/_Gwen_Stacy	80.50
spiderman.into._tt4633694	tt4633694	Stan	13.05
spiderman.into._tt4633694	tt4633694	Aunt_May	97.22
spiderman.into._tt4633694	tt4633694	Scorpion	17.43
spiderman.into._tt4633694	tt4633694	Tombstone	21.10
spiderman.into._tt4633694	tt4633694	Noir_Spider-Man	92.68
spiderman.into._tt4633694	tt4633694	Spider-Man_2099_/_Miguel_O'Hara	11.26
spies.in.disgui_tt5814534	tt5814534	Wendy_Beckett	130.67
spies.in.disgui_tt5814534	tt5814534	Walter_Beckett_(Young)	116.32
spies.in.disgui_tt5814534	tt5814534	Geraldine	41.42
spies.in.disgui_tt5814534	tt5814534	Yakuza_#1	40.25
spies.in.disgui_tt5814534	tt5814534	Yakuza_#2	20.69
spies.in.disgui_tt5814534	tt5814534	Male_Tourist	26.99
spies.in.disgui_tt5814534	tt5814534	Agent_Lance_Sterling	933.14
spies.in.disgui_tt5814534	tt5814534	Director_Joy_Jenkins	139.39
spies.in.disgui_tt5814534	tt5814534	Agency_Accountant	62.56
spies.in.disgui_tt5814534	tt5814534	Agency_Control_Room_Technician	42.92
spies.in.disgui_tt5814534	tt5814534	Katsu_Kimura	42.67
spies.in.disgui_tt5814534	tt5814534	Yakuzas	17.31
spies.in.disgui_tt5814534	tt5814534	Killian	262.97
spies.in.disgui_tt5814534	tt5814534	Italian_Woman	3.59
spies.in.disgui_tt5814534	tt5814534	Agency_Employee_#12	61.81
spies.in.disgui_tt5814534	tt5814534	Weapons_Lab_Soldier	6.26
spies.in.disgui_tt5814534	tt5814534	Weapons_Lab_Tech	49.17
spies.in.disgui_tt5814534	tt5814534	Soo-Min	31.95
spies.in.disgui_tt5814534	tt5814534	Eyes	125.17
spies.in.disgui_tt5814534	tt5814534	Joon	40.25
spies.in.disgui_tt5814534	tt5814534	Marcy	405.74
spies.in.disgui_tt5814534	tt5814534	Walter	1312.81
spies.in.disgui_tt5814534	tt5814534	Ears	70.07
spies.in.disgui_tt5814534	tt5814534	Receptionist	23.36
spies.in.disgui_tt5814534	tt5814534	Lead_Agency_Lab_Tech	23.23
spies.in.disgui_tt5814534	tt5814534	Terrance	11.05
spies.in.disgui_tt5814534	tt5814534	Character_1	59.43
spies.in.disgui_tt5814534	tt5814534	Marcy's_Agents	28.53
spies.in.disgui_tt5814534	tt5814534	Scooter_Guy	15.89
spies.in.disgui_tt5814534	tt5814534	White_bird	109.03
spies.in.disgui_tt5814534	tt5814534	Bird	331.16
spies.in.disgui_tt5814534	tt5814534	Bird_2	14.26
spirit.stallion_tt0166813	tt0166813	Esperanza	145.25
spirit.stallion_tt0166813	tt0166813	Spirit	1864.13
spirit.stallion_tt0166813	tt0166813	Rain	408.64
spirit.stallion_tt0166813	tt0166813	Jake	31.97
spirit.stallion_tt0166813	tt0166813	Train_Pull_Foreman	50.58
spirit.stallion_tt0166813	tt0166813	Bill	25.69
spirit.stallion_tt0166813	tt0166813	Roy	6.57
spirit.stallion_tt0166813	tt0166813	Pete	12.35
spirit.stallion_tt0166813	tt0166813	Colonel	168.43
spirit.stallion_tt0166813	tt0166813	Sgt._Adams	142.31
spirit.stallion_tt0166813	tt0166813	Murphy	34.73
spirit.stallion_tt0166813	tt0166813	Little_Creek	503.84
spirit.stallion_tt0166813	tt0166813	Little_Indian_Girl	20.29
spirit.untamed_tt11084896	tt11084896	Jim_Prescott	476.02
spirit.untamed_tt11084896	tt11084896	Lucky_Prescott_(Baby)	49.34
spirit.untamed_tt11084896	tt11084896	Valentina	31.24
spirit.untamed_tt11084896	tt11084896	Chica_Linda	316.90
spirit.untamed_tt11084896	tt11084896	Lucky_Prescott	1727.60
spirit.untamed_tt11084896	tt11084896	Boomerang	332.83
spirit.untamed_tt11084896	tt11084896	Senor_Carrots	57.68
spirit.untamed_tt11084896	tt11084896	Aunt_Cora	473.51
spirit.untamed_tt11084896	tt11084896	James_Prescott_Sr	28.57
spirit.untamed_tt11084896	tt11084896	Abigail_Stone	499.71
spirit.untamed_tt11084896	tt11084896	Lady_with_Dog	22.31
spirit.untamed_tt11084896	tt11084896	Snips_Stone	89.80
spirit.untamed_tt11084896	tt11084896	Pru_Granger	555.89
spirit.untamed_tt11084896	tt11084896	Hendricks	179.22
spirit.untamed_tt11084896	tt11084896	Spirit	668.63
spirit.untamed_tt11084896	tt11084896	Al_Granger	113.53
spongebob.squar_tt0345950	tt0345950	Prisoner_(Crown_Polisher)	64.81
spongebob.squar_tt0345950	tt0345950	Lloyd	89.84
spongebob.squar_tt0345950	tt0345950	Phil	31.99
spongebob.squar_tt0345950	tt0345950	Waiter	43.00
spongebob.squar_tt0345950	tt0345950	Floyd	91.38
spongebob.squar_tt0345950	tt0345950	Patrick_Star	1129.38
spongebob.squar_tt0345950	tt0345950	Mr._Krabs	342.26
spongebob.squar_tt0345950	tt0345950	SpongeBob_SquarePants	1781.78
spongebob.squar_tt0345950	tt0345950	Driver	70.86
spongebob.squar_tt0345950	tt0345950	King_Neptune	391.77
spongebob.squar_tt0345950	tt0345950	Goofy_Goober	42.58
spongebob.squar_tt0345950	tt0345950	Squidward_Tentacles	177.72
spongebob.squar_tt0345950	tt0345950	Perch_Perkins	51.47
spongebob.squar_tt0345950	tt0345950	Plankton	281.16
spongebob.squar_tt0345950	tt0345950	Mrs._Puff	19.48
spongebob.squar_tt0345950	tt0345950	Sandy_Cheeks	28.78
spongebob.squar_tt0345950	tt0345950	Mindy	346.39
spongebob.squar_tt0345950	tt0345950	Squire	52.72
spongebob.squar_tt0345950	tt0345950	Victor	85.54
spongebob.squar_tt0345950	tt0345950	Dennis	86.38
spongebob.squar_tt0345950	tt0345950	Ice_Cream_Lady	41.25
storks_tt4624424	tt4624424	Junior	922.96
storks_tt4624424	tt4624424	Baby_2	121.20
storks_tt4624424	tt4624424	Tulip	1235.07
storks_tt4624424	tt4624424	Baby	631.21
storks_tt4624424	tt4624424	Miscellaneous_Storks	171.25
storks_tt4624424	tt4624424	Hunter	228.31
storks_tt4624424	tt4624424	Henry_Gardner	272.86
storks_tt4624424	tt4624424	Pigeon_Toady	120.62
storks_tt4624424	tt4624424	Jasper	109.86
storks_tt4624424	tt4624424	Dougland	20.85
storks_tt4624424	tt4624424	Nate_Gardner	325.91
storks_tt4624424	tt4624424	Sarah_Gardner	248.29
storks_tt4624424	tt4624424	Alpha_Wolf	111.99
storks_tt4624424	tt4624424	Beta_Wolf	84.79
storks_tt4624424	tt4624424	Penguin	33.32
strange.world_tt10298840	tt10298840	Searcher_Clade	1391.26
strange.world_tt10298840	tt10298840	Caspian	67.98
strange.world_tt10298840	tt10298840	Lonnie_Redshirt	119.95
strange.world_tt10298840	tt10298840	Jaegar	714.59
strange.world_tt10298840	tt10298840	Callisto_Mal	416.08
strange.world_tt10298840	tt10298840	Rory	3.80
strange.world_tt10298840	tt10298840	Meridian_Clade	505.59
strange.world_tt10298840	tt10298840	Ethan_Clade	1201.41
strange.world_tt10298840	tt10298840	Legend	100.93
strange.world_tt10298840	tt10298840	Kardez	59.02
strange.world_tt10298840	tt10298840	Azimuth	12.80
strange.world_tt10298840	tt10298840	Diazo	59.60
strange.world_tt10298840	tt10298840	Pulk	99.10
strange.world_tt10298840	tt10298840	Ro	13.97
strange.world_tt10298840	tt10298840	Duffle	24.73
super.mario.bro_tt6718170	tt6718170	Koopa_General	68.32
super.mario.bro_tt6718170	tt6718170	Kamek	69.69
super.mario.bro_tt6718170	tt6718170	Bowser	327.04
super.mario.bro_tt6718170	tt6718170	Jungle_Kingdom_Guard	19.14
super.mario.bro_tt6718170	tt6718170	Penguin_King	15.47
super.mario.bro_tt6718170	tt6718170	Diddy_Kong	10.26
super.mario.bro_tt6718170	tt6718170	Mario	1298.13
super.mario.bro_tt6718170	tt6718170	Luigi	500.92
super.mario.bro_tt6718170	tt6718170	Baby_Luigi	21.60
super.mario.bro_tt6718170	tt6718170	Aunt	20.69
super.mario.bro_tt6718170	tt6718170	Giuseppe	11.09
super.mario.bro_tt6718170	tt6718170	Foreman_Spike	35.54
super.mario.bro_tt6718170	tt6718170	Uncle_Arthur	26.69
super.mario.bro_tt6718170	tt6718170	Toad_General	37.45
super.mario.bro_tt6718170	tt6718170	Plumbing_Customer_Woman	10.72
super.mario.bro_tt6718170	tt6718170	Plumbing_Customer_Man	9.43
super.mario.bro_tt6718170	tt6718170	Francis	43.59
super.mario.bro_tt6718170	tt6718170	Baby_Mario	17.60
super.mario.bro_tt6718170	tt6718170	Mario's_Mom	38.33
super.mario.bro_tt6718170	tt6718170	Mario's_Dad	42.46
super.mario.bro_tt6718170	tt6718170	Cranky_Kong	120.58
super.mario.bro_tt6718170	tt6718170	Uncle_Tony	36.83
super.mario.bro_tt6718170	tt6718170	Toad	309.06
super.mario.bro_tt6718170	tt6718170	Koopa_Turned_into_Dry_Bones	6.59
super.mario.bro_tt6718170	tt6718170	Lumalee	29.74
super.mario.bro_tt6718170	tt6718170	Shy_Guy	28.32
super.mario.bro_tt6718170	tt6718170	Baby_Peach	19.44
super.mario.bro_tt6718170	tt6718170	Dixie_Kong	7.67
super.mario.bro_tt6718170	tt6718170	Princess_Peach	614.86
super.mario.bro_tt6718170	tt6718170	Donkey_Kong	234.78
super.mario.bro_tt6718170	tt6718170	Snifit	13.47
super.mario.bro_tt6718170	tt6718170	Bully	4.75
super.mario.bro_tt6718170	tt6718170	Chunky_Kong	17.43
super.mario.bro_tt6718170	tt6718170	Bomber_Bill	12.05
surfs.up_tt0423294	tt0423294	Cody_Maverick	985.48
surfs.up_tt0423294	tt0423294	Glen_Maverick	124.83
surfs.up_tt0423294	tt0423294	Edna_Maverick	343.43
surfs.up_tt0423294	tt0423294	Small_bird	111.49
surfs.up_tt0423294	tt0423294	Big_Z	737.11
surfs.up_tt0423294	tt0423294	Filmmaker_#1	27.65
surfs.up_tt0423294	tt0423294	Rob	187.27
surfs.up_tt0423294	tt0423294	Tank_Evans	142.77
surfs.up_tt0423294	tt0423294	Glen's_Buddy	48.51
surfs.up_tt0423294	tt0423294	Arnold	95.72
surfs.up_tt0423294	tt0423294	Reggie	181.60
surfs.up_tt0423294	tt0423294	Kelly	38.66
surfs.up_tt0423294	tt0423294	Mike_Abromowitz	63.77
surfs.up_tt0423294	tt0423294	Chicken_Joe	282.32
surfs.up_tt0423294	tt0423294	Lani_Aliikai	347.22
surfs.up_tt0423294	tt0423294	Kate	85.79
surfs.up_tt0423294	tt0423294	Smudge	97.51
surfs.up_tt0423294	tt0423294	Squid	12.05
sword.in.the.st_tt0057546	tt0057546	Arthur_Pendragon	631.71
sword.in.the.st_tt0057546	tt0057546	Girl_Squirrel	130.96
sword.in.the.st_tt0057546	tt0057546	Beaver	50.30
sword.in.the.st_tt0057546	tt0057546	Merlin	708.92
sword.in.the.st_tt0057546	tt0057546	Archimedes	413.08
sword.in.the.st_tt0057546	tt0057546	Sir_Kay	233.65
sword.in.the.st_tt0057546	tt0057546	Sir_Ector	257.80
sword.in.the.st_tt0057546	tt0057546	Fish	218.64
sword.in.the.st_tt0057546	tt0057546	Old_Fish	120.04
sword.in.the.st_tt0057546	tt0057546	Brown-Yellow_Bird	221.97
sword.in.the.st_tt0057546	tt0057546	Old_Squirrel	158.99
sword.in.the.st_tt0057546	tt0057546	Granny_Squirrel	24.44
sword.in.the.st_tt0057546	tt0057546	Sir_Bart	18.39
sword.in.the.st_tt0057546	tt0057546	Scullery_Maid	19.23
sword.in.the.st_tt0057546	tt0057546	Madam_Mim	189.86
sword.in.the.st_tt0057546	tt0057546	Pink_alligator	44.42
sword.in.the.st_tt0057546	tt0057546	Dragon	37.37
tangled_tt0398286	tt0398286	Flynn_Rider	1470.14
tangled_tt0398286	tt0398286	King_Fredric	94.18
tangled_tt0398286	tt0398286	Queen_Arianna	267.14
tangled_tt0398286	tt0398286	Captain_of_the_Guard	108.44
tangled_tt0398286	tt0398286	Vlad	67.32
tangled_tt0398286	tt0398286	Mother_Gothel	632.01
tangled_tt0398286	tt0398286	Rapunzel	1962.79
tangled_tt0398286	tt0398286	Pascal	180.76
tangled_tt0398286	tt0398286	Stabbington_Brothers	149.19
tangled_tt0398286	tt0398286	Maximus	229.52
tangled_tt0398286	tt0398286	Big_Nose_Thug	58.27
tangled_tt0398286	tt0398286	Hook_Hand_Thug	115.24
tangled_tt0398286	tt0398286	Short_Thug	40.46
tarzan_tt0120855	tt0120855	Kerchak	515.51
tarzan_tt0120855	tt0120855	Terk_(Young)	319.65
tarzan_tt0120855	tt0120855	Terk	248.50
tarzan_tt0120855	tt0120855	Kala	500.12
tarzan_tt0120855	tt0120855	Tarzan_(Young)	1087.71
tarzan_tt0120855	tt0120855	Jane_Porter	934.60
tarzan_tt0120855	tt0120855	Terk_(Baby)	246.16
tarzan_tt0120855	tt0120855	Monkey_1	7.34
tarzan_tt0120855	tt0120855	Tantor's_Mother	27.24
tarzan_tt0120855	tt0120855	Tantor	113.36
tarzan_tt0120855	tt0120855	Tantor_(Young)	60.02
tarzan_tt0120855	tt0120855	Clayton	415.79
tarzan_tt0120855	tt0120855	Tarzan	372.41
tarzan_tt0120855	tt0120855	Professor_Archimedes_Q._Porter	274.48
tarzan_tt0120855	tt0120855	Human_character_1	20.73
tarzan_tt0120855	tt0120855	Human_character_3	19.19
tarzan_tt0120855	tt0120855	Human_character_2	6.30
teenage.mutant._tt8589698	tt8589698	Baxter_Stockman	79.70
teenage.mutant._tt8589698	tt8589698	Spider	60.10
teenage.mutant._tt8589698	tt8589698	Normal_Nate	26.74
teenage.mutant._tt8589698	tt8589698	Fly	270.10
teenage.mutant._tt8589698	tt8589698	TV_Anchor	23.61
teenage.mutant._tt8589698	tt8589698	Cynthia_Utrom	77.37
teenage.mutant._tt8589698	tt8589698	Leonardo	1246.50
teenage.mutant._tt8589698	tt8589698	Raphael	1082.29
teenage.mutant._tt8589698	tt8589698	Michelangelo	897.19
teenage.mutant._tt8589698	tt8589698	Donatello	1122.45
teenage.mutant._tt8589698	tt8589698	News_Anchor	47.01
teenage.mutant._tt8589698	tt8589698	Sign_My_Baby_Mom	22.86
teenage.mutant._tt8589698	tt8589698	Gecko_Goon	10.59
teenage.mutant._tt8589698	tt8589698	Splinter	268.10
teenage.mutant._tt8589698	tt8589698	Genghis_Frog	13.30
teenage.mutant._tt8589698	tt8589698	April_O'Neil	578.74
teenage.mutant._tt8589698	tt8589698	Cab_Driver	6.17
teenage.mutant._tt8589698	tt8589698	Times_Square_Guy	12.22
teenage.mutant._tt8589698	tt8589698	Bald_Bronson	27.24
teenage.mutant._tt8589698	tt8589698	Man_Who_Thought_a_Giant_Rat_was_a_Big_Cat_but_it_was_a_Rat	20.60
teenage.mutant._tt8589698	tt8589698	Good_Human	9.59
teenage.mutant._tt8589698	tt8589698	Bossy_Goon	22.77
teenage.mutant._tt8589698	tt8589698	Curious_Goon	13.89
teenage.mutant._tt8589698	tt8589698	Wants_a_Paycheck_Goon	10.55
teenage.mutant._tt8589698	tt8589698	Responding_Police_Officer	4.67
teenage.mutant._tt8589698	tt8589698	Police_Officer	1.33
teenage.mutant._tt8589698	tt8589698	Apologetic_Goon	6.34
teenage.mutant._tt8589698	tt8589698	Rocksteady	36.45
teenage.mutant._tt8589698	tt8589698	Short_Sharon	6.21
teenage.mutant._tt8589698	tt8589698	Toupee_Tom	6.72
teenage.mutant._tt8589698	tt8589698	Bad_Bernie	18.52
teenage.mutant._tt8589698	tt8589698	Bebop	12.43
teenage.mutant._tt8589698	tt8589698	Wingnut	50.47
teenage.mutant._tt8589698	tt8589698	Mondo_Gecko	105.81
teenage.mutant._tt8589698	tt8589698	Military_Advisor	3.67
teenage.mutant._tt8589698	tt8589698	Helpful_Construction_Worker	12.60
tmnt_2014	tt1291150	Shredder	40.21
tmnt_2014	tt1291150	Leonardo	360.57
tmnt_2014	tt1291150	Raphael	376.29
tmnt_2014	tt1291150	Donatello	197.16
tmnt_2014	tt1291150	Michelangelo	313.73
tmnt_2014	tt1291150	Splinter	110.57
tmnt_tt0453556	tt0453556	Raphael	491.03
tmnt_tt0453556	tt0453556	April_O'Neil	330.66
tmnt_tt0453556	tt0453556	Colonel_Santino	50.80
tmnt_tt0453556	tt0453556	Casey_Jones	291.29
tmnt_tt0453556	tt0453556	Leonardo	524.52
tmnt_tt0453556	tt0453556	Donatello	288.83
tmnt_tt0453556	tt0453556	Michaelangelo	293.29
tmnt_tt0453556	tt0453556	Max_Winters	227.39
tmnt_tt0453556	tt0453556	Splinter	254.88
tmnt_tt0453556	tt0453556	Karai	117.53
tmnt_tt0453556	tt0453556	General_Serpiente	93.64
tmnt_tt0453556	tt0453556	General_Aguila	123.92
tmnt_tt0453556	tt0453556	Ant_creature	22.36
toy.story.2_tt0120363	tt0120363	Buzz_Lightyear	832.16
toy.story.2_tt0120363	tt0120363	Rex	276.57
toy.story.2_tt0120363	tt0120363	Woody	1412.37
toy.story.2_tt0120363	tt0120363	Roly_Poly_Clown	4.42
toy.story.2_tt0120363	tt0120363	Bucket_o'_Soldiers	5.76
toy.story.2_tt0120363	tt0120363	Hamm	307.27
toy.story.2_tt0120363	tt0120363	Troll	15.85
toy.story.2_tt0120363	tt0120363	Bo_Peep	130.80
toy.story.2_tt0120363	tt0120363	Mr._Potato_Head	484.40
toy.story.2_tt0120363	tt0120363	Mrs._Potato_Head	101.18
toy.story.2_tt0120363	tt0120363	Slinky_Dog	346.80
toy.story.2_tt0120363	tt0120363	Mr._Mike	41.12
toy.story.2_tt0120363	tt0120363	Snake	11.85
toy.story.2_tt0120363	tt0120363	Rocky_Gibraltar	15.93
toy.story.2_tt0120363	tt0120363	Buster	49.38
toy.story.2_tt0120363	tt0120363	Jessie	617.53
toy.story.2_tt0120363	tt0120363	Barbie	133.05
toy.story.2_tt0120363	tt0120363	Wheezy	87.67
toy.story.2_tt0120363	tt0120363	Tikes	0.63
toy.story.2_tt0120363	tt0120363	Troikas	6.01
toy.story.2_tt0120363	tt0120363	Lenny	4.38
toy.story.2_tt0120363	tt0120363	Al_McWhiggin	167.50
toy.story.2_tt0120363	tt0120363	Bullseye	316.61
toy.story.2_tt0120363	tt0120363	Stinky_Pete	353.56
toy.story.2_tt0120363	tt0120363	The_Cleaner	24.48
toy.story.2_tt0120363	tt0120363	Aliens	61.98
toy.story.2_tt0120363	tt0120363	Luggage_Handler_1	1.96
toy.story.2_tt0120363	tt0120363	Luggage_Handler_2	5.00
toy.story.3_tt0435761	tt0435761	Mr._Potato_Head	505.67
toy.story.3_tt0435761	tt0435761	Woody	1276.07
toy.story.3_tt0435761	tt0435761	Hamm	294.92
toy.story.3_tt0435761	tt0435761	Mrs._Potato_Head	382.05
toy.story.3_tt0435761	tt0435761	Bonnie	255.96
toy.story.3_tt0435761	tt0435761	Bullseye	399.19
toy.story.3_tt0435761	tt0435761	Jessie	857.65
toy.story.3_tt0435761	tt0435761	Troll	7.59
toy.story.3_tt0435761	tt0435761	Aliens	277.24
toy.story.3_tt0435761	tt0435761	Buzz_Lightyear	832.00
toy.story.3_tt0435761	tt0435761	Slinky_Dog	355.61
toy.story.3_tt0435761	tt0435761	Rex	353.73
toy.story.3_tt0435761	tt0435761	Molly	67.15
toy.story.3_tt0435761	tt0435761	Barbie	259.34
toy.story.3_tt0435761	tt0435761	Andy's_Mom	76.66
toy.story.3_tt0435761	tt0435761	Ken	290.00
toy.story.3_tt0435761	tt0435761	Andy	278.03
toy.story.3_tt0435761	tt0435761	Bucket_o'_Soldiers	6.72
toy.story.3_tt0435761	tt0435761	Buster	20.69
toy.story.3_tt0435761	tt0435761	Stretch	70.61
toy.story.3_tt0435761	tt0435761	Jack-in-the-Box	23.86
toy.story.3_tt0435761	tt0435761	Chunk	106.65
toy.story.3_tt0435761	tt0435761	Lots-o'-Huggin'_Bear	472.14
toy.story.3_tt0435761	tt0435761	Trixie	49.47
toy.story.3_tt0435761	tt0435761	Big_Baby	219.09
toy.story.3_tt0435761	tt0435761	Chatter_Telephone	69.90
toy.story.3_tt0435761	tt0435761	Mr._Tony	9.01
toy.story.3_tt0435761	tt0435761	Dolly	47.51
toy.story.3_tt0435761	tt0435761	Mr._Pricklepants	90.55
toy.story.3_tt0435761	tt0435761	Buttercup	103.65
toy.story.3_tt0435761	tt0435761	Totoro	72.41
toy.story.3_tt0435761	tt0435761	Peas-in-a-Pod	8.59
toy.story.3_tt0435761	tt0435761	Bookworm	14.39
toy.story.3_tt0435761	tt0435761	Chuckles_the_Clown	75.12
toy.story.3_tt0435761	tt0435761	Monkey	31.28
toy.story.3_tt0435761	tt0435761	Feathers	7.26
toy.story.4_tt1979376	tt1979376	Bullseye	109.19
toy.story.4_tt1979376	tt1979376	Jessie	254.21
toy.story.4_tt1979376	tt1979376	Hamm	76.99
toy.story.4_tt1979376	tt1979376	Andy	19.85
toy.story.4_tt1979376	tt1979376	Woody	1879.13
toy.story.4_tt1979376	tt1979376	Slinky_Dog	119.04
toy.story.4_tt1979376	tt1979376	Buzz_Lightyear	415.00
toy.story.4_tt1979376	tt1979376	Rex	90.22
toy.story.4_tt1979376	tt1979376	Aliens	35.37
toy.story.4_tt1979376	tt1979376	Mrs._Potato_Head	93.72
toy.story.4_tt1979376	tt1979376	Mr._Potato_Head	104.10
toy.story.4_tt1979376	tt1979376	Bo_Peep	797.30
toy.story.4_tt1979376	tt1979376	Billy,_Goat_and_Gruff	70.15
toy.story.4_tt1979376	tt1979376	Gabby_Gabby	451.58
toy.story.4_tt1979376	tt1979376	Bonnie	314.06
toy.story.4_tt1979376	tt1979376	Lost_Girl	36.91
toy.story.4_tt1979376	tt1979376	Bonnie's_Dad	82.50
toy.story.4_tt1979376	tt1979376	Andy's_Mom	18.73
toy.story.4_tt1979376	tt1979376	Dolly	209.63
toy.story.4_tt1979376	tt1979376	Buttercup	125.79
toy.story.4_tt1979376	tt1979376	Mr._Pricklepants	70.40
toy.story.4_tt1979376	tt1979376	Chairol_Burnett	32.16
toy.story.4_tt1979376	tt1979376	Old_Timer	28.24
toy.story.4_tt1979376	tt1979376	Bitey_White	16.64
toy.story.4_tt1979376	tt1979376	Trixie	33.03
toy.story.4_tt1979376	tt1979376	Melephant_Brooks	3.75
toy.story.4_tt1979376	tt1979376	Harmony	68.65
toy.story.4_tt1979376	tt1979376	Harmony's_Mother	13.26
toy.story.4_tt1979376	tt1979376	Forky	396.31
toy.story.4_tt1979376	tt1979376	Carnival_Security_Guards	13.97
toy.story.4_tt1979376	tt1979376	Réjean	29.32
toy.story.4_tt1979376	tt1979376	The_Bensons	160.41
toy.story.4_tt1979376	tt1979376	Margaret	34.53
toy.story.4_tt1979376	tt1979376	Axel	18.77
toy.story.4_tt1979376	tt1979376	Ducky_(Toy_Story_4)	207.54
toy.story.4_tt1979376	tt1979376	Bunny	237.95
toy.story.4_tt1979376	tt1979376	Dragon	10.39
toy.story.4_tt1979376	tt1979376	Duke_Caboom	130.30
toy.story.4_tt1979376	tt1979376	Karen_Beverly	14.68
toy.story_tt0114709	tt0114709	Mr._Potato_Head	306.26
toy.story_tt0114709	tt0114709	Bo_Peep	226.98
toy.story_tt0114709	tt0114709	Troll_Doll	47.76
toy.story_tt0114709	tt0114709	Rocky_Gibraltar_(character)	44.75
toy.story_tt0114709	tt0114709	Tikes	26.28
toy.story_tt0114709	tt0114709	Hamm	167.08
toy.story_tt0114709	tt0114709	Woody	1478.64
toy.story_tt0114709	tt0114709	Slinky_Dog	220.64
toy.story_tt0114709	tt0114709	Rex	190.94
toy.story_tt0114709	tt0114709	Sid_Phillips	180.60
toy.story_tt0114709	tt0114709	Shark_(Toy_Story)	11.85
toy.story_tt0114709	tt0114709	Snake	51.55
toy.story_tt0114709	tt0114709	Mr._Mike	24.40
toy.story_tt0114709	tt0114709	Sarge_(Toy_Story)	24.90
toy.story_tt0114709	tt0114709	Roly_Poly_Clown	13.26
toy.story_tt0114709	tt0114709	Lenny	0.71
toy.story_tt0114709	tt0114709	Buzz_Lightyear	818.53
toy.story_tt0114709	tt0114709	Hannah_Phillips	41.08
toy.story_tt0114709	tt0114709	Mutant_Toys	68.07
toy.story_tt0114709	tt0114709	Little_Green_Men	66.57
transformers.a._tt8864596	tt8864596	Optimus_Prime_/_Orion_Pax	1319.82
transformers.a._tt8864596	tt8864596	Megatron_/_D-16	930.14
transformers.a._tt8864596	tt8864596	Guard_#1	9.43
transformers.a._tt8864596	tt8864596	Guard_#2	19.02
transformers.a._tt8864596	tt8864596	Elita-1	553.05
transformers.a._tt8864596	tt8864596	Sideswipe	160.16
transformers.a._tt8864596	tt8864596	Sentinel_Prime	301.05
transformers.a._tt8864596	tt8864596	Arcee	34.08
transformers.a._tt8864596	tt8864596	Ironhide	52.01
transformers.a._tt8864596	tt8864596	Jazz	0.96
transformers.a._tt8864596	tt8864596	Airachnid	56.51
transformers.a._tt8864596	tt8864596	Control_Room_Guys	14.81
transformers.a._tt8864596	tt8864596	Darkwing	23.48
transformers.a._tt8864596	tt8864596	Starscream	123.21
transformers.a._tt8864596	tt8864596	Alpha_Trion	105.73
transformers.a._tt8864596	tt8864596	Chromia	5.92
transformers.a._tt8864596	tt8864596	Bumblebee_/_B-127	491.16
transformers.a._tt8864596	tt8864596	Soundwave	19.10
transformers.a._tt8864596	tt8864596	Zeta_Prime	6.09
trolls.band.tog_tt14362112	tt14362112	Satin	9.38
trolls.band.tog_tt14362112	tt14362112	John_Dory	861.07
trolls.band.tog_tt14362112	tt14362112	Spruce	571.78
trolls.band.tog_tt14362112	tt14362112	Clay	404.28
trolls.band.tog_tt14362112	tt14362112	Branch	1263.59
trolls.band.tog_tt14362112	tt14362112	Chenille	51.47
trolls.band.tog_tt14362112	tt14362112	Baby_Branch	75.16
trolls.band.tog_tt14362112	tt14362112	Floyd	265.68
trolls.band.tog_tt14362112	tt14362112	Viva	350.56
trolls.band.tog_tt14362112	tt14362112	Guy_Diamond	28.70
trolls.band.tog_tt14362112	tt14362112	Brandy	63.40
trolls.band.tog_tt14362112	tt14362112	Bridget	178.55
trolls.band.tog_tt14362112	tt14362112	Poppy	1174.13
trolls.band.tog_tt14362112	tt14362112	Miss_Maxine	44.25
trolls.band.tog_tt14362112	tt14362112	Gristle	109.82
trolls.band.tog_tt14362112	tt14362112	Prince_D	8.76
trolls.band.tog_tt14362112	tt14362112	Cloud_Guy	5.55
trolls.band.tog_tt14362112	tt14362112	King_Peppy	54.43
trolls.band.tog_tt14362112	tt14362112	Cooper	6.59
trolls.band.tog_tt14362112	tt14362112	Tiny_Diamond	100.77
trolls.band.tog_tt14362112	tt14362112	Biggie	10.72
trolls.band.tog_tt14362112	tt14362112	Mr._Dinkles	16.06
trolls.band.tog_tt14362112	tt14362112	Veneer	338.25
trolls.band.tog_tt14362112	tt14362112	Velvet	353.10
trolls.band.tog_tt14362112	tt14362112	Crimp	68.36
trolls_tt1679335	tt1679335	Smidge	145.27
trolls_tt1679335	tt1679335	Satin	212.25
trolls_tt1679335	tt1679335	Prince_Gristle	414.87
trolls_tt1679335	tt1679335	King_Gristle_Sr.	45.38
trolls_tt1679335	tt1679335	Todd	29.65
trolls_tt1679335	tt1679335	Chef	347.64
trolls_tt1679335	tt1679335	Biggie	231.69
trolls_tt1679335	tt1679335	Branch	1018.10
trolls_tt1679335	tt1679335	Poppy_(Baby)	58.85
trolls_tt1679335	tt1679335	Aspen_Heitz	22.94
trolls_tt1679335	tt1679335	King_Peppy	144.52
trolls_tt1679335	tt1679335	Chenille	224.81
trolls_tt1679335	tt1679335	Creek	185.14
trolls_tt1679335	tt1679335	Bridget	559.35
trolls_tt1679335	tt1679335	Princess_Poppy	1311.56
trolls_tt1679335	tt1679335	Bibbly	49.84
trolls_tt1679335	tt1679335	DJ_Suki	183.39
trolls_tt1679335	tt1679335	Guy_Diamond	151.78
trolls_tt1679335	tt1679335	Mr._Dinkles	140.93
trolls_tt1679335	tt1679335	Cooper	240.49
trolls_tt1679335	tt1679335	Harper	11.93
trolls_tt1679335	tt1679335	Branch_(Young)	36.33
trolls_tt1679335	tt1679335	Cloud_Guy	57.52
turbo_tt1860353	tt1860353	Gagne's_Crew_Chief	4.46
turbo_tt1860353	tt1860353	Guy_Gagne	301.93
turbo_tt1860353	tt1860353	Theo_/_Turbo	828.12
turbo_tt1860353	tt1860353	FAST_Network_Trackside_Reporter	52.47
turbo_tt1860353	tt1860353	American_Anchor	47.96
turbo_tt1860353	tt1860353	Network_Reporter	71.53
turbo_tt1860353	tt1860353	Chet	500.46
turbo_tt1860353	tt1860353	Worker_Snail_#5	34.66
turbo_tt1860353	tt1860353	Lookout_Snail	15.31
turbo_tt1860353	tt1860353	Burn	149.07
turbo_tt1860353	tt1860353	Worker_Snail_#1	65.82
turbo_tt1860353	tt1860353	Tomato_Slicer	18.35
turbo_tt1860353	tt1860353	Smoove_Move	123.12
turbo_tt1860353	tt1860353	White_Shadow	141.14
turbo_tt1860353	tt1860353	Skidmark	25.32
turbo_tt1860353	tt1860353	The_Foreman	37.25
turbo_tt1860353	tt1860353	Bike_Boy	36.75
turbo_tt1860353	tt1860353	Whiplash	67.69
turbo_tt1860353	tt1860353	Official	64.86
turbo_tt1860353	tt1860353	Bobby	198.32
turbo_tt1860353	tt1860353	Tito	660.08
turbo_tt1860353	tt1860353	Angelo	210.25
turbo_tt1860353	tt1860353	Paz	234.40
turbo_tt1860353	tt1860353	Kim-Ly	173.84
turbo_tt1860353	tt1860353	Security_Guard_#1	14.47
turbo_tt1860353	tt1860353	Announcer_#1	61.44
turbo_tt1860353	tt1860353	Indy_CEO	68.07
turbo_tt1860353	tt1860353	Male_Tourist	51.30
turbo_tt1860353	tt1860353	Tour_Bus_Driver	9.26
turbo_tt1860353	tt1860353	Female_Tourist	17.18
turbo_tt1860353	tt1860353	Autotune_Kid	24.19
turbo_tt1860353	tt1860353	Indy_Marketing_Executive	65.52
turbo_tt1860353	tt1860353	Danny	36.04
turbo_tt1860353	tt1860353	Announcer_#2	52.39
turbo_tt1860353	tt1860353	Race_Official	9.30
turbo_tt1860353	tt1860353	Security_Guard_#2	16.47
turbo_tt1860353	tt1860353	Indy_Network_Executive	25.48
turbo_tt1860353	tt1860353	Scottish_Anchor	15.18
turbo_tt1860353	tt1860353	Australian_Anchor	17.52
up_tt1049413	tt1049413	Russell	1156.82
up_tt1049413	tt1049413	Carl_(Young)	181.72
up_tt1049413	tt1049413	Charles_Muntz	312.48
up_tt1049413	tt1049413	Ellie_(Young)	88.96
up_tt1049413	tt1049413	Carl_(Adult)	125.25
up_tt1049413	tt1049413	Ellie_(Adult)	114.07
up_tt1049413	tt1049413	Nurse_AJ	15.35
up_tt1049413	tt1049413	Ellie_(Old)	53.26
up_tt1049413	tt1049413	Carl_Fredricksen	1780.28
up_tt1049413	tt1049413	Construction_Worker_Steve	18.27
up_tt1049413	tt1049413	Nurse_George	30.07
up_tt1049413	tt1049413	Construction_Foreman_Tom	34.03
up_tt1049413	tt1049413	Alpha	120.83
up_tt1049413	tt1049413	Beta	108.11
up_tt1049413	tt1049413	Gamma	77.87
up_tt1049413	tt1049413	Kevin	110.03
up_tt1049413	tt1049413	Kevin's_babies	14.60
up_tt1049413	tt1049413	Dug	275.15
wallace..gromit_tt0312004	tt0312004	Gromit	1109.48
wallace..gromit_tt0312004	tt0312004	Wallace	968.17
wallace..gromit_tt0312004	tt0312004	Reverend_Clement_Hedges	275.19
wallace..gromit_tt0312004	tt0312004	Mr._Caliche	157.57
wallace..gromit_tt0312004	tt0312004	PC_Mackintosh	209.79
wallace..gromit_tt0312004	tt0312004	Mrs._Mulch	152.82
wallace..gromit_tt0312004	tt0312004	Mr._Growbag	122.58
wallace..gromit_tt0312004	tt0312004	Miss_Blight	208.71
wallace..gromit_tt0312004	tt0312004	Rabbits	261.51
wallace..gromit_tt0312004	tt0312004	Mr._Mulch	110.90
wallace..gromit_tt0312004	tt0312004	Hutch	119.87
wallace..gromit_tt0312004	tt0312004	Lady_Campanula_Tottington	586.13
wallace..gromit_tt0312004	tt0312004	Mr._Windfall	111.78
wallace..gromit_tt0312004	tt0312004	Mr._Leaching	110.28
wallace..gromit_tt0312004	tt0312004	Were-Rabbit	87.05
wallace..gromit_tt0312004	tt0312004	Victor_Quartermaine	436.44
wallace..gromit_tt0312004	tt0312004	Mrs._Girdling	87.34
walle_tt0910970	tt0910970	Wall-E	142.39
walle_tt0910970	tt0910970	Shelby_Forthright	59.48
walle_tt0910970	tt0910970	AUTO	15.81
walle_tt0910970	tt0910970	EVE	404.32
walle_tt0910970	tt0910970	Captain_B._McCrea	563.40
walle_tt0910970	tt0910970	John_(WALL-E)	82.12
walle_tt0910970	tt0910970	Mary_(WALL-E)	57.27
weathering.with_tt9426210	tt9426210	Hina_Amano	702.99
weathering.with_tt9426210	tt9426210	Hodaka_Morishima	1550.71
weathering.with_tt9426210	tt9426210	Nagi_Amano	274.86
weathering.with_tt9426210	tt9426210	Natsumi_Suga	387.68
weathering.with_tt9426210	tt9426210	Keisuke_Suga	516.93
weathering.with_tt9426210	tt9426210	Takai	181.35
weathering.with_tt9426210	tt9426210	Yasui	104.90
weathering.with_tt9426210	tt9426210	Fumi_Tachibana	87.09
who.framed.roge_tt0096438	tt0096438	Baby_Herman	133.30
who.framed.roge_tt0096438	tt0096438	Roger_Rabbit	747.83
who.framed.roge_tt0096438	tt0096438	Bugs_Bunny	29.45
who.framed.roge_tt0096438	tt0096438	Tweety_Bird	10.68
who.framed.roge_tt0096438	tt0096438	Porky_Pig	12.51
who.framed.roge_tt0096438	tt0096438	Pinocchio	15.97
who.framed.roge_tt0096438	tt0096438	Daffy_Duck	18.69
who.framed.roge_tt0096438	tt0096438	Benny_The_Cab	53.72
who.framed.roge_tt0096438	tt0096438	Donald_Duck	19.10
who.framed.roge_tt0096438	tt0096438	Sylvester_the_Cat	7.88
who.framed.roge_tt0096438	tt0096438	Bongo_the_Gorilla	26.61
who.framed.roge_tt0096438	tt0096438	Betty_Boop	38.29
who.framed.roge_tt0096438	tt0096438	Jessica_Rabbit	335.21
who.framed.roge_tt0096438	tt0096438	Lena_Hyena	7.67
who.framed.roge_tt0096438	tt0096438	Yosemite_Sam	9.22
who.framed.roge_tt0096438	tt0096438	Shoe	12.89
who.framed.roge_tt0096438	tt0096438	Stupid	30.86
who.framed.roge_tt0096438	tt0096438	Psycho	18.27
who.framed.roge_tt0096438	tt0096438	Smart_Ass	26.78
who.framed.roge_tt0096438	tt0096438	Woody_Woodpecker	10.01
who.framed.roge_tt0096438	tt0096438	Goofy_Goof	28.53
who.framed.roge_tt0096438	tt0096438	Mickey_Mouse	34.20
who.framed.roge_tt0096438	tt0096438	Birds	3.50
who.framed.roge_tt0096438	tt0096438	Minnie_Mouse	22.56
who.framed.roge_tt0096438	tt0096438	Droopy	18.81
who.framed.roge_tt0096438	tt0096438	Bullet_1	3.42
wild.robot_tt29623480	tt29623480	Brightbill_(Baby)	132.55
wild.robot_tt29623480	tt29623480	Weasels	11.47
wild.robot_tt29623480	tt29623480	Baby_Otter	39.16
wild.robot_tt29623480	tt29623480	Snowdown	38.12
wild.robot_tt29623480	tt29623480	Roz	1164.91
wild.robot_tt29623480	tt29623480	Badgers	18.81
wild.robot_tt29623480	tt29623480	Squirrels	12.05
wild.robot_tt29623480	tt29623480	Thorn	71.61
wild.robot_tt29623480	tt29623480	Paddler	108.48
wild.robot_tt29623480	tt29623480	Fink	831.62
wild.robot_tt29623480	tt29623480	Baby_Bunnies	46.84
wild.robot_tt29623480	tt29623480	Chipmunk	2.09
wild.robot_tt29623480	tt29623480	Raccoons	17.27
wild.robot_tt29623480	tt29623480	RECOs	30.03
wild.robot_tt29623480	tt29623480	Brightbill	727.31
wild.robot_tt29623480	tt29623480	Baby_Opossums	70.20
wild.robot_tt29623480	tt29623480	Opossum	153.03
wild.robot_tt29623480	tt29623480	Peck	27.82
wild.robot_tt29623480	tt29623480	Longneck	92.88
wild.robot_tt29623480	tt29623480	Baby_Lynx	55.26
wish_tt11304740	tt11304740	Sakina	281.20
wish_tt11304740	tt11304740	Fan_Tourist	74.57
wish_tt11304740	tt11304740	Hal	345.47
wish_tt11304740	tt11304740	Flying_Woman	253.46
wish_tt11304740	tt11304740	Sabino	319.74
wish_tt11304740	tt11304740	Asha	1797.13
wish_tt11304740	tt11304740	Valentino	433.35
wish_tt11304740	tt11304740	Sania	72.41
wish_tt11304740	tt11304740	Tall_Man_Tourist	39.29
wish_tt11304740	tt11304740	Tourist_Boy	28.49
wish_tt11304740	tt11304740	Simon	283.03
wish_tt11304740	tt11304740	Dario	318.94
wish_tt11304740	tt11304740	Mountain_Climber's_Wife	124.25
wish_tt11304740	tt11304740	Bazeema	324.57
wish_tt11304740	tt11304740	Queen_Amaya	406.66
wish_tt11304740	tt11304740	King_Magnifico	938.10
wish_tt11304740	tt11304740	Safi	376.42
wish_tt11304740	tt11304740	Dahlia	523.15
wish_tt11304740	tt11304740	Gabo	412.16
wish_tt11304740	tt11304740	Mountain_Climber	107.32
wish_tt11304740	tt11304740	Star	253.04
wish_tt11304740	tt11304740	Baby_Mushroom	13.18
wish_tt11304740	tt11304740	Stag	38.04
wish_tt11304740	tt11304740	Bunny	32.82
wish_tt11304740	tt11304740	Mouse	25.02
wish_tt11304740	tt11304740	Chicken	17.31
wish_tt11304740	tt11304740	Balloon	3.88
wish_tt11304740	tt11304740	Horse	5.71
wreckit.ralph_tt1772341	tt1772341	Fix-It_Felix,_Jr.	538.91
wreckit.ralph_tt1772341	tt1772341	Mr._Litwak	26.44
wreckit.ralph_tt1772341	tt1772341	Moppet_Girl	48.67
wreckit.ralph_tt1772341	tt1772341	Sergeant_Calhoun	271.40
wreckit.ralph_tt1772341	tt1772341	Vanellope_von_Schweetz	781.16
wreckit.ralph_tt1772341	tt1772341	Taffyta_Muttonfudge	132.22
wreckit.ralph_tt1772341	tt1772341	Gene	155.70
wreckit.ralph_tt1772341	tt1772341	Deanna	54.64
wreckit.ralph_tt1772341	tt1772341	Mary	98.39
wreckit.ralph_tt1772341	tt1772341	Norwood	24.65
wreckit.ralph_tt1772341	tt1772341	Lucy	67.53
wreckit.ralph_tt1772341	tt1772341	Nel	25.86
wreckit.ralph_tt1772341	tt1772341	Wreck-It_Ralph_	1426.01
wreckit.ralph_tt1772341	tt1772341	Don	45.59
wreckit.ralph_tt1772341	tt1772341	Neff	20.73
wreckit.ralph_tt1772341	tt1772341	Zangief	36.95
wreckit.ralph_tt1772341	tt1772341	Saitine	39.58
wreckit.ralph_tt1772341	tt1772341	Dr._Eggman	45.30
wreckit.ralph_tt1772341	tt1772341	Sorceress	14.51
wreckit.ralph_tt1772341	tt1772341	Clyde	18.94
wreckit.ralph_tt1772341	tt1772341	M._Bison	26.86
wreckit.ralph_tt1772341	tt1772341	Cyborg	28.99
wreckit.ralph_tt1772341	tt1772341	Zombie	42.25
wreckit.ralph_tt1772341	tt1772341	Sour_Bill	140.85
wreckit.ralph_tt1772341	tt1772341	Surge_Protector	22.86
wreckit.ralph_tt1772341	tt1772341	Sonic_the_Hedgehog	1.92
wreckit.ralph_tt1772341	tt1772341	Q*bert	25.02
wreckit.ralph_tt1772341	tt1772341	Coily	5.30
wreckit.ralph_tt1772341	tt1772341	Jaxson_de_Box	3.84
wreckit.ralph_tt1772341	tt1772341	Roy	75.78
wreckit.ralph_tt1772341	tt1772341	Meg	23.02
wreckit.ralph_tt1772341	tt1772341	Tapper	20.19
wreckit.ralph_tt1772341	tt1772341	Markowski	65.44
wreckit.ralph_tt1772341	tt1772341	Dr._Brad_Scott	17.64
wreckit.ralph_tt1772341	tt1772341	Kohut	12.60
wreckit.ralph_tt1772341	tt1772341	General_Hologram	30.32
wreckit.ralph_tt1772341	tt1772341	Crumbelina_DiCaramello	52.18
wreckit.ralph_tt1772341	tt1772341	Jubileena_Bing-Bing	64.81
wreckit.ralph_tt1772341	tt1772341	Nougetsia_Brumblestain	61.52
wreckit.ralph_tt1772341	tt1772341	Gloyd_Orangeboar	58.89
wreckit.ralph_tt1772341	tt1772341	Candlehead	94.39
wreckit.ralph_tt1772341	tt1772341	"Swizzle_""The_Swizz""_Malarkey"	40.83
wreckit.ralph_tt1772341	tt1772341	Rancis_Fluggerbutter	83.50
wreckit.ralph_tt1772341	tt1772341	Minty_Zaki	36.95
wreckit.ralph_tt1772341	tt1772341	Citrusella_Flugpucker	11.47
wreckit.ralph_tt1772341	tt1772341	Snowanna_Rainbeau	43.17
wreckit.ralph_tt1772341	tt1772341	Sticky_Wipplesnit	9.97
wreckit.ralph_tt1772341	tt1772341	Torvald_Batterbutter	7.13
wreckit.ralph_tt1772341	tt1772341	King_Candy	309.52
wreckit.ralph_tt1772341	tt1772341	Duncan	38.58
wreckit.ralph_tt1772341	tt1772341	Turbo	8.30
wreckit.ralph_tt1772341	tt1772341	Beard_Papa	6.80
wreckit.ralph_tt1772341	tt1772341	Minty_Sakura	6.84
zootopia.2_tt26443597	tt26443597	Nick_Wilde	1641.18
zootopia.2_tt26443597	tt26443597	Judy_Hopps	1748.49
zootopia.2_tt26443597	tt26443597	Mr._Big	66.65
zootopia.2_tt26443597	tt26443597	Dawn_Bellwether	20.10
zootopia.2_tt26443597	tt26443597	Chief_Bogo	129.80
zootopia.2_tt26443597	tt26443597	Nibbles_Maplestick	379.17
zootopia.2_tt26443597	tt26443597	Higgins	21.52
zootopia.2_tt26443597	tt26443597	Joel	7.80
zootopia.2_tt26443597	tt26443597	George_Purrrnacleo	30.20
zootopia.2_tt26443597	tt26443597	Captain_Hoggbottom	100.14
zootopia.2_tt26443597	tt26443597	Zebro_Zebraxton	28.45
zootopia.2_tt26443597	tt26443597	Truffler	16.89
zootopia.2_tt26443597	tt26443597	Mayor_Winddancer	99.60
zootopia.2_tt26443597	tt26443597	Officer_Benjamin_Clawhauser	45.71
zootopia.2_tt26443597	tt26443597	Antony_Snootley	32.03
zootopia.2_tt26443597	tt26443597	Dr._Fuzzby	36.29
zootopia.2_tt26443597	tt26443597	Ed_Shearin	7.34
zootopia.2_tt26443597	tt26443597	Little_Judith	47.34
zootopia.2_tt26443597	tt26443597	Koslov	23.90
zootopia.2_tt26443597	tt26443597	Zebro_Zebrowski	14.97
zootopia.2_tt26443597	tt26443597	Squeal_of_Fortune_Mouse	4.05
zootopia.2_tt26443597	tt26443597	Gazelle	35.12
zootopia.2_tt26443597	tt26443597	Flash_Slothmore	23.77
zootopia.2_tt26443597	tt26443597	Milton_Lynxley	162.45
zootopia.2_tt26443597	tt26443597	Denny_Howlett	10.89
zootopia.2_tt26443597	tt26443597	Cattrick_Lynxley	86.29
zootopia.2_tt26443597	tt26443597	Pawbert_Lynxley	358.61
zootopia.2_tt26443597	tt26443597	Kitty_Lynxley	81.83
zootopia.2_tt26443597	tt26443597	Bartender_Slick_Di'Giguani	7.38
zootopia.2_tt26443597	tt26443597	Gary_De'Snake	359.11
zootopia.2_tt26443597	tt26443597	French_Chef	2.46
zootopia.2_tt26443597	tt26443597	Fru_Fru	68.86
zootopia.2_tt26443597	tt26443597	Jesus	64.36
zootopia.2_tt26443597	tt26443597	Anti-Venom_Pen	11.09
zootopia.2_tt26443597	tt26443597	Berthold_Hufschmerz	8.97
zootopia.2_tt26443597	tt26443597	Jurgen_Ziegenkase	5.96
zootopia.2_tt26443597	tt26443597	Robert_Furwin	16.64
zootopia.2_tt26443597	tt26443597	Paul_Moledebrandt	5.80
zootopia_tt2948356	tt2948356	Jaguar_Pretend_Actuary	53.64
zootopia_tt2948356	tt2948356	Judy_Hopps	1381.71
zootopia_tt2948356	tt2948356	Judy_Hopps'_Sister	120.66
zootopia_tt2948356	tt2948356	Bonnie_Hopps	324.66
zootopia_tt2948356	tt2948356	Pig_Reporter	18.73
zootopia_tt2948356	tt2948356	Sharla	57.85
zootopia_tt2948356	tt2948356	Judy_Hopps_(Young)	708.08
zootopia_tt2948356	tt2948356	Stu_Hopps	223.72
zootopia_tt2948356	tt2948356	Travis	68.86
zootopia_tt2948356	tt2948356	Sheep_Officer	4.50
zootopia_tt2948356	tt2948356	Gideon_Grey_(Young)	58.06
zootopia_tt2948356	tt2948356	Dr._Madge_Honey_Badger	8.26
zootopia_tt2948356	tt2948356	Mouse_Given_Parking_Ticket	1.00
zootopia_tt2948356	tt2948356	Gareth	37.08
zootopia_tt2948356	tt2948356	Gideon_Grey	34.58
zootopia_tt2948356	tt2948356	Drill_Sergeant	11.59
zootopia_tt2948356	tt2948356	Gary	21.60
zootopia_tt2948356	tt2948356	Officer_McHorn	52.39
zootopia_tt2948356	tt2948356	Mrs._Otterton	73.32
zootopia_tt2948356	tt2948356	Dawn_Bellwether	142.27
zootopia_tt2948356	tt2948356	Mayor_Leodore_Lionheart	99.35
zootopia_tt2948356	tt2948356	Mrs._Dharma_Armadillo	8.63
zootopia_tt2948356	tt2948356	Oryx_Reporter	19.10
zootopia_tt2948356	tt2948356	Beaver_Reporter	18.18
zootopia_tt2948356	tt2948356	Moose_Given_Parking_Ticket	7.38
zootopia_tt2948356	tt2948356	Peace_Rally_Protester	14.43
zootopia_tt2948356	tt2948356	Gazelle	24.19
zootopia_tt2948356	tt2948356	Officer_Benjamin_Clawhauser	129.92
zootopia_tt2948356	tt2948356	Nangi	26.40
zootopia_tt2948356	tt2948356	Koslov	49.63
zootopia_tt2948356	tt2948356	Hippo_Whose_Mom_Given_Parking_Ticket	25.40
zootopia_tt2948356	tt2948356	Larry	38.71
zootopia_tt2948356	tt2948356	Chief_Bogo	270.44
zootopia_tt2948356	tt2948356	Peace_Rally_Picketer	5.76
zootopia_tt2948356	tt2948356	Nick_Wilde	1525.15
zootopia_tt2948356	tt2948356	Finnick	31.61
zootopia_tt2948356	tt2948356	Flash_Slothmore	133.51
zootopia_tt2948356	tt2948356	Nick_Wilde_(Young)	43.50
zootopia_tt2948356	tt2948356	Duke_Weaselton	51.68
zootopia_tt2948356	tt2948356	Peter_Moosebridge	17.73
zootopia_tt2948356	tt2948356	Frantic_Pig	7.67
zootopia_tt2948356	tt2948356	Fru_Fru	36.08
zootopia_tt2948356	tt2948356	Yax	22.31
zootopia_tt2948356	tt2948356	Priscilla	41.88
zootopia_tt2948356	tt2948356	Mr._Manchas	13.05
zootopia_tt2948356	tt2948356	Jesse	22.65
zootopia_tt2948356	tt2948356	Woolter	12.10
zootopia_tt2948356	tt2948356	Fabienne_Growley	18.85
