movie id	movie IMDB	character_name	seconds	actor IMDB	gender	gender source	category	wikipedia role	major/minor
a.boy.named.cha_tt0064107	tt0064107	Charlie_Brown	2555.8	nm0730435	male	wiki	human	protagonist	major
a.boy.named.cha_tt0064107	tt0064107	Linus_Van_Pelt	1329.18	nm0318537	male	fandom	human	protagonist	major
a.boy.named.cha_tt0064107	tt0064107	Lucy_Van_Pelt	1214.23	nm0272244	female	wiki	human	antagonist	major
a.boy.named.cha_tt0064107	tt0064107	Snoopy	608.7	nm0006837	male	wiki	animal	protagonist	major
a.boy.named.cha_tt0064107	tt0064107	Schroeder	575.92	nm0679568	male	fandom	human		
a.boy.named.cha_tt0064107	tt0064107	Patty	573.87	nm0238741	female	wiki	human	antagonist	minor
a.boy.named.cha_tt0064107	tt0064107	Violet_Gray	402.49	nm0022817	female	fandom	human	antagonist	minor
a.boy.named.cha_tt0064107	tt0064107	Frieda	260.14	nm0578883	female	wiki	human		
a.boy.named.cha_tt0064107	tt0064107	Sally_Brown	254.22	nm0838060	unknown	none	human		
a.boy.named.cha_tt0064107	tt0064107	Pig_Pen	86.96	nm0002211	male	wiki	human		
a.boy.named.cha_tt0064107	tt0064107	3rd_Boy	76.33	nm0679569	unknown	none	human		
a.boy.named.cha_tt0064107	tt0064107	2nd_Boy	38.71	nm0136931	unknown	none	human		
a.bugs.life_tt0120623	tt0120623	Dot	1244.16	nm0659363	female	wiki	animal	protagonist	minor
a.bugs.life_tt0120623	tt0120623	Mr._Soil	1166.79	nm0001522	male	wiki	animal		
a.bugs.life_tt0120623	tt0120623	Francis	778.32	nm0001459	male	wiki	animal		
a.bugs.life_tt0120623	tt0120623	Doctor_Flora	619.83	nm0566052	female	wiki	animal		
a.bugs.life_tt0120623	tt0120623	Rosie	600.27	nm0001372	female	wiki	animal		
a.bugs.life_tt0120623	tt0120623	Gypsy	551.13	nm0001404	female	wiki	animal		
a.bugs.life_tt0120623	tt0120623	Princess_Atta	378.84	nm0000506	female	wiki	animal	protagonist	major
a.bugs.life_tt0120623	tt0120623	Cornelius	376.79	nm0652250	male	wiki	animal		
a.bugs.life_tt0120623	tt0120623	Manny	366.74	nm0364893	male	wiki	animal		
a.bugs.life_tt0120623	tt0120623	Hopper	351.85	nm0000228	male	wiki	animal	antagonist	major
a.bugs.life_tt0120623	tt0120623	Queen	342.8	nm0226887	female	wiki	animal	protagonist	minor
a.bugs.life_tt0120623	tt0120623	Harry_Mosquito	286.74	nm0120309	male	wiki	animal		
a.bugs.life_tt0120623	tt0120623	Tuck_and_Roll	262.18	nm0574540	male	wiki	animal		
a.bugs.life_tt0120623	tt0120623	Loco	222.14		unknown	none	animal		
a.bugs.life_tt0120623	tt0120623	Axel	221.01	nm0348562	male	wiki	animal		
a.bugs.life_tt0120623	tt0120623	Flik	203.12	nm0004929	male	wiki	animal	protagonist	major
a.bugs.life_tt0120623	tt0120623	Molt	178.68	nm0454236	male	wiki	animal	antagonist	minor
a.bugs.life_tt0120623	tt0120623	Dim	172.67	nm0004951	male	wiki	animal		
a.bugs.life_tt0120623	tt0120623	Fly_Brother_#1	161.54		unknown	none	animal		
a.bugs.life_tt0120623	tt0120623	P.T._Flea	126.54	nm0001652	male	wiki	animal		
a.bugs.life_tt0120623	tt0120623	Thud	47.96	nm0029460	male	wiki	animal		
a.christmas.car_tt1067106	tt1067106	Ebenezer_Scrooge	1519.56	nm0000120	male	wiki	human	protagonist	major
a.christmas.car_tt1067106	tt1067106	Bob_Cratchit	292.72	nm0000198	male	wiki	human	protagonist	minor
a.christmas.car_tt1067106	tt1067106	Fred	199.8	nm0000147	male	wiki	human	protagonist	minor
a.christmas.car_tt1067106	tt1067106	Ghost_of_Christmas_Past	197.52	nm0000120	male	wiki	human	protagonist	minor
a.christmas.car_tt1067106	tt1067106	Jacob_Marley	182.68	nm0000198	male	wiki	human	protagonist	minor
a.christmas.car_tt1067106	tt1067106	Mrs._Cratchit	173.08	nm0544334	female	wiki	human		
a.christmas.car_tt1067106	tt1067106	Ghost_of_Christmas_Present	161.2	nm0000120	male	wiki	human	protagonist	minor
a.christmas.car_tt1067106	tt1067106	Belinda_Cratchit	119.24	nm0703939	female	wiki	human		
a.christmas.car_tt1067106	tt1067106	Tiny_Tim	117.76	nm2452327	male	wiki	human	protagonist	minor
a.christmas.car_tt1067106	tt1067106	Scrooge_as_a_Young_Man	105.36	nm0000120	male	wiki	human		
a.christmas.car_tt1067106	tt1067106	Belle	104.08	nm0000705	female	wiki	human		
a.christmas.car_tt1067106	tt1067106	Portly_Gentleman	89.84	nm0000144	male	wiki	human		
a.christmas.car_tt1067106	tt1067106	Fred's_Sister-in-Law	78.8	nm0055444	female	wiki	human		
a.christmas.car_tt1067106	tt1067106	Funerary_Undertaker	65.28	nm0884313	male	wiki	human		
a.christmas.car_tt1067106	tt1067106	Undertaker's_Apprentice	63.4	nm0754512	male	wiki	human		
a.christmas.car_tt1067106	tt1067106	Scrooge_as_a_Teenage_Boy	61		unknown	none	human		
a.christmas.car_tt1067106	tt1067106	Mrs._Dilber	57.32	nm0001217	female	wiki	human		
a.christmas.car_tt1067106	tt1067106	Fezziwig	47.44	nm0001364	male	wiki	human		
a.christmas.car_tt1067106	tt1067106	Caroline	46.56	nm0557739	female	wiki	human		
a.christmas.car_tt1067106	tt1067106	Fred's_Wife	44.6	nm0366667	female	wiki	human		
a.christmas.car_tt1067106	tt1067106	Caroline's_Husband	39.36	nm0089485	male	wiki	human		
a.christmas.car_tt1067106	tt1067106	Scrooge_as_a_Middle-Aged_Man	38.8	nm0000120	male	wiki	human		
a.christmas.car_tt1067106	tt1067106	Business_Man_2	35.64	nm0085860	male	wiki	human		
a.christmas.car_tt1067106	tt1067106	Ignorance_Boy	25.52	nm2452327	male	wiki	human		
a.christmas.car_tt1067106	tt1067106	Mrs._Fezziwig	24.2	nm0055444	female	wiki	human		
a.christmas.car_tt1067106	tt1067106	Want_Woman	18.36	nm0719444	unknown	none	human		
a.christmas.car_tt1067106	tt1067106	Want_Girl	15.48	nm1767820	female	wiki	human		
a.christmas.car_tt1067106	tt1067106	Ignorance_Man	11.08	nm0398473	unknown	none	human		
a.christmas.car_tt1067106	tt1067106	Fat_Cook	10.64	nm0391327	male	wiki	human		
a.goofy.movie_tt0113198	tt0113198	Max_Goof	1964.38	nm0005189	male	wiki	other	protagonist	major
a.goofy.movie_tt0113198	tt0113198	Goofy	1371.91	nm0267724	male	wiki	other	protagonist	major
a.goofy.movie_tt0113198	tt0113198	Roxanne	435.14	nm0005192	female	wiki	other	protagonist	minor
a.goofy.movie_tt0113198	tt0113198	Pete	308.27	nm0191906	male	wiki	other	antagonist	minor
a.goofy.movie_tt0113198	tt0113198	P.J.	305.85	nm0667326	male	wiki	other	protagonist	minor
a.goofy.movie_tt0113198	tt0113198	Bobby_Zimuruski	203.7		male	fandom	other	protagonist	minor
a.goofy.movie_tt0113198	tt0113198	Goth_Girls	195.19		unknown	none	other		
a.goofy.movie_tt0113198	tt0113198	Miss_Maples	173.71	nm0941506	female	wiki	other		
a.goofy.movie_tt0113198	tt0113198	Lisa	136.26	nm0113935	female	wiki	other		
a.goofy.movie_tt0113198	tt0113198	Powerline	117.24	nm0004796	male	wiki	other		
a.goofy.movie_tt0113198	tt0113198	Stacey	116.24	nm0001883	female	wiki	other		
a.goofy.movie_tt0113198	tt0113198	Bigfoot	106.86	nm0919798	male	wiki	animal	antagonist	minor
a.goofy.movie_tt0113198	tt0113198	Roxanne's_Father	86.29		male	fandom	other		
a.goofy.movie_tt0113198	tt0113198	Lester_the_Possum	54.85	nm0510674	male	wiki	animal		
a.goofy.movie_tt0113198	tt0113198	Nerdy_kid	39.87		unknown	none	other		
abominable_tt6324278	tt6324278	Yi	1788	nm4032297	female	wiki	human	protagonist	major
abominable_tt6324278	tt6324278	Everest	1088.59	nm1660488	male	fandom	other	protagonist	major
abominable_tt6324278	tt6324278	Jin	989.28	nm5529735	male	wiki	human	protagonist	major
abominable_tt6324278	tt6324278	Peng	840.3	nm5294965	male	wiki	human	protagonist	major
abominable_tt6324278	tt6324278	Dr._Zara	395.27	nm0005299	female	wiki	human	antagonist	major
abominable_tt6324278	tt6324278	Burnish	342.13	nm0412850	male	wiki	human	antagonist	major
abominable_tt6324278	tt6324278	Goon_Leader	250.58	nm0226206	unknown	none	human	antagonist	minor
abominable_tt6324278	tt6324278	Nai_Nai	163.12	nm0157796	female	wiki	human		
abominable_tt6324278	tt6324278	Mei	136.18	nm2800003	female	fandom	human		
abominable_tt6324278	tt6324278	Goons	92.43	nm0659004	unknown	none	human		
abominable_tt6324278	tt6324278	Female_Customer	70.53	nm2374936	unknown	none	human		
abominable_tt6324278	tt6324278	Teenage_Girl_#1	63.52	nm2374936	unknown	none	human		
abominable_tt6324278	tt6324278	Teenage_Girl_#2	53.64	nm3174887	unknown	none	human		
abominable_tt6324278	tt6324278	Teenage_Boy	48.21	nm3419526	unknown	none	human		
abominable_tt6324278	tt6324278	Van_Driver	37.16	nm0222175	male	wiki	human		
abominable_tt6324278	tt6324278	Merchant	16.64	nm0157312	male	wiki	human		
abominable_tt6324278	tt6324278	Yak_Herder	13.26	nm0393222	male	wiki	human		
abominable_tt6324278	tt6324278	Jin_Impersonator	11.97	nm0152059	male	wiki	human		
abominable_tt6324278	tt6324278	Boy's_Mom	7.01	nm2374936	unknown	none	human		
abominable_tt6324278	tt6324278	Dock_Worker	5.8	nm0401235	female	wiki	human		
addams.family_tt1620981	tt1620981	Gomez_Addams	1058.35	nm1209966	male	wiki	human	protagonist	major
addams.family_tt1620981	tt1620981	Morticia_Addams	967.63	nm0000234	female	wiki	human	protagonist	major
addams.family_tt1620981	tt1620981	Wednesday_Addams	659.62	nm1631269	female	wiki	human	protagonist	major
addams.family_tt1620981	tt1620981	Uncle_Fester	534.33	nm1802209	male	wiki	human	protagonist	minor
addams.family_tt1620981	tt1620981	Pugsley	503.09	nm6016511	male	wiki	human	protagonist	major
addams.family_tt1620981	tt1620981	Margaux_Needler	483.82	nm0005049	female	wiki	human	antagonist	major
addams.family_tt1620981	tt1620981	Parker_Needler	367.87	nm3220568	female	wiki	human	protagonist	minor
addams.family_tt1620981	tt1620981	Lurch	311.06	nm0970447	male	wiki	human		
addams.family_tt1620981	tt1620981	Granny	263.93	nm0000541	female	wiki	human		
addams.family_tt1620981	tt1620981	Layla	219.39	nm2962353	female	wiki	human		
addams.family_tt1620981	tt1620981	Character_1	211		unknown	none	human		
addams.family_tt1620981	tt1620981	Denise	200.53	nm0305083	female	wiki	human		
addams.family_tt1620981	tt1620981	Candi_the_Barista	198.87	nm5700898	female	wiki	human		
addams.family_tt1620981	tt1620981	Glenn	166.67	nm4270695	male	wiki	human		
addams.family_tt1620981	tt1620981	Norman_Pickering	144.23	nm0005558	male	wiki	human		
addams.family_tt1620981	tt1620981	Bethany	137.39	nm5104090	female	wiki	human	antagonist	minor
addams.family_tt1620981	tt1620981	Great_Auntie_Sloom	115.62	nm0507338	female	wiki	human		
addams.family_tt1620981	tt1620981	Ms._Gravely	96.43	nm1143722	female	wiki	human		
addams.family_tt1620981	tt1620981	Trudy_Pickering	92.97	nm0923909	female	wiki	human		
addams.family_tt1620981	tt1620981	Priest	91.47	nm0970447	male	wiki	human		
addams.family_tt1620981	tt1620981	Kayla	73.53	nm2962353	female	wiki	human		
addams.family_tt1620981	tt1620981	Dr._Flambe	61.35	nm0970447	male	wiki	human		
addams.family_tt1620981	tt1620981	Cousin_Itt	23.23	nm0004879	male	wiki	other		
addams.family_tt1620981	tt1620981	Mitch	22.52	nm1025419	unknown	none	human		
addams.family.2_tt11125620	tt11125620	Gomez_Addams	1009.59	nm1209966	male	wiki	human	protagonist	major
addams.family.2_tt11125620	tt11125620	Wednesday_Addams	993.53	nm1631269	female	wiki	human	protagonist	major
addams.family.2_tt11125620	tt11125620	Morticia_Addams	899.19	nm0000234	female	wiki	human	protagonist	major
addams.family.2_tt11125620	tt11125620	Uncle_Fester	545.04	nm1802209	male	wiki	human	protagonist	major
addams.family.2_tt11125620	tt11125620	Pugsley_Addams	506.34	nm9937520	male	wiki	human	protagonist	minor
addams.family.2_tt11125620	tt11125620	Cyrus_Strange	458.54	nm0352778	male	wiki	human	antagonist	major
addams.family.2_tt11125620	tt11125620	Lurch	291.12	nm0970447	male	wiki	human	protagonist	minor
addams.family.2_tt11125620	tt11125620	Girl_on_Beach	159.74	nm2236836	female	wiki	human		
addams.family.2_tt11125620	tt11125620	Granny	128.63	nm0000541	female	wiki	human		
addams.family.2_tt11125620	tt11125620	Peggy	122.96	nm0695497	female	wiki	human		
addams.family.2_tt11125620	tt11125620	Book_Girl	110.9	nm0695497	female	wiki	human		
addams.family.2_tt11125620	tt11125620	Ophelia	106.06	nm0473873	female	wiki	human		
addams.family.2_tt11125620	tt11125620	Festival_Kids	101.56		unknown	none	human		
addams.family.2_tt11125620	tt11125620	Mr._Mustela	101.06	nm0001728	male	wiki	human	antagonist	minor
addams.family.2_tt11125620	tt11125620	Volcano_Kid	88.21	nm0695497	female	wiki	human		
addams.family.2_tt11125620	tt11125620	Pongo	77.74	nm0263252	unknown	none	human	antagonist	minor
addams.family.2_tt11125620	tt11125620	Jerk_on_Beach	77.2	nm2010454	unknown	none	human		
addams.family.2_tt11125620	tt11125620	Miss_Lurleen	75.66	nm4171388	female	wiki	human		
addams.family.2_tt11125620	tt11125620	Pageant_Lady	73.28	nm4171388	female	wiki	human		
addams.family.2_tt11125620	tt11125620	Big_Bad_Ronny	72.49	nm2273205	male	wiki	human		
addams.family.2_tt11125620	tt11125620	Texas_Lady	72.41	nm4171388	female	wiki	human		
addams.family.2_tt11125620	tt11125620	Dorky_Boy	68.61	nm4232585	male	wiki	human		
addams.family.2_tt11125620	tt11125620	Madison	62.19	nm2236836	female	wiki	human		
addams.family.2_tt11125620	tt11125620	Girl_in_Water	59.43	nm1057696	female	wiki	human		
addams.family.2_tt11125620	tt11125620	Proposing_Girl	52.09	nm2010454	unknown	none	human		
addams.family.2_tt11125620	tt11125620	Corny_Girl	44.84	nm12986287	unknown	none	human		
addams.family.2_tt11125620	tt11125620	Truck_Driver	21.98	nm2010454	unknown	none	human		
addams.family.2_tt11125620	tt11125620	Merch_Guy	21.35	nm4056962	unknown	none	human		
addams.family.2_tt11125620	tt11125620	Dorky_Girl	20.23	nm2236836	female	wiki	human		
aladdin_tt0103639	tt0103639	Aladdin	1629.21	nm0918334	male	wiki	human	protagonist	major
aladdin_tt0103639	tt0103639	Jasmine	854.69	nm0488306	female	wiki	human	protagonist	major
aladdin_tt0103639	tt0103639	Jafar	647.44	nm0293455	male	wiki	human	antagonist	major
aladdin_tt0103639	tt0103639	Genie	596.51	nm0000245	male	wiki	other	protagonist	major
aladdin_tt0103639	tt0103639	Abu	480.06	nm0919798	male	wiki	animal	protagonist	major
aladdin_tt0103639	tt0103639	Sultan	386.55	nm0780528	male	wiki	human	protagonist	minor
aladdin_tt0103639	tt0103639	Iago	360.99	nm0331906	male	wiki	animal	antagonist	minor
aladdin_tt0103639	tt0103639	Royal_Guards_(Aladdin)	211.09		male	fandom	human	antagonist	minor
aladdin_tt0103639	tt0103639	Rajah	119.7	nm0919798	male	wiki	animal		
aladdin_tt0103639	tt0103639	Peddler	97.26	nm0000245	male	wiki	human		
aladdin_tt0103639	tt0103639	Gazeem	94.8	nm0012121	male	wiki	human		
aladdin_tt0103639	tt0103639	Harem_Girls	88.55	nm0220635	female	wiki	human		
aladdin_tt0103639	tt0103639	Elephant_Abu	78.12	nm0919798	male	wiki	animal		
aladdin_tt0103639	tt0103639	Farouk	52.26	nm0191906	male	wiki	human		
aladdin_tt0103639	tt0103639	Cave_of_Wonders	37.08	nm0919798	male	wiki	other		
alice.in.wonder_tt0043274	tt0043274	Alice	1481.9	nm0064607	female	wiki	human	protagonist	major
alice.in.wonder_tt0043274	tt0043274	Queen_of_Hearts	269.89	nm0271658	female	wiki	human	antagonist	major
alice.in.wonder_tt0043274	tt0043274	Mad_Hatter	260.39	nm0943956	male	wiki	human		
alice.in.wonder_tt0043274	tt0043274	White_Rabbit	206	nm0859892	male	wiki	other		
alice.in.wonder_tt0043274	tt0043274	Cheshire_Cat	198.28	nm0001359	male	wiki	animal		
alice.in.wonder_tt0043274	tt0043274	The_Walrus_and_the_Carpenter	178.09		male	fandom	other		
alice.in.wonder_tt0043274	tt0043274	March_Hare	176.34	nm0173160	male	wiki	other		
alice.in.wonder_tt0043274	tt0043274	Tweedle_Dee_and_Tweedle_Dum	173.38		unknown	none	human		
alice.in.wonder_tt0043274	tt0043274	Caterpillar	161.08	nm0370821	male	wiki	other		
alice.in.wonder_tt0043274	tt0043274	Cards	160.12	nm0054036	male	wiki	human		
alice.in.wonder_tt0043274	tt0043274	The_Doorknob	135.13	nm0444012	male	wiki	other		
alice.in.wonder_tt0043274	tt0043274	Dinah	126.46		female	fandom	animal		
alice.in.wonder_tt0043274	tt0043274	Carpenter	113.74	nm0641729	male	wiki	human		
alice.in.wonder_tt0043274	tt0043274	Hammer_and_Pencil_Birds	112.28		unknown	none	other		
alice.in.wonder_tt0043274	tt0043274	Flamingos	105.44	nm0173416	male	wiki	animal		
alice.in.wonder_tt0043274	tt0043274	King_of_Hearts	96.97	nm0873790	male	wiki	other	antagonist	minor
alice.in.wonder_tt0043274	tt0043274	Curious_Oysters	90.17	nm0641729	male	wiki	other		
alice.in.wonder_tt0043274	tt0043274	Dodo	81.79	nm0859892	male	wiki	animal		
alice.in.wonder_tt0043274	tt0043274	Caucus_Race_Animals	78.08		unknown	none	animal		
alice.in.wonder_tt0043274	tt0043274	Bill_the_Lizard	70.36	nm0340606	male	wiki	animal		
alice.in.wonder_tt0043274	tt0043274	Alice's_Sister	69.03	nm0029456	female	wiki	human		
alice.in.wonder_tt0043274	tt0043274	Dormouse	52.8	nm0531763	male	wiki	animal		
alvin.and.the.c_tt0952640	tt0952640	Alvin	862.32	nm0519043	male	wiki	animal	protagonist	major
alvin.and.the.c_tt0952640	tt0952640	Theodore	809.39	nm0565366	male	wiki	animal	protagonist	major
alvin.and.the.c_tt0952640	tt0952640	Simon	679.68	nm1131557	male	wiki	animal	protagonist	major
alvin.and.the.c_tt1231580	tt1231580	Alvin	1106.36	nm0519043	male	wiki	animal	protagonist	major
alvin.and.the.c_tt1231580	tt1231580	Simon	1010.22	nm1131557	male	wiki	animal	protagonist	major
alvin.and.the.c_tt1231580	tt1231580	Theodore	856.65	nm0565366	male	wiki	animal	protagonist	major
alvin.and.the.c_tt1231580	tt1231580	Brittany	507.05	nm0000775	female	wiki	animal	protagonist	major
alvin.and.the.c_tt1231580	tt1231580	Eleanor	451.91	nm0688132	female	wiki	animal	protagonist	minor
alvin.and.the.c_tt1231580	tt1231580	Jeanette	383.8	nm0267506	female	wiki	animal	protagonist	minor
alvin.and.the.c_tt1615918	tt1615918	Alvin	1063.81	nm0519043	male	wiki	animal	protagonist	major
alvin.and.the.c_tt1615918	tt1615918	Simon	825.74	nm1131557	male	wiki	animal	protagonist	major
alvin.and.the.c_tt1615918	tt1615918	Brittany	775.94	nm0000775	female	wiki	animal	protagonist	minor
alvin.and.the.c_tt1615918	tt1615918	Jeanette	725.27	nm0267506	female	wiki	animal	protagonist	major
alvin.and.the.c_tt1615918	tt1615918	Theodore	610.23	nm0565366	male	wiki	animal	protagonist	minor
alvin.and.the.c_tt1615918	tt1615918	Elanor	548.26	nm0688132	female	wiki	animal	protagonist	minor
alvin.and.the.c_tt1615918	tt1615918	Spalding_Basketball	41.75		unknown	none	other		
alvin.and.the.c_tt1615918	tt1615918	0.NOTAFACE	11.97		unknown	none	other		
an.american.tai_tt0090633	tt0090633	Fievel_Mousekewitz	1263.5	nm0322064	male	wiki	animal	protagonist	major
an.american.tai_tt0090633	tt0090633	Papa_Mousekewitz	574.97	nm0675490	male	wiki	animal	protagonist	minor
an.american.tai_tt0090633	tt0090633	Tony_Toponi	522.02	nm0615730	male	fandom	animal	protagonist	minor
an.american.tai_tt0090633	tt0090633	Bridget	508.61	nm0089310	female	fandom	animal	protagonist	minor
an.american.tai_tt0090633	tt0090633	Tanya_Mousekewitz	493.29	nm0337602	female	fandom	animal	protagonist	minor
an.american.tai_tt0090633	tt0090633	Mama_Mousekewitz	378.41	nm0948361	female	wiki	animal	protagonist	minor
an.american.tai_tt0090633	tt0090633	Tiger	361.69	nm0001123	male	wiki	animal	protagonist	minor
an.american.tai_tt0090633	tt0090633	Gussie_Mausheimer	344.98	nm0001404	female	wiki	animal	protagonist	minor
an.american.tai_tt0090633	tt0090633	Henri	264.6	nm0001626	male	wiki	animal	protagonist	minor
an.american.tai_tt0090633	tt0090633	Warren_T._Rat	252.65	nm0278201	male	wiki	animal	antagonist	major
an.american.tai_tt0090633	tt0090633	Honest_John	240.24	nm0743719	male	wiki	animal	protagonist	minor
an.american.tai_tt0090633	tt0090633	Moe	206.47	nm0808401	male	wiki	animal		
anastasia_tt0118617	tt0118617	Anastasia_(Young)	1461.63	nm0000379	female	wiki	human	protagonist	minor
anastasia_tt0118617	tt0118617	Dimitri_(Young)	741.95	nm0364385	male	fandom	human	protagonist	minor
anastasia_tt0118617	tt0118617	Vladimir	685.1	nm0001288	male	wiki	human	protagonist	major
anastasia_tt0118617	tt0118617	Dimitri	676.88	nm0000131	male	wiki	human	protagonist	major
anastasia_tt0118617	tt0118617	Sophie	544	nm0001613	female	wiki	human	protagonist	minor
anastasia_tt0118617	tt0118617	Grigori_Rasputin	429.89	nm0000502	male	wiki	human	antagonist	major
anastasia_tt0118617	tt0118617	Dowager_Empress_Marie_Feodorovna	393.06	nm0001450	female	wiki	human	protagonist	minor
anastasia_tt0118617	tt0118617	Anastasia_Nikolaevna	270.65	nm0000212	female	wiki	human	protagonist	major
anastasia_tt0118617	tt0118617	Bartok	194.19	nm0000279	male	wiki	animal	antagonist	minor
anastasia_tt0118617	tt0118617	Phlegmenkoff	187.73	nm0551908	female	wiki	human		
anastasia_tt0118617	tt0118617	Czar_Nicolas_II	113.45	nm0429115	male	wiki	human		
anastasia_tt0118617	tt0118617	Revolutionary_Soldier	89.26	nm0429115	male	wiki	human		
angry.birds.mov_tt1985949	tt1985949	Red_(Young)	1040	nm6512897	male	fandom	animal		
angry.birds.mov_tt1985949	tt1985949	Chuck	926.51	nm1265802	male	wiki	animal	protagonist	major
angry.birds.mov_tt1985949	tt1985949	Bomb	856.73	nm1104131	male	fandom	animal	protagonist	major
angry.birds.mov_tt1985949	tt1985949	Red	854.9	nm0837177	male	wiki	animal	protagonist	major
angry.birds.mov_tt1985949	tt1985949	Helen_the_Lunch_Mom	585.67	nm3255459	female	wiki	animal		
angry.birds.mov_tt1985949	tt1985949	Bobby_Bird	542.42	nm1934618	male	wiki	animal		
angry.birds.mov_tt1985949	tt1985949	Leonard	494.41	nm0352778	male	wiki	animal	antagonist	major
angry.birds.mov_tt1985949	tt1985949	Matilda	485.4	nm0748973	female	wiki	animal		
angry.birds.mov_tt1985949	tt1985949	Ross	464.71	nm0355024	male	wiki	animal	antagonist	minor
angry.birds.mov_tt1985949	tt1985949	Stella	427.93	nm0571952	female	wiki	animal		
angry.birds.mov_tt1985949	tt1985949	Terence	288.08	nm0000576	male	wiki	animal		
angry.birds.mov_tt1985949	tt1985949	Phillip	281.95	nm2813994	male	wiki	animal		
angry.birds.mov_tt1985949	tt1985949	Mighty_Eagle	271.31	nm0227759	male	wiki	animal		
angry.birds.mov_tt1985949	tt1985949	Judge_Peckinpah	266.35	nm1221047	male	wiki	animal		
angry.birds.mov_tt1985949	tt1985949	Clayton_the_Waiter_Bird	254.5	nm0443505	male	wiki	animal		
angry.birds.mov_tt1985949	tt1985949	Hug_Trader	225.81	nm5000758	unknown	none	animal		
angry.birds.mov_tt1985949	tt1985949	Timothy_the_Birthday_Boy	223.26	nm3732165	female	wiki	animal		
angry.birds.mov_tt1985949	tt1985949	Edward_the_Birthday_Dad	212.42	nm2868110	male	wiki	animal		
angry.birds.mov_tt1985949	tt1985949	Olive_Blue	165.75	nm5335029	female	wiki	animal		
angry.birds.mov_tt1985949	tt1985949	Hatchling_Singers	164.16	nm8148777	unknown	none	animal		
angry.birds.mov_tt1985949	tt1985949	Foreman_Pig	151.9	nm0717678	male	wiki	animal		
angry.birds.mov_tt1985949	tt1985949	Billy_the_Sign	142.02	nm0934671	male	fandom	animal		
angry.birds.mov_tt1985949	tt1985949	Acrobat_Pig_(2)	141.14	nm2407919	trans woman	wiki	animal		
angry.birds.mov_tt1985949	tt1985949	Earl_Pig	124	nm1627901	male	wiki	animal		
angry.birds.mov_tt1985949	tt1985949	Greg_Blue	118.79	nm3707003	male	wiki	animal		
angry.birds.mov_tt1985949	tt1985949	Brad_Bird	118.37	nm2590280	male	wiki	animal		
angry.birds.mov_tt1985949	tt1985949	Eva_the_Birthday_Mom	112.86	nm0571952	female	wiki	animal		
angry.birds.mov_tt1985949	tt1985949	Day_Care_Teacher	111.9	nm0034309	male	wiki	animal		
angry.birds.mov_tt1985949	tt1985949	Cyrus	108.98	nm0355024	male	wiki	animal		
angry.birds.mov_tt1985949	tt1985949	Monica_the_Crossing_Guard	107.07	nm5335029	female	wiki	animal		
angry.birds.mov_tt1985949	tt1985949	Shirley_the_Old_Lady_Bird	95.26	nm2242399	female	wiki	animal		
angry.birds.mov_tt1985949	tt1985949	Early_Bird	94.8	nm4761982	male	wiki	animal		
angry.birds.mov_tt1985949	tt1985949	Bubbles	82.33	nm3597252	male	wiki	animal		
angry.birds.mov_tt1985949	tt1985949	Photog	81.96	nm4270695	male	wiki	animal		
angry.birds.mov_tt1985949	tt1985949	Yoga_Instructor	75.83	nm3255459	female	wiki	animal		
angry.birds.mov_tt1985949	tt1985949	Monty_Pig	72.2	nm0851317	male	wiki	animal		
angry.birds.mov_tt1985949	tt1985949	Mime	68.78	nm0355024	male	wiki	animal		
angry.birds.mov_tt1985949	tt1985949	Tiny	61.6	nm0054697	male	wiki	animal		
angry.birds.mov_tt1985949	tt1985949	Acrobat_Pig_(1)	50.43	nm3804613	male	wiki	animal		
angry.birds.mov_tt1985949	tt1985949	Chef_Pig	25.61	nm2813994	male	wiki	animal		
antz_tt0120587	tt0120587	Z	1560.85	nm0000095	male	wiki	animal	protagonist	major
antz_tt0120587	tt0120587	Princess_Bala	835.04	nm0000232	female	wiki	animal	protagonist	major
antz_tt0120587	tt0120587	General_Mandible	523.06	nm0000432	male	wiki	animal	antagonist	major
antz_tt0120587	tt0120587	Weaver	367.7	nm0000230	male	wiki	animal	protagonist	minor
antz_tt0120587	tt0120587	Azteca	353.1	nm0000182	female	wiki	animal		
antz_tt0120587	tt0120587	Barbatus	331.33	nm0000418	male	wiki	animal	protagonist	minor
antz_tt0120587	tt0120587	Colonel_Cutter	260.68	nm0000686	male	wiki	animal	antagonist	minor
antz_tt0120587	tt0120587	Foreman	205	nm0789470	male	wiki	animal		
antz_tt0120587	tt0120587	Queen	198.28	nm0000843	female	wiki	animal		
antz_tt0120587	tt0120587	Grebs_(Drunk_Scout)	153.44	nm0001498	male	wiki	animal		
antz_tt0120587	tt0120587	Muffy	54.43	nm0004852	female	wiki	animal		
antz_tt0120587	tt0120587	Chip	49.72	nm0000101	male	wiki	animal		
antz_tt0120587	tt0120587	Fly	17.89		unknown	none	animal		
atlantis.the.lo_tt0230011	tt0230011	Milo_Thatch	1891.64	nm0000150	male	wiki	human	protagonist	major
atlantis.the.lo_tt0230011	tt0230011	Kida_Nedakh	699.24	nm0838588	female	wiki	human	protagonist	major
atlantis.the.lo_tt0230011	tt0230011	Lyle_Tiberius_Rourke	583.5	nm0001258	male	wiki	human	antagonist	major
atlantis.the.lo_tt0230011	tt0230011	Joshua_Sweet	431.06	nm0606862	male	wiki	human	protagonist	minor
atlantis.the.lo_tt0230011	tt0230011	Vincenzo_Santorini	340.59	nm0637038	male	wiki	human	protagonist	minor
atlantis.the.lo_tt0230011	tt0230011	Audrey_Ramirez	321.61	nm0005283	female	wiki	human	protagonist	minor
atlantis.the.lo_tt0230011	tt0230011	Helga_Sinclair	303.39	nm0160004	female	wiki	human	antagonist	minor
atlantis.the.lo_tt0230011	tt0230011	Gaetan_Molière	191.77	nm0123553	male	wiki	human	protagonist	minor
atlantis.the.lo_tt0230011	tt0230011	Kashekim_Nedakh	171.3	nm0000559	male	wiki	human	protagonist	minor
atlantis.the.lo_tt0230011	tt0230011	Preston_B._Whitmore	163	nm0001498	male	wiki	human	protagonist	minor
atlantis.the.lo_tt0230011	tt0230011	Cookie_(Atlantis:_The_Lost_Empire)	147.15	nm0001815	male	wiki	human	protagonist	minor
atlantis.the.lo_tt0230011	tt0230011	Wilhelmina_Packard	140.31	nm0822476	female	wiki	human	protagonist	minor
atlantis.the.lo_tt0230011	tt0230011	Fenton_Q._Harcourt	76.87	nm0001773	male	wiki	human		
atlantis.the.lo_tt0230011	tt0230011	Thaddeus_Thatch	43.71		male	fandom	human		
atlantis.the.lo_tt0230011	tt0230011	Queen_of_Atlantis	34.33		female	fandom	human		
bad.guys_tt8115900	tt8115900	Mr._Wolf	1894.02	nm0005377	male	wiki	animal	protagonist	major
bad.guys_tt8115900	tt8115900	Mr._Snake	1137.43	nm0549505	male	wiki	animal	protagonist	major
bad.guys_tt8115900	tt8115900	Mr._Shark	925.84	nm0732497	male	wiki	animal	protagonist	minor
bad.guys_tt8115900	tt8115900	Diane_Foxington	783.45	nm5939164	female	wiki	animal	protagonist	major
bad.guys_tt8115900	tt8115900	Mr._Pirahna	683.27	nm6588867	male	wiki	animal	protagonist	minor
bad.guys_tt8115900	tt8115900	Professor_Marmalade	640.89	nm1547964	male	wiki	animal	antagonist	major
bad.guys_tt8115900	tt8115900	Ms._Tarantula	529.82	nm5377144	female	wiki	animal	protagonist	minor
bad.guys_tt8115900	tt8115900	Police_Chief_Misty_Luggins	348.93	nm0097504	female	wiki	animal		
bad.guys_tt8115900	tt8115900	Tiffany_Fluffit	272.31	nm6530360	female	wiki	animal		
bad.guys_tt8115900	tt8115900	Old_Lady	72.82	nm0329361	female	wiki	animal		
bad.guys.2_tt30017619	tt30017619	Mr._Wolf	1459.46	nm0005377	male	wiki	animal	protagonist	major
bad.guys.2_tt30017619	tt30017619	Mr._Shark	729.98	nm0732497	male	wiki	animal	protagonist	major
bad.guys.2_tt30017619	tt30017619	Mr._Pirahna	672.51	nm6588867	male	wiki	animal	protagonist	major
bad.guys.2_tt30017619	tt30017619	Mr._Snake	622.16	nm0549505	male	wiki	animal	protagonist	major
bad.guys.2_tt30017619	tt30017619	Ms._Tarantula	493.99	nm5377144	female	wiki	animal	protagonist	major
bad.guys.2_tt30017619	tt30017619	Kitty_Kat	486.11	nm5335029	female	wiki	animal	antagonist	major
bad.guys.2_tt30017619	tt30017619	Diane_Foxington	386.85	nm5939164	female	wiki	animal	protagonist	major
bad.guys.2_tt30017619	tt30017619	Police_Chief_Misty_Luggins	375.58	nm0097504	female	wiki	human	protagonist	minor
bad.guys.2_tt30017619	tt30017619	Doom_/_Susan	302.43	nm0005169	female	wiki	animal	antagonist	minor
bad.guys.2_tt30017619	tt30017619	Pigtail_Petrova	235.82	nm7210025	female	wiki	animal	antagonist	minor
bad.guys.2_tt30017619	tt30017619	Professor_Marmalade	155.36	nm1547964	male	wiki	animal		
bad.guys.2_tt30017619	tt30017619	Billionaire	143.18	nm0229084	male	wiki	human		
bad.guys.2_tt30017619	tt30017619	Character_1	133.47		unknown	none	human		
bad.guys.2_tt30017619	tt30017619	Agents	107.48		unknown	none	human		
bad.guys.2_tt30017619	tt30017619	Tiffany_Fluffit	101.77	nm6530360	female	wiki	human		
bad.guys.2_tt30017619	tt30017619	Bride	64.4	nm1648492	female	wiki	human		
bad.guys.2_tt30017619	tt30017619	Character_2	60.6		unknown	none	human		
bad.guys.2_tt30017619	tt30017619	Aunt_Sharon	59.89	nm0033977	female	wiki	human		
bad.guys.2_tt30017619	tt30017619	Bank_Manager	48.55	nm0324233	unknown	none	human		
bad.guys.2_tt30017619	tt30017619	Wedding_Head_of_Security	37.7	nm0130843	unknown	none	human		
bad.guys.2_tt30017619	tt30017619	Maureen	28.86	nm1261587	female	wiki	human		
bad.guys.2_tt30017619	tt30017619	Officiant	28.28	nm5620984	unknown	none	human		
bad.guys.2_tt30017619	tt30017619	Prison_Guard	23.82	nm5620984	unknown	none	human		
bambi_tt0034492	tt0034492	Bambi_(Young)	896.94	nm0241760	male	wiki	animal	protagonist	major
bambi_tt0034492	tt0034492	Bambi_(Teen)	450.32	nm0017013	male	wiki	animal	protagonist	major
bambi_tt0034492	tt0034492	Thumper_(Adult)	378.63	nm0249855	male	wiki	animal	protagonist	minor
bambi_tt0034492	tt0034492	Bambi's_Mother	277.4	nm0935514	female	wiki	animal	protagonist	major
bambi_tt0034492	tt0034492	Friend_Owl	271.69	nm0942926	male	wiki	animal	protagonist	minor
bambi_tt0034492	tt0034492	Thumper's_Mother	234.32		unknown	none	animal		
bambi_tt0034492	tt0034492	Faline_(Young)	228.02		female	fandom	animal	protagonist	minor
bambi_tt0034492	tt0034492	Thumper_(Teen)	204.12	nm0205561	male	wiki	animal	protagonist	minor
bambi_tt0034492	tt0034492	The_Great_Prince	173.97	nm0793195	male	wiki	animal	protagonist	major
bambi_tt0034492	tt0034492	Thumper_(Young)	150.94	nm0066951	male	wiki	animal	protagonist	major
bambi_tt0034492	tt0034492	Mrs._Possum	130.59	nm0487104	female	wiki	animal		
bambi_tt0034492	tt0034492	Flower_(Young)	95.47	nm0018755	male	wiki	animal	protagonist	minor
bambi_tt0034492	tt0034492	Flower_(Teen)	91.76	nm0205561	male	wiki	animal	protagonist	minor
bambi_tt0034492	tt0034492	Flower_(Adult)	71.49	nm0001359	male	wiki	animal	protagonist	minor
bambi_tt0034492	tt0034492	Faline_(Adult)	38.16	nm0319268	female	wiki	animal	protagonist	major
barnyard_tt0414853	tt0414853	Otis_the_Cow	1425.05	nm0416673	male	wiki	animal	protagonist	major
barnyard_tt0414853	tt0414853	Pig_the_Pig	544.63	nm0409361	male	wiki	animal	protagonist	minor
barnyard_tt0414853	tt0414853	Bessy_the_Cow	487.4	nm0843100	female	wiki	animal		
barnyard_tt0414853	tt0414853	Daisy_the_Cow	464.88	nm0001073	female	wiki	animal	protagonist	minor
barnyard_tt0414853	tt0414853	Ben_the_Cow	432.1	nm0000385	male	wiki	animal	protagonist	minor
barnyard_tt0414853	tt0414853	Peck_the_Rooster	375.37	nm0667326	male	wiki	animal	protagonist	minor
barnyard_tt0414853	tt0414853	Freddy_the_Ferret	350.64	nm0164682	male	wiki	animal	protagonist	minor
barnyard_tt0414853	tt0414853	Miles_the_Mule	304.76	nm0000418	male	wiki	animal	protagonist	minor
barnyard_tt0414853	tt0414853	Dag_the_Coyote	299.88	nm0462712	male	wiki	animal	antagonist	major
barnyard_tt0414853	tt0414853	Eddy_the_Cow	282.62	nm0120180	male	wiki	animal		
barnyard_tt0414853	tt0414853	Duke_the_Dog	282.03	nm0410101	male	wiki	animal		
barnyard_tt0414853	tt0414853	Pip_the_Mouse	250.29	nm0305261	male	wiki	animal	protagonist	minor
barnyard_tt0414853	tt0414853	Etta_the_Hen	246.41	nm0000510	female	wiki	animal		
barnyard_tt0414853	tt0414853	Igg_the_Cow	244.79	nm0005606	male	wiki	animal		
barnyard_tt0414853	tt0414853	Bud_the_Cow	217.84	nm0224007	male	wiki	animal		
barnyard_tt0414853	tt0414853	Gopher	214.51	nm0667326	male	wiki	animal		
barnyard_tt0414853	tt0414853	Maddy_the_Chick	169.42	nm1375655	female	wiki	animal		
barnyard_tt0414853	tt0414853	Mrs._Beady	122.41	nm0051469	female	wiki	human		
barnyard_tt0414853	tt0414853	Root_the_Rooster	102.77	nm0247456	male	wiki	animal		
barnyard_tt0414853	tt0414853	Farmer	88.92	nm0851317	male	wiki	human		
barnyard_tt0414853	tt0414853	Mr._Beady	62.02	nm0644203	male	wiki	human		
barnyard_tt0414853	tt0414853	Character_1	59.35		unknown	none	human		
barnyard_tt0414853	tt0414853	Snotty_Boy	58.64	nm0644203	male	wiki	human	antagonist	minor
barnyard_tt0414853	tt0414853	Officer_O'Hanlon	40.33	nm0224007	male	wiki	human		
barnyard_tt0414853	tt0414853	Snotty_Boy's_Father	29.28	nm0644203	male	wiki	human		
barnyard_tt0414853	tt0414853	Snotty_Boy's_Friend_1	24.65	nm0628170	female	wiki	human		
barnyard_tt0414853	tt0414853	Snotty_Boy's_Friend_2	20.48	nm0500246	female	wiki	human		
beauty.and.the._tt0101414	tt0101414	Belle	1280.53	nm0641314	female	wiki	human	protagonist	major
beauty.and.the._tt0101414	tt0101414	Beast	666.67	nm0000913	male	wiki	other	protagonist	major
beauty.and.the._tt0101414	tt0101414	Gaston	563.44	nm0925369	male	wiki	human	antagonist	major
beauty.and.the._tt0101414	tt0101414	Cogsworth	530.03	nm0001773	male	wiki	other	protagonist	minor
beauty.and.the._tt0101414	tt0101414	LeFou	408.83	nm0181425	male	wiki	human		
beauty.and.the._tt0101414	tt0101414	Lumiere	369.33	nm0001583	male	wiki	other	protagonist	minor
beauty.and.the._tt0101414	tt0101414	Gaston's_Cronies	336.21		male	fandom	human		
beauty.and.the._tt0101414	tt0101414	Maurice	325.74	nm0263591	male	wiki	human	protagonist	minor
beauty.and.the._tt0101414	tt0101414	Mrs._Potts	272.27	nm0001450	female	wiki	other	protagonist	minor
beauty.and.the._tt0101414	tt0101414	Chip_Potts	147.56	nm0682300	male	wiki	other	protagonist	minor
beauty.and.the._tt0101414	tt0101414	The_Bimbettes	124.62	nm0074834	female	wiki	human		
beauty.and.the._tt0101414	tt0101414	Philippe	120.75	nm0808401	male	wiki	animal	protagonist	minor
beauty.and.the._tt0101414	tt0101414	Wardrobe	81.5	nm0941506	female	wiki	other		
beauty.and.the._tt0101414	tt0101414	Monsieur_D'Arque	52.18	nm0419645	male	wiki	human	antagonist	minor
beauty.and.the._tt0101414	tt0101414	Chef_Bouche	37.2		male	fandom	other		
beauty.and.the._tt0101414	tt0101414	The_Bookseller	32.53	nm0258423	male	wiki	human		
beauty.and.the._tt0101414	tt0101414	Fifi	20.73		female	fandom	other		
beavis.and.butt_tt0115641	tt0115641	Butt-Head	1565.4	nm0431918	male	wiki	human	protagonist	major
beavis.and.butt_tt0115641	tt0115641	Beavis	1548.09	nm0431918	male	wiki	human	protagonist	major
beavis.and.butt_tt0115641	tt0115641	ATF_Agent_Flemming	611.4	nm0821041	male	wiki	human	antagonist	minor
beavis.and.butt_tt0115641	tt0115641	ATF_Agent_Bork	520.14	nm0001427	male	wiki	human		
beavis.and.butt_tt0115641	tt0115641	Martha_the_Old_Lady	365.28	nm0001458	female	wiki	human		
beavis.and.butt_tt0115641	tt0115641	French_Dignitary	302.47	nm0241500	unknown	none	human		
beavis.and.butt_tt0115641	tt0115641	Tom_Anderson	302.43	nm0431918	male	wiki	human		
beavis.and.butt_tt0115641	tt0115641	Muddy_Grimes	263.93	nm0000246	male	wiki	human	antagonist	major
beavis.and.butt_tt0115641	tt0115641	Dallas_Grimes	259.88	nm0000193	female	wiki	human	antagonist	major
beavis.and.butt_tt0115641	tt0115641	White_House_Press_Secretary	243.28	nm0091899	male	wiki	human		
beavis.and.butt_tt0115641	tt0115641	FBI_Agent_Hurly	230.73	nm0053148	female	fandom	human		
beavis.and.butt_tt0115641	tt0115641	Tour_Bus_Driver	210.21	nm0000500	male	wiki	human		
beavis.and.butt_tt0115641	tt0115641	President_Clinton	205.2	nm1236674	unknown	none	human		
beavis.and.butt_tt0115641	tt0115641	Announcer_in_Capitol	192.94	nm0680547	unknown	none	human		
beavis.and.butt_tt0115641	tt0115641	General_at_Strategic_Air_Command	173.55	nm0750575	unknown	none	human		
beavis.and.butt_tt0115641	tt0115641	Principal_McVicker	149.77	nm0431918	male	wiki	human		
beavis.and.butt_tt0115641	tt0115641	Mr._Van_Driessen	122.83	nm0431918	male	wiki	human		
beavis.and.butt_tt0115641	tt0115641	Old_Guy	107.9	nm0003249	male	wiki	human		
beavis.and.butt_tt0115641	tt0115641	Indian_Dignitary	70.57	nm0623319	male	wiki	human		
beavis.and.butt_tt0115641	tt0115641	Concierge	61.94	nm0403947	male	wiki	human		
beavis.and.butt_tt0115641	tt0115641	Lieutenant_at_Strategic_Air_Command	35.41	nm0091899	male	wiki	human		
bedknobs.and.br_tt0066817	tt0066817	King_Leonidas	214.26	nm0918396	male	wiki	animal	antagonist	minor
bedknobs.and.br_tt0066817	tt0066817	Kangaroo	171.59		unknown	none	animal		
bedknobs.and.br_tt0066817	tt0066817	Crocodile	134.22		unknown	none	animal		
bedknobs.and.br_tt0066817	tt0066817	Mr._Codfish	121.25	nm0357090	male	wiki	animal		
bedknobs.and.br_tt0066817	tt0066817	Fisherman_Bear	119.2	nm0268428	male	wiki	animal		
bedknobs.and.br_tt0066817	tt0066817	Pig	80.58		unknown	none	animal		
bedknobs.and.br_tt0066817	tt0066817	Hippopotamus	67.69		unknown	none	animal		
bedknobs.and.br_tt0066817	tt0066817	Vulture	66.32		unknown	none	animal		
bedknobs.and.br_tt0066817	tt0066817	Elephant	63.98		unknown	none	animal		
bedknobs.and.br_tt0066817	tt0066817	Secretary_Bird	63.69	nm0918396	male	wiki	animal		
bee.movie_tt0389790	tt0389790	Barry_B._Benson	1822.9	nm0000632	male	wiki	animal	protagonist	major
bee.movie_tt0389790	tt0389790	Vanessa_Bloome	635.01	nm0000250	female	wiki	human	protagonist	major
bee.movie_tt0389790	tt0389790	Adam_Flayman	534.49	nm0000111	male	wiki	animal	protagonist	minor
bee.movie_tt0389790	tt0389790	Layton_T._Montgomery	216.38	nm0000422	male	wiki	human	antagonist	major
bee.movie_tt0389790	tt0389790	Ken	215.3	nm0911320	male	wiki	human	antagonist	minor
bee.movie_tt0389790	tt0389790	Pilot	203.45	nm0379114	male	wiki	human		
bee.movie_tt0389790	tt0389790	Jock_1	185.1	nm0936670	unknown	none	animal		
bee.movie_tt0389790	tt0389790	Buzz	161.12	nm0379114	male	wiki	animal		
bee.movie_tt0389790	tt0389790	Trudy	154.86	nm0005259	female	wiki	animal		
bee.movie_tt0389790	tt0389790	Janet_Benson	148.86	nm0000870	female	wiki	animal		
bee.movie_tt0389790	tt0389790	Martin_Benson	135.26	nm0001469	male	wiki	animal		
bee.movie_tt0389790	tt0389790	Mother	131.59	nm0534134	female	wiki	human		
bee.movie_tt0389790	tt0389790	Dean_Buzzwell	130.84	nm0588777	male	wiki	animal		
bee.movie_tt0389790	tt0389790	Klauss_Vanderhayden	123.25	nm1166844	male	wiki	human		
bee.movie_tt0389790	tt0389790	Sandy_Shrimpkin	113.57		unknown	none	animal		
bee.movie_tt0389790	tt0389790	Press_Person_2	109.9	nm0936670	unknown	none	human		
bee.movie_tt0389790	tt0389790	Jeanette_Chung	100.18	nm0534134	female	wiki	animal		
bee.movie_tt0389790	tt0389790	Little_Girl	89.3	nm2810621	unknown	none	human		
bee.movie_tt0389790	tt0389790	Mooseblood	85.38	nm0001674	male	wiki	animal		
bee.movie_tt0389790	tt0389790	Ray_Liotta	81.92	nm0000501	male	wiki	human		
bee.movie_tt0389790	tt0389790	Judge_Bumbleton	79.12	nm0001856	female	wiki	human		
bee.movie_tt0389790	tt0389790	Timmy	71.11	nm0607402	unknown	none	human		
bee.movie_tt0389790	tt0389790	Bud_Ditchwater	69.11	nm0724245	male	wiki	human		
bee.movie_tt0389790	tt0389790	Lou_Lo_Duca	63.15	nm0001800	male	wiki	animal		
bee.movie_tt0389790	tt0389790	Hector	57.68		unknown	none	human		
bee.movie_tt0389790	tt0389790	Bee_Larry_King	53.51	nm0005092	male	wiki	animal		
bee.movie_tt0389790	tt0389790	Bob_Bumble	53.01	nm0379114	male	wiki	animal		
bee.movie_tt0389790	tt0389790	Sting	41.17	nm0001776	male	wiki	human		
bee.movie_tt0389790	tt0389790	Bailiff	40	nm0224007	male	wiki	human		
bee.movie_tt0389790	tt0389790	Uncle_Carl	39.66	nm0022901	male	wiki	animal		
bee.movie_tt0389790	tt0389790	TSA_Agent	38.29		unknown	none	human		
bee.movie_tt0389790	tt0389790	Splitz	36.45	nm1166844	male	wiki	animal		
bee.movie_tt0389790	tt0389790	Freddy	31.2	nm0970447	male	wiki	human		
bee.movie_tt0389790	tt0389790	Press_Person_1	23.44	nm0500140	female	wiki	human		
bee.movie_tt0389790	tt0389790	Waterbug	22.19	nm0546267	male	wiki	animal		
bee.movie_tt0389790	tt0389790	Janitor	21.4	nm0224007	male	wiki	human		
bee.movie_tt0389790	tt0389790	Cow	15.1	nm0534134	female	wiki	animal		
bee.movie_tt0389790	tt0389790	Ladybug	9.43	nm0084190	male	wiki	animal		
beowulf_tt0442933	tt0442933	Beowulf	1025.11	nm0935653	male	wiki	human	protagonist	major
beowulf_tt0442933	tt0442933	Hrothgar	925.59	nm0000164	male	wiki	human		
beowulf_tt0442933	tt0442933	Wealthow	539.21	nm0000705	female	wiki	human		
beowulf_tt0442933	tt0442933	Unferth	338.38	nm0000518	male	wiki	human		
beowulf_tt0442933	tt0442933	Ursula	264.35	nm0517844	female	wiki	human		
beowulf_tt0442933	tt0442933	Wiglaf	221.81	nm0322407	male	wiki	human	protagonist	minor
beowulf_tt0442933	tt0442933	Grendel	152.99	nm0000417	male	wiki	other	antagonist	major
beowulf_tt0442933	tt0442933	Frisian_Leader	150.23	nm0384886	male	wiki	human		
beowulf_tt0442933	tt0442933	Grendel's_Mother	141.43	nm0001401	female	wiki	human	antagonist	major
beowulf_tt0442933	tt0442933	Olaf	122	nm0178875	male	wiki	human		
beowulf_tt0442933	tt0442933	Hondshew	102.85	nm0541908	male	wiki	human		
beowulf_tt0442933	tt0442933	Yrsa	90.09	nm0366667	female	wiki	human		
beowulf_tt0442933	tt0442933	Scylding's_Watch	85.79	nm0240474	male	wiki	human		
beowulf_tt0442933	tt0442933	Cain	68.07	nm0444098	male	wiki	human		
beowulf_tt0442933	tt0442933	Hild	59.06	nm0048922	female	wiki	human		
beowulf_tt0442933	tt0442933	Cille	51.55	nm0719444	unknown	none	human		
beowulf_tt0442933	tt0442933	Estrith	27.86	nm1083395	female	wiki	human		
beowulf_tt0442933	tt0442933	Aesher	27.49	nm0776376	male	wiki	human		
beowulf_tt0442933	tt0442933	Wulfgar	9.47	nm0003067	male	wiki	human		
big.hero.6_tt2245084	tt2245084	Hiro_Hamada	1786.78	nm3994407	male	wiki	human	protagonist	major
big.hero.6_tt2245084	tt2245084	Baymax	750.67	nm0012523	male	wiki	other	protagonist	major
big.hero.6_tt2245084	tt2245084	Go_Go_Tomago	541.29	nm1512166	female	wiki	human	protagonist	major
big.hero.6_tt2245084	tt2245084	Tadashi_Hamada	532.62	nm2024644	male	wiki	human	protagonist	minor
big.hero.6_tt2245084	tt2245084	Honey_Lemon	499.37	nm1270009	female	wiki	human	protagonist	major
big.hero.6_tt2245084	tt2245084	Wasabi	472.01	nm0915458	male	wiki	human	protagonist	major
big.hero.6_tt2245084	tt2245084	Fred	374.29	nm2554352	male	wiki	human	protagonist	major
big.hero.6_tt2245084	tt2245084	Aunt_Cass	189.31	nm0748973	female	wiki	human		
big.hero.6_tt2245084	tt2245084	Professor_Robert_Callaghan	181.35	nm0000342	male	wiki	human	antagonist	major
big.hero.6_tt2245084	tt2245084	Alistair_Krei	180.51	nm0876138	male	wiki	human		
big.hero.6_tt2245084	tt2245084	Abigail_Callaghan	99.43	nm1705090	female	wiki	human		
big.hero.6_tt2245084	tt2245084	Heathcliff	89.88	nm0789479	male	wiki	human		
big.hero.6_tt2245084	tt2245084	Yokai	85.96		male	fandom	human	antagonist	major
big.hero.6_tt2245084	tt2245084	Yama_	73.66	nm2128363	male	wiki	human		
big.hero.6_tt2245084	tt2245084	Judy_	72.7		female	fandom	human		
big.hero.6_tt2245084	tt2245084	Sergeant_Gerson	67.07		male	fandom	human		
big.hero.6_tt2245084	tt2245084	The_Ringleader	27.69	nm3254464	unknown	none	human		
big.hero.6_tt2245084	tt2245084	Mr._Frederickson	17.43		male	fandom	human		
big.hero.6_tt2245084	tt2245084	Mochi	8.38		male	fandom	animal		
black.cauldron_tt0088814	tt0088814	Taran	1286.37	nm0054344	male	wiki	human	protagonist	major
black.cauldron_tt0088814	tt0088814	Princess_Eilonwy	518.14	nm0792262	female	wiki	human	protagonist	major
black.cauldron_tt0088814	tt0088814	Fflewddur_Fflam	462	nm0001329	male	wiki	human	protagonist	major
black.cauldron_tt0088814	tt0088814	Gurgi	436.48	nm0125956	male	wiki	animal	protagonist	major
black.cauldron_tt0088814	tt0088814	Creeper	314.19	nm0284496	male	wiki	other		
black.cauldron_tt0088814	tt0088814	Pig	258.84		unknown	none	animal		
black.cauldron_tt0088814	tt0088814	Dallben	162.54	nm0428086	male	wiki	human	protagonist	minor
black.cauldron_tt0088814	tt0088814	Orddu	162.16	nm0580783	female	wiki	human		
black.cauldron_tt0088814	tt0088814	Henchmen	128.88	nm0719115	male	wiki	human	antagonist	minor
black.cauldron_tt0088814	tt0088814	Orwen	122.75	nm0539737	female	wiki	other		
black.cauldron_tt0088814	tt0088814	Horned_King	112.24	nm0000457	male	wiki	other	antagonist	major
black.cauldron_tt0088814	tt0088814	Orgoch	71.45	nm0370906	female	wiki	human		
black.cauldron_tt0088814	tt0088814	Doli	67.32	nm0125956	male	wiki	human	protagonist	minor
black.cauldron_tt0088814	tt0088814	King_Eidilleg	64.65	nm0539395	male	wiki	human	protagonist	minor
black.cauldron_tt0088814	tt0088814	Dog	54.51		unknown	none	animal		
black.cauldron_tt0088814	tt0088814	Fair_Folk_Girl	32.45	nm0723679	female	wiki	human		
black.cauldron_tt0088814	tt0088814	Fair_Folk_Boy	31.11	nm0130085	male	wiki	human		
black.cauldron_tt0088814	tt0088814	Frog	20.23	nm0000305	male	wiki	animal		
black.cauldron_tt0088814	tt0088814	Duck	13.93		unknown	none	animal		
black.cauldron_tt0088814	tt0088814	Rat	13.05	nm0357090	male	wiki	animal		
bobs.burgers.mo_tt7466442	tt7466442	Louise_Belcher	1789.25	nm1102891	female	wiki	human	protagonist	major
bobs.burgers.mo_tt7466442	tt7466442	Gene_Belcher	1727.81	nm1483349	male	wiki	human	protagonist	major
bobs.burgers.mo_tt7466442	tt7466442	Tina_Belcher	1594.34	nm2089814	female	fandom	human	protagonist	major
bobs.burgers.mo_tt7466442	tt7466442	Bob_Belcher	1391.6	nm0071304	male	wiki	human	protagonist	major
bobs.burgers.mo_tt7466442	tt7466442	Linda_Belcher	1142.39	nm4064518	female	fandom	human	protagonist	major
bobs.burgers.mo_tt7466442	tt7466442	Phillip_Frond	895.64	nm0379114	male	wiki	human		
bobs.burgers.mo_tt7466442	tt7466442	Jimmy_Jr.	618.95	nm0071304	male	wiki	human		
bobs.burgers.mo_tt7466442	tt7466442	Felix_Fischoeder	520.69	nm0302108	male	wiki	human	protagonist	minor
bobs.burgers.mo_tt7466442	tt7466442	Calvin_Fischoeder	500.71	nm0000177	male	wiki	human	protagonist	minor
bobs.burgers.mo_tt7466442	tt7466442	Teddy	481.56	nm1926427	male	wiki	human	protagonist	minor
bobs.burgers.mo_tt7466442	tt7466442	Sergeant_Bosco	437.02	nm0170550	male	wiki	human		
bobs.burgers.mo_tt7466442	tt7466442	Chloe_Barbash	313.69	nm3715867	female	wiki	human		
bobs.burgers.mo_tt7466442	tt7466442	Kuchi_Kopi	108.53		unknown	none	other		
bobs.burgers.mo_tt7466442	tt7466442	Jericho	15.01	nm0748620	male	wiki	animal		
bolt_tt0397892	tt0397892	Bolt	1853.27	nm0000237	male	wiki	animal	protagonist	major
bolt_tt0397892	tt0397892	Mittens	967.93	nm0261435	female	wiki	animal	protagonist	major
bolt_tt0397892	tt0397892	Penny	629.88	nm1415323	female	wiki	human	protagonist	major
bolt_tt0397892	tt0397892	Rhino	499.21	nm0910559	male	wiki	animal	protagonist	major
bolt_tt0397892	tt0397892	Agent	222.06	nm0314524	male	wiki	human	antagonist	minor
bolt_tt0397892	tt0397892	Joey,_Vinnie,_and_Bobby	175.68		male	fandom	animal		
bolt_tt0397892	tt0397892	Mindy_Parker	150.28	nm1312566	female	wiki	human		
bolt_tt0397892	tt0397892	Character_1	147.69		unknown	none	human		
bolt_tt0397892	tt0397892	Penny's_Mother	138.76		female	fandom	human		
bolt_tt0397892	tt0397892	Dr._Calico	118.7	nm0000532	male	wiki	human	antagonist	minor
bolt_tt0397892	tt0397892	*Pigeons	118.03		male	fandom	animal		
bolt_tt0397892	tt0397892	Officer_Ester	103.1	nm1851408	female	fandom	human		
bolt_tt0397892	tt0397892	Character_5	98.56		unknown	none	human		
bolt_tt0397892	tt0397892	Character_6	98.35		unknown	none	human		
bolt_tt0397892	tt0397892	Character_2	95.76		unknown	none	human		
bolt_tt0397892	tt0397892	Dr._Calico's_Fluffy_Cat	94.89		unknown	none	animal		
bolt_tt0397892	tt0397892	Dr._Calico's_Black_Cat	93.01		unknown	none	animal		
bolt_tt0397892	tt0397892	Character_4	89.67		unknown	none	human		
bolt_tt0397892	tt0397892	Penny's_Father_(Actor)	83.58		male	fandom	human		
bolt_tt0397892	tt0397892	The_Director	64.81	nm0513851	male	wiki	human		
bolt_tt0397892	tt0397892	Dr._Calico_Guard	54.18	nm0000532	male	wiki	other		
bolt_tt0397892	tt0397892	Director	46.42		male	fandom	human	antagonist	minor
bolt_tt0397892	tt0397892	Officer_Martin	42.13	nm0826745	male	wiki	human		
bolt_tt0397892	tt0397892	Officer_Lloyd	22.77	nm0071818	male	wiki	human		
boss.baby_tt3874544	tt3874544	Tim_Templeton	2065.77	nm2857474	male	fandom	human	protagonist	major
boss.baby_tt3874544	tt3874544	Theodore_Templeton_(Boss_Baby)	1868.62	nm0000285	male	wiki	human	protagonist	major
boss.baby_tt3874544	tt3874544	Janice_Templeton	337.71	nm0001435	female	wiki	human		
boss.baby_tt3874544	tt3874544	Ted_Timpleton	334.67	nm0453994	male	wiki	human		
boss.baby_tt3874544	tt3874544	Francis_E._Francis	192.03	nm0000114	male	wiki	human	antagonist	major
boss.baby_tt3874544	tt3874544	Staci	189.27	nm6510248	female	wiki	human		
boss.baby_tt3874544	tt3874544	Jimbo	170.3	nm1659741	male	wiki	human		
boss.baby_tt3874544	tt3874544	Yellow_Triplet	148.57		unknown	none	human		
boss.baby_tt3874544	tt3874544	Blue_Triplet	147.52		unknown	none	human		
boss.baby_tt3874544	tt3874544	Pirate_Theodore	105.81		unknown	none	human		
boss.baby_tt3874544	tt3874544	Character_1	98.06		unknown	none	human		
boss.baby_tt3874544	tt3874544	Eugene_Francis	90.01	nm0970447	male	wiki	human	antagonist	minor
boss.baby_tt3874544	tt3874544	Wizzie	78.5	nm4642699	unknown	none	human		
boss.baby_tt3874544	tt3874544	*Forever_Puppies	73.87		unknown	none	animal		
boss.baby_tt3874544	tt3874544	Pirate_Tim_Templeton	65.94	nm2857474	male	fandom	human		
boss.baby_tt3874544	tt3874544	Character_2	64.19		unknown	none	human		
boss.baby_tt3874544	tt3874544	Big_Boss_Baby	51.8	nm0592437	female	wiki	human		
boss.baby_tt3874544	tt3874544	Ski_Mask_Tim_Templeton	49.92		male	fandom	human		
boss.baby.2.fam_tt6932874	tt6932874	Tim_Templeton_(Young)	1320.78	nm2857474	male	fandom	human	protagonist	major
boss.baby.2.fam_tt6932874	tt6932874	Boss_Baby_/_Theodore_Templeton_(Young)	1099.22	nm0000285	male	wiki	human	protagonist	major
boss.baby.2.fam_tt6932874	tt6932874	Tina_Templeton	1098.26	nm0781238	female	wiki	human	protagonist	major
boss.baby.2.fam_tt6932874	tt6932874	Tabitha_Templeton	1097.89	nm7567556	female	wiki	human	protagonist	major
boss.baby.2.fam_tt6932874	tt6932874	Tim_Templeton	600.52	nm0005188	male	wiki	human	protagonist	major
boss.baby.2.fam_tt6932874	tt6932874	Carol_Templeton	405.78	nm0519456	female	wiki	human		
boss.baby.2.fam_tt6932874	tt6932874	Character_3	300.26		unknown	none	human		
boss.baby.2.fam_tt6932874	tt6932874	Boss_Baby_/_Theodore_Templeton	273.02	nm0000285	male	wiki	human		
boss.baby.2.fam_tt6932874	tt6932874	Character_1	255.25		unknown	none	human		
boss.baby.2.fam_tt6932874	tt6932874	Nathan_Pickles	235.86	nm6004682	male	wiki	human		
boss.baby.2.fam_tt6932874	tt6932874	Character_2	196.11		unknown	none	human		
boss.baby.2.fam_tt6932874	tt6932874	Dr._Tiffany_Hamilton	172.46	nm0569891	male	wiki	human		
boss.baby.2.fam_tt6932874	tt6932874	Janice_Templeton	169.46	nm0001435	female	wiki	human		
boss.baby.2.fam_tt6932874	tt6932874	Ted_Templeton	148.65	nm0453994	male	wiki	human	protagonist	major
boss.baby.2.fam_tt6932874	tt6932874	Dr._Armstrong	135.89	nm0000156	male	wiki	human	antagonist	major
boss.baby.2.fam_tt6932874	tt6932874	Box_Kid	125.5	nm9176330	male	wiki	human		
boss.baby.2.fam_tt6932874	tt6932874	*Baby_Triplets	116.7	nm12725945	unknown	none	human		
boss.baby.2.fam_tt6932874	tt6932874	Precious_Templeton_(Horse)	116.28		unknown	none	animal	protagonist	minor
boss.baby.2.fam_tt6932874	tt6932874	Meghan_Glick	109.19	nm6744017	female	wiki	human		
boss.baby.2.fam_tt6932874	tt6932874	Connie_(Story_Bear)	85.17	nm1121631	male	wiki	other		
boss.baby.2.fam_tt6932874	tt6932874	Wizzie	73.99	nm4642699	male	fandom	human		
boss.baby.2.fam_tt6932874	tt6932874	Purple_Glasses_Baby	73.28		unknown	none	human		
boss.baby.2.fam_tt6932874	tt6932874	Glue_Baby	72.7	nm2554464	male	wiki	human		
boss.baby.2.fam_tt6932874	tt6932874	Jimbo	72.28	nm1659741	male	wiki	human		
boss.baby.2.fam_tt6932874	tt6932874	*Baby_Ninjas	70.82		unknown	none	human	antagonist	minor
boss.baby.2.fam_tt6932874	tt6932874	No_Girl	58.39	nm7875278	unknown	none	human		
boss.baby.2.fam_tt6932874	tt6932874	Time_Out_Kid	56.76	nm4847816	unknown	none	human		
boss.baby.2.fam_tt6932874	tt6932874	Pageant_Mom_#2	55.1	nm1154908	unknown	none	human		
boss.baby.2.fam_tt6932874	tt6932874	Little_Bo_Peep_Baby	52.72	nm8500309	unknown	none	human		
boss.baby.2.fam_tt6932874	tt6932874	Character_6	41.04		unknown	none	human		
boss.baby.2.fam_tt6932874	tt6932874	Creepy_Girl	39.62	nm8093015	unknown	none	human		
boss.baby.2.fam_tt6932874	tt6932874	Character_4	38.66		unknown	none	human		
boss.baby.2.fam_tt6932874	tt6932874	*Police_Officers	29.99		male	fandom	human		
boss.baby.2.fam_tt6932874	tt6932874	Movie_Patron	26.28	nm1019583	male	wiki	human		
boss.baby.2.fam_tt6932874	tt6932874	Character_5	24.69		unknown	none	human		
boss.baby.2.fam_tt6932874	tt6932874	Dreidel_Kid	15.52	nm12725946	unknown	none	human		
brave_tt1217209	tt1217209	Merida	1400.9	nm5104064	female	fandom	human	protagonist	major
brave_tt1217209	tt1217209	Queen_Elinor	564.02	nm0000668	female	wiki	human	protagonist	major
brave_tt1217209	tt1217209	King_Fergus	486.99	nm0175262	male	wiki	human		
brave_tt1217209	tt1217209	Queen_Elinor_(Bear)	357.48	nm0000668	female	wiki	animal	protagonist	major
brave_tt1217209	tt1217209	Lord_MacGuffin	164.04	nm0571727	male	wiki	human		
brave_tt1217209	tt1217209	Witch_(Brave)	158.58	nm0910278	female	wiki	human		
brave_tt1217209	tt1217209	Lord_Dingwall	154.82	nm0001059	male	wiki	human		
brave_tt1217209	tt1217209	Harris,_Hubert,_and_Hamish	134.34		unknown	none	human		
brave_tt1217209	tt1217209	Lord_Macintosh	133.88	nm0272401	male	wiki	human		
brave_tt1217209	tt1217209	Young_Macintosh	124.25	nm2189243	male	wiki	human		
brave_tt1217209	tt1217209	Maudie	89.96	nm0455435	female	wiki	human		
brave_tt1217209	tt1217209	Young_MacGuffin	88.21	nm0571727	male	wiki	human		
brave_tt1217209	tt1217209	Wee_Dingwall	78.24	nm1625656	male	fandom	human		
brave_tt1217209	tt1217209	Harris,_Hubert,_Hamish_(Bears)	28.19		unknown	none	animal		
brother.bear_tt0328880	tt0328880	Kenai	1320.32	nm0001618	male	wiki	animal	protagonist	major
brother.bear_tt0328880	tt0328880	Denahi	943.73	nm0707262	male	wiki	human	antagonist	major
brother.bear_tt0328880	tt0328880	Koda	921.63	nm0836836	male	wiki	animal	protagonist	major
brother.bear_tt0328880	tt0328880	Tuke	395.14	nm0858686	male	wiki	animal	protagonist	minor
brother.bear_tt0328880	tt0328880	Sitka	233.9	nm0000665	male	wiki	human	protagonist	minor
brother.bear_tt0328880	tt0328880	Tanana	221.68	nm0178616	female	wiki	human	protagonist	minor
brother.bear_tt0328880	tt0328880	Male_Lover_Bear	183.85	nm0698681	male	wiki	animal		
brother.bear_tt0328880	tt0328880	Tug	110.69	nm0003817	male	wiki	animal		
brother.bear_tt0328880	tt0328880	Chipmunks	67.9	nm0732436	male	wiki	animal		
brother.bear_tt0328880	tt0328880	Ram_#1	62.27	nm0160364	male	wiki	animal		
brother.bear_tt0328880	tt0328880	Old_Lady_Bear	54.05	nm0364680	female	wiki	animal		
brother.bear_tt0328880	tt0328880	Female_Lover_Bear	41.5	nm0005306	female	wiki	animal		
brother.bear_tt0328880	tt0328880	Croatian_Bear	34.83	nm1194068	male	wiki	animal		
brother.bear_tt0328880	tt0328880	Older_Denahi	26.03	nm0332390	male	wiki	human		
captain.underpa_tt2091256	tt2091256	George_Beard	1807.48	nm0366389	male	wiki	human	protagonist	major
captain.underpa_tt2091256	tt2091256	Harold_Hutchins	1722.72	nm3042755	male	wiki	human	protagonist	major
captain.underpa_tt2091256	tt2091256	Captain_Underpants_/_Mr._Krupp	1364.53	nm1159180	male	wiki	human	protagonist	major
captain.underpa_tt2091256	tt2091256	Professor_Poopypants	549.67	nm1802209	male	wiki	human	antagonist	major
captain.underpa_tt2091256	tt2091256	Melvin_Sneedly	289.58	nm1443502	male	wiki	human	antagonist	minor
captain.underpa_tt2091256	tt2091256	Tommy	254.17	nm1659741	male	wiki	human		
captain.underpa_tt2091256	tt2091256	Edith	201.58	nm1102891	female	wiki	human	protagonist	minor
captain.underpa_tt2091256	tt2091256	Ms._Ribble	190.98	nm0720191	female	wiki	human		
captain.underpa_tt2091256	tt2091256	Sad_Girl	174.42	nm2294312	unknown	none	human		
captain.underpa_tt2091256	tt2091256	Goody_Two-Shoes_Girl	160.66	nm0063944	female	wiki	human		
captain.underpa_tt2091256	tt2091256	Mr._Fyde	127.38	nm0735440	male	wiki	human		
captain.underpa_tt2091256	tt2091256	Ms._Dayken	97.18	nm0280164	female	fandom	human		
captain.underpa_tt2091256	tt2091256	Nobel_Moderator	60.81	nm0630149	female	wiki	human		
captain.underpa_tt2091256	tt2091256	Green_Dinosaur	58.81		unknown	none	other		
captain.underpa_tt2091256	tt2091256	Mime	30.16	nm1121631	male	wiki	human		
care.bears.movi_tt0088885	tt0088885	Nicholas	638.97	nm0443058	male	wiki	human	antagonist	major
care.bears.movi_tt0088885	tt0088885	Jason	612.61	nm0861898	male	wiki	human	protagonist	major
care.bears.movi_tt0088885	tt0088885	Kim	582.62	nm0838588	female	wiki	human	protagonist	major
care.bears.movi_tt0088885	tt0088885	Tenderheart_Bear	474.47	nm0723982	male	fandom	animal	protagonist	major
care.bears.movi_tt0088885	tt0088885	Love-A-Lot_Bear	370.66	nm0257077	female	wiki	animal		
care.bears.movi_tt0088885	tt0088885	Wish_Bear	368.99	nm0337945	female	wiki	animal		
care.bears.movi_tt0088885	tt0088885	Proud_Heart_Cat	355.86		female	fandom	animal		
care.bears.movi_tt0088885	tt0088885	Brave_Heart_Lion	299.67	nm0377243	male	wiki	animal		
care.bears.movi_tt0088885	tt0088885	Playful_Heart_Monkey	254.46	nm0525716	male	fandom	animal		
care.bears.movi_tt0088885	tt0088885	Cheer_Bear	250	nm0114265	female	wiki	animal		
care.bears.movi_tt0088885	tt0088885	Friend_Bear	248	nm0021993	female	wiki	animal	protagonist	major
care.bears.movi_tt0088885	tt0088885	Champ_Bear	194.78		male	fandom	animal		
care.bears.movi_tt0088885	tt0088885	Grumpy_Bear	193.15	nm0220429	male	wiki	animal		
care.bears.movi_tt0088885	tt0088885	Great_Fetuccini	181.97	nm0313364	male	wiki	human		
care.bears.movi_tt0088885	tt0088885	Bright_Heart_Raccoon	172.51	nm0378130	male	wiki	animal		
care.bears.movi_tt0088885	tt0088885	Cozy_Heart_Penguin	167.71	nm0719697	female	wiki	animal		
care.bears.movi_tt0088885	tt0088885	Funshine_Bear	160.2	nm0085461	male	fandom	animal		
care.bears.movi_tt0088885	tt0088885	Share_Bear	149.48	nm0085461	female	fandom	animal		
care.bears.movi_tt0088885	tt0088885	Gentle_Heart_Lamb	140.01	nm0333009	female	wiki	animal		
care.bears.movi_tt0088885	tt0088885	Lotsa_Heart_Elephant	137.68	nm0333009	female	wiki	animal		
care.bears.movi_tt0088885	tt0088885	Bedtime_Bear	137.51	nm0276757	male	fandom	animal		
care.bears.movi_tt0088885	tt0088885	Treat_Heart_Pig	107.44	nm0719697	female	wiki	animal		
care.bears.movi_tt0088885	tt0088885	Birthday_Bear	102.39		male	fandom	animal		
care.bears.movi_tt0088885	tt0088885	Good_Luck_Bear	99.64	nm0525716	male	fandom	animal		
care.bears.movi_tt0088885	tt0088885	Swift_Heart_Rabbit	98.26	nm0021993	female	wiki	animal		
care.bears.movi_tt0088885	tt0088885	Mr._Nicholas_Cherrywood	91.88	nm0001682	male	wiki	human		
care.bears.movi_tt0088885	tt0088885	Mrs._Kim_Cherrywood	89.26	nm0247720	female	wiki	human		
care.bears.movi_tt0088885	tt0088885	Baby_Tugs_Bear	85.21	nm0114265	male	fandom	animal		
care.bears.movi_tt0088885	tt0088885	Secret_Bear	59.35	nm0262541	female	fandom	animal	protagonist	major
care.bears.movi_tt0088885	tt0088885	Baby_Hugs_Bear	46.88	nm0370049	female	wiki	animal		
care.bears.movi_tt0088885	tt0088885	Loyal_Heart_Dog	44.46	nm0377243	male	wiki	animal		
care.bears.movi_tt0088885	tt0088885	Spirit	30.57	nm0123201	female	wiki	other	antagonist	major
care.bears.movi_tt0088885	tt0088885	Grams_Bear	20.73	nm0719697	female	wiki	animal		
cars_tt0317219	tt0317219	Lightning_McQueen	1642.39	nm0005562	male	wiki	other	protagonist	major
cars_tt0317219	tt0317219	Sally_Carrera	705.08	nm0001372	female	wiki	other	protagonist	major
cars_tt0317219	tt0317219	Luigi	432.64	nm0001724	male	wiki	other		
cars_tt0317219	tt0317219	Flo	395.94	nm0507338	female	wiki	other		
cars_tt0317219	tt0317219	Mater	376.21	nm1249256	male	wiki	other	protagonist	major
cars_tt0317219	tt0317219	Ramone	264.31	nm0001507	male	wiki	other		
cars_tt0317219	tt0317219	Flik_Car	205.25	nm0004929	male	wiki	other		
cars_tt0317219	tt0317219	Dusty_Rust-eze	197.07	nm1137136	male	wiki	other		
cars_tt0317219	tt0317219	Van	175.88	nm0454236	male	wiki	other		
cars_tt0317219	tt0317219	Minny	155.11	nm0566052	female	wiki	other		
cars_tt0317219	tt0317219	Mia	147.4	nm0172491	female	wiki	other		
cars_tt0317219	tt0317219	Red	146.52	nm0710020	male	wiki	other		
cars_tt0317219	tt0317219	Snotrod	130.96	nm0738918	male	wiki	other		
cars_tt0317219	tt0317219	Fred	123.37	nm0004056	male	wiki	other		
cars_tt0317219	tt0317219	Motorhome_Race_Fans	121.2		unknown	none	other		
cars_tt0317219	tt0317219	Mrs._The_King	118.41	nm1872135	female	wiki	other		
cars_tt0317219	tt0317219	Kori_Turbowitz	117.37	nm2277851	female	fandom	other		
cars_tt0317219	tt0317219	Mike_Car	59.27	nm0000345	male	wiki	other		
cars_tt0317219	tt0317219	Michael_Schumacher_Ferrari	50.68	nm1635856	male	wiki	other		
cars_tt0317219	tt0317219	Darrell_Cartrip	28.74	nm1267353	male	wiki	other		
cars_tt0317219	tt0317219	Sullivan_Truck	27.36	nm0000422	male	wiki	other		
cars_tt0317219	tt0317219	Hamm_Truck	22.98	nm0001652	male	wiki	other		
cars.2_tt1216475	tt1216475	Lightning_McQueen	885.93	nm0005562	male	wiki	other	protagonist	major
cars.2_tt1216475	tt1216475	Mater	870.7	nm1249256	male	wiki	other	protagonist	major
cars.2_tt1216475	tt1216475	Sally_Carrera	592.68	nm0001372	female	wiki	other		
cars.2_tt1216475	tt1216475	Holley_Shiftwell	400.19	nm0607865	female	wiki	other	protagonist	major
cars.2_tt1216475	tt1216475	Francesco_Bernoulli	309.39	nm0001806	male	wiki	other		
cars.2_tt1216475	tt1216475	Miles_Axlerod	297.3		male	fandom	other	antagonist	major
cars.2_tt1216475	tt1216475	Luigi	211.25	nm0001724	male	wiki	other	protagonist	minor
cars.2_tt1216475	tt1216475	Professor_Zundapp	176.13	nm0470981	male	wiki	other	antagonist	major
cars.2_tt1216475	tt1216475	Van	170.3	nm0454236	male	wiki	other		
cars.2_tt1216475	tt1216475	Guido	157.07	nm0702925	male	wiki	other	protagonist	minor
cars.2_tt1216475	tt1216475	Tubbs_Pacer	155.57		male	fandom	other		
cars.2_tt1216475	tt1216475	Raoul_CaRoule	144.06		male	fandom	other		
cars.2_tt1216475	tt1216475	The_Queen	140.77	nm0000603	female	wiki	other		
cars.2_tt1216475	tt1216475	Fillmore	138.68	nm1204201	male	wiki	other	protagonist	minor
cars.2_tt1216475	tt1216475	Flo	123.75	nm0507338	female	wiki	other		
cars.2_tt1216475	tt1216475	Red	119.12		male	fandom	other		
cars.2_tt1216475	tt1216475	Otis	87.59	nm0307531	male	wiki	other		
cars.2_tt1216475	tt1216475	Jeff_Gorvette	86.13	nm0330298	male	wiki	other		
cars.2_tt1216475	tt1216475	Mel_Dorado	78.41	nm1746722	unknown	none	other		
cars.2_tt1216475	tt1216475	Minny	76.79	nm0566052	female	wiki	other		
cars.2_tt1216475	tt1216475	Mama_Topolino	46.59	nm0000603	female	wiki	other		
cars.2_tt1216475	tt1216475	Carla_Veloso	30.74	nm3518830	female	wiki	other		
cars.2_tt1216475	tt1216475	Combat_Ship	19.27	nm1204201	male	wiki	other		
cars.2_tt1216475	tt1216475	Japanese_Toilet_Assistant_Cartoon	16.35	nm0814484	female	wiki	other		
cars.2_tt1216475	tt1216475	Daisu_Tsashimi	14.47	nm1156606	male	wiki	other		
cars.3_tt3606752	tt3606752	Lightning_McQueen	1485.57	nm0005562	male	wiki	other	protagonist	major
cars.3_tt3606752	tt3606752	Cruz_Ramirez	848.72	nm2242399	female	wiki	other	protagonist	major
cars.3_tt3606752	tt3606752	Sterling	432.31	nm0277213	male	wiki	other	antagonist	major
cars.3_tt3606752	tt3606752	Mater	407.28	nm1249256	male	wiki	other	protagonist	minor
cars.3_tt3606752	tt3606752	Maddy_McGear	390.77	nm6421259	female	wiki	other		
cars.3_tt3606752	tt3606752	Sally_Carrera	332.96	nm0001372	female	wiki	other		
cars.3_tt3606752	tt3606752	Luigi	332.46	nm0001724	male	wiki	other		
cars.3_tt3606752	tt3606752	Shannon_Spokes	300.76	nm2062257	female	fandom	other		
cars.3_tt3606752	tt3606752	Guido	222.72	nm0702925	male	wiki	other		
cars.3_tt3606752	tt3606752	Dusty_Rust-eze	205.25	nm1137136	male	wiki	other		
cars.3_tt3606752	tt3606752	Cal_Weathers	179.6	nm0678799	male	fandom	other		
cars.3_tt3606752	tt3606752	Louise_Nash	129.25	nm0553269	female	wiki	other	protagonist	minor
cars.3_tt3606752	tt3606752	Chase_Racelott	88.42	nm6243733	male	fandom	other		
cars.3_tt3606752	tt3606752	Fillmore	84.13	nm1204201	male	wiki	other		
cars.3_tt3606752	tt3606752	Sweet_Tea	78.04	nm7363531	female	wiki	other		
cars.3_tt3606752	tt3606752	Miss_Fritter	74.78	nm0216466	female	wiki	other		
chicken.little_tt0371606	tt0371606	Chicken_Little	1300.3	nm0103785	male	wiki	animal	protagonist	major
chicken.little_tt0371606	tt0371606	Buck_Cluck	707.29	nm0005190	male	wiki	animal	protagonist	minor
chicken.little_tt0371606	tt0371606	Abby_Mallard	544.29	nm0000349	female	wiki	animal	protagonist	major
chicken.little_tt0371606	tt0371606	Runt_of_the_Litter	387.76	nm0001872	male	wiki	animal	protagonist	major
chicken.little_tt0371606	tt0371606	*Rabbits	250.38		unknown	none	animal		
chicken.little_tt0371606	tt0371606	Fish_Out_of_Water	194.07	nm0007171	male	wiki	animal	protagonist	major
chicken.little_tt0371606	tt0371606	Kirby	158.74	nm2060519	male	fandom	other		
chicken.little_tt0371606	tt0371606	Foxy_Loxy	135.3	nm0781238	female	wiki	animal		
chicken.little_tt0371606	tt0371606	Coach	130.05	nm0227540	male	wiki	animal		
chicken.little_tt0371606	tt0371606	Character_6	122.29		unknown	none	animal		
chicken.little_tt0371606	tt0371606	Leapard	120.62		unknown	none	animal		
chicken.little_tt0371606	tt0371606	Dog_Announcer	109.65	nm0733427	male	wiki	animal		
chicken.little_tt0371606	tt0371606	Character_1	100.73		unknown	none	animal		
chicken.little_tt0371606	tt0371606	Donkey	69.69		unknown	none	animal		
chicken.little_tt0371606	tt0371606	Melvin	65.23	nm0929609	male	wiki	other		
chicken.little_tt0371606	tt0371606	Character_2	63.06		unknown	none	animal		
chicken.little_tt0371606	tt0371606	Rodriguez	58.39	nm0926679	male	wiki	animal		
chicken.little_tt0371606	tt0371606	Hollywood_Chicken_Little	55.72	nm0001842	male	wiki	animal		
chicken.little_tt0371606	tt0371606	Mr._Woolensworth	55.35	nm0001772	male	wiki	animal		
chicken.little_tt0371606	tt0371606	Mama_Runt	49.05	nm1851408	unknown	none	animal		
chicken.little_tt0371606	tt0371606	Character_3	47.71		unknown	none	animal		
chicken.little_tt0371606	tt0371606	Character_4	42.88		unknown	none	animal		
chicken.little_tt0371606	tt0371606	Character_5	40.87		unknown	none	animal		
chicken.little_tt0371606	tt0371606	Tina	39.96	nm0001573	female	wiki	other		
chicken.little_tt0371606	tt0371606	Dalmation	39.87		unknown	none	animal		
chicken.little_tt0371606	tt0371606	Mayor_Turkey_Lurkey	32.66	nm0461455	male	wiki	animal		
chicken.little_tt0371606	tt0371606	Bull	29.65		unknown	none	animal		
chicken.little_tt0371606	tt0371606	Hollywood_Abby	25.69	nm0568942	unknown	none	human		
chicken.little_tt0371606	tt0371606	Morkubine_Porcupine	22.69	nm0227540	male	wiki	animal		
chicken.little_tt0371606	tt0371606	Hollywood_Fish	21.1	nm0278181	male	wiki	animal		
chicken.little_tt0371606	tt0371606	Acorn_Mascot	19.52	nm0926679	male	wiki	animal		
chicken.little_tt0371606	tt0371606	Alien_Cop	16.31	nm0911320	male	wiki	other		
chicken.little_tt0371606	tt0371606	Hollywood_Runt	14.56	nm0448208	male	wiki	animal		
chicken.run_tt0120630	tt0120630	Rocky	1429.8	nm0000154	male	wiki	animal	protagonist	major
chicken.run_tt0120630	tt0120630	Ginger	1353.98	nm0768018	female	wiki	animal	protagonist	major
chicken.run_tt0120630	tt0120630	Mac	541.54	nm0272521	female	wiki	animal		
chicken.run_tt0120630	tt0120630	Bunty	498.91	nm0001767	female	wiki	animal		
chicken.run_tt0120630	tt0120630	Babs	474.22	nm0001363	female	wiki	animal		
chicken.run_tt0120630	tt0120630	Fowler	441.23	nm0926368	male	wiki	animal	protagonist	minor
chicken.run_tt0120630	tt0120630	Nick	376.21	nm0001758	male	wiki	animal		
chicken.run_tt0120630	tt0120630	Mrs._Tweedy	363.99	nm0001669	female	wiki	human	antagonist	major
chicken.run_tt0120630	tt0120630	Fetcher	308.89	nm0200057	male	wiki	animal		
chicken.run_tt0120630	tt0120630	Mr._Tweedy	286.49	nm0371304	male	wiki	human	antagonist	major
chicken.run_tt0120630	tt0120630	Troll	136.59		unknown	none	human		
chicken.run_tt0120630	tt0120630	Dog	73.74		female	fandom	animal		
chicken.run_tt0120630	tt0120630	Circus_Man	26.94		unknown	none	human		
cinderella_tt0042332	tt0042332	Cinderella	660.58	nm0940627	female	wiki	human	protagonist	major
cinderella_tt0042332	tt0042332	Jaq	599.39	nm0531763	male	wiki	animal	protagonist	major
cinderella_tt0042332	tt0042332	Gus/Gus_Gus	523.77	nm0531763	male	wiki	animal	protagonist	major
cinderella_tt0042332	tt0042332	Lucifer	419.34	nm0004931	male	fandom	animal	antagonist	minor
cinderella_tt0042332	tt0042332	The_Grand_Duke	355.73	nm0887887	male	wiki	human		
cinderella_tt0042332	tt0042332	Lady_Tremaine	260.43	nm0041598	female	wiki	human	antagonist	major
cinderella_tt0042332	tt0042332	The_King	205.54	nm0887887	male	wiki	human		
cinderella_tt0042332	tt0042332	Anastasia_Tremaine	188.06	nm0088520	female	wiki	human	antagonist	minor
cinderella_tt0042332	tt0042332	Luke	183.18		unknown	none	animal		
cinderella_tt0042332	tt0042332	Drizella_Tremaine	179.39	nm0931521	female	wiki	human	antagonist	minor
cinderella_tt0042332	tt0042332	Fairy_Godmother	161.29	nm0271658	female	wiki	human	protagonist	minor
cinderella_tt0042332	tt0042332	Birds	142.89	nm0201428;nm0621699	female	fandom	animal		
cinderella_tt0042332	tt0042332	Bert_and_Mert	127.13		unknown	none	animal		
cinderella_tt0042332	tt0042332	Bruno	108.4	nm0531763	male	wiki	animal		
cinderella_tt0042332	tt0042332	The_Herald	105.81	nm2210148	male	fandom	human		
cinderella_tt0042332	tt0042332	Prince_Charming	105.06	nm0681055	male	wiki	human	protagonist	minor
cinderella_tt0042332	tt0042332	Major	90.51		male	fandom	animal		
cinderella_tt0042332	tt0042332	Mary	65.27		female	fandom	animal		
cinderella_tt0042332	tt0042332	Perla	47.71	nm0931199	female	wiki	animal		
cinderella_tt0042332	tt0042332	White_Horses	39.62		unknown	none	animal		
cinderella_tt0042332	tt0042332	The_Chickens	35.12		unknown	none	animal		
cinderella_tt0042332	tt0042332	Cinderella's_Father	9.51		unknown	none	human		
cinderella_tt0042332	tt0042332	Royal_Guards	5.05		female	fandom	human		
cloudy.with.a.c_tt0844471	tt0844471	Flint_Lockwood	1774.69	nm0352778	male	wiki	human	protagonist	major
cloudy.with.a.c_tt0844471	tt0844471	Sam_Sparks	1188.4	nm0267506	female	wiki	human	protagonist	major
cloudy.with.a.c_tt0844471	tt0844471	Regina_Devereaux	389.35	nm1447581	female	wiki	human		
cloudy.with.a.c_tt0844471	tt0844471	Tim_Lockwood	345.97	nm0001001	male	wiki	human	protagonist	minor
cloudy.with.a.c_tt0844471	tt0844471	Fran_Lockwood	337	nm0334179	female	wiki	human		
cloudy.with.a.c_tt0844471	tt0844471	Mayor_Shelbourne	299.55	nm0132257	male	wiki	human	antagonist	major
cloudy.with.a.c_tt0844471	tt0844471	Earl_Devereaux	290.58	nm0001558	male	wiki	human		
cloudy.with.a.c_tt0844471	tt0844471	Cal_Devereaux	227.23	nm1442928	male	wiki	human		
cloudy.with.a.c_tt0844471	tt0844471	Baby_Brent	224.22	nm1676221	male	wiki	human	protagonist	minor
cloudy.with.a.c_tt0844471	tt0844471	Flint_(Young)	215.72	nm3599186	male	fandom	human		
cloudy.with.a.c_tt0844471	tt0844471	Steve	177.14	nm0000439	male	wiki	animal	protagonist	minor
cloudy.with.a.c_tt0844471	tt0844471	Patrick_Patrickson	121.12	nm0737963	male	wiki	human		
cloudy.with.a.c_tt1985966	tt1985966	Flint_Lockwood	1678.39	nm0352778	male	wiki	human	protagonist	major
cloudy.with.a.c_tt1985966	tt1985966	Sam_Sparks	1104.48	nm0267506	female	wiki	human	protagonist	major
cloudy.with.a.c_tt1985966	tt1985966	Chester_V	772.86	nm0287182	male	wiki	human	antagonist	major
cloudy.with.a.c_tt1985966	tt1985966	Earl_Devereaux	561.06	nm0187719	male	wiki	human	protagonist	minor
cloudy.with.a.c_tt1985966	tt1985966	Brent_McHale	500.88	nm1676221	male	wiki	human	protagonist	minor
cloudy.with.a.c_tt1985966	tt1985966	Barb	476.14	nm1102891	female	wiki	other	antagonist	minor
cloudy.with.a.c_tt1985966	tt1985966	Steve	434.06	nm0000439	male	wiki	animal	protagonist	minor
cloudy.with.a.c_tt1985966	tt1985966	Tim_Lockwood	401.73	nm0001001	male	wiki	human	protagonist	minor
cloudy.with.a.c_tt1985966	tt1985966	Barry	363.07	nm0970606	male	wiki	other	protagonist	minor
cloudy.with.a.c_tt1985966	tt1985966	Sentinel_Louise	143.18	nm3596979	female	wiki	human		
cloudy.with.a.c_tt1985966	tt1985966	Cal_Devereaux	113.86	nm1367048	male	wiki	human		
cloudy.with.a.c_tt1985966	tt1985966	Sentinel_Peter	92.72	nm2329165	male	wiki	human		
cloudy.with.a.c_tt1985966	tt1985966	Manny	88.05	nm0000973	male	wiki	human	protagonist	minor
cloudy.with.a.c_tt1985966	tt1985966	Flint_(Young)	82	nm0033977	male	fandom	human		
cloudy.with.a.c_tt1985966	tt1985966	Flinty_McCallahan	75.33	nm0446063	male	wiki	human		
coco_tt2380307	tt2380307	Miguel_Rivera	2307.68	nm5645519	male	wiki	human	protagonist	major
coco_tt2380307	tt2380307	Héctor	1123.54	nm0305558	male	wiki	human	protagonist	major
coco_tt2380307	tt2380307	Imelda_Rivera	580.91	nm0005513	female	wiki	human		
coco_tt2380307	tt2380307	Ernesto_de_la_Cruz	468.26	nm0000973	male	wiki	human	antagonist	major
coco_tt2380307	tt2380307	Rosita	300.84	nm0526090	female	wiki	human		
coco_tt2380307	tt2380307	Elena_Rivera	282.78		female	fandom	human		
coco_tt2380307	tt2380307	Felipe/Oscar	263.18	nm0797567	male	wiki	human		
coco_tt2380307	tt2380307	Victoria_Rivera	221.72	nm0650969	female	wiki	human		
coco_tt2380307	tt2380307	Mama_Coco	212.92	nm0613872	female	wiki	human		
coco_tt2380307	tt2380307	Luisa_Rivera	199.37		female	fandom	human		
coco_tt2380307	tt2380307	Papa_Julio	187.73	nm0000778	male	wiki	human		
coco_tt2380307	tt2380307	Enrique_Rivera	178.39		male	fandom	human		
coco_tt2380307	tt2380307	Berto_Rivera	152.11		unknown	none	human		
coco_tt2380307	tt2380307	Mama_Coco_(child)	147.65	nm0613872	female	wiki	human		
coco_tt2380307	tt2380307	Frida_Kahlo	142.52	nm3086285	female	wiki	human		
coco_tt2380307	tt2380307	Dante	132.92		male	fandom	animal		
coco_tt2380307	tt2380307	Pepita	104.9		unknown	none	animal		
coco_tt2380307	tt2380307	Rosa	90.63		unknown	none	human		
coco_tt2380307	tt2380307	Head_Clerk	75.45	nm0407101	male	wiki	human		
coco_tt2380307	tt2380307	Chicharrón	70.9	nm0001579	male	wiki	human		
coco_tt2380307	tt2380307	Plaza_Mariachi	67.28	nm0101603	male	wiki	human		
coco_tt2380307	tt2380307	Gustavo_(Coco)	58.89	nm0101603	male	wiki	human		
coco_tt2380307	tt2380307	Corrections_Officer	56.35	nm0001507	male	wiki	human		
coco_tt2380307	tt2380307	Juan_Ortodoncia	47.13	nm0001652	male	wiki	human		
coco_tt2380307	tt2380307	Cecilia_(Coco)	39.5		unknown	none	human		
coco_tt2380307	tt2380307	Monkey_Alebrije	23.69		unknown	none	other		
coraline_tt0327597	tt0327597	Coraline_Jones	2631.56	nm0266824	female	wiki	human	protagonist	major
coraline_tt0327597	tt0327597	Wyborn_Lovat	263.4		male	fandom	human	protagonist	major
coraline_tt0327597	tt0327597	Mel_Jones	249.12	nm0000159	female	wiki	human	protagonist	minor
coraline_tt0327597	tt0327597	Other_Mother	232.8	nm0000159	female	wiki	human	antagonist	major
coraline_tt0327597	tt0327597	The_Cat	223.62	nm0202966	male	wiki	animal	protagonist	major
coraline_tt0327597	tt0327597	April_Spink	184.78	nm0766837	female	wiki	human	protagonist	minor
coraline_tt0327597	tt0327597	Charlie_Jones	169	nm1894655	male	wiki	human	protagonist	minor
coraline_tt0327597	tt0327597	Other_Father	156.49	nm1894655	male	wiki	human		
coraline_tt0327597	tt0327597	Other_Wybie	127.79		unknown	none	human	protagonist	minor
coraline_tt0327597	tt0327597	Miriam_Forcible	111.38	nm0294067	female	wiki	human	protagonist	minor
coraline_tt0327597	tt0327597	The_Beldam	100.7	nm0000159	female	wiki	human	antagonist	major
coraline_tt0327597	tt0327597	Grandma's_Missing_Sister/The_Sweet_Ghost_Girl	82.45		unknown	none	human	protagonist	minor
coraline_tt0327597	tt0327597	Young_Other_Miriam_Forcible	55.96	nm0294067	female	wiki	human		
coraline_tt0327597	tt0327597	Sergei_Alexander_Bobinsky	55.79	nm0574534	male	wiki	human	protagonist	minor
coraline_tt0327597	tt0327597	The_Jumping_Mice/Mouse_Circus	47.18		unknown	none	human		
coraline_tt0327597	tt0327597	The_Ghost_Boy	43.41	nm3275474	male	wiki	human		
coraline_tt0327597	tt0327597	Taffy_Monster	37.94		unknown	none	human		
coraline_tt0327597	tt0327597	Doll_of_The_Sweet_Ghost_Girl	23.22		unknown	none	human		
corpse.bride_tt0121164	tt0121164	Victor_Van_Dort	1189.94	nm0000136	male	wiki	human	protagonist	major
corpse.bride_tt0121164	tt0121164	Corpse_Bride	864.28	nm0000307	female	wiki	human	protagonist	major
corpse.bride_tt0121164	tt0121164	Victoria_Everglot	560.64	nm0001833	female	wiki	human	protagonist	major
corpse.bride_tt0121164	tt0121164	Finis_Everglot	322.03	nm0001215	male	wiki	human		
corpse.bride_tt0121164	tt0121164	Barkis_Bittern	287.12	nm0001290	male	wiki	human	antagonist	major
corpse.bride_tt0121164	tt0121164	Maudeline_Everglot	285.99	nm0525921	female	wiki	human		
corpse.bride_tt0121164	tt0121164	William_Van_Dort	229.69	nm0925768	male	wiki	human		
corpse.bride_tt0121164	tt0121164	Nell_Van_Dort	198.16	nm0001808	female	wiki	human		
corpse.bride_tt0121164	tt0121164	Miss_Plum	171.71	nm0001363	female	wiki	other		
corpse.bride_tt0121164	tt0121164	Bonejangles	164.12	nm0000384	male	wiki	human		
corpse.bride_tt0121164	tt0121164	Pastor_Galswells	122.25	nm0000489	male	wiki	human		
corpse.bride_tt0121164	tt0121164	Maggot	112.7	nm0718572	male	wiki	other		
corpse.bride_tt0121164	tt0121164	Alfred	95.39		male	fandom	human		
corpse.bride_tt0121164	tt0121164	Hildegarde	87.88	nm0001808	female	wiki	human		
corpse.bride_tt0121164	tt0121164	Scraps	86.34		male	fandom	human	protagonist	minor
corpse.bride_tt0121164	tt0121164	General_Bonesapart	82.25	nm0746989	male	wiki	human		
corpse.bride_tt0121164	tt0121164	Emil_the_Butler	71.49	nm0050573	male	fandom	human		
corpse.bride_tt0121164	tt0121164	Paul_the_Head_Waiter	68.9	nm0925768	male	wiki	human		
corpse.bride_tt0121164	tt0121164	Elder_Gutknecht	68.32	nm0001284	male	wiki	human	protagonist	minor
corpse.bride_tt0121164	tt0121164	The_Black_Widow	65.73	nm0001363	female	wiki	animal		
corpse.bride_tt0121164	tt0121164	General_Wellington	63.61	nm0552311	male	wiki	human		
corpse.bride_tt0121164	tt0121164	Fat_Chef	49.92	nm0552311	male	wiki	human		
corpse.bride_tt0121164	tt0121164	Solemn_Village_Boy	47.26	nm0443120	male	fandom	human		
corpse.bride_tt0121164	tt0121164	Town_Crier	25.19	nm0718572	male	wiki	human		
corpse.bride_tt0121164	tt0121164	Grandfather_Everglot	8.51	nm0001215	male	wiki	human		
croods_tt0481499	tt0481499	Grug_Crood	1321.15	nm0000115	male	wiki	human	protagonist	major
croods_tt0481499	tt0481499	Eep_Crood	1215.05	nm1297015	female	wiki	human	protagonist	major
croods_tt0481499	tt0481499	Guy	955.62	nm0005351	male	wiki	human	protagonist	major
croods_tt0481499	tt0481499	Ugga_Crood	718.13	nm0001416	female	wiki	human	protagonist	minor
croods_tt0481499	tt0481499	Thunk_Crood	592.34	nm0241173	male	wiki	human		
croods_tt0481499	tt0481499	Gran_Crood	460.88	nm0001458	female	wiki	human	protagonist	minor
croods_tt0481499	tt0481499	Sandy_Crood	436.81	nm0858378	female	fandom	human		
croods_tt0481499	tt0481499	Belt	188.31	nm0761498	male	wiki	animal	protagonist	minor
croods_tt0481499	tt0481499	Chunky	116.2		male	fandom	animal	antagonist	minor
croods_tt0481499	tt0481499	Bear_Owl	72.66		unknown	none	animal		
croods_tt0481499	tt0481499	Douglas	59.85		male	fandom	animal		
croods_tt0481499	tt0481499	Punch_Monkeys	32.62		unknown	none	animal		
croods_tt0481499	tt0481499	Liyotes	26.4		unknown	none	animal		
croods_tt0481499	tt0481499	Brabby_&_Nabby	11.43		unknown	none	animal		
croods_tt0481499	tt0481499	Mousephant	9.84		unknown	none	animal		
croods.a.new.ag_tt2850386	tt2850386	Grug_Crood	1095.72	nm0000115	male	wiki	human	protagonist	major
croods.a.new.ag_tt2850386	tt2850386	Guy_Crood	1062.15	nm0005351	male	wiki	human	protagonist	major
croods.a.new.ag_tt2850386	tt2850386	Eep_Crood	954.04	nm1297015	female	wiki	human	protagonist	major
croods.a.new.ag_tt2850386	tt2850386	Phil_Betterman	707.42	nm0227759	male	wiki	human	antagonist	major
croods.a.new.ag_tt2850386	tt2850386	Ugga_Crood	644.1	nm0001416	female	wiki	human	protagonist	minor
croods.a.new.ag_tt2850386	tt2850386	Hope_Betterman	583.04	nm0005182	female	wiki	human	antagonist	major
croods.a.new.ag_tt2850386	tt2850386	Dawn_Betterman	536.66	nm4511652	female	wiki	human	protagonist	minor
croods.a.new.ag_tt2850386	tt2850386	Thunk_Crood	266.31	nm0241173	male	wiki	human		
croods.a.new.ag_tt2850386	tt2850386	Gran_Crood	258.76	nm0001458	female	wiki	human		
croods.a.new.ag_tt2850386	tt2850386	Sandy_Crood	197.11	nm12080960	female	fandom	human		
croods.a.new.ag_tt2850386	tt2850386	Spiny_Mandrilla	193.4		unknown	none	animal	antagonist	major
croods.a.new.ag_tt2850386	tt2850386	Belt_Crood	132.51	nm0761498	male	wiki	animal	protagonist	minor
croods.a.new.ag_tt2850386	tt2850386	Chunky	116.91		male	fandom	animal	protagonist	minor
croods.a.new.ag_tt2850386	tt2850386	Wolf_Spider	106.44		unknown	none	animal	antagonist	minor
croods.a.new.ag_tt2850386	tt2850386	Wigasus	47.59		unknown	none	animal		
croods.a.new.ag_tt2850386	tt2850386	Douglas	40.62		male	fandom	animal	protagonist	minor
dc.league.of.su_tt8912936	tt8912936	Krypto_the_Superdog	1630.46	nm0425005	male	wiki	animal	protagonist	major
dc.league.of.su_tt8912936	tt8912936	Ace_the_Bat-Hound	1006.05	nm0366389	male	wiki	animal	protagonist	major
dc.league.of.su_tt8912936	tt8912936	Lulu	733.36	nm0571952	female	wiki	animal	antagonist	major
dc.league.of.su_tt8912936	tt8912936	PB	477.23	nm3364779	female	wiki	animal	protagonist	major
dc.league.of.su_tt8912936	tt8912936	Superman_/_Clark_Kent_/_Kal-El	413	nm1024677	male	wiki	human	protagonist	minor
dc.league.of.su_tt8912936	tt8912936	Chip	339.17	nm0526019	male	wiki	animal	protagonist	major
dc.league.of.su_tt8912936	tt8912936	Lex_Luthor	195.32	nm0549505	male	wiki	human	antagonist	minor
dc.league.of.su_tt8912936	tt8912936	Lois_Lane	183.14	nm1312575	female	wiki	human		
dc.league.of.su_tt8912936	tt8912936	Merton	183.06	nm0005169	female	wiki	animal	protagonist	major
dc.league.of.su_tt8912936	tt8912936	Batman_/_Bruce_Wayne	135.3	nm0000206	male	wiki	human		
dc.league.of.su_tt8912936	tt8912936	Wonder_Woman_/_Diana	102.23	nm3553139	female	wiki	human		
dc.league.of.su_tt8912936	tt8912936	Whiskers	98.68	nm13882777	unknown	none	animal	antagonist	minor
dc.league.of.su_tt8912936	tt8912936	Keith	92.09	nm3042755	male	wiki	animal		
dc.league.of.su_tt8912936	tt8912936	Mega_Lulu	88.63	nm0571952	female	wiki	other		
dc.league.of.su_tt8912936	tt8912936	Mercy_Graves	75.24	nm4224109	female	wiki	human		
dc.league.of.su_tt8912936	tt8912936	Aquaman_/_Arthur_Curry	72.36	nm1318596	male	wiki	human		
dc.league.of.su_tt8912936	tt8912936	Mark	70.57	nm2355635	male	wiki	animal		
dc.league.of.su_tt8912936	tt8912936	Foofy_Dog	69.07	nm0005311	female	wiki	animal		
dc.league.of.su_tt8912936	tt8912936	Dog-El	68.32	nm0202966	male	wiki	animal		
dc.league.of.su_tt8912936	tt8912936	Waffles	66.52	nm0505946	male	wiki	animal		
dc.league.of.su_tt8912936	tt8912936	Flash_/_Barry_Allen	60.73	nm4696553	male	wiki	human		
dc.league.of.su_tt8912936	tt8912936	Green_Lantern_/_Jessica_Cruz	60.56	nm4745601	female	wiki	human		
dc.league.of.su_tt8912936	tt8912936	Cyborg_/_Victor_Stone	52.97	nm4377526	male	wiki	human		
dc.league.of.su_tt8912936	tt8912936	Corgi	45.09		unknown	none	animal		
dc.league.of.su_tt8912936	tt8912936	Patty	44.09	nm1304328	female	wiki	human		
dc.league.of.su_tt8912936	tt8912936	Anubis	38.25	nm0425005	male	wiki	animal		
dc.league.of.su_tt8912936	tt8912936	Lara	35.62	nm0372176	female	wiki	human		
dc.league.of.su_tt8912936	tt8912936	Jor-El	33.24	nm0000547	male	wiki	human		
dc.league.of.su_tt8912936	tt8912936	Carl	31.74	nm0283945	male	wiki	human		
despicable.me_tt1323594	tt1323594	Felonious_Gru	1877.04	nm0136797	male	wiki	human	protagonist	major
despicable.me_tt1323594	tt1323594	Agnes_Gru	981.06	nm3220568	female	wiki	human	protagonist	major
despicable.me_tt1323594	tt1323594	Margo_Gru	914.87	nm1388927	female	wiki	human	protagonist	major
despicable.me_tt1323594	tt1323594	Edith_Gru	734.02	nm3269138	female	wiki	human	protagonist	major
despicable.me_tt1323594	tt1323594	Minions	583.5		male	fandom	other	protagonist	minor
despicable.me_tt1323594	tt1323594	Vector_Perkins	320.57	nm0781981	male	wiki	human	antagonist	major
despicable.me_tt1323594	tt1323594	Dr._Nefario	260.68	nm1258970	male	wiki	human	protagonist	minor
despicable.me_tt1323594	tt1323594	Miss_Hattie	156.74	nm1325419	female	wiki	human	antagonist	minor
despicable.me_tt1323594	tt1323594	Mr._Perkins	156.7	nm0004715	male	wiki	human	antagonist	minor
despicable.me_tt1323594	tt1323594	Justin's_Mother	134.34		unknown	none	human		
despicable.me_tt1323594	tt1323594	Carnival_Barker	113.2	nm1442113	male	wiki	human		
despicable.me_tt1323594	tt1323594	Marlena_Gru	108.36	nm0000267	female	wiki	human		
despicable.me_tt1323594	tt1323594	Fred_McDade	62.77	nm1104131	male	fandom	human		
despicable.me_tt1323594	tt1323594	Kyle_Gru	55.14	nm0136797	male	wiki	other		
despicable.me_tt1323594	tt1323594	Carnival_Ride_Worker	44.17	nm0579914	male	wiki	human		
despicable.me_tt1323594	tt1323594	Justin's_Father	39.75		male	fandom	human		
despicable.me_tt1323594	tt1323594	Gertrude	36.87		unknown	none	human		
despicable.me_tt1323594	tt1323594	Justin	36.83		male	fandom	human		
despicable.me_tt1323594	tt1323594	MSNBC_Anchorman	31.57	nm1097364	male	wiki	human		
despicable.me_tt1323594	tt1323594	Vector's_Shark	7.63		male	fandom	animal		
despicable.me.2_tt1690953	tt1690953	Gru	1786.24	nm0136797	male	wiki	human	protagonist	major
despicable.me.2_tt1690953	tt1690953	Lucy_Wilde	1011.43	nm1325419	female	wiki	human	protagonist	major
despicable.me.2_tt1690953	tt1690953	Bob_the_Minion	543.46	nm1853544	male	wiki	other		
despicable.me.2_tt1690953	tt1690953	Margo	458.83	nm1388927	female	wiki	human	protagonist	minor
despicable.me.2_tt1690953	tt1690953	Agnes	438.52	nm3220568	female	wiki	human	protagonist	minor
despicable.me.2_tt1690953	tt1690953	Stuart_the_Minion	338.3	nm1853544	male	wiki	other		
despicable.me.2_tt1690953	tt1690953	Edith	311.77		unknown	none	human		
despicable.me.2_tt1690953	tt1690953	Silas_Ramsbottom	307.89	nm0176869	male	wiki	human	protagonist	minor
despicable.me.2_tt1690953	tt1690953	Kevin_the_Minion	294.75	nm1853544	male	wiki	other	antagonist	minor
despicable.me.2_tt1690953	tt1690953	Minions	240.28		male	fandom	other	protagonist	minor
despicable.me.2_tt1690953	tt1690953	Antonio	232.44	nm2030779	male	wiki	human		
despicable.me.2_tt1690953	tt1690953	Dr._Nefario	225.6	nm1258970	male	wiki	human	protagonist	minor
despicable.me.2_tt1690953	tt1690953	Jillian	156.57	nm1840659	female	wiki	human		
despicable.me.2_tt1690953	tt1690953	Italian_Waiter	112.49	nm0719208	male	wiki	human		
despicable.me.2_tt1690953	tt1690953	Floyd	78.24	nm0421822	male	wiki	human		
despicable.me.2_tt1690953	tt1690953	Flight_Attendant	76.99	nm3364779	female	wiki	human		
despicable.me.2_tt1690953	tt1690953	Shannon	74.24	nm1102891	female	wiki	human		
despicable.me.3_tt3469046	tt3469046	Gru	1431.64	nm0136797	male	wiki	human	protagonist	major
despicable.me.3_tt3469046	tt3469046	Lucy_Wilde	642.14	nm1325419	female	wiki	human	protagonist	major
despicable.me.3_tt3469046	tt3469046	Agnes	507.51	nm7058841	female	wiki	human	protagonist	minor
despicable.me.3_tt3469046	tt3469046	Dru	457.21	nm0136797	male	wiki	human	protagonist	major
despicable.me.3_tt3469046	tt3469046	Balthazar_Bratt	437.94	nm0005295	male	wiki	human	antagonist	major
despicable.me.3_tt3469046	tt3469046	Minions	402.57	nm1853544	male	fandom	other	protagonist	minor
despicable.me.3_tt3469046	tt3469046	Margo	339.26	nm1388927	female	wiki	human	protagonist	minor
despicable.me.3_tt3469046	tt3469046	Edith	270.56		unknown	none	human	protagonist	minor
despicable.me.3_tt3469046	tt3469046	Silas_Ramsbottom	175.68	nm0176869	male	wiki	human		
despicable.me.3_tt3469046	tt3469046	Niko	122.71	nm7777139	unknown	none	human		
despicable.me.3_tt3469046	tt3469046	Scar-Faced_Man	113.24	nm0064170	male	wiki	human		
despicable.me.3_tt3469046	tt3469046	Niko's_Mother	93.01	nm9086298	female	fandom	human		
despicable.me.3_tt3469046	tt3469046	Valerie_Da_Vinci	89.71	nm2809577	female	wiki	human	antagonist	minor
despicable.me.3_tt3469046	tt3469046	Clive_the_Robot	68.44	nm0638762	male	wiki	other		
despicable.me.3_tt3469046	tt3469046	Fritz	67.03	nm0176869	male	wiki	human		
despicable.me.3_tt3469046	tt3469046	TV_Show_Host	56.31	nm0064170	male	wiki	human		
despicable.me.3_tt3469046	tt3469046	Museum_Director	55.47	nm1853544	male	wiki	human		
despicable.me.3_tt3469046	tt3469046	Military_Officer	46.59	nm1281932	male	wiki	human		
despicable.me.3_tt3469046	tt3469046	Marlena_Gru	46.46	nm0000267	female	wiki	human		
despicable.me.4_tt7510222	tt7510222	Gru	1340.55	nm0136797	male	wiki	human	protagonist	major
despicable.me.4_tt7510222	tt7510222	Gru_Jr.	711.92		male	fandom	human	protagonist	minor
despicable.me.4_tt7510222	tt7510222	Minions	704.29	nm1853544	male	fandom	other	protagonist	minor
despicable.me.4_tt7510222	tt7510222	Lucy_Wilde	596.89	nm1325419	female	wiki	human	protagonist	minor
despicable.me.4_tt7510222	tt7510222	Agnes	502.38	nm13211210	female	fandom	human		
despicable.me.4_tt7510222	tt7510222	Maxime_Le_Mal	495.95	nm0002071	male	wiki	human	antagonist	major
despicable.me.4_tt7510222	tt7510222	Poppy_Prescott	367.08	nm1428821	female	wiki	human	protagonist	major
despicable.me.4_tt7510222	tt7510222	Edith	302.22	nm3269138	female	wiki	human		
despicable.me.4_tt7510222	tt7510222	Silas_Ramsbottom	275.4	nm0176869	male	wiki	human	protagonist	minor
despicable.me.4_tt7510222	tt7510222	Margo	262.35	nm1388927	female	wiki	human	protagonist	minor
despicable.me.4_tt7510222	tt7510222	Valentina	159.74	nm0005527	female	wiki	human	antagonist	minor
despicable.me.4_tt7510222	tt7510222	Principal_Ubelschlecht	138.76	nm0719208	male	wiki	human	antagonist	minor
despicable.me.4_tt7510222	tt7510222	Perry_Prescott	131.8	nm0170306	male	wiki	human		
despicable.me.4_tt7510222	tt7510222	Patsy_Prescott	122.16	nm4806887	female	wiki	human		
despicable.me.4_tt7510222	tt7510222	Sensei_O'Sullivan	102.14		male	fandom	human		
despicable.me.4_tt7510222	tt7510222	Lenny	89.51		male	fandom	human		
despicable.me.4_tt7510222	tt7510222	Bus_Driver_Carl	89.42	nm0224007	male	wiki	human		
despicable.me.4_tt7510222	tt7510222	Melora	57.6	nm0628170	female	wiki	human		
dinosaur_tt0130623	tt0130623	Aladar	789.22	nm0000665	male	wiki	animal	protagonist	major
dinosaur_tt0130623	tt0130623	Plio	353.69	nm0005569	female	wiki	animal	protagonist	minor
dinosaur_tt0130623	tt0130623	Neera	344.68	nm0000523	female	wiki	animal	protagonist	major
dinosaur_tt0130623	tt0130623	Yar	276.94	nm0001115	male	wiki	animal	protagonist	minor
dinosaur_tt0130623	tt0130623	Kron	261.23	nm0942787	male	wiki	animal	antagonist	major
dinosaur_tt0130623	tt0130623	Suri	147.25	nm0659363	female	wiki	animal	protagonist	minor
dinosaur_tt0130623	tt0130623	Baylene	145.78	nm0687506	female	wiki	animal	protagonist	minor
dinosaur_tt0130623	tt0130623	Zini	142.44	nm0143295	male	wiki	animal	protagonist	minor
dinosaur_tt0130623	tt0130623	T_Rex	102.77		unknown	none	animal		
dinosaur_tt0130623	tt0130623	Styracosaurus	98.2		unknown	none	animal		
dinosaur_tt0130623	tt0130623	Triceratops	56.42		unknown	none	animal		
dinosaur_tt0130623	tt0130623	Baby_Dino	47.18		unknown	none	animal		
dinosaur_tt0130623	tt0130623	Zini_(Young)	45.18		male	fandom	animal		
dog.man_tt10954718	tt10954718	Dog_Man	1392.76	nm0368614	male	wiki	animal	protagonist	major
dog.man_tt10954718	tt10954718	Petey_the_Cat	1066.94	nm0203457	male	wiki	animal	antagonist	major
dog.man_tt10954718	tt10954718	Lil_Petey	777.23	nm16808810	male	fandom	animal	protagonist	major
dog.man_tt10954718	tt10954718	Chief	600.27	nm2577076	male	wiki	human	protagonist	minor
dog.man_tt10954718	tt10954718	Sarah_Hatoff	383.22	nm0279545	female	wiki	human	protagonist	minor
dog.man_tt10954718	tt10954718	Fish	246.7	nm0315041	male	wiki	animal		
dog.man_tt10954718	tt10954718	Officer_Knight	113.4	nm0368614	male	wiki	human	protagonist	minor
dog.man_tt10954718	tt10954718	Mayor	111.36	nm0652783	female	wiki	human		
dog.man_tt10954718	tt10954718	Grampa	108.82	nm0740535	male	wiki	animal	antagonist	minor
dog.man_tt10954718	tt10954718	Seamus	101.73	nm0101710	male	wiki	human	protagonist	minor
dog.man_tt10954718	tt10954718	Grump	87.55	nm2162374	unknown	none	human		
dog.man_tt10954718	tt10954718	Butler	87.3	nm8097440	female	wiki	human		
dog.man_tt10954718	tt10954718	Big_Jim	71.91	nm2326037	unknown	none	animal		
dog.man_tt10954718	tt10954718	Ice_Cream_Building	64.11	nm0340582	male	wiki	other		
dog.man_tt10954718	tt10954718	Nurse	55.81	nm0923909	female	wiki	human		
dog.man_tt10954718	tt10954718	Scientist	54.43	nm0628170	female	wiki	human		
dog.man_tt10954718	tt10954718	Rocco	52.51	nm1631893	male	wiki	human		
dog.man_tt10954718	tt10954718	Flippy_the_Fish	50.76	nm0315041	male	wiki	animal	antagonist	major
dog.man_tt10954718	tt10954718	Milly	48.97	nm0132685	female	wiki	human		
dog.man_tt10954718	tt10954718	Realtor	45.5	nm3830257	female	wiki	human		
dog.man_tt10954718	tt10954718	Apartment_Building	43.04	nm0820298	unknown	none	other		
dog.man_tt10954718	tt10954718	Doctor	33.37	nm1195879	female	wiki	human		
dog.man_tt10954718	tt10954718	Dippy	32.62	nm2177528	female	wiki	human		
dog.man_tt10954718	tt10954718	Mr._Whiskers	30.32	nm11398939	unknown	none	animal		
dog.man_tt10954718	tt10954718	Surfer	25.48	nm3060627	unknown	none	human		
dog.man_tt10954718	tt10954718	Janet	21.98	nm7968922	female	wiki	human		
dog.man_tt10954718	tt10954718	Harold_Hutchins	13.51	nm1261587	female	wiki	human		
dog.man_tt10954718	tt10954718	3D_Guy	9.93	nm0579914	male	wiki	human		
elemental_tt15789038	tt15789038	Ember_(Little_Kid)	1123.79	nm14942750	female	fandom	other		
elemental_tt15789038	tt15789038	Wade_Ripple	952.53	nm6974206	male	wiki	other	protagonist	major
elemental_tt15789038	tt15789038	Bernie_Lumen	857.81	nm0215455	male	wiki	other	protagonist	minor
elemental_tt15789038	tt15789038	Ember_Lumen	780.28	nm2301427	female	wiki	other	protagonist	major
elemental_tt15789038	tt15789038	Ember_(Big_Kid)	567.94	nm8738974	female	fandom	other		
elemental_tt15789038	tt15789038	Cinder_Lumen	513.85	nm1937116	female	wiki	other	protagonist	minor
elemental_tt15789038	tt15789038	Alan_Ripple	232.19	nm0455058	male	wiki	other		
elemental_tt15789038	tt15789038	Flarry	220.72	nm0011095	male	wiki	other		
elemental_tt15789038	tt15789038	Lake_Ripple	215.51		non-binary	fandom	other		
elemental_tt15789038	tt15789038	Clod	198.61	nm14290527	male	fandom	other		
elemental_tt15789038	tt15789038	Brook_Ripple	178.26	nm0001573	female	wiki	other		
elemental_tt15789038	tt15789038	Gale_Cumulus	164.71	nm1018488	female	wiki	other		
elemental_tt15789038	tt15789038	Marco_Ripple	145.98	nm11236221	male	wiki	other		
elemental_tt15789038	tt15789038	Wood_Immigration_Official	123.96	nm3268490	unknown	none	other		
elemental_tt15789038	tt15789038	Flarietta	112.49	nm0094335	female	wiki	other		
elemental_tt15789038	tt15789038	Eddy_Ripple	85.79		female	fandom	other		
elemental_tt15789038	tt15789038	Lutz	84.5	nm0455058	male	wiki	other		
elemental_tt15789038	tt15789038	Polo_Ripple	70.65	nm11236221	male	wiki	other		
elemental_tt15789038	tt15789038	Harold	54.39	nm0481573	male	wiki	other		
elemental_tt15789038	tt15789038	Fern_Grouchwood	35.83	nm3419214	male	wiki	other		
elemental_tt15789038	tt15789038	Ghibli	34.53		female	fandom	other		
elemental_tt15789038	tt15789038	Doorman	31.99	nm0114383	unknown	none	other		
elio_tt4900148	tt4900148	Elio_Solis	2390.38	nm10354026	male	wiki	human	protagonist	major
elio_tt4900148	tt4900148	Olga_Solis	837.38	nm0757855	female	wiki	human	protagonist	major
elio_tt4900148	tt4900148	Glordon	369.66	nm10419915	male	fandom	other	protagonist	major
elio_tt4900148	tt4900148	Ambassador_Grigon	353.69	nm0004951	male	wiki	other	antagonist	major
elio_tt4900148	tt4900148	Bryce	252.08	nm5242533	male	wiki	human	antagonist	minor
elio_tt4900148	tt4900148	Ambassador_Helix	235.19	nm16762572	male	fandom	other		
elio_tt4900148	tt4900148	OOOOO	195.44	nm0376602	female	wiki	other	protagonist	minor
elio_tt4900148	tt4900148	Ambassador_Questa	165.83	nm3553139	female	wiki	other	protagonist	minor
elio_tt4900148	tt4900148	Gunther_Melmac	83.88	nm0402360	male	wiki	human	protagonist	minor
elio_tt4900148	tt4900148	Ambassador_Mira	79.41	nm5057049	unknown	none	other		
elio_tt4900148	tt4900148	Colonel_Markwell	67.69	nm0876645	female	wiki	human		
elio_tt4900148	tt4900148	Caleb	60.69	nm6285673	male	wiki	human	antagonist	minor
elio_tt4900148	tt4900148	Aquarii	55.56		unknown	none	other		
elio_tt4900148	tt4900148	Ambassador_Tegmen	32.95	nm0777788	male	wiki	other		
elio_tt4900148	tt4900148	Turais	25.98	nm0307143	male	fandom	other		
emoji.movie_tt4877122	tt4877122	Gene	1571.03	nm2554352	male	wiki	other	protagonist	major
emoji.movie_tt4877122	tt4877122	Hi-5	884.67	nm0179479	male	wiki	other	protagonist	major
emoji.movie_tt4877122	tt4877122	Jailbreak	805.26	nm0267506	female	wiki	human	protagonist	major
emoji.movie_tt4877122	tt4877122	Mel_Meh	449.32	nm0942833	male	wiki	other	protagonist	minor
emoji.movie_tt4877122	tt4877122	Mary_Meh	342.63	nm0177639	female	wiki	other	protagonist	minor
emoji.movie_tt4877122	tt4877122	Smiler	332.71	nm0748973	female	wiki	other	antagonist	major
emoji.movie_tt4877122	tt4877122	Reggie_Ram_Tech	218.59	nm0796928	unknown	none	other		
emoji.movie_tt4877122	tt4877122	Alex	198.78	nm1545471	male	wiki	human	protagonist	minor
emoji.movie_tt4877122	tt4877122	Cat_Heart_Eyes	196.7	nm9138272	unknown	none	other		
emoji.movie_tt4877122	tt4877122	Hysterical_Laughter	188.56	nm4412715	male	wiki	other		
emoji.movie_tt4877122	tt4877122	Addie	188.56	nm6616259	female	wiki	human		
emoji.movie_tt4877122	tt4877122	Angel	172.21	nm3596979	female	wiki	other		
emoji.movie_tt4877122	tt4877122	Devil_Steven	168.25	nm0005003	male	wiki	other		
emoji.movie_tt4877122	tt4877122	Travis	165.37	nm4677867	male	wiki	human		
emoji.movie_tt4877122	tt4877122	Poop	150.36	nm0001772	male	wiki	other		
emoji.movie_tt4877122	tt4877122	Akiko_Glitter	140.85	nm0004694	female	wiki	human		
emoji.movie_tt4877122	tt4877122	Laughter	134.93	nm1902232	male	wiki	other		
emoji.movie_tt4877122	tt4877122	Gavel	129	nm0150255	male	wiki	other		
emoji.movie_tt4877122	tt4877122	Spam	119.08	nm1301904	female	wiki	other		
emoji.movie_tt4877122	tt4877122	Alien	112.32	nm0134945	unknown	none	other		
emoji.movie_tt4877122	tt4877122	Nerd_Emoji	76.66	nm0226206	unknown	none	other		
emoji.movie_tt4877122	tt4877122	Trojan_Soldier	71.07	nm5000758	unknown	none	other		
emoji.movie_tt4877122	tt4877122	Fist_Bump	68.36		unknown	none	other		
emoji.movie_tt4877122	tt4877122	Mr._Schnoebelen	61.6	nm0244195	unknown	none	human		
emoji.movie_tt4877122	tt4877122	Ram_Tech_Bouncer	61.48	nm11091744	unknown	none	other		
emoji.movie_tt4877122	tt4877122	Ronnie_Ram_Tech	49.47	nm0014582	male	wiki	other		
emoji.movie_tt4877122	tt4877122	Poop_Jr.	47.09	nm9138270	unknown	none	other		
emoji.movie_tt4877122	tt4877122	Heart_Eyes	46.55		unknown	none	other		
emoji.movie_tt4877122	tt4877122	Flamenca	45.34	nm0005527	female	wiki	human		
emoji.movie_tt4877122	tt4877122	Thumbs_Up	37.75		unknown	none	other		
emoji.movie_tt4877122	tt4877122	Rocket	32.24	nm7699979	unknown	none	other		
emoji.movie_tt4877122	tt4877122	Pizza	32.24	nm1902232	male	wiki	other		
emoji.movie_tt4877122	tt4877122	Broom	16.47	nm1902232	male	wiki	other		
emoji.movie_tt4877122	tt4877122	Trojan_Horse	12.47	nm0970447	male	wiki	animal		
encanto_tt2953050	tt2953050	Mirabel_Madrigal	1800.84	nm3715867	female	wiki	human	protagonist	major
encanto_tt2953050	tt2953050	Abuela_Alma	670.63	nm1239720	female	wiki	human	antagonist	major
encanto_tt2953050	tt2953050	Bruno_Madrigal	395.6	nm0000491	male	wiki	human	protagonist	major
encanto_tt2953050	tt2953050	Julieta_Madrigal	369.24	nm0148382	female	wiki	human		
encanto_tt2953050	tt2953050	Isabela_Madrigal	366.57	nm4058898	female	wiki	human	protagonist	minor
encanto_tt2953050	tt2953050	Luisa_Madrigal	344.43	nm8731846	female	wiki	human	protagonist	minor
encanto_tt2953050	tt2953050	Mirabel_(Young)	330.83	nm13117200	female	fandom	human		
encanto_tt2953050	tt2953050	Antonio_Madrigal	317.78	nm7418176	male	wiki	human		
encanto_tt2953050	tt2953050	Pepa_Madrigal	309.02	nm1333962	female	wiki	human		
encanto_tt2953050	tt2953050	Dolores_Madrigal	272.52	nm4624481	female	wiki	human		
encanto_tt2953050	tt2953050	Camilo_Madrigal	264.39	nm7968341	male	wiki	human		
encanto_tt2953050	tt2953050	*Town_Kids	222.39	nm13117202	unknown	none	human		
encanto_tt2953050	tt2953050	Felix_Madrigal	218.18	nm8871347	male	wiki	human		
encanto_tt2953050	tt2953050	Agustin_Madrigal	215.42	nm0005519	male	wiki	human	protagonist	minor
encanto_tt2953050	tt2953050	Character_2	167.83		unknown	none	human		
encanto_tt2953050	tt2953050	Mariano_Guzman	133.17	nm8349062	male	wiki	human		
encanto_tt2953050	tt2953050	Osvaldo	118.79	nm4222238	male	wiki	human		
encanto_tt2953050	tt2953050	Coffee_Kid	113.91		unknown	none	human		
encanto_tt2953050	tt2953050	*Donkeys	85.17		female	fandom	animal		
encanto_tt2953050	tt2953050	Pedro_Madrigal	75.49		male	fandom	human		
encanto_tt2953050	tt2953050	Character_1	57.93		unknown	none	human		
encanto_tt2953050	tt2953050	Pico	48.38	nm0876138	male	wiki	animal		
encanto_tt2953050	tt2953050	Capybara	40.33		unknown	none	animal		
encanto_tt2953050	tt2953050	Senora_Guzman	31.07	nm0692419	female	fandom	human		
encanto_tt2953050	tt2953050	Old_Arturo	30.99	nm0253476	unknown	none	human		
enchanted_tt0461770	tt0461770	Giselle_(Animated)	223.97	nm0010736	female	wiki	human	protagonist	major
enchanted_tt0461770	tt0461770	Queen_Narissa_(Animated)	165.25	nm0000215	female	wiki	human	antagonist	major
enchanted_tt0461770	tt0461770	Nathaniel_(Animated)	148.31	nm0001758	male	wiki	human	antagonist	minor
enchanted_tt0461770	tt0461770	Pip_(Live)	100.85	nm0071818	male	wiki	animal	protagonist	minor
enchanted_tt0461770	tt0461770	Pip_(Animated)	90.55	nm0071818	male	wiki	animal	protagonist	minor
enchanted_tt0461770	tt0461770	Forest_Deer	73.82		unknown	none	animal		
enchanted_tt0461770	tt0461770	Destiny_(Animated)	66.19		male	fandom	animal		
enchanted_tt0461770	tt0461770	Bunny	60.02	nm1911958	female	wiki	animal		
enchanted_tt0461770	tt0461770	Queen_Narissa_as_a_Dragon	50.13		unknown	none	other	antagonist	minor
enchanted_tt0461770	tt0461770	Forest_Owl	42.71		unknown	none	animal		
enchanted_tt0461770	tt0461770	Troll	41.5	nm0851317	male	wiki	other	antagonist	minor
enchanted_tt0461770	tt0461770	Forest_Birds	32.24		unknown	none	animal		
enchanted_tt0461770	tt0461770	Hedgehogs	26.61		unknown	none	animal		
enchanted_tt0461770	tt0461770	Turtle	22.23		unknown	none	animal		
enchanted_tt0461770	tt0461770	Fox	21.02		unknown	none	animal		
epic_tt0848537	tt0848537	MK_(Mary_Katherine)	1271.23	nm1086543	female	wiki	human	protagonist	major
epic_tt0848537	tt0848537	Nod	740.41	nm1242688	male	wiki	human	protagonist	major
epic_tt0848537	tt0848537	Ronin	674.76	nm0268199	male	wiki	human	protagonist	major
epic_tt0848537	tt0848537	Bomba	244.49	nm0837177	male	wiki	human	protagonist	minor
epic_tt0848537	tt0848537	Queen_Tara	198.91	nm0461498	female	wiki	human	protagonist	minor
epic_tt0848537	tt0848537	Mandrake	195.57	nm0910607	male	wiki	other	antagonist	major
epic_tt0848537	tt0848537	Nim_Galuu	187.56	nm0878911	male	wiki	other		
epic_tt0848537	tt0848537	Father	186.81		unknown	none	human		
epic_tt0848537	tt0848537	Mub	109.11	nm2106637	male	wiki	human	protagonist	minor
epic_tt0848537	tt0848537	Marigold_Girl	94.39	nm3160752	female	wiki	human		
epic_tt0848537	tt0848537	Ozzi_(Dog)	79.7		unknown	none	animal		
epic_tt0848537	tt0848537	Bufo	69.19	nm2100284	male	wiki	other		
epic_tt0848537	tt0848537	Dagda	64.65	nm2981935	male	wiki	other	antagonist	minor
epic_tt0848537	tt0848537	Nod's_Bird	58.18		unknown	none	animal		
epic_tt0848537	tt0848537	Mouse	43.63		unknown	none	animal		
epic_tt0848537	tt0848537	Mandrake's_Creature	41.33		unknown	none	other		
epic_tt0848537	tt0848537	Jinn_Flower	38.83		unknown	none	human		
epic_tt0848537	tt0848537	Mary_Katherine_with_Mask	32.53	nm1086543	female	wiki	other		
epic_tt0848537	tt0848537	Grub	31.99	nm1483369	male	wiki	animal	protagonist	minor
epic_tt0848537	tt0848537	*Mandrake's_Minions	29.82		unknown	none	other		
epic_tt0848537	tt0848537	Pink_Flower_Girl	29.24		unknown	none	human		
epic_tt0848537	tt0848537	Character_1	26.48		unknown	none	other		
epic_tt0848537	tt0848537	Jinn_Mom	25.36	nm2187104	female	wiki	human		
epic_tt0848537	tt0848537	Pinecone_Jinn	23.69	nm0224007	male	wiki	human		
epic_tt0848537	tt0848537	Berry_Lady	23.23	nm1960185	unknown	none	human		
epic_tt0848537	tt0848537	Taxi_Driver	21.06	nm0295103	male	wiki	human		
epic_tt0848537	tt0848537	Purple_Flower_Girl	18.48		unknown	none	human		
epic_tt0848537	tt0848537	Stickman_Jockey	18.44	nm4115048	male	wiki	human		
epic_tt0848537	tt0848537	Old_Snail	17.6		unknown	none	animal		
epic_tt0848537	tt0848537	Bufo's_Goon	15.68	nm1723600	male	wiki	other		
epic_tt0848537	tt0848537	Dandelion_Jinn	13.22	nm3535974	unknown	none	human		
epic_tt0848537	tt0848537	Thistle_Jinn	9.22	nm0263283	male	wiki	human		
fantasia_tt0032455	tt0032455	Cherub	313.56		unknown	none	human		
fantasia_tt0032455	tt0032455	Mickey_Mouse	289.83	nm0000370	male	wiki	animal		
fantasia_tt0032455	tt0032455	Hippo	205.29		unknown	none	animal		
fantasia_tt0032455	tt0032455	Girl_1	176.68		unknown	none	human		
fantasia_tt0032455	tt0032455	Bird_2	175.68		unknown	none	animal		
fantasia_tt0032455	tt0032455	Horns_2	163.87		unknown	none	human		
fantasia_tt0032455	tt0032455	Dinosaur	151.36		unknown	none	animal		
fantasia_tt0032455	tt0032455	Girl_2	136.43		unknown	none	human		
fantasia_tt0032455	tt0032455	Black_Pony	125.79		unknown	none	animal		
fantasia_tt0032455	tt0032455	Purple	125.12		unknown	none	human		
fantasia_tt0032455	tt0032455	Character_1	124.42		unknown	none	human		
fantasia_tt0032455	tt0032455	Pony	118.62		unknown	none	animal		
fantasia_tt0032455	tt0032455	T_Rex	109.4		unknown	none	animal		
fantasia_tt0032455	tt0032455	Crocodile	108.27		unknown	none	animal		
fantasia_tt0032455	tt0032455	Elephant	107.4		unknown	none	animal		
fantasia_tt0032455	tt0032455	Horns	99.93		unknown	none	human		
fantasia_tt0032455	tt0032455	Horse	96.18		unknown	none	animal		
fantasia_tt0032455	tt0032455	Dionysus	83.75		unknown	none	human		
fantasia_tt0032455	tt0032455	Donkey	83.08		unknown	none	animal		
fantasia_tt0032455	tt0032455	Unicorn	59.85		unknown	none	animal		
fantasia_tt0032455	tt0032455	Bird	39		unknown	none	animal		
fantasia_tt0032455	tt0032455	Pink_Unicorn	34.24		unknown	none	animal		
fantasia_tt0032455	tt0032455	Red	29.24		unknown	none	human		
fantasia.2000_tt0120910	tt0120910	Mickey_Mouse	298.55	nm0021656	male	wiki	animal		
fantasia.2000_tt0120910	tt0120910	Character_19	240.87		unknown	none	human		
fantasia.2000_tt0120910	tt0120910	Character_4	150.61		unknown	none	human		
fantasia.2000_tt0120910	tt0120910	Character_12	128.55		unknown	none	human		
fantasia.2000_tt0120910	tt0120910	Donald_Duck	126.25	nm0030615	male	wiki	animal		
fantasia.2000_tt0120910	tt0120910	Flamingo	111.11		unknown	none	animal		
fantasia.2000_tt0120910	tt0120910	Character_15	109.9		unknown	none	human		
fantasia.2000_tt0120910	tt0120910	Character_16	109.44		unknown	none	human		
fantasia.2000_tt0120910	tt0120910	Character_8	92.01		unknown	none	human		
fantasia.2000_tt0120910	tt0120910	Character_5	88.42		unknown	none	human		
fantasia.2000_tt0120910	tt0120910	Character_13	84.38		unknown	none	human		
fantasia.2000_tt0120910	tt0120910	Character_9	81.33		unknown	none	human		
fantasia.2000_tt0120910	tt0120910	Bird	81.21		unknown	none	animal		
fantasia.2000_tt0120910	tt0120910	Character_3	80.25		unknown	none	human		
fantasia.2000_tt0120910	tt0120910	Character_2	70.61		unknown	none	human		
fantasia.2000_tt0120910	tt0120910	Daisy_Duck	66.65	nm0853122	female	wiki	animal		
fantasia.2000_tt0120910	tt0120910	Character_10	60.77		unknown	none	human		
fantasia.2000_tt0120910	tt0120910	Character_14	58.98		unknown	none	human		
fantasia.2000_tt0120910	tt0120910	Character_7	58.35		unknown	none	human		
fantasia.2000_tt0120910	tt0120910	Rabbit	51.34		unknown	none	animal		
fantasia.2000_tt0120910	tt0120910	Character_1	38.91		unknown	none	human		
fantasia.2000_tt0120910	tt0120910	Character_18	36.2		unknown	none	human		
fantasia.2000_tt0120910	tt0120910	Character_11	35.87		unknown	none	human		
fantasia.2000_tt0120910	tt0120910	Character_6	35.12		unknown	none	human		
fantasia.2000_tt0120910	tt0120910	Character_17	26.94		unknown	none	human		
fantasia.2000_tt0120910	tt0120910	Character_20	22.4		unknown	none	human		
finding.dory_tt2277860	tt2277860	Dory	1198.82	nm0001122	female	wiki	animal	protagonist	major
finding.dory_tt2277860	tt2277860	Marlin	576.79	nm0000983	male	wiki	animal	protagonist	major
finding.dory_tt2277860	tt2277860	Nemo	473.93	nm5348776	male	wiki	animal	protagonist	major
finding.dory_tt2277860	tt2277860	Hank	359.94	nm0642145	male	wiki	animal	protagonist	major
finding.dory_tt2277860	tt2277860	Jenny	238.28	nm0000473	female	wiki	animal	protagonist	minor
finding.dory_tt2277860	tt2277860	Charlie	232.27	nm0506405	male	wiki	animal	protagonist	minor
finding.dory_tt2277860	tt2277860	Destiny	226.73	nm0647698	female	wiki	animal	protagonist	minor
finding.dory_tt2277860	tt2277860	Dory_(Tween)	223.22	nm8204464	female	wiki	animal		
finding.dory_tt2277860	tt2277860	Dory_(Young)	203.66	nm8204463	female	wiki	animal		
finding.dory_tt2277860	tt2277860	Sunfish	146.35	nm0533691	female	wiki	animal		
finding.dory_tt2277860	tt2277860	Rudder	145.02	nm0922035	male	wiki	animal		
finding.dory_tt2277860	tt2277860	Fluke	120.2	nm0252961	male	wiki	animal		
finding.dory_tt2277860	tt2277860	Squirt	85.42	nm8034501	male	wiki	animal		
finding.dory_tt2277860	tt2277860	Husband_Fish_(Stan)	81.54	nm0352778	male	wiki	animal		
finding.dory_tt2277860	tt2277860	Passenger_Carl	64.06	nm1071252	male	wiki	human		
finding.dory_tt2277860	tt2277860	Gerald	58.52	nm0120187	male	wiki	animal		
finding.dory_tt2277860	tt2277860	Becky	49.63	nm0120187	female	fandom	animal	protagonist	minor
finding.dory_tt2277860	tt2277860	Chickenfish	46.46	nm0727611	female	wiki	animal		
finding.dory_tt2277860	tt2277860	Bloat	9.88	nm0004951	male	wiki	animal		
finding.nemo_tt0266543	tt0266543	Marlin	1184.85	nm0000983	male	wiki	animal	protagonist	major
finding.nemo_tt0266543	tt0266543	Dory	860.57	nm0001122	female	wiki	animal	protagonist	major
finding.nemo_tt0266543	tt0266543	Nemo	677.64	nm1071252	male	wiki	animal	protagonist	major
finding.nemo_tt0266543	tt0266543	Bloat	275.4	nm0004951	male	wiki	animal		
finding.nemo_tt0266543	tt0266543	Gurgle	226.18	nm0671721	male	wiki	animal		
finding.nemo_tt0266543	tt0266543	Coral	215.84	nm0001610	female	wiki	animal		
finding.nemo_tt0266543	tt0266543	Bubbles	212.55	nm0740535	male	wiki	animal		
finding.nemo_tt0266543	tt0266543	Black-white_fish	185.02		unknown	none	animal		
finding.nemo_tt0266543	tt0266543	Deb_/_Flo	178.55	nm0507852	female	wiki	animal		
finding.nemo_tt0266543	tt0266543	Bruce	165.62	nm0402032	male	fandom	animal	antagonist	minor
finding.nemo_tt0266543	tt0266543	Nigel	131.34	nm0001691	male	wiki	animal		
finding.nemo_tt0266543	tt0266543	Crush	129	nm0004056	male	wiki	animal		
finding.nemo_tt0266543	tt0266543	Sheldon	123.87	nm0838059	male	wiki	animal		
finding.nemo_tt0266543	tt0266543	Darla	121.66	nm1379845	female	wiki	human	antagonist	major
finding.nemo_tt0266543	tt0266543	Pearl	102.73	nm1341312	female	wiki	other		
finding.nemo_tt0266543	tt0266543	Bob	79.5		unknown	none	animal		
finding.nemo_tt0266543	tt0266543	Ted	79.08		unknown	none	other		
finding.nemo_tt0266543	tt0266543	Squirt	73.45	nm1384126	male	wiki	animal		
finding.nemo_tt0266543	tt0266543	Dentist	70.86	nm0402730	male	wiki	human	antagonist	major
finding.nemo_tt0266543	tt0266543	Bill	64.15		unknown	none	animal		
finding.nemo_tt0266543	tt0266543	Tad	52.89	nm0710021	male	wiki	animal		
finding.nemo_tt0266543	tt0266543	Peach	36.87	nm0005049	female	wiki	other		
finding.nemo_tt0266543	tt0266543	Mr._Ray	27.74	nm0677037	male	wiki	animal		
finding.nemo_tt0266543	tt0266543	Seagulls	24.52	nm0004056	male	wiki	animal	antagonist	minor
finding.nemo_tt0266543	tt0266543	Jacques	24.48	nm0710020	male	wiki	animal		
finding.nemo_tt0266543	tt0266543	Mr._Johanson	16.39		unknown	none	animal		
flushed.away_tt0424095	tt0424095	Roddy_St._James	1897.19	nm0413168	male	wiki	other	protagonist	major
flushed.away_tt0424095	tt0424095	Rita_Malone	969.14	nm0000701	female	wiki	other	protagonist	major
flushed.away_tt0424095	tt0424095	The_Toad	483.65	nm0005212	male	wiki	other	antagonist	major
flushed.away_tt0424095	tt0424095	Whitey	356.94	nm0631490	male	wiki	other	antagonist	minor
flushed.away_tt0424095	tt0424095	Spike	302.01	nm0785227	male	wiki	other	antagonist	minor
flushed.away_tt0424095	tt0424095	Sid	237.4	nm0724986	male	wiki	other	antagonist	minor
flushed.away_tt0424095	tt0424095	Henchfrog_#1	169.67	nm0101047	male	wiki	other		
flushed.away_tt0424095	tt0424095	Shocky	134.8	nm0101047	male	wiki	other		
flushed.away_tt0424095	tt0424095	Fly	108.44	nm0101047	male	wiki	other		
flushed.away_tt0424095	tt0424095	Liam	96.3	nm0271402	male	wiki	other		
flushed.away_tt0424095	tt0424095	Le_Frog	94.05	nm0000606	male	wiki	other	antagonist	minor
flushed.away_tt0424095	tt0424095	Rita's_Mum	84.96	nm0121755	female	wiki	other		
flushed.away_tt0424095	tt0424095	Rita's_Sister_#2	84.88	nm2436197	unknown	none	other		
flushed.away_tt0424095	tt0424095	Goldfish	80.12	nm0101047	male	wiki	other		
flushed.away_tt0424095	tt0424095	Rita's_Dad	79.5	nm0837064	male	wiki	other		
flushed.away_tt0424095	tt0424095	Thimblenose_Ted	65.94	nm0265457	male	wiki	other		
flushed.away_tt0424095	tt0424095	Fergus	55.81	nm2436194	unknown	none	other		
flushed.away_tt0424095	tt0424095	Edna	54.68	nm0280164	unknown	none	other		
flushed.away_tt0424095	tt0424095	Rita's_Little_Sister	53.35	nm1183408	unknown	none	other		
flushed.away_tt0424095	tt0424095	Action_Figure	53.18	nm0569891	male	wiki	other		
flushed.away_tt0424095	tt0424095	Rita's_Sister_#3	50.13	nm2436195	unknown	none	other		
flushed.away_tt0424095	tt0424095	Fat_Barry	50.05	nm0971017	male	wiki	other		
flushed.away_tt0424095	tt0424095	Tadpole	47.17	nm0101047	male	wiki	other		
flushed.away_tt0424095	tt0424095	Rita's_Grandma	45.17	nm0546816	female	wiki	other		
flushed.away_tt0424095	tt0424095	Pegleg	45.13	nm0788725	unknown	none	other		
flushed.away_tt0424095	tt0424095	Artist	43.13	nm0569891	male	wiki	other		
flushed.away_tt0424095	tt0424095	Prophet_(Harold)	42.21	nm0271402	male	wiki	other		
flushed.away_tt0424095	tt0424095	Policeman_(Colin)	35.37	nm0086710	male	wiki	other		
flushed.away_tt0424095	tt0424095	Tex	30.95	nm0018646	male	wiki	other		
flushed.away_tt0424095	tt0424095	Ladykiller	21.98	nm0271402	male	wiki	other		
flushed.away_tt0424095	tt0424095	Marcel	15.81		unknown	none	other		
fox.and.the.hou_tt0082406	tt0082406	Tod	641.93	nm0001682	male	wiki	animal	protagonist	major
fox.and.the.hou_tt0082406	tt0082406	Tod_(Young)	543.21	nm0176861	male	wiki	animal		
fox.and.the.hou_tt0082406	tt0082406	Copper	429.68	nm0000621	male	wiki	animal	protagonist	major
fox.and.the.hou_tt0082406	tt0082406	Chief	389.81	nm0125426	male	wiki	animal	antagonist	minor
fox.and.the.hou_tt0082406	tt0082406	Big_Mama	386.3	nm0047440	female	wiki	animal	protagonist	minor
fox.and.the.hou_tt0082406	tt0082406	Widow_Tweed	330.91	nm0634282	female	wiki	human	protagonist	minor
fox.and.the.hou_tt0082406	tt0082406	Amos_Slade	313.27	nm0016776	male	wiki	human	antagonist	major
fox.and.the.hou_tt0082406	tt0082406	Copper_(Young)	303.85	nm0000397	male	wiki	animal		
fox.and.the.hou_tt0082406	tt0082406	Vixey	249.12	nm0242098	female	wiki	animal	protagonist	minor
fox.and.the.hou_tt0082406	tt0082406	Boomer	226.27	nm0934593	male	wiki	animal	protagonist	minor
fox.and.the.hou_tt0082406	tt0082406	Dinky	199.87	nm0048147	male	wiki	animal	protagonist	minor
fox.and.the.hou_tt0082406	tt0082406	Porcupine	78.24	nm0275835	male	wiki	animal		
fox.and.the.hou_tt0082406	tt0082406	Squeaks	67.61	nm0088285	male	wiki	animal		
fox.and.the.hou_tt0082406	tt0082406	The_Bear	52.3		male	fandom	animal	antagonist	minor
fox.and.the.hou_tt0082406	tt0082406	Mr._Digger	26.74		male	fandom	animal		
fox.and.the.hou_tt0082406	tt0082406	Badger	23.82	nm0570615	male	wiki	animal		
frozen_tt2294629	tt2294629	Anna_(Preteen)	1066.77	nm6323792	female	wiki	human		
frozen_tt2294629	tt2294629	Kristoff	995.79	nm2676147	male	wiki	human	protagonist	major
frozen_tt2294629	tt2294629	Elsa	885.59	nm0579953	female	wiki	human	protagonist	major
frozen_tt2294629	tt2294629	Anna	602.64	nm0068338	female	wiki	human	protagonist	major
frozen_tt2294629	tt2294629	Hans	560.14	nm2949014	male	wiki	human	antagonist	major
frozen_tt2294629	tt2294629	Olaf	485.48	nm1265802	male	wiki	other	protagonist	major
frozen_tt2294629	tt2294629	Sven	374.83		male	fandom	animal	protagonist	minor
frozen_tt2294629	tt2294629	Anna_(Young)	244.95	nm5597831	female	wiki	human		
frozen_tt2294629	tt2294629	Gothi	179.18	nm3099754	male	wiki	other		
frozen_tt2294629	tt2294629	Queen	175.09	nm1601644	female	wiki	human		
frozen_tt2294629	tt2294629	Bulda	172.3	nm6104921	female	wiki	other		
frozen_tt2294629	tt2294629	Elsa_(Young)	164.41	nm4181314	female	wiki	human		
frozen_tt2294629	tt2294629	Duke_Of_Weselton	152.03	nm0876138	male	wiki	human	antagonist	minor
frozen_tt2294629	tt2294629	King	136.43	nm0005606	male	wiki	human		
frozen_tt2294629	tt2294629	Kai	123.37	nm0027459	male	wiki	human		
frozen_tt2294629	tt2294629	Spanish_Dignitary	118.28	nm0181425	male	wiki	human		
frozen_tt2294629	tt2294629	Gerda	104.69	nm0566052	female	wiki	human		
frozen_tt2294629	tt2294629	German_Dignitary	88.63	nm0546122	male	wiki	human		
frozen_tt2294629	tt2294629	Horse	88.25		unknown	none	animal		
frozen_tt2294629	tt2294629	Oaken	81.29		male	fandom	human		
frozen_tt2294629	tt2294629	Kristoff_(Young)	72.2	nm3444392	male	wiki	human		
frozen_tt2294629	tt2294629	Irish_Dignitary	59.77	nm4130523	male	wiki	human		
frozen_tt2294629	tt2294629	Cliff	56.77	nm5642326	unknown	none	other		
frozen_tt2294629	tt2294629	Pabbie	52.55	nm0001354	male	wiki	other	protagonist	minor
frozen_tt2294629	tt2294629	Bishop	45.3	nm0683986	male	wiki	human		
frozen_tt2294629	tt2294629	Elsa_(Teen)	43.5		female	fandom	human		
frozen_tt2294629	tt2294629	Baby_Troll	40.79	nm5071577	unknown	none	other		
frozen.ii_tt4520988	tt4520988	Anna	1515.1	nm0068338	female	wiki	human	protagonist	major
frozen.ii_tt4520988	tt4520988	Elsa	1483.44	nm0579953	female	wiki	human	protagonist	major
frozen.ii_tt4520988	tt4520988	Kristoff	677.34	nm2676147	male	wiki	human	protagonist	minor
frozen.ii_tt4520988	tt4520988	Olaf	647.44	nm1265802	male	wiki	other	protagonist	minor
frozen.ii_tt4520988	tt4520988	Sven	421.05		male	fandom	animal	protagonist	minor
frozen.ii_tt4520988	tt4520988	Lieutenant_Mattias	247.04	nm1250791	male	wiki	human		
frozen.ii_tt4520988	tt4520988	Anna_(Young)	236.07	nm10783533	female	wiki	human		
frozen.ii_tt4520988	tt4520988	Queen_Iduna	209.33	nm0939697	female	wiki	human		
frozen.ii_tt4520988	tt4520988	Honeymaren	201.45	nm7847287	female	wiki	human		
frozen.ii_tt4520988	tt4520988	Ryder	201.24	nm0728762	male	wiki	human		
frozen.ii_tt4520988	tt4520988	Yelana	190.82	nm0000588	female	wiki	human		
frozen.ii_tt4520988	tt4520988	Elsa_(Young)	177.05	nm6945050	female	wiki	human		
frozen.ii_tt4520988	tt4520988	King_Agnarr	140.97	nm0000547	male	wiki	human		
frozen.ii_tt4520988	tt4520988	Arendellian_Soldier	101.64	nm0876138	male	wiki	human		
frozen.ii_tt4520988	tt4520988	Agnarr_(Young)	90.67	nm7970170	male	wiki	human		
frozen.ii_tt4520988	tt4520988	Pabbie	45.8	nm0001354	male	wiki	other		
frozen.ii_tt4520988	tt4520988	King_Runeard	45.55	nm0005438	male	wiki	other	antagonist	major
frozen.ii_tt4520988	tt4520988	Kai	44.5	nm0027459	male	wiki	human		
frozen.ii_tt4520988	tt4520988	Halima	42.92	nm2738799	unknown	none	human		
frozen.ii_tt4520988	tt4520988	Oaken	19.35		male	fandom	human		
frozen.ii_tt4520988	tt4520988	Bulda	17.64	nm6104921	female	wiki	other		
garfield_tt5779228	tt5779228	Garfield	2292.75	nm0695435	male	wiki	animal	protagonist	major
garfield_tt5779228	tt5779228	Vic	1174.51	nm0000168	male	wiki	animal	protagonist	major
garfield_tt5779228	tt5779228	Jon_Arbuckle	550.47	nm0396558	male	wiki	human	protagonist	minor
garfield_tt5779228	tt5779228	Jinx	415.29	nm1821446	female	wiki	animal	antagonist	major
garfield_tt5779228	tt5779228	Roland	360.36	nm2073429	male	wiki	animal	antagonist	minor
garfield_tt5779228	tt5779228	Lactose_Farms_Phone_Operator_#2	341.22	nm14776204	unknown	none	human		
garfield_tt5779228	tt5779228	Ethel	211	nm1466504	unknown	none	animal		
garfield_tt5779228	tt5779228	Maria	206.62	nm2484648	female	wiki	human		
garfield_tt5779228	tt5779228	Nolan	189.65	nm6299248	male	wiki	animal	antagonist	minor
garfield_tt5779228	tt5779228	Marge	182.22	nm5198446	female	wiki	human		
garfield_tt5779228	tt5779228	Snickers	113.7	nm3783307	male	wiki	animal		
garfield_tt5779228	tt5779228	Busboy	79.83	nm0520580	male	wiki	human		
garfield_tt5779228	tt5779228	Lactose_Farms_Phone_Operator_#1	77.87	nm1466504	unknown	none	human		
garfield_tt5779228	tt5779228	Vito	70.78	nm10787579	male	wiki	human		
garfield_tt5779228	tt5779228	Pound_Worker	67.36	nm10585156	unknown	none	human		
garfield_tt5779228	tt5779228	Olivia	53.76	nm7101192	female	wiki	animal		
garfield_tt5779228	tt5779228	Barry	42.71	nm14776204	male	fandom	animal		
garfield_tt5779228	tt5779228	Dr._Liz_Wilson	23.48	nm10681879	female	fandom	human		
gforce_tt0436339	tt0436339	Darwin	996.87	nm0005377	male	wiki	animal	protagonist	major
gforce_tt0436339	tt0436339	Blaster	565.9	nm0605079	male	wiki	animal	protagonist	major
gforce_tt0436339	tt0436339	Hurley	534.91	nm0269463	male	wiki	animal	protagonist	major
gforce_tt0436339	tt0436339	Juarez	435.6	nm0004851	female	wiki	animal	protagonist	major
gforce_tt0436339	tt0436339	Speckles	145.15	nm0000115	male	wiki	animal	antagonist	major
gforce_tt0436339	tt0436339	Bucky	114.86	nm0000114	male	wiki	animal	protagonist	minor
gnomeo..juliet_tt0377981	tt0377981	Gnomeo	1139.59	nm0564215	male	wiki	human	protagonist	major
gnomeo..juliet_tt0377981	tt0377981	Juliet	1000.37	nm1289434	female	wiki	human	protagonist	major
gnomeo..juliet_tt0377981	tt0377981	Benny	430.89	nm0524240	male	wiki	human	protagonist	minor
gnomeo..juliet_tt0377981	tt0377981	Lord_Redbrick	342.93	nm0000323	male	wiki	human	antagonist	minor
gnomeo..juliet_tt0377981	tt0377981	Nanette	301.68	nm0421332	female	wiki	animal	protagonist	minor
gnomeo..juliet_tt0377981	tt0377981	Tybalt	227.73	nm0005458	male	wiki	human	antagonist	major
gnomeo..juliet_tt0377981	tt0377981	Lady_Bluebury	215.72	nm0001749	female	wiki	human	antagonist	minor
gnomeo..juliet_tt0377981	tt0377981	Fawn	146.73	nm0005285	male	wiki	animal		
gnomeo..juliet_tt0377981	tt0377981	Flamingo	144.56		unknown	none	animal		
gnomeo..juliet_tt0377981	tt0377981	Conjoined_Gnome_Left	117.08	nm0072758	male	wiki	human		
gnomeo..juliet_tt0377981	tt0377981	Dolly_Gnome	116.74	nm0000573	female	wiki	human		
gnomeo..juliet_tt0377981	tt0377981	Paris	99.6	nm0580351	male	wiki	human	antagonist	minor
gnomeo..juliet_tt0377981	tt0377981	Fishing_Gnome	96.93	nm1844436	male	wiki	human		
gnomeo..juliet_tt0377981	tt0377981	Bunny	63.23		unknown	none	animal		
gnomeo..juliet_tt0377981	tt0377981	Conjoined_Gnome_Right	51.38	nm0565482	male	wiki	human		
gnomeo..juliet_tt0377981	tt0377981	Mankini_Gnome	46.71	nm2758713	unknown	none	human		
gnomeo..juliet_tt0377981	tt0377981	Call_Me_Doll	35.29	nm0395864	unknown	none	human		
gnomeo..juliet_tt0377981	tt0377981	Stone_Fish	33.28	nm1083220	female	wiki	animal		
good.dinosaur_tt1979388	tt1979388	Arlo	1448.32	nm2358105	male	wiki	animal	protagonist	major
good.dinosaur_tt1979388	tt1979388	Spot	661.16	nm3603996	male	fandom	human	protagonist	major
good.dinosaur_tt1979388	tt1979388	Young_Arlo	318.23	nm7050523	male	fandom	animal		
good.dinosaur_tt1979388	tt1979388	Poppa	283.37	nm0942482	male	wiki	animal		
good.dinosaur_tt1979388	tt1979388	Butch	248.21	nm0000385	male	wiki	animal	protagonist	minor
good.dinosaur_tt1979388	tt1979388	Ramsey	245.91	nm0001593	female	wiki	animal	protagonist	minor
good.dinosaur_tt1979388	tt1979388	Nash	189.44	nm0118568	male	wiki	animal	protagonist	minor
good.dinosaur_tt1979388	tt1979388	Momma	149.23	nm0000531	female	wiki	animal		
good.dinosaur_tt1979388	tt1979388	Thunderclap	99.06	nm0001872	male	wiki	animal		
good.dinosaur_tt1979388	tt1979388	Young_Libby	65.86	nm5558187	female	wiki	animal		
good.dinosaur_tt1979388	tt1979388	Cave_Family_Father	62.4		unknown	none	human		
good.dinosaur_tt1979388	tt1979388	Cave_Family_son	55.18		unknown	none	human		
good.dinosaur_tt1979388	tt1979388	Lurleane	53.68	nm2341896	female	wiki	animal		
good.dinosaur_tt1979388	tt1979388	Cave_Family_mother	52.97		unknown	none	human		
good.dinosaur_tt1979388	tt1979388	Pet_Collector	51.55	nm0812307	male	wiki	animal		
good.dinosaur_tt1979388	tt1979388	Buck	50.97	nm3851090	male	wiki	animal		
good.dinosaur_tt1979388	tt1979388	Bubbha	37.08	nm1460733	male	wiki	animal		
good.dinosaur_tt1979388	tt1979388	Tetrapodophis	34.08		unknown	none	animal		
good.dinosaur_tt1979388	tt1979388	Coldfront	23.48	nm0403051	male	wiki	animal		
good.dinosaur_tt1979388	tt1979388	Downpour	8.47	nm0294490	female	wiki	animal		
great.mouse.det_tt0091149	tt0091149	Basil_of_Baker_Street	1015.64	nm0408813	male	wiki	animal	protagonist	major
great.mouse.det_tt0091149	tt0091149	Dr._David_Q_Dawson	820.11	nm0079353	male	wiki	animal	protagonist	major
great.mouse.det_tt0091149	tt0091149	Professor_Ratigan	657.24	nm0001637	male	wiki	animal	antagonist	major
great.mouse.det_tt0091149	tt0091149	Olivia_Flaversham	654.36	nm0689527	female	wiki	animal	protagonist	major
great.mouse.det_tt0091149	tt0091149	Fidget	250.62	nm0133752	male	wiki	animal	antagonist	minor
great.mouse.det_tt0091149	tt0091149	Thug_3	207.33	nm0249456	male	wiki	animal		
great.mouse.det_tt0091149	tt0091149	Thug_1	200.37	nm0021656	male	wiki	animal		
great.mouse.det_tt0091149	tt0091149	Hiram_Flaversham	173.09	nm0949241	male	wiki	animal	protagonist	minor
great.mouse.det_tt0091149	tt0091149	Toby	156.66		male	fandom	animal	protagonist	minor
great.mouse.det_tt0091149	tt0091149	Mouse_Queen	153.36	nm0107470	female	wiki	animal		
great.mouse.det_tt0091149	tt0091149	Bartholomew	121.2	nm0408813	male	wiki	animal		
great.mouse.det_tt0091149	tt0091149	Miss_Kitty_Mouse	106.73	nm0541386	female	wiki	animal		
great.mouse.det_tt0091149	tt0091149	Mrs._Judson	95.93	nm0156243	female	wiki	animal		
great.mouse.det_tt0091149	tt0091149	Robot_Queen	91.05		unknown	none	animal		
great.mouse.det_tt0091149	tt0091149	Felicia	78.58		unknown	none	animal	antagonist	minor
great.mouse.det_tt0091149	tt0091149	Bar_Maid	73.07	nm0280441	female	wiki	animal		
great.mouse.det_tt0091149	tt0091149	Thug_2	72.99	nm0030615	male	wiki	animal		
great.mouse.det_tt0091149	tt0091149	Lady_Mouse	54.8		unknown	none	animal		
great.mouse.det_tt0091149	tt0091149	Thug_4	24.36	nm0079353	male	wiki	animal		
grinch_tt2709692	tt2709692	Grinch	1287.16	nm1212722	male	wiki	other	protagonist	major
grinch_tt2709692	tt2709692	Cindy-Lou_Who	634.09	nm7372981	female	wiki	human	protagonist	major
grinch_tt2709692	tt2709692	Max	526.82		male	fandom	animal	protagonist	major
grinch_tt2709692	tt2709692	Groopert	433.89	nm10232559	male	fandom	human		
grinch_tt2709692	tt2709692	Ozzy	307.31	nm5373238	male	wiki	human		
grinch_tt2709692	tt2709692	Donna_Who	279.11	nm0429069	female	wiki	human		
grinch_tt2709692	tt2709692	Bricklebaum	178.72	nm0860380	male	wiki	human		
grinch_tt2709692	tt2709692	Fred	172.17		unknown	none	animal		
grinch_tt2709692	tt2709692	Axl	172	nm6878893	male	wiki	human		
grinch_tt2709692	tt2709692	Izzy	84.67	nm5411494	female	wiki	human		
gullivers.trave_tt0031397	tt0031397	Gabby	748.11	nm0173416	male	wiki	human	protagonist	major
gullivers.trave_tt0031397	tt0031397	King_Little	549.45	nm0580271	male	wiki	human	protagonist	minor
gullivers.trave_tt0031397	tt0031397	King_Bombo	406.47	nm0682481	male	wiki	human	antagonist	major
gullivers.trave_tt0031397	tt0031397	Character_4	285.12		unknown	none	human		
gullivers.trave_tt0031397	tt0031397	Gulliver	276.51	nm0662603	male	wiki	human	protagonist	major
gullivers.trave_tt0031397	tt0031397	Character_1	273.74		unknown	none	human		
gullivers.trave_tt0031397	tt0031397	Character_2	272.34		unknown	none	human		
gullivers.trave_tt0031397	tt0031397	Character_3	172.37		unknown	none	human		
gullivers.trave_tt0031397	tt0031397	Character_5	148.48		unknown	none	human		
gullivers.trave_tt0031397	tt0031397	Character_8	140.44		unknown	none	human		
gullivers.trave_tt0031397	tt0031397	Prince_David	132.5	nm0397175	male	wiki	human	protagonist	minor
gullivers.trave_tt0031397	tt0031397	Character_11	125.46		unknown	none	human		
gullivers.trave_tt0031397	tt0031397	Princess_Glory	117.88		unknown	none	human	protagonist	minor
gullivers.trave_tt0031397	tt0031397	Bluebirds	102.04		unknown	none	animal		
gullivers.trave_tt0031397	tt0031397	White_bird	98.43		unknown	none	animal		
gullivers.trave_tt0031397	tt0031397	Character_6	97.53		unknown	none	human		
gullivers.trave_tt0031397	tt0031397	Character_7	47.61		unknown	none	human		
gullivers.trave_tt0031397	tt0031397	Character_10	41.67		unknown	none	human		
gullivers.trave_tt0031397	tt0031397	Character_9	37.37		unknown	none	human		
happy.feet_tt0366548	tt0366548	Mumble	1260.89	nm0000704	male	wiki	animal	protagonist	major
happy.feet_tt0366548	tt0366548	Raul	682.89	nm0101603	male	wiki	animal	protagonist	minor
happy.feet_tt0366548	tt0366548	Gloria	617.08	nm0005261	female	wiki	animal	protagonist	major
happy.feet_tt0366548	tt0366548	Norma_Jean	484.15	nm0000173	female	wiki	animal	protagonist	minor
happy.feet_tt0366548	tt0366548	Mumble_(Baby)	438.02	nm0197354	male	fandom	animal		
happy.feet_tt0366548	tt0366548	Memphis	429.68	nm0413168	male	wiki	animal	protagonist	minor
happy.feet_tt0366548	tt0366548	Ramon	356.56	nm0000245	male	wiki	animal	protagonist	minor
happy.feet_tt0366548	tt0366548	Elder_1	338.3	nm1043022	male	wiki	animal	antagonist	minor
happy.feet_tt0366548	tt0366548	Gloria_(Baby)	162.66	nm1372025	female	wiki	animal		
happy.feet_tt0366548	tt0366548	Rinaldo	144.85	nm0305261	male	wiki	animal	protagonist	minor
happy.feet_tt0366548	tt0366548	Lombardo	140.22	nm1146844	male	wiki	animal	protagonist	minor
happy.feet_tt0366548	tt0366548	Lovelace	113.41	nm0000245	male	wiki	animal	protagonist	minor
happy.feet_tt0366548	tt0366548	Boss_Skua	98.77	nm0001439	male	wiki	animal	antagonist	minor
happy.feet_tt0366548	tt0366548	Seymour_(Baby)	59.68	nm1235203	male	wiki	animal		
happy.feet_tt0366548	tt0366548	Leopard_Seal	58.77	nm0741648	male	wiki	animal	antagonist	minor
happy.feet_tt0366548	tt0366548	Vinnie	58.48	nm0458350	male	wiki	animal		
happy.feet_tt0366548	tt0366548	Bryan_the_Beachmaster	53.35		unknown	none	animal		
happy.feet_tt0366548	tt0366548	Dino	37.12	nm0542706	male	wiki	animal		
home_tt2224026	tt2224026	Oh	2494.16	nm1433588	male	wiki	other	protagonist	major
home_tt2224026	tt2224026	Tip	1471.51	nm1982597	female	wiki	human	protagonist	major
home_tt2224026	tt2224026	Captain_Smek	551.34	nm0000188	male	wiki	other	antagonist	major
home_tt2224026	tt2224026	Kyle	345.39	nm2804503	male	wiki	other	antagonist	minor
home_tt2224026	tt2224026	Pig	305.1		unknown	none	animal	protagonist	minor
home_tt2224026	tt2224026	Tip's_Mother	257.59	nm0000182	female	wiki	human	protagonist	minor
home_tt2224026	tt2224026	Father	46.76	nm0826745	male	wiki	human		
home_tt2224026	tt2224026	Gorg_Commander	45.04	nm0826745	male	wiki	other	antagonist	minor
hop_tt1411704	tt1411704	E.B.	1184.89	nm1258970	male	wiki	animal	protagonist	major
hop_tt1411704	tt1411704	Carlos	466.34	nm0000279	male	wiki	animal	antagonist	major
hop_tt1411704	tt1411704	E.B.'s_Dad	368.62	nm0491402	male	wiki	animal	protagonist	minor
hop_tt1411704	tt1411704	Phil	324.62	nm0000279	male	wiki	animal	antagonist	minor
hop_tt1411704	tt1411704	E.B._(Young)	217.47	nm3642249	male	fandom	animal		
hop_tt1411704	tt1411704	Fluffy_of_the_Pink_Berets	140.1		unknown	none	animal		
hop_tt1411704	tt1411704	Bit_of_the_Pink_Berets	76.28		unknown	none	animal		
horton.hears.a._tt0451079	tt0451079	Horton_the_Elephant	1128.21	nm0000120	male	wiki	animal	protagonist	major
horton.hears.a._tt0451079	tt0451079	Old_Time_Who	599.06	nm0029460	male	wiki	human		
horton.hears.a._tt0451079	tt0451079	Sour_Kangaroo	364.49	nm0000993	female	wiki	animal	antagonist	major
horton.hears.a._tt0451079	tt0451079	Mayor_Ned_McDodd	338.88	nm0136797	male	wiki	other	protagonist	major
horton.hears.a._tt0451079	tt0451079	JoJo_McDodd	206.62	nm0565366	male	wiki	human	protagonist	minor
horton.hears.a._tt0451079	tt0451079	Wickersham_Guard_1	205.71	nm0250616	male	wiki	other		
horton.hears.a._tt0451079	tt0451079	Sally_O'Malley	205.58	nm0688132	female	wiki	human		
horton.hears.a._tt0451079	tt0451079	Morton_the_Mouse	173.72	nm0736622	male	wiki	animal		
horton.hears.a._tt0451079	tt0451079	Rudy_Kangaroo	162.66	nm1346160	male	wiki	other		
horton.hears.a._tt0451079	tt0451079	Yummo_Wickersham	130.21	nm0283945	male	wiki	other		
horton.hears.a._tt0451079	tt0451079	Tommy	113.32	nm1706767	male	wiki	other		
horton.hears.a._tt0451079	tt0451079	Councilman	107.02	nm0283945	male	wiki	other		
horton.hears.a._tt0451079	tt0451079	Glummox_Mom	88.67	nm0628170	female	wiki	other		
horton.hears.a._tt0451079	tt0451079	Miss_Yelp	86.59	nm0621788	female	wiki	human		
horton.hears.a._tt0451079	tt0451079	Katie	82.92	nm1428821	female	wiki	other		
horton.hears.a._tt0451079	tt0451079	Dentist	70.9	nm1075446	male	wiki	other		
horton.hears.a._tt0451079	tt0451079	Willie_Bear	68.15	nm0267724	male	wiki	other		
horton.hears.a._tt0451079	tt0451079	Holly	64.4	nm1534182	female	wiki	other		
horton.hears.a._tt0451079	tt0451079	Who_Mom	59.6	nm0220635	female	wiki	other		
horton.hears.a._tt0451079	tt0451079	Dr._Mary_Lou_LaRue	57.31	nm0279545	female	wiki	human		
horton.hears.a._tt0451079	tt0451079	Jessica_Quilligan	50.59	nm1925026	female	wiki	other		
horton.hears.a._tt0451079	tt0451079	Heather	44.42	nm1192137	unknown	none	other		
horton.hears.a._tt0451079	tt0451079	Angela	40.21	nm0642601	female	wiki	other		
horton.hears.a._tt0451079	tt0451079	Mrs._Quilligan	37.08	nm0005326	female	wiki	other		
horton.hears.a._tt0451079	tt0451079	Haley	33.45	nm2946537	unknown	none	other		
horton.hears.a._tt0451079	tt0451079	Hooly	31.2	nm2359423	unknown	none	other		
horton.hears.a._tt0451079	tt0451079	Who_Kid	31.03	nm0228327	female	wiki	other		
horton.hears.a._tt0451079	tt0451079	Obnoxious_Who	25.36	nm0371755	male	wiki	human		
horton.hears.a._tt0451079	tt0451079	Hanna	23.36	nm2946553	unknown	none	other		
horton.hears.a._tt0451079	tt0451079	Hildy	21.02	nm1534182	female	wiki	other		
horton.hears.a._tt0451079	tt0451079	Helen	17.48	nm1462248	unknown	none	other		
horton.hears.a._tt0451079	tt0451079	Hedy	16.06	nm2359423	unknown	none	other		
horton.hears.a._tt0451079	tt0451079	Heidi	9.38	nm2946537	unknown	none	other		
hotel.transylva_tt0837562	tt0837562	Dracula	1925.42	nm0001191	male	wiki	human	protagonist	major
hotel.transylva_tt0837562	tt0837562	Jonathan	1235.4	nm1676221	male	wiki	human	protagonist	major
hotel.transylva_tt0837562	tt0837562	Mavis	936.77	nm1411125	female	wiki	human	protagonist	major
hotel.transylva_tt0837562	tt0837562	Frankenstein	551.55	nm0416673	male	wiki	other		
hotel.transylva_tt0837562	tt0837562	Wayne	391.14	nm0000114	male	wiki	animal		
hotel.transylva_tt0837562	tt0837562	Murray	296.55	nm0123741	male	wiki	other		
hotel.transylva_tt0837562	tt0837562	Quasimodo	207.83	nm0001484	male	wiki	human	antagonist	minor
hotel.transylva_tt0837562	tt0837562	Wanda	187.77	nm0788340	female	wiki	animal		
hotel.transylva_tt0837562	tt0837562	Eunice	182.1	nm0000376	female	wiki	other		
hotel.transylva_tt0837562	tt0837562	Skeleton_Husband	167.71	nm1443527	male	wiki	human		
hotel.transylva_tt0837562	tt0837562	Mavis_(Young)	161.29	nm2490721	female	wiki	human		
hotel.transylva_tt0837562	tt0837562	Marty	146.56	nm0806912	male	wiki	animal		
hotel.transylva_tt0837562	tt0837562	Winnie	146.52	nm2490721	female	wiki	animal		
hotel.transylva_tt0837562	tt0837562	Hairy_Monster	115.49	nm0564836	male	wiki	other		
hotel.transylva_tt0837562	tt0837562	Pilot	109.69	nm0821026	male	wiki	human		
hotel.transylva_tt0837562	tt0837562	Zombie	100.64	nm4204968	male	wiki	human		
hotel.transylva_tt0837562	tt0837562	Foreman	92.59	nm0930841	unknown	none	human		
hotel.transylva_tt0837562	tt0837562	Hydra_Head	79.95	nm4204968;nm0813363;nm0936364;nm0446063;nm0564836	unknown	none	other		
hotel.transylva_tt0837562	tt0837562	Gremlin_Man	77.29	nm0813363	unknown	none	other		
hotel.transylva_tt0837562	tt0837562	Shrunken_Head	70.74	nm0936364	male	wiki	human		
hotel.transylva_tt0837562	tt0837562	Fly	64.61	nm0663177	male	wiki	animal		
hotel.transylva_tt0837562	tt0837562	Suit_of_Armor	46.46	nm0313364	male	wiki	human		
hotel.transylva_tt2510894	tt2510894	Dracula	1749.12	nm0001191	male	wiki	human	protagonist	major
hotel.transylva_tt2510894	tt2510894	Dennis	1108.23	nm6239143	male	wiki	human	protagonist	major
hotel.transylva_tt2510894	tt2510894	Mavis	985.36	nm1411125	female	wiki	human	protagonist	major
hotel.transylva_tt2510894	tt2510894	Jonathan	785.28	nm1676221	male	wiki	human	protagonist	major
hotel.transylva_tt2510894	tt2510894	Frankenstein	608.65	nm0416673	male	wiki	human		
hotel.transylva_tt2510894	tt2510894	Wayne	452.49	nm0000114	male	wiki	animal		
hotel.transylva_tt2510894	tt2510894	Murray	285.79	nm1221047	male	wiki	other		
hotel.transylva_tt2510894	tt2510894	Grandma_Linda	240.2	nm0005259	female	wiki	human		
hotel.transylva_tt2510894	tt2510894	Grandpa_Mike	226.68	nm0644406	male	wiki	human		
hotel.transylva_tt2510894	tt2510894	Bela	177.51	nm1443527	male	wiki	other	antagonist	major
hotel.transylva_tt2510894	tt2510894	Johnny_Vampire_Costume	166.54		unknown	none	human		
hotel.transylva_tt2510894	tt2510894	Vlad	158.37	nm0000316	male	wiki	human	antagonist	minor
hotel.transylva_tt2510894	tt2510894	Vampire_Kid	148.27	nm3927383	female	wiki	human		
hotel.transylva_tt2510894	tt2510894	Dana	141.89	nm0001022	male	wiki	human		
hotel.transylva_tt2510894	tt2510894	Winnie	141.22	nm2490721	female	wiki	animal		
hotel.transylva_tt2510894	tt2510894	Kid_#1	129.17		unknown	none	human		
hotel.transylva_tt2510894	tt2510894	Blobby	117.66	nm0813363	male	fandom	other		
hotel.transylva_tt2510894	tt2510894	Red_Head_Human_Woman	113.49		unknown	none	human		
hotel.transylva_tt2510894	tt2510894	Grandpa_Vlad_Dracula_	103.1		male	fandom	human		
hotel.transylva_tt2510894	tt2510894	Blue_Big_Lip_Monster	97.85		unknown	none	other		
hotel.transylva_tt2510894	tt2510894	*Winnie's_Brothers	97.39		unknown	none	animal		
hotel.transylva_tt2510894	tt2510894	Eunice	94.22	nm0000376	female	wiki	human		
hotel.transylva_tt2510894	tt2510894	Kakie	91.38	nm0441592	male	wiki	other		
hotel.transylva_tt2510894	tt2510894	Kakie_Red	87.25	nm0441592	male	wiki	other		
hotel.transylva_tt2510894	tt2510894	Purple_One-Eyed_Monster	87.13		unknown	none	other		
hotel.transylva_tt2510894	tt2510894	Abominable_Snowman	76.95		unknown	none	animal		
hotel.transylva_tt2510894	tt2510894	Troy	76.03	nm7583330	unknown	none	human		
hotel.transylva_tt2510894	tt2510894	Caren	63.94	nm3596979	female	wiki	human		
hotel.transylva_tt2510894	tt2510894	Wanda	59.93	nm0788340	female	wiki	animal		
hotel.transylva_tt2510894	tt2510894	Dennis_Bat_Form	52.3	nm6239143	male	wiki	animal		
hotel.transylva_tt2510894	tt2510894	Jogger_#1	51.47	nm3596979	female	wiki	human		
hotel.transylva_tt2510894	tt2510894	Jogger_#2	50.26	nm2930565	unknown	none	human		
hotel.transylva_tt2510894	tt2510894	Ticket_Agent	48.51	nm0008231	female	wiki	human		
hotel.transylva_tt2510894	tt2510894	*Shrunken_Heads	48.21	nm0132685	female	wiki	human		
hotel.transylva_tt2510894	tt2510894	Dracula_Bat_Form	46.34	nm0001191	male	wiki	animal		
hotel.transylva_tt2510894	tt2510894	Pandragora	40.33	nm4204968	male	wiki	human		
hotel.transylva_tt2510894	tt2510894	Red_Helmet_Kid	37.37		unknown	none	human		
hotel.transylva_tt2510894	tt2510894	Kid_#2	33.83		unknown	none	human		
hotel.transylva_tt2510894	tt2510894	Fly_Guy	33.78	nm0663177	male	wiki	animal		
hotel.transylva_tt2510894	tt2510894	Kal	30.32	nm0197682	male	wiki	human		
hotel.transylva_tt2510894	tt2510894	Dracula_Nurse_Costume	28.82	nm0001191	male	wiki	human		
hotel.transylva_tt2510894	tt2510894	Marty	23.31	nm0806912	male	wiki	other		
hotel.transylva_tt2510894	tt2510894	Purple_Shirt_Blonde_Human_Woman	23.19		unknown	none	human		
hotel.transylva_tt2510894	tt2510894	Tourist_Driver	22.48	nm0761977	male	wiki	human		
hotel.transylva_tt2510894	tt2510894	Phantom_of_the_Opera	18.81	nm0001484	male	wiki	human		
hotel.transylva_tt2510894	tt2510894	Kelsey	17.43	nm0841910	female	fandom	human		
hotel.transylva_tt2510894	tt2510894	Tourist_Passenger	14.22	nm3596979	female	wiki	human		
hotel.transylva_tt5220122	tt5220122	Dracula	1223.1	nm0001191	male	wiki	human	protagonist	major
hotel.transylva_tt5220122	tt5220122	Ericka_Van_Helsing	751.04	nm1063517	female	wiki	human	antagonist	minor
hotel.transylva_tt5220122	tt5220122	Mavis	734.94	nm1411125	female	wiki	human	protagonist	major
hotel.transylva_tt5220122	tt5220122	Frankenstein	372.91	nm0416673	male	wiki	human		
hotel.transylva_tt5220122	tt5220122	Jonathan	366.32	nm1676221	male	wiki	human	protagonist	minor
hotel.transylva_tt5220122	tt5220122	Van_Helsing	314.31	nm0300712	male	wiki	human	antagonist	major
hotel.transylva_tt5220122	tt5220122	Dennis	248.58	nm6239143	male	wiki	human		
hotel.transylva_tt5220122	tt5220122	Winnie	169.38	nm2490721	female	wiki	animal		
hotel.transylva_tt5220122	tt5220122	Murray	154.36	nm1221047	male	wiki	other		
hotel.transylva_tt5220122	tt5220122	Eunice	149.98	nm0000376	female	wiki	human		
hotel.transylva_tt5220122	tt5220122	Tinkles	139.93	nm0926679	male	wiki	animal		
hotel.transylva_tt5220122	tt5220122	Wayne	137.97	nm0000114	male	wiki	animal		
hotel.transylva_tt5220122	tt5220122	Abominable_Snowman	113.86		unknown	none	animal		
hotel.transylva_tt5220122	tt5220122	Wanda	111.9	nm0788340	female	wiki	animal		
hotel.transylva_tt5220122	tt5220122	Sunny	100.52	nm3927383	female	wiki	animal		
hotel.transylva_tt5220122	tt5220122	*Werewolf_Siblings	100.14		unknown	none	animal		
hotel.transylva_tt5220122	tt5220122	Blue_Big_Lipped_Monster	94.18		unknown	none	other		
hotel.transylva_tt5220122	tt5220122	Blobby_Son	86.13	nm0850733	male	wiki	other		
hotel.transylva_tt5220122	tt5220122	Blue_Spiky_Monster	80.62		unknown	none	other		
hotel.transylva_tt5220122	tt5220122	Monster_#1	74.87		unknown	none	other		
hotel.transylva_tt5220122	tt5220122	Purple_One_Eye_Monster_White_Chin	74.82		unknown	none	other		
hotel.transylva_tt5220122	tt5220122	Blue_Teeth_Monster	68.28		unknown	none	other		
hotel.transylva_tt5220122	tt5220122	Pink_One-Eyed_Monster	68.28		unknown	none	other		
hotel.transylva_tt5220122	tt5220122	Red_Big_Lipped_Monster	65.73		unknown	none	other		
hotel.transylva_tt5220122	tt5220122	Vlad	63.98	nm0000316	male	wiki	human		
hotel.transylva_tt5220122	tt5220122	Witch_#2	53.97	nm0613740	female	wiki	human		
hotel.transylva_tt5220122	tt5220122	Monster_#2	49.51		unknown	none	other		
hotel.transylva_tt5220122	tt5220122	Gremlin_Pilot	47.05	nm5263129	male	wiki	other		
hotel.transylva_tt5220122	tt5220122	Witch_#3	41.67	nm0037167	female	wiki	human		
hotel.transylva_tt5220122	tt5220122	Frankenlady	41.62	nm0152839	female	wiki	human		
hotel.transylva_tt5220122	tt5220122	Lucy	39.58	nm9324665	unknown	none	other		
hotel.transylva_tt5220122	tt5220122	Skeleton	38.66		unknown	none	human		
hotel.transylva_tt5220122	tt5220122	Gremlin_Stewardess	37.08	nm5263129	male	wiki	other		
hotel.transylva_tt5220122	tt5220122	Witch_#1	36.24	nm0613740	female	wiki	human		
hotel.transylva_tt5220122	tt5220122	Hydra_Monster	33.83		unknown	none	other		
hotel.transylva_tt5220122	tt5220122	Stan	29.11	nm0663177	male	wiki	animal		
hotel.transylva_tt5220122	tt5220122	Austrian_Boy	28.03	nm3692199	male	wiki	human		
hotel.transylva_tt5220122	tt5220122	Gremlins	22.9	nm5263129	male	wiki	other		
hotel.transylva_tt5220122	tt5220122	Kelsey	19.69	nm0613740	female	wiki	other		
hotel.transylva_tt5220122	tt5220122	Chupacabra	17.23	nm0131781	male	wiki	other		
hotel.transylva_tt5220122	tt5220122	Zingr_Witch	12.68	nm0037167	female	wiki	human		
how.to.train.yo_tt0892769	tt0892769	Hiccup_Haddock_III	1674.76	nm0059431	male	wiki	human	protagonist	major
how.to.train.yo_tt0892769	tt0892769	Stoick_the_Vast	524.44	nm0124930	male	wiki	human	protagonist	minor
how.to.train.yo_tt0892769	tt0892769	Astrid_Hofferson	507.51	nm1065229	female	wiki	human	protagonist	minor
how.to.train.yo_tt0892769	tt0892769	Toothless	396.02	nm0858378	male	wiki	other	protagonist	major
how.to.train.yo_tt0892769	tt0892769	Gobber_the_Belch	328.75	nm0272401	male	wiki	human	protagonist	minor
how.to.train.yo_tt0892769	tt0892769	Snotlout_Jorgenson	222.6	nm1706767	male	wiki	human	protagonist	minor
how.to.train.yo_tt0892769	tt0892769	Fishlegs	146.77	nm2395586	male	wiki	human	protagonist	minor
how.to.train.yo_tt0892769	tt0892769	Tuffnut_Thorston	139.18	nm2554352	male	wiki	human	protagonist	minor
how.to.train.yo_tt0892769	tt0892769	Ruffnut_Thorston	115.49	nm1325419	female	wiki	human	protagonist	minor
how.to.train.yo_tt0892769	tt0892769	Hookfang	73.78		male	fandom	other		
how.to.train.yo_tt0892769	tt0892769	Barf_and_Belch	67.78		unknown	none	other		
how.to.train.yo_tt0892769	tt0892769	Deadly_Nadder	51.18		unknown	none	other		
how.to.train.yo_tt0892769	tt0892769	Meatlug	49.84		unknown	none	other		
how.to.train.yo_tt0892769	tt0892769	Gothi	32.28		female	fandom	human		
how.to.train.yo_tt0892769	tt0892769	Hideous_Zippleback	11.05		unknown	none	other		
how.to.train.yo_tt1646971	tt1646971	Hiccup_Horrendous_Haddock_III_(Franchise)	1372.66	nm0059431	male	wiki	human	protagonist	major
how.to.train.yo_tt1646971	tt1646971	Valka_(Franchise)	644.1	nm0000949	female	wiki	human	protagonist	minor
how.to.train.yo_tt1646971	tt1646971	Toothless_(Franchise)	458.96	nm0858378	male	wiki	other	protagonist	major
how.to.train.yo_tt1646971	tt1646971	Astrid_Hofferson_(Franchise)	419.25	nm1065229	female	wiki	human	protagonist	minor
how.to.train.yo_tt1646971	tt1646971	Stoick_the_Vast_(Franchise)	363.36	nm0124930	male	wiki	human	protagonist	minor
how.to.train.yo_tt1646971	tt1646971	Eret,_Son_of_Eret_(Franchise)	278.11	nm3229685	male	wiki	human	antagonist	minor
how.to.train.yo_tt1646971	tt1646971	Drago_Bludvist_(Franchise)	262.72	nm0005023	male	wiki	human	antagonist	major
how.to.train.yo_tt1646971	tt1646971	Snotlout_Jorgenson_(Franchise)	154.61	nm1706767	male	wiki	human		
how.to.train.yo_tt1646971	tt1646971	Drago's_Bewilderbeast	146.65		male	fandom	human	antagonist	major
how.to.train.yo_tt1646971	tt1646971	Stormfly	133.42		female	fandom	other		
how.to.train.yo_tt1646971	tt1646971	Gobber_the_Belch_(Franchise)	106.61	nm0272401	male	wiki	human		
how.to.train.yo_tt1646971	tt1646971	Fishlegs_Ingerman_(Franchise)	105.1	nm2395586	male	wiki	human		
how.to.train.yo_tt1646971	tt1646971	Ruffnut_Thorston_(Franchise)	92.13	nm1325419	female	wiki	human		
how.to.train.yo_tt1646971	tt1646971	Cloudjumper	85.96		male	fandom	other		
how.to.train.yo_tt1646971	tt1646971	Skullcrusher	82.21		male	fandom	other		
how.to.train.yo_tt1646971	tt1646971	Tuffnut_Thorston_(Franchise)	70.53	nm2554352	male	wiki	human		
how.to.train.yo_tt1646971	tt1646971	Spitelout	48.76		male	fandom	human		
how.to.train.yo_tt1646971	tt1646971	Grump	46.05		male	fandom	other		
how.to.train.yo_tt1646971	tt1646971	Barf_and_Belch_(Franchise)	45.63		male	fandom	other		
how.to.train.yo_tt1646971	tt1646971	Gothi_(Franchise)	27.07		female	fandom	human		
how.to.train.yo_tt2386490	tt2386490	Hiccup	1260.43	nm0059431	male	wiki	human	protagonist	major
how.to.train.yo_tt2386490	tt2386490	Astrid	612.15	nm1065229	female	wiki	human	protagonist	major
how.to.train.yo_tt2386490	tt2386490	Toothless	575.7	nm0858378	male	wiki	other	protagonist	major
how.to.train.yo_tt2386490	tt2386490	Grimmel	321.57	nm0000719	male	wiki	human	antagonist	major
how.to.train.yo_tt2386490	tt2386490	Valka	295.84	nm0000949	female	wiki	human	protagonist	minor
how.to.train.yo_tt2386490	tt2386490	Light_Fury	224.93		female	fandom	other	protagonist	major
how.to.train.yo_tt2386490	tt2386490	Snotlout	206.71	nm1706767	male	wiki	human		
how.to.train.yo_tt2386490	tt2386490	Eret	164.33	nm3229685	male	wiki	human		
how.to.train.yo_tt2386490	tt2386490	Hiccup_(Young)	164.29	nm7851743	unknown	none	human		
how.to.train.yo_tt2386490	tt2386490	Tuffnut	154.36	nm5004187	male	fandom	human	protagonist	minor
how.to.train.yo_tt2386490	tt2386490	Stormfly	127.17		female	fandom	other	protagonist	minor
how.to.train.yo_tt2386490	tt2386490	Ruffnut	124.58	nm1325419	female	wiki	human	protagonist	minor
how.to.train.yo_tt2386490	tt2386490	Gobber	123.42	nm0272401	male	wiki	human		
how.to.train.yo_tt2386490	tt2386490	Ragnar_the_Rock	105.27	nm0959963	male	wiki	human		
how.to.train.yo_tt2386490	tt2386490	Stoick	96.01	nm0124930	male	wiki	human	protagonist	minor
how.to.train.yo_tt2386490	tt2386490	Hobgobbler	75.2		unknown	none	other		
how.to.train.yo_tt2386490	tt2386490	Skullcrusher	66.9		male	fandom	other		
how.to.train.yo_tt2386490	tt2386490	Fishlegs	64.15	nm2395586	male	wiki	human		
how.to.train.yo_tt2386490	tt2386490	Ivar_the_Witless	54.68	nm0855039	male	wiki	human		
how.to.train.yo_tt2386490	tt2386490	Spitelout	35.7	nm0855039	male	wiki	human		
how.to.train.yo_tt2386490	tt2386490	Griselda_the_Grevious	30.07	nm1160735	female	fandom	human		
how.to.train.yo_tt2386490	tt2386490	Baby_Deadly_Nadder	17.89		unknown	none	other		
hunchback.of.no_tt0116583	tt0116583	Quasimodo	1598.43	nm0001371	male	wiki	human	protagonist	major
hunchback.of.no_tt0116583	tt0116583	Frollo	882.38	nm0419645	male	wiki	human	antagonist	major
hunchback.of.no_tt0116583	tt0116583	Esmeralda	826.78	nm0000193	female	wiki	human	protagonist	major
hunchback.of.no_tt0116583	tt0116583	Phoebus	665.54	nm0000177	male	wiki	human	protagonist	major
hunchback.of.no_tt0116583	tt0116583	Hugo	298.76	nm0004517	male	wiki	other		
hunchback.of.no_tt0116583	tt0116583	Laverne	288.45	nm0926897	female	wiki	other		
hunchback.of.no_tt0116583	tt0116583	Victor	274.61	nm0453909	male	wiki	other		
hunchback.of.no_tt0116583	tt0116583	Guards	241.28	nm0191906	male	wiki	human	antagonist	minor
hunchback.of.no_tt0116583	tt0116583	Archdeacon	216.88	nm0001773	male	wiki	human	protagonist	minor
hunchback.of.no_tt0116583	tt0116583	Clopin	188.19	nm0437199	male	wiki	human	protagonist	minor
hunchback.of.no_tt0116583	tt0116583	Dijali	175.76	nm0074834	male	fandom	animal		
hunchback.of.no_tt0116583	tt0116583	Gypsies	97.68	nm0191906	male	wiki	human		
hunchback.of.no_tt0116583	tt0116583	Quasimodo's_Mother	77.58	nm0074834	female	wiki	human		
hunchback.of.no_tt0116583	tt0116583	Old_Heretic	17.48	nm0873779	male	wiki	human		
ice.age_tt0268380	tt0268380	Sid	959.58	nm0000491	male	wiki	animal	protagonist	major
ice.age_tt0268380	tt0268380	Roshan,_the_Infant	644.31	nm0152839	female	wiki	animal	protagonist	minor
ice.age_tt0268380	tt0268380	Diego	614.53	nm0001459	male	wiki	animal	protagonist	major
ice.age_tt0268380	tt0268380	Manny	371.45	nm0005380	male	wiki	animal	protagonist	major
ice.age_tt0268380	tt0268380	Soto	201.91	nm0899681	male	wiki	animal	antagonist	major
ice.age_tt0268380	tt0268380	Scrat	172.67	nm0917188	male	wiki	animal		
ice.age_tt0268380	tt0268380	Runar	144.35		male	fandom	animal		
ice.age_tt0268380	tt0268380	Carl	87.38	nm0147825	male	wiki	animal		
ice.age_tt0268380	tt0268380	Frank	86.17	nm0740535	male	wiki	animal		
ice.age_tt0268380	tt0268380	Nadia	82	nm18317007	female	fandom	animal		
ice.age_tt0268380	tt0268380	Zeke	78.45	nm0085312	male	wiki	animal		
ice.age_tt0268380	tt0268380	Jennifer	67.57	nm0005105	female	wiki	animal		
ice.age_tt0268380	tt0268380	Dodo_5	66.23	nm0917188	male	wiki	animal		
ice.age_tt0268380	tt0268380	Rachel	43.33	nm0046715	female	wiki	animal		
ice.age_tt0268380	tt0268380	Lenny	42.33	nm0876138	male	wiki	animal		
ice.age_tt0268380	tt0268380	Start_1	37	nm0740535	male	wiki	animal		
ice.age_tt0268380	tt0268380	Freaky_Mammal_1	25.69	nm0010004	male	wiki	animal		
ice.age_tt0268380	tt0268380	Glypto_1	20.94	nm0226986	female	wiki	animal		
ice.age_tt0268380	tt0268380	Freaky_Mammal_2	16.47	nm0876138	male	wiki	animal		
ice.age.collisi_tt3416828	tt3416828	Pythagoras_Buck	607.44	nm0670408	male	wiki	animal	protagonist	major
ice.age.collisi_tt3416828	tt3416828	Peaches	416.71	nm1551130	female	wiki	animal	protagonist	major
ice.age.collisi_tt3416828	tt3416828	Sid	377.04	nm0000491	male	wiki	animal	protagonist	major
ice.age.collisi_tt3416828	tt3416828	Diego	352.19	nm0001459	male	wiki	animal	protagonist	major
ice.age.collisi_tt3416828	tt3416828	Ellie	343.76	nm0001451	female	wiki	animal	protagonist	major
ice.age.collisi_tt3416828	tt3416828	Julian	316.77	nm2796745	male	wiki	animal	protagonist	major
ice.age.collisi_tt3416828	tt3416828	Manny	305.97	nm0005380	male	wiki	animal	protagonist	major
ice.age.collisi_tt3416828	tt3416828	Shira	258.09	nm0000182	female	wiki	animal	protagonist	minor
ice.age.collisi_tt3416828	tt3416828	Eddie	243.03	nm0669681	male	wiki	animal		
ice.age.collisi_tt3416828	tt3416828	Brooke	194.28	nm3697476	female	wiki	animal	protagonist	minor
ice.age.collisi_tt3416828	tt3416828	Gavin	191.27	nm0644406	male	wiki	animal	antagonist	major
ice.age.collisi_tt3416828	tt3416828	Gertie	167.08	nm3715867	female	wiki	animal		
ice.age.collisi_tt3416828	tt3416828	Scrat	160.79	nm0917188	male	wiki	animal		
ice.age.collisi_tt3416828	tt3416828	Crash	158.53	nm0005405	male	wiki	animal		
ice.age.collisi_tt3416828	tt3416828	Granny	140.97	nm0843100	female	wiki	animal	protagonist	minor
ice.age.collisi_tt3416828	tt3416828	Andrew_Aardvark	134.09	nm8285160	unknown	none	animal		
ice.age.collisi_tt3416828	tt3416828	Shangri_Llama	130.34	nm0272479	male	wiki	animal	antagonist	minor
ice.age.collisi_tt3416828	tt3416828	Roger	109.78	nm0339011	male	wiki	animal	antagonist	minor
ice.age.collisi_tt3416828	tt3416828	Steffie	107.73		female	fandom	animal		
ice.age.collisi_tt3416828	tt3416828	Neil_deBuck_Weasel	62.85	nm1183205	male	wiki	animal		
ice.age.collisi_tt3416828	tt3416828	Bubbles	60.31	nm6530360	female	wiki	animal		
ice.age.collisi_tt3416828	tt3416828	Teddy	57.89	nm1476939	male	wiki	animal		
ice.age.collisi_tt3416828	tt3416828	Molehog_(character)	55.18		unknown	none	animal		
ice.age.collisi_tt3416828	tt3416828	Geotopia_Diatryma	45.92		unknown	none	animal		
ice.age.collisi_tt3416828	tt3416828	Geotopia_Palaeotherium	45.8		unknown	none	animal		
ice.age.collisi_tt3416828	tt3416828	Mariachi_Band_Baptornis	31.03		unknown	none	animal		
ice.age.collisi_tt3416828	tt3416828	Ethel	29.82		female	fandom	animal		
ice.age.collisi_tt3416828	tt3416828	Vera	24.98		female	fandom	animal		
ice.age.collisi_tt3416828	tt3416828	Lily_Start	22.9	nm5118132	unknown	none	animal		
ice.age.collisi_tt3416828	tt3416828	Cindy	18.69		unknown	none	animal		
ice.age.collisi_tt3416828	tt3416828	Mother_Triceratops	10.68		unknown	none	animal		
ice.age.collisi_tt3416828	tt3416828	Mother_Aardvark	9.38		unknown	none	animal		
ice.age.collisi_tt3416828	tt3416828	Geotopia_Shovelmouth	8.43		unknown	none	animal		
ice.age.contine_tt1667889	tt1667889	Diego	594.51	nm0001459	male	wiki	animal	protagonist	major
ice.age.contine_tt1667889	tt1667889	Sid	504.09	nm0000491	male	wiki	animal	protagonist	major
ice.age.contine_tt1667889	tt1667889	Peaches	446.32	nm1551130	female	wiki	animal	protagonist	major
ice.age.contine_tt1667889	tt1667889	Gutt	414.04	nm0227759	male	wiki	animal	antagonist	major
ice.age.contine_tt1667889	tt1667889	Shira	343.09	nm0000182	female	wiki	animal	protagonist	minor
ice.age.contine_tt1667889	tt1667889	Manny	334.21	nm0005380	male	wiki	animal	protagonist	major
ice.age.contine_tt1667889	tt1667889	Raz	256.51	nm2313103	female	wiki	animal		
ice.age.contine_tt1667889	tt1667889	Louis	229.02	nm1265802	male	wiki	animal	protagonist	minor
ice.age.contine_tt1667889	tt1667889	Ellie	226.14	nm0001451	female	wiki	animal	protagonist	minor
ice.age.contine_tt1667889	tt1667889	Squint	208.12	nm2106637	male	wiki	animal		
ice.age.contine_tt1667889	tt1667889	Marshall	162.41	nm1186843	male	wiki	animal		
ice.age.contine_tt1667889	tt1667889	Flynn	136.64	nm0296545	male	wiki	animal		
ice.age.contine_tt1667889	tt1667889	Katie	101.94	nm3529987	female	wiki	animal		
ice.age.contine_tt1667889	tt1667889	Fuzzy	100.35		male	fandom	animal		
ice.age.contine_tt1667889	tt1667889	Eunice	93.55	nm0066877	female	wiki	animal		
ice.age.contine_tt1667889	tt1667889	Steffie	91.51	nm3747326	female	wiki	animal		
ice.age.contine_tt1667889	tt1667889	Crash	71.57	nm0005405	male	wiki	animal	protagonist	minor
ice.age.contine_tt1667889	tt1667889	Silas	69.28		male	fandom	animal		
ice.age.contine_tt1667889	tt1667889	Meghan	68.78	nm1648386	female	wiki	animal		
ice.age.contine_tt1667889	tt1667889	Opossum	53.97		unknown	none	animal		
ice.age.contine_tt1667889	tt1667889	Chipmunk	51.63		unknown	none	animal		
ice.age.contine_tt1667889	tt1667889	Mother_Aardvark	37.66		unknown	none	animal		
ice.age.contine_tt1667889	tt1667889	Ethel	31.36		female	fandom	animal		
ice.age.contine_tt1667889	tt1667889	Billy	16.14		male	fandom	animal		
ice.age.dawn.of_tt1080016	tt1080016	Sid	736.65	nm0000491	male	wiki	animal	protagonist	major
ice.age.dawn.of_tt1080016	tt1080016	Ellie	622.87	nm0001451	female	wiki	animal	protagonist	major
ice.age.dawn.of_tt1080016	tt1080016	Buck	573.45	nm0670408	male	wiki	animal	protagonist	major
ice.age.dawn.of_tt1080016	tt1080016	Diego	503.09	nm0001459	male	wiki	animal	protagonist	major
ice.age.dawn.of_tt1080016	tt1080016	Manny	396.31	nm0005380	male	wiki	animal	protagonist	major
ice.age.dawn.of_tt1080016	tt1080016	Crash	320.03	nm0005405	male	wiki	animal	protagonist	minor
ice.age.dawn.of_tt1080016	tt1080016	Eddie	297.46	nm0669681	male	wiki	animal	protagonist	minor
ice.age.dawn.of_tt1080016	tt1080016	Dinosaur_Babies	289.66	nm0757858	male	wiki	animal		
ice.age.dawn.of_tt1080016	tt1080016	Scrat	237.74	nm0917188	male	wiki	animal		
ice.age.dawn.of_tt1080016	tt1080016	Baby_Dinos	187.06		unknown	none	animal		
ice.age.dawn.of_tt1080016	tt1080016	Momma_Dino	166.58	nm0919798	female	fandom	animal		
ice.age.dawn.of_tt1080016	tt1080016	Scratte	148.82	nm0228327	female	wiki	animal		
ice.age.dawn.of_tt1080016	tt1080016	Cindy	109.73		unknown	none	animal		
ice.age.dawn.of_tt1080016	tt1080016	Blue_Dinosaur	82.17		unknown	none	animal		
ice.age.dawn.of_tt1080016	tt1080016	Gazelle_(character)	77.04	nm0352778	male	wiki	animal		
ice.age.dawn.of_tt1080016	tt1080016	Mean_Looking_Dinosaur	68.19		unknown	none	animal		
ice.age.dawn.of_tt1080016	tt1080016	Ronald	62.19	nm3188600	unknown	none	animal		
ice.age.dawn.of_tt1080016	tt1080016	Cretaceous_Tyrannosaurus	47.42		unknown	none	animal		
ice.age.dawn.of_tt1080016	tt1080016	Billy	44.29		male	fandom	animal		
ice.age.dawn.of_tt1080016	tt1080016	Molehog_(character)	29.95	nm1960185	unknown	none	animal		
ice.age.dawn.of_tt1080016	tt1080016	Ethel	22.61		female	fandom	animal		
ice.age.dawn.of_tt1080016	tt1080016	Vera	19.98		female	fandom	animal		
ice.age.the.mel_tt0438097	tt0438097	Sid	824.66	nm0000491	male	wiki	animal	protagonist	major
ice.age.the.mel_tt0438097	tt0438097	Diego	798.71	nm0001459	male	wiki	animal	protagonist	major
ice.age.the.mel_tt0438097	tt0438097	Ellie	475.39	nm0001451	female	wiki	animal	protagonist	major
ice.age.the.mel_tt0438097	tt0438097	Manny	423.88	nm0005380	male	wiki	animal	protagonist	major
ice.age.the.mel_tt0438097	tt0438097	Scrat	264.68	nm0917188	male	wiki	animal	protagonist	minor
ice.age.the.mel_tt0438097	tt0438097	Eddie	257.01	nm0669681	male	wiki	animal	protagonist	major
ice.age.the.mel_tt0438097	tt0438097	Opossum	208.21		unknown	none	animal		
ice.age.the.mel_tt0438097	tt0438097	Mr/Mrs_Start	169.13	nm0004767	male	wiki	animal		
ice.age.the.mel_tt0438097	tt0438097	Cindy	141.43		unknown	none	animal		
ice.age.the.mel_tt0438097	tt0438097	Fast_Tony	132.55	nm0005143	male	wiki	animal		
ice.age.the.mel_tt0438097	tt0438097	Ronald	107.98		unknown	none	animal		
ice.age.the.mel_tt0438097	tt0438097	Ashley	102.44		unknown	none	animal		
ice.age.the.mel_tt0438097	tt0438097	Billy	87.17	nm1462248	male	fandom	animal		
ice.age.the.mel_tt0438097	tt0438097	Vulture	63.65	nm0324247	unknown	none	animal		
ice.age.the.mel_tt0438097	tt0438097	Rose	58.39		unknown	none	animal		
ice.age.the.mel_tt0438097	tt0438097	Layla_Zee	56.89		unknown	none	animal		
ice.age.the.mel_tt0438097	tt0438097	Ethel	53.76		female	fandom	animal		
ice.age.the.mel_tt0438097	tt0438097	Aardvark_Dad	51.09	nm0740535	male	wiki	animal		
ice.age.the.mel_tt0438097	tt0438097	Lone_Gunslinger	48.67	nm0004715	male	wiki	animal		
ice.age.the.mel_tt0438097	tt0438097	Mother_Opossum	45.09		female	fandom	animal		
ice.age.the.mel_tt0438097	tt0438097	Cretaceous	43.17		male	fandom	animal	antagonist	major
ice.age.the.mel_tt0438097	tt0438097	Molehog_(character)	31.82	nm1723600	male	wiki	animal		
ice.age.the.mel_tt0438097	tt0438097	Vera	31.11		female	fandom	animal		
ice.age.the.mel_tt0438097	tt0438097	Crash	27.36	nm0005405	male	wiki	animal	protagonist	major
ice.age.the.mel_tt0438097	tt0438097	Mother_Aardvark	24.19		unknown	none	animal		
ice.age.the.mel_tt0438097	tt0438097	Bird	15.97	nm9225409	unknown	none	animal		
imaginary.frien_tt11152168	tt11152168	Blossom	1389.26	nm3564817	female	wiki	other	protagonist	major
imaginary.frien_tt11152168	tt11152168	Blue	606.86	nm0136797	male	wiki	other	protagonist	major
imaginary.frien_tt11152168	tt11152168	Art_Teacher	289.75	nm0420955	male	wiki	human		
imaginary.frien_tt11152168	tt11152168	Lewis	271.48	nm0001283	male	wiki	animal	protagonist	minor
imaginary.frien_tt11152168	tt11152168	Unicorn	129.84	nm1289434	female	wiki	animal		
imaginary.frien_tt11152168	tt11152168	Ice	120.45	nm0177896	male	wiki	other		
imaginary.frien_tt11152168	tt11152168	Ally	119.95	nm0748973	female	wiki	animal		
imaginary.frien_tt11152168	tt11152168	SDog	106.77	nm0005377	male	wiki	animal		
imaginary.frien_tt11152168	tt11152168	Bubble	87.55	nm5377144	female	wiki	other		
imaginary.frien_tt11152168	tt11152168	Sunny	78.29	nm0000354	male	wiki	other		
imaginary.frien_tt11152168	tt11152168	Marshmallow	70.74	nm1024677	male	wiki	other		
imaginary.frien_tt11152168	tt11152168	Magician_Mouse	62.56	nm1724319	male	wiki	animal		
imaginary.frien_tt11152168	tt11152168	Red_Creature	49.17		unknown	none	other		
imaginary.frien_tt11152168	tt11152168	Green_Creature	38.08		unknown	none	other		
imaginary.frien_tt11152168	tt11152168	Robot	35.91	nm0829537	male	wiki	other		
imaginary.frien_tt11152168	tt11152168	Blue_Creature	35.33	nm0136797	male	wiki	other		
imaginary.frien_tt11152168	tt11152168	Cosmo	17.02	nm0005221	male	wiki	other		
imaginary.frien_tt11152168	tt11152168	Octocat	15.47	nm0515116	female	wiki	other		
imaginary.frien_tt11152168	tt11152168	Spaceman	7.09	nm0000123	male	wiki	other		
incredibles_tt0317705	tt0317705	Mr._Incredible_/_Bob_Parr	1421.17	nm0005266	male	wiki	human	protagonist	major
incredibles_tt0317705	tt0317705	Elastigirl_/_Helen_Parr	1158.74	nm0000456	female	wiki	human	protagonist	major
incredibles_tt0317705	tt0317705	Dashiell	604.06	nm1714016	male	wiki	human	protagonist	minor
incredibles_tt0317705	tt0317705	Violet_Parr	277.19	nm1102970	female	wiki	human	protagonist	minor
incredibles_tt0317705	tt0317705	Edna	243.58	nm0083348	female	fandom	human		
incredibles_tt0317705	tt0317705	Syndrome_/_Buddy_Pine	226.56	nm0005134	male	wiki	human	antagonist	major
incredibles_tt0317705	tt0317705	Violet_(without_costume)	187.98	nm1102970	female	wiki	human		
incredibles_tt0317705	tt0317705	Mirage	181.1	nm0001615	female	wiki	human		
incredibles_tt0317705	tt0317705	Jack-Jack_Parr	123.29	nm1747568	male	fandom	human	protagonist	minor
incredibles_tt0317705	tt0317705	Frozone_/_Lucius_Best	107.4	nm0000168	male	wiki	human	protagonist	minor
incredibles_tt0317705	tt0317705	Gilbert_Huph	91.38	nm0001728	male	wiki	human		
incredibles_tt0317705	tt0317705	Guard_#1	89.17		unknown	none	human		
incredibles_tt0317705	tt0317705	Incrediboy_/_Buddy_Pine	86.29	nm0005134	male	wiki	human		
incredibles_tt0317705	tt0317705	Kari_McKeen	86.17		female	fandom	human		
incredibles_tt0317705	tt0317705	Principal_John_Walker	83.29	nm1750699	unknown	none	human		
incredibles_tt0317705	tt0317705	Tony_Rydinger	66.36	nm1520974	male	wiki	human		
incredibles_tt0317705	tt0317705	Rick_Dicker	58.6	nm0524726	male	wiki	human		
incredibles_tt0317705	tt0317705	Bernie_Kropp	56.01	nm0738918	male	wiki	human		
incredibles_tt0317705	tt0317705	Police_Officer_#1	55.22		unknown	none	human		
incredibles_tt0317705	tt0317705	Bomb_Voyage	36.45	nm0521861	male	wiki	human	antagonist	minor
incredibles_tt0317705	tt0317705	Mugger	24.4	nm0812307	male	wiki	human		
incredibles_tt0317705	tt0317705	Mrs._Hogenson	23.27	nm0801548	female	wiki	human		
incredibles_tt0317705	tt0317705	Underminer	23.15	nm0001652	male	wiki	human	antagonist	minor
incredibles_tt0317705	tt0317705	Squeaker's_Owner	20.02	nm0912243	unknown	none	human		
incredibles_tt0317705	tt0317705	Minister	19.06		unknown	none	human		
incredibles.2_tt3606756	tt3606756	Helen_Parr_(Elastigirl)	1495.54	nm0000456	female	wiki	human	protagonist	major
incredibles.2_tt3606756	tt3606756	Bob_Parr	1471.3	nm0005266	male	wiki	human	protagonist	major
incredibles.2_tt3606756	tt3606756	Violet_Parr	785.62	nm1102970	female	wiki	human	protagonist	major
incredibles.2_tt3606756	tt3606756	Jack-Jack_Parr	708.87	nm1747568	male	fandom	human	protagonist	major
incredibles.2_tt3606756	tt3606756	Dash_Parr	627.79	nm9133740	male	fandom	human	protagonist	major
incredibles.2_tt3606756	tt3606756	Winston_Deavor	585.17	nm0644022	male	wiki	human	protagonist	minor
incredibles.2_tt3606756	tt3606756	Evelyn_Deavor	538.5	nm0001416	female	wiki	human	antagonist	major
incredibles.2_tt3606756	tt3606756	Edna_Mode	247.37	nm0083348	female	fandom	human	protagonist	minor
incredibles.2_tt3606756	tt3606756	Tony_Rydinger	233.94	nm1520974	male	wiki	human	protagonist	minor
incredibles.2_tt3606756	tt3606756	Lucius_Best_(Frozone)	229.44	nm0000168	male	wiki	human	protagonist	major
incredibles.2_tt3606756	tt3606756	Chad_Brentley	155.82	nm5108425	unknown	none	human		
incredibles.2_tt3606756	tt3606756	Voyd	142.52	nm0124208	female	wiki	human		
incredibles.2_tt3606756	tt3606756	Krushauer	122.08	nm0482851	male	wiki	human		
incredibles.2_tt3606756	tt3606756	Rick_Dicker	113.86	nm0052186	male	wiki	human	protagonist	minor
incredibles.2_tt3606756	tt3606756	Brick	113.28		unknown	none	human		
incredibles.2_tt3606756	tt3606756	Ambassador	110.65	nm0000618	female	wiki	human		
incredibles.2_tt3606756	tt3606756	Screech	107.36		male	fandom	human		
incredibles.2_tt3606756	tt3606756	He-lectrix	94.14	nm0482851	male	wiki	human		
incredibles.2_tt3606756	tt3606756	Reflux	88.84	nm0251646	male	wiki	human		
incredibles.2_tt3606756	tt3606756	Rocky	40.62		male	fandom	animal		
incredibles.2_tt3606756	tt3606756	Fironic	22.15		unknown	none	human		
incredibles.2_tt3606756	tt3606756	The_Underminer	19.06	nm0001652	male	wiki	human	antagonist	minor
inside.out_tt2096673	tt2096673	Joy	1806.39	nm0688132	female	wiki	other	protagonist	major
inside.out_tt2096673	tt2096673	Sadness	1029.07	nm0809613	female	wiki	other	protagonist	major
inside.out_tt2096673	tt2096673	Disgust	582.83	nm1411676	female	wiki	other	protagonist	minor
inside.out_tt2096673	tt2096673	Riley_Anderson	533.32	nm4609731	female	wiki	human	protagonist	major
inside.out_tt2096673	tt2096673	Anger	500.25	nm0085400	male	wiki	other	protagonist	minor
inside.out_tt2096673	tt2096673	Bing_Bong	459.33	nm0454236	male	wiki	other	protagonist	major
inside.out_tt2096673	tt2096673	Fear	450.78	nm0352778	male	wiki	other	protagonist	minor
inside.out_tt2096673	tt2096673	Riley's_Mom	241.74	nm0000178	female	wiki	human		
inside.out_tt2096673	tt2096673	Riley's_Dad	231.23	nm0001492	male	wiki	human		
inside.out_tt2096673	tt2096673	Riley_(Young)	147.31	nm7625985	unknown	none	human		
inside.out_tt2096673	tt2096673	No_Pants_Girl	128.63	nm6032512	female	wiki	human		
inside.out_tt2096673	tt2096673	Jordan	103.81		male	fandom	human		
inside.out_tt2096673	tt2096673	Helicopter_Pilot	95.64	nm0016141	male	wiki	human		
inside.out_tt2096673	tt2096673	Forgettor_Bobby	69.44	nm1293885	male	wiki	other		
inside.out_tt2096673	tt2096673	Mom's_Sadness	66.36	nm0015935	female	wiki	other		
inside.out_tt2096673	tt2096673	Dream_Director	59.43	nm0996134	female	wiki	other		
inside.out_tt2096673	tt2096673	Mom�s_Disgust	54.55	nm0551065	female	wiki	other		
inside.out_tt2096673	tt2096673	Mom's_Anger	53.18	nm0996134	female	wiki	other		
inside.out_tt2096673	tt2096673	Mom�s_Fear	45.59	nm0628170	female	wiki	other		
inside.out_tt2096673	tt2096673	Subconscious_Guard_Frank	42.29	nm0324397	male	wiki	other		
inside.out_tt2096673	tt2096673	Mom�s_Joy	42.08	nm0528802	female	wiki	other		
inside.out_tt2096673	tt2096673	Train_of_Thought_Conductor	41.83	nm1365137	male	wiki	other		
inside.out_tt2096673	tt2096673	Dad's_Anger	41.71	nm0230032	male	wiki	other		
inside.out_tt2096673	tt2096673	Riley's_Friend	39.21	nm5336046	unknown	none	human		
inside.out_tt2096673	tt2096673	Teacher	37.79	nm0507097	female	wiki	human		
inside.out_tt2096673	tt2096673	Jangles	34.24	nm2155757	male	wiki	other		
inside.out_tt2096673	tt2096673	Fritz	34.03	nm0001652	male	wiki	other		
inside.out_tt2096673	tt2096673	Subconscious_Guard_Dave	31.07	nm0000568	male	wiki	other		
inside.out_tt2096673	tt2096673	Female_Mind_Worker	29.28	nm2264184	female	wiki	other		
inside.out_tt2096673	tt2096673	Forgettor_Paula	27.99	nm0005323	female	wiki	other		
inside.out_tt2096673	tt2096673	Dad�s_Fear	25.82	nm0016141	male	wiki	other		
inside.out_tt2096673	tt2096673	Male_Mind_Worker	25.15	nm0215455	male	wiki	other		
inside.out_tt2096673	tt2096673	Mind_Worker_Cop_Jake	15.56	nm0281359	male	wiki	other		
inside.out_tt2096673	tt2096673	Clown's_Joy	14.97	nm0755969	male	wiki	other		
inside.out_tt2096673	tt2096673	Male_Cloud	10.84	nm0297306	male	wiki	other		
inside.out.2_tt22022452	tt22022452	Joy	1801.67	nm0688132	female	wiki	other	protagonist	major
inside.out.2_tt22022452	tt22022452	Disgust	1165.2	nm0487594	female	wiki	other	protagonist	major
inside.out.2_tt22022452	tt22022452	Sadness	876.79	nm0809613	female	wiki	other	protagonist	major
inside.out.2_tt22022452	tt22022452	Riley_Anderson	821.32	nm10143485	female	wiki	human	protagonist	major
inside.out.2_tt22022452	tt22022452	Anxiety	787.54	nm1638321	female	wiki	other	antagonist	major
inside.out.2_tt22022452	tt22022452	Fear	569.9	nm0355024	male	wiki	other	protagonist	major
inside.out.2_tt22022452	tt22022452	Envy	527.9	nm8731249	female	wiki	other	antagonist	minor
inside.out.2_tt22022452	tt22022452	Mom's_Anger	428.84	nm0996134	female	wiki	other		
inside.out.2_tt22022452	tt22022452	Anger	419.38	nm0085400	male	wiki	other	protagonist	major
inside.out.2_tt22022452	tt22022452	Grace	406.66	nm10838946	female	wiki	human	protagonist	minor
inside.out.2_tt22022452	tt22022452	Embarrassment	293.88	nm3236159	male	wiki	other	antagonist	minor
inside.out.2_tt22022452	tt22022452	Valentina	249		unknown	none	human		
inside.out.2_tt22022452	tt22022452	Bree	215.42	nm15902390	unknown	none	human	protagonist	minor
inside.out.2_tt22022452	tt22022452	Dad's_Anger	169.5	nm0230032	male	wiki	other		
inside.out.2_tt22022452	tt22022452	Riley's_Mom	114.11	nm0000178	female	wiki	human		
inside.out.2_tt22022452	tt22022452	Ennui	94.01	nm2650819	female	wiki	other	antagonist	minor
inside.out.2_tt22022452	tt22022452	Coach_Roberts	92.72	nm1304328	female	wiki	human		
inside.out.2_tt22022452	tt22022452	Bloofy	91.63	nm3236733	male	wiki	other		
inside.out.2_tt22022452	tt22022452	Riley's_Dad	88.05	nm0001492	male	wiki	human		
inside.out.2_tt22022452	tt22022452	Lance_Slashblade	74.03	nm10173973	male	wiki	human		
inside.out.2_tt22022452	tt22022452	Pouchy	41.88	nm4562498	male	wiki	other		
inside.out.2_tt22022452	tt22022452	Deep_Dark_Secret	41.88	nm0700760	male	wiki	other		
inside.out.2_tt22022452	tt22022452	Foreman	31.28	nm0857130	male	wiki	other		
inside.out.2_tt22022452	tt22022452	Fritz	30.91	nm0001652	male	wiki	other		
inside.out.2_tt22022452	tt22022452	Margie	26.61	nm0710605	female	wiki	other		
inside.out.2_tt22022452	tt22022452	Nostalgia	23.02	nm0820053	female	wiki	human		
inside.out.2_tt22022452	tt22022452	Jake	21.23	nm0281359	male	wiki	other		
inside.out.2_tt22022452	tt22022452	Forgetter_Bobby	18.27	nm1293885	male	wiki	other		
inside.out.2_tt22022452	tt22022452	Mind_Cop_Frank	13.89	nm0324397	male	wiki	other		
inside.out.2_tt22022452	tt22022452	Mind_Cop_Dave	8.05	nm0000568	male	wiki	other		
inside.out.2_tt22022452	tt22022452	Forgetter_Paula	7.3	nm0005323	female	wiki	other		
jungle_book	tt3040964	Akela	676.34	nm0002064	male	wiki	animal	protagonist	minor
jungle_book	tt3040964	Bagheera	509.97	nm0001426	male	wiki	animal	protagonist	major
jungle_book	tt3040964	King_Louie	315.82	nm0000686	male	wiki	animal	antagonist	minor
jungle_book	tt3040964	Raksha	294.17	nm2143282	female	wiki	animal		
jungle_book	tt3040964	Gray	264.72		unknown	none	animal		
jungle_book	tt3040964	Shere_Khan	263.01	nm0252961	male	wiki	animal	antagonist	major
jungle_book	tt3040964	Pygmy_Hog	86.59	nm0269463	male	wiki	animal		
jungle_book	tt3040964	Giant_Squirrel	60.1	nm0000600	male	wiki	animal		
jungle_book	tt3040964	Neelgai_Deer	33.49	nm1229832	female	wiki	animal		
jungle.book_tt0061852	tt0061852	Mowgli	1142.31	nm0718624	male	wiki	human	protagonist	major
jungle.book_tt0061852	tt0061852	Baloo	969.09	nm0365201	male	wiki	animal	protagonist	major
jungle.book_tt0061852	tt0061852	Bagheera	654.24	nm0001982	male	wiki	animal	protagonist	major
jungle.book_tt0061852	tt0061852	Shere_Khan	275.32	nm0001695	male	wiki	animal	antagonist	major
jungle.book_tt0061852	tt0061852	Kaa	264.51	nm0001359	male	wiki	animal	antagonist	minor
jungle.book_tt0061852	tt0061852	Buzzie	210.17	nm0641729	male	wiki	animal		
jungle.book_tt0061852	tt0061852	King_Louie	182.64	nm0697515	male	wiki	animal	antagonist	minor
jungle.book_tt0061852	tt0061852	Colonel_Hathi	175.3	nm0641729	male	wiki	animal	protagonist	minor
jungle.book_tt0061852	tt0061852	Flaps	166.5	nm0399913	male	wiki	animal		
jungle.book_tt0061852	tt0061852	Ziggy	150.98	nm0938028	male	wiki	animal		
jungle.book_tt0061852	tt0061852	Junior	122.66	nm0397212	male	wiki	animal		
jungle.book_tt0061852	tt0061852	Winifred	90.05	nm0271658	female	wiki	animal		
jungle.book_tt0061852	tt0061852	Rama	85.17	nm0942220	male	wiki	animal		
jungle.book_tt0061852	tt0061852	Akela	61.06	nm0007995	male	wiki	animal		
jungle.book_tt0061852	tt0061852	Dizzy	54.39	nm0835665	male	wiki	animal		
jungle.book_tt0061852	tt0061852	Shanti	51.72	nm0139669	female	wiki	human		
jungle.book_tt0061852	tt0061852	Slob_Elephant	33.53	nm0808401	male	wiki	animal		
king.of.kings_tt7967302	tt7967302	Walter_Dickens	1367.08	nm9877392	male	wiki	human	protagonist	major
king.of.kings_tt7967302	tt7967302	Charles_Dickens	1241.2	nm0000110	male	wiki	human	protagonist	major
king.of.kings_tt7967302	tt7967302	Jesus_Christ	1017.23	nm1209966	male	wiki	human	protagonist	major
king.of.kings_tt7967302	tt7967302	Peter	768.85	nm0001845	male	wiki	human		
king.of.kings_tt7967302	tt7967302	Human_character_1	468.26		unknown	none	human		
king.of.kings_tt7967302	tt7967302	Catherine_Dickens	398.77	nm0000235	female	wiki	human	protagonist	minor
king.of.kings_tt7967302	tt7967302	Human_character_3	375.46		unknown	none	human		
king.of.kings_tt7967302	tt7967302	Pharisee_Eleazar	373.67	nm0851317	male	wiki	human		
king.of.kings_tt7967302	tt7967302	Thomas	353.73	nm0852517	male	wiki	human		
king.of.kings_tt7967302	tt7967302	Human_character_2	310.39		unknown	none	human		
king.of.kings_tt7967302	tt7967302	Cat	306.93	nm0048389	male	wiki	animal		
king.of.kings_tt7967302	tt7967302	Pharisee_Hillel	274.52	nm0191906	male	wiki	human		
king.of.kings_tt7967302	tt7967302	Dismas	255.17	nm0191906	male	wiki	human		
king.of.kings_tt7967302	tt7967302	Phillip	250.96	nm0852517	male	wiki	human		
king.of.kings_tt7967302	tt7967302	Roman	248.58		unknown	none	human		
king.of.kings_tt7967302	tt7967302	Matthew	236.32	nm0852517	male	wiki	human		
king.of.kings_tt7967302	tt7967302	Mary_of_Bethany	221.72	nm0551223	female	wiki	human		
king.of.kings_tt7967302	tt7967302	High_Priest_Caiaphas	207.08	nm0001426	male	wiki	human		
king.of.kings_tt7967302	tt7967302	Pontius_Pilate	171.05	nm0000112	male	wiki	human		
king.of.kings_tt7967302	tt7967302	King_Herod	142.64	nm0000434	male	wiki	human		
king.of.kings_tt7967302	tt7967302	Adulteress	139.47	nm0551223	female	wiki	human		
king.of.kings_tt7967302	tt7967302	James_the_Greater	91.8	nm0191906	male	wiki	human		
king.of.kings_tt7967302	tt7967302	Willa_the_Cat	76.45	nm0048389	male	wiki	human	protagonist	minor
kung.fu.panda_tt0441773	tt0441773	Po	1726.06	nm0085312	male	wiki	animal	protagonist	major
kung.fu.panda_tt0441773	tt0441773	Shifu	1089.09	nm0000163	male	wiki	animal	protagonist	major
kung.fu.panda_tt0441773	tt0441773	Tigress	372.16	nm0001401	female	wiki	animal	protagonist	minor
kung.fu.panda_tt0441773	tt0441773	Tai_Lung	300.59	nm0574534	male	wiki	animal	antagonist	major
kung.fu.panda_tt0441773	tt0441773	Monkey	215.38	nm0000329	male	wiki	animal	protagonist	minor
kung.fu.panda_tt0441773	tt0441773	Oogway	212.84	nm0453641	male	wiki	animal	protagonist	minor
kung.fu.panda_tt0441773	tt0441773	Viper	155.74	nm0005154	female	wiki	animal	protagonist	minor
kung.fu.panda_tt0441773	tt0441773	Mr._Ping	141.31	nm0393222	male	wiki	animal	protagonist	minor
kung.fu.panda_tt0441773	tt0441773	Bunny_Fan_2	97.64	nm3031036	unknown	none	animal		
kung.fu.panda_tt0441773	tt0441773	Crane	86.84	nm0189144	male	wiki	animal	protagonist	minor
kung.fu.panda_tt0441773	tt0441773	Bunny_Fan_1	84.58	nm5892273	unknown	none	animal		
kung.fu.panda_tt0441773	tt0441773	Commander_Vachir	72.99	nm0003817	male	wiki	animal		
kung.fu.panda_tt0441773	tt0441773	Pig_Patron	65.02	nm0651706	male	wiki	animal		
kung.fu.panda_tt0441773	tt0441773	JR_Shaw	62.69	nm0715469	male	wiki	animal		
kung.fu.panda_tt0441773	tt0441773	Muh_Lin	45.09		unknown	none	animal		
kung.fu.panda_tt0441773	tt0441773	Rhino_Guard	39.58	nm0828970	male	wiki	animal		
kung.fu.panda_tt0441773	tt0441773	Bunny_Mom	36.79	nm0167795	female	wiki	animal		
kung.fu.panda_tt0441773	tt0441773	Mantis	35.45	nm0736622	male	wiki	animal	protagonist	minor
kung.fu.panda_tt0441773	tt0441773	Tai_Lung_(Baby)	33.66	nm3031107	male	fandom	animal		
kung.fu.panda_tt0441773	tt0441773	Gong_Pig	25.19	nm0443911	male	wiki	animal		
kung.fu.panda_tt0441773	tt0441773	KG_Shaw	18.73	nm0309307	male	wiki	animal		
kung.fu.panda.2_tt1302011	tt1302011	Po	1731.35	nm0085312	male	wiki	animal	protagonist	major
kung.fu.panda.2_tt1302011	tt1302011	Tigress	482.65	nm0001401	female	wiki	animal	protagonist	minor
kung.fu.panda.2_tt1302011	tt1302011	Shen	431.51	nm0000198	male	wiki	animal	antagonist	major
kung.fu.panda.2_tt1302011	tt1302011	Monkey	248.62	nm0000329	male	wiki	animal		
kung.fu.panda.2_tt1302011	tt1302011	Mr._Ping	243.12	nm0393222	male	wiki	animal	protagonist	minor
kung.fu.panda.2_tt1302011	tt1302011	Shifu	213.17	nm0000163	male	wiki	animal	protagonist	minor
kung.fu.panda.2_tt1302011	tt1302011	Soothsayer	200.2	nm0000706	female	wiki	animal	protagonist	minor
kung.fu.panda.2_tt1302011	tt1302011	Wolf_Boss	161.54	nm1104131	male	fandom	animal	antagonist	minor
kung.fu.panda.2_tt1302011	tt1302011	Wolf_Soldiers	154.86		unknown	none	animal	antagonist	minor
kung.fu.panda.2_tt1302011	tt1302011	Viper	139.89	nm0005154	female	wiki	animal		
kung.fu.panda.2_tt1302011	tt1302011	Pig_Mother	118.37	nm0741891	female	wiki	animal		
kung.fu.panda.2_tt1302011	tt1302011	Baby_Po	116.87	nm4477006	male	fandom	animal		
kung.fu.panda.2_tt1302011	tt1302011	Wo_Hop	108.23		unknown	none	animal		
kung.fu.panda.2_tt1302011	tt1302011	Crane	84.21	nm0189144	male	wiki	animal		
kung.fu.panda.2_tt1302011	tt1302011	Gorilla_Guards	74.53		unknown	none	animal		
kung.fu.panda.2_tt1302011	tt1302011	Master_Ox	72.99	nm0371660	male	wiki	animal	protagonist	minor
kung.fu.panda.2_tt1302011	tt1302011	Bunny_Fan	67.44	nm1931232	female	wiki	animal		
kung.fu.panda.2_tt1302011	tt1302011	Master_Croc	56.47	nm0000241	male	wiki	animal	protagonist	minor
kung.fu.panda.2_tt1302011	tt1302011	Master_Rhino	41.42	nm0001255	male	wiki	animal		
kung.fu.panda.2_tt1302011	tt1302011	Musician_Bunny	39.96	nm0005196	male	wiki	animal		
kung.fu.panda.2_tt1302011	tt1302011	Market_Sheep	34.16	nm0866300	female	wiki	animal		
kung.fu.panda.2_tt1302011	tt1302011	Antelope_Driver	25.44	nm1858563	unknown	none	animal		
kung.fu.panda.2_tt1302011	tt1302011	Mantis	15.43	nm0736622	male	wiki	animal		
kung.fu.panda.3_tt2267968	tt2267968	Po	1320.78	nm0085312	male	wiki	animal	protagonist	major
kung.fu.panda.3_tt2267968	tt2267968	Li	712.21	nm0186505	male	wiki	animal	protagonist	major
kung.fu.panda.3_tt2267968	tt2267968	Bao	580.54	nm3241020	male	fandom	animal		
kung.fu.panda.3_tt2267968	tt2267968	Hom_Lee	571.82	nm0001431	male	wiki	animal		
kung.fu.panda.3_tt2267968	tt2267968	Shifu	414.54	nm0000163	male	wiki	animal	protagonist	minor
kung.fu.panda.3_tt2267968	tt2267968	Lei_Lei	398.02	nm4477006	female	fandom	animal		
kung.fu.panda.3_tt2267968	tt2267968	Tigress	372.58	nm0001401	female	wiki	animal	protagonist	minor
kung.fu.panda.3_tt2267968	tt2267968	Kai	367.7	nm0799777	male	wiki	animal	antagonist	major
kung.fu.panda.3_tt2267968	tt2267968	Mei_Mei	306.97	nm0005028	female	wiki	animal		
kung.fu.panda.3_tt2267968	tt2267968	Grandma_Panda	279.7	nm0228183	female	wiki	animal		
kung.fu.panda.3_tt2267968	tt2267968	Mr._Ping	215.01	nm0393222	male	wiki	animal	protagonist	minor
kung.fu.panda.3_tt2267968	tt2267968	Monkey	205.41	nm0000329	male	wiki	animal		
kung.fu.panda.3_tt2267968	tt2267968	Dumpling_Record_Pig	159.33	nm1660488	unknown	none	animal		
kung.fu.panda.3_tt2267968	tt2267968	Meng_Meng	111.74	nm2501840	unknown	none	animal		
kung.fu.panda.3_tt2267968	tt2267968	Viper	107.15	nm0005154	female	wiki	animal		
kung.fu.panda.3_tt2267968	tt2267968	Crane	98.6	nm0189144	male	wiki	animal		
kung.fu.panda.3_tt2267968	tt2267968	Farmer_Rabbit	95.22	nm1964186	male	wiki	animal		
kung.fu.panda.3_tt2267968	tt2267968	Oogway	83.21	nm0453641	male	wiki	animal	protagonist	minor
kung.fu.panda.3_tt2267968	tt2267968	Rabbit_Villager	78.29	nm7653970	unknown	none	animal		
kung.fu.panda.3_tt2267968	tt2267968	Cheering_Bunny	54.35	nm4197002	unknown	none	animal		
kung.fu.panda.3_tt2267968	tt2267968	Mrs._Chow	48.97	nm0393202	unknown	none	animal		
kung.fu.panda.3_tt2267968	tt2267968	Master_Bear	48.21	nm0851317	male	wiki	animal		
kung.fu.panda.3_tt2267968	tt2267968	Mantis	47.76	nm0736622	male	wiki	animal		
kung.fu.panda.3_tt2267968	tt2267968	Ku_Ku	31.28	nm7882765	unknown	none	animal		
kung.fu.panda.3_tt2267968	tt2267968	Master_Croc	24.02	nm0000241	male	wiki	animal		
kung.fu.panda.3_tt2267968	tt2267968	Master_Chicken	19.89	nm0443911	male	wiki	animal		
kung.fu.panda.4_tt21692408	tt21692408	Po	1640.01	nm0085312	male	wiki	animal	protagonist	major
kung.fu.panda.4_tt21692408	tt21692408	Zhen	1050.22	nm5377144	female	wiki	animal	protagonist	major
kung.fu.panda.4_tt21692408	tt21692408	Li	449.2	nm0186505	male	wiki	animal	protagonist	minor
kung.fu.panda.4_tt21692408	tt21692408	Chameleon	343.18	nm0205626	female	wiki	animal	antagonist	major
kung.fu.panda.4_tt21692408	tt21692408	Wolf_Crime_Boss	283.07	nm0555462	female	wiki	animal		
kung.fu.panda.4_tt21692408	tt21692408	Shifu	281.07	nm0000163	male	wiki	animal	protagonist	minor
kung.fu.panda.4_tt21692408	tt21692408	Mr._Ping	173.09	nm0393222	male	wiki	animal	protagonist	minor
kung.fu.panda.4_tt21692408	tt21692408	Questioned_Boar	146.35	nm0946382	male	wiki	animal		
kung.fu.panda.4_tt21692408	tt21692408	Brown_Den_Bunny	132.59	nm14928870	unknown	none	animal		
kung.fu.panda.4_tt21692408	tt21692408	Tai_Lung	126.63	nm0574534	male	wiki	animal		
kung.fu.panda.4_tt21692408	tt21692408	White_Den_Bunny	115.24	nm12516698	unknown	none	animal		
kung.fu.panda.4_tt21692408	tt21692408	Tavern_Patron_#2	107.02	nm0152059	male	wiki	animal		
kung.fu.panda.4_tt21692408	tt21692408	Han	103.31	nm0702841	male	wiki	animal	protagonist	minor
kung.fu.panda.4_tt21692408	tt21692408	Dark_Brown_Den_Bunny	93.51	nm15823115	unknown	none	animal		
kung.fu.panda.4_tt21692408	tt21692408	Action_Figure_Pig_Kid	92.72	nm12516698	unknown	none	animal		
kung.fu.panda.4_tt21692408	tt21692408	Boastful_Komodo	91.13	nm0615015	male	wiki	animal		
kung.fu.panda.4_tt21692408	tt21692408	Granny_Boar	86.5	nm0157937	female	wiki	animal		
kung.fu.panda.4_tt21692408	tt21692408	Picture_Bunny_Kid	82	nm12516698	unknown	none	animal		
kung.fu.panda.4_tt21692408	tt21692408	Bunny_Bartender	78.33	nm0615015	male	wiki	animal		
kung.fu.panda.4_tt21692408	tt21692408	Autograph-Seeking_Fan_#1	73.57	nm1330174	unknown	none	animal		
kung.fu.panda.4_tt21692408	tt21692408	Bull_Officer_#2	72.11	nm0796732	male	wiki	animal		
kung.fu.panda.4_tt21692408	tt21692408	Bear_Crime_Boss	65.27	nm0152059	male	wiki	animal		
kung.fu.panda.4_tt21692408	tt21692408	Ram_Foreman	61.35	nm0946382	male	wiki	animal		
kung.fu.panda.4_tt21692408	tt21692408	Tigress	58.43		female	fandom	animal		
kung.fu.panda.4_tt21692408	tt21692408	Badger_Crime_Boss	58.27	nm0913797	male	wiki	animal		
kung.fu.panda.4_tt21692408	tt21692408	Croc_Crime_Boss	54.3	nm0569891	male	wiki	animal		
kung.fu.panda.4_tt21692408	tt21692408	Bull_Officer_#1	35.7	nm0946382	male	wiki	animal		
kung.fu.panda.4_tt21692408	tt21692408	Ram_Worker	31.36	nm0796732	male	wiki	animal		
kung.fu.panda.4_tt21692408	tt21692408	Frightened_Ram	24.82	nm0615015	male	wiki	animal		
kung.fu.panda.4_tt21692408	tt21692408	Piglet_#2	24.73	nm12516698	unknown	none	animal		
kung.fu.panda.4_tt21692408	tt21692408	Last_Ram	24.48	nm0152059	male	wiki	animal		
kung.fu.panda.4_tt21692408	tt21692408	Monkey	19.69		male	fandom	animal		
kung.fu.panda.4_tt21692408	tt21692408	Fish	19.35	nm5307044	male	wiki	animal		
kung.fu.panda.4_tt21692408	tt21692408	Goose_Jail_Guard	15.52	nm0615015	male	wiki	animal		
kung.fu.panda.4_tt21692408	tt21692408	Mantis	4.42	nm0736622	male	wiki	animal		
kung.fu.panda.4_tt21692408	tt21692408	Crane	2.88		male	fandom	animal		
lady.and.the.tr_tt0048280	tt0048280	Lady	1415.12	nm0524853	female	wiki	animal	protagonist	major
lady.and.the.tr_tt0048280	tt0048280	Tramp	842.47	nm0731333	male	wiki	animal	protagonist	major
lady.and.the.tr_tt0048280	tt0048280	Jock	358.32	nm0859892	male	wiki	animal	protagonist	minor
lady.and.the.tr_tt0048280	tt0048280	Trusty	294.38	nm0061649	male	wiki	animal	protagonist	minor
lady.and.the.tr_tt0048280	tt0048280	Pedro	114.16	nm0268428	male	wiki	animal		
lady.and.the.tr_tt0048280	tt0048280	Peg	113.45	nm0498007	female	wiki	animal		
lady.and.the.tr_tt0048280	tt0048280	Toughy	112.53	nm0268428	male	wiki	animal		
lady.and.the.tr_tt0048280	tt0048280	Beaver	110.49	nm0292677	male	wiki	animal		
lady.and.the.tr_tt0048280	tt0048280	Bull	108.65	nm0859892	male	wiki	animal		
lady.and.the.tr_tt0048280	tt0048280	Boris	106.31	nm0715284	male	wiki	animal		
lady.and.the.tr_tt0048280	tt0048280	Tony	77.45	nm0321473	male	wiki	human		
lady.and.the.tr_tt0048280	tt0048280	Rat	63.86		unknown	none	animal	antagonist	minor
lady.and.the.tr_tt0048280	tt0048280	Si	58.56	nm0498007	female	wiki	animal	antagonist	minor
lady.and.the.tr_tt0048280	tt0048280	Joe	52.34	nm0859892	male	wiki	human		
lady.and.the.tr_tt0048280	tt0048280	Hyena	46.38	nm0268428	male	wiki	animal		
lady.and.the.tr_tt0048280	tt0048280	Professor	34.7	nm0268428	male	wiki	human		
lady.and.the.tr_tt0048280	tt0048280	Dachsie	33.16	nm0859892	male	wiki	animal		
lady.and.the.tr_tt0048280	tt0048280	Am	23.23	nm0498007	female	wiki	animal	antagonist	minor
lady.and.the.tr_tt0048280	tt0048280	Policeman	17.81	nm0859892	male	wiki	human		
lady.and.the.tr_tt0048280	tt0048280	Aunt_Sarah	17.43	nm0271658	female	wiki	human	antagonist	major
lady.and.the.tr_tt0048280	tt0048280	Chicken	7.97		unknown	none	animal		
lady.and.the.tr_tt0048280	tt0048280	Alligator	4.13	nm0712391	male	wiki	animal		
lady.and.the.tr_tt0048280	tt0048280	Dogcatcher	3.13	nm0587679	male	wiki	human	antagonist	minor
land.before.tim_tt0095489	tt0095489	Littlefoot	920.42	nm0198925	male	wiki	animal	protagonist	major
land.before.tim_tt0095489	tt0095489	Cera	744.24	nm0404532	female	wiki	animal	protagonist	major
land.before.tim_tt0095489	tt0095489	Ducky	574.34	nm0058279	female	wiki	animal	protagonist	major
land.before.tim_tt0095489	tt0095489	Spike	300.8		male	fandom	animal	protagonist	major
land.before.tim_tt0095489	tt0095489	Petrie	221.29	nm0752900	male	wiki	animal	protagonist	major
land.before.tim_tt0095489	tt0095489	Littlefoot's_Mother	176.04	nm0001726	female	wiki	animal	protagonist	minor
land.before.tim_tt0095489	tt0095489	Rooter	126.33	nm0385757	male	wiki	animal	protagonist	minor
land.before.tim_tt0095489	tt0095489	Daddy_Topps	122.26	nm0126312	male	wiki	animal		
land.before.tim_tt0095489	tt0095489	T_Rex	109.21		unknown	none	animal	antagonist	major
land.before.tim_tt0095489	tt0095489	Crow_Character	81.78		unknown	none	animal		
land.before.tim_tt0095489	tt0095489	Ducky's_Mom	59.39		unknown	none	animal		
land.before.tim_tt0095489	tt0095489	Petrie's_Mom	58.32		unknown	none	animal		
land.before.tim_tt0095489	tt0095489	Ankylosaurus_Character	25.29		unknown	none	animal		
lego.batman.mov_tt4116284	tt4116284	Batman_/_Bruce_Wayne	1639.22	nm0004715	male	wiki	human	protagonist	major
lego.batman.mov_tt4116284	tt4116284	Robin_/_Dick_Grayson	730.52	nm0148418	male	wiki	human	protagonist	major
lego.batman.mov_tt4116284	tt4116284	Batgirl_(no_mask)	686.48	nm0206257	female	wiki	human		
lego.batman.mov_tt4116284	tt4116284	Joker	552.93	nm0302108	male	wiki	human	antagonist	major
lego.batman.mov_tt4116284	tt4116284	Alfred_Pennyworth	412.33	nm0000146	male	wiki	human	protagonist	major
lego.batman.mov_tt4116284	tt4116284	Bruce_Wayne	197.03	nm0004715	male	wiki	human		
lego.batman.mov_tt4116284	tt4116284	Chief_O'Hara	182.68	nm6488029	female	fandom	human		
lego.batman.mov_tt4116284	tt4116284	Harley_Quinn_/_Harleen_Quinzel	162.45	nm2809577	female	wiki	human	antagonist	minor
lego.batman.mov_tt4116284	tt4116284	Reporter_Pippa	144.27	nm0452716	female	wiki	human		
lego.batman.mov_tt4116284	tt4116284	Superman_/_Clark_Kent_/_Kal-El	110.03	nm1475594	male	wiki	human		
lego.batman.mov_tt4116284	tt4116284	Lord_Voldemort	99.64		unknown	none	human		
lego.batman.mov_tt4116284	tt4116284	Flash_/_Barry_Allen	95.6	nm2796745	male	wiki	human		
lego.batman.mov_tt4116284	tt4116284	Commissioner_James_Gordon	90.47	nm0001185	male	wiki	human		
lego.batman.mov_tt4116284	tt4116284	Mayor_McCaskill	90.17	nm0001014	female	wiki	human		
lego.batman.mov_tt4116284	tt4116284	Poison_Ivy_/_Pamela_Isley	77.08	nm1641251	female	wiki	human		
lego.batman.mov_tt4116284	tt4116284	Kraken	72.11		unknown	none	other		
lego.batman.mov_tt4116284	tt4116284	Tarantula	72.03		female	fandom	human		
lego.batman.mov_tt4116284	tt4116284	Dracula	71.57		unknown	none	human		
lego.batman.mov_tt4116284	tt4116284	March_Harriet	65.57		female	fandom	human		
lego.batman.mov_tt4116284	tt4116284	Riddler_/_Edward_Nigma	64.94	nm0005277	male	wiki	human		
lego.batman.mov_tt4116284	tt4116284	Reporter_3	64.65	nm0362534	male	wiki	human		
lego.batman.mov_tt4116284	tt4116284	Pilot_Bill	63.06	nm0003021	male	wiki	human		
lego.batman.mov_tt4116284	tt4116284	Catwoman_/_Selina_Kyle	62.6	nm2368789	female	wiki	human		
lego.batman.mov_tt4116284	tt4116284	Agent_Smith	61.31		unknown	none	human		
lego.batman.mov_tt4116284	tt4116284	Batgirl_/_Barbara_Gordon	61.31	nm0206257	female	wiki	human	protagonist	major
lego.batman.mov_tt4116284	tt4116284	Captain_Dale	51.47	nm3025399	unknown	none	human		
lego.batman.mov_tt4116284	tt4116284	Wonder_Woman_/_Diana	49.72		female	fandom	human		
lego.batman.mov_tt4116284	tt4116284	Jor_El	45.63		unknown	none	human		
lego.batman.mov_tt4116284	tt4116284	King_Tut	43.71		unknown	none	human		
lego.batman.mov_tt4116284	tt4116284	Crazy_Quilt	41.42		unknown	none	human		
lego.batman.mov_tt4116284	tt4116284	Anchorman_Phil	40.5	nm0123262	unknown	none	human		
lego.batman.mov_tt4116284	tt4116284	Wicked_Witch_of_the_West	40.21		unknown	none	human		
lego.batman.mov_tt4116284	tt4116284	Penguin_/_Oswald_Cobblepot	37.45		unknown	none	human		
lego.batman.mov_tt4116284	tt4116284	Two-Face_/_Harvey_Dent	37.2	nm0001850	male	wiki	human		
lego.batman.mov_tt4116284	tt4116284	Green_Lantern_/_Hal_Jordan	33.83	nm1706767	male	wiki	human		
lego.batman.mov_tt4116284	tt4116284	Raptor	31.41		unknown	none	animal		
lego.batman.mov_tt4116284	tt4116284	Captain_Boomerang	31.28		male	fandom	human		
lego.batman.mov_tt4116284	tt4116284	Scarecrow_/_Jonathan_Crane	30.95	nm1727621	male	wiki	human		
lego.batman.mov_tt4116284	tt4116284	Medusa	29.36		unknown	none	human		
lego.batman.mov_tt4116284	tt4116284	Reporter_1	25.9	nm0615554	male	wiki	human		
lego.batman.mov_tt4116284	tt4116284	Creature_of_the_Lagoon	24.86		unknown	none	other		
lego.batman.mov_tt4116284	tt4116284	Orca	23.52		unknown	none	animal		
lego.batman.mov_tt4116284	tt4116284	Aquaman_/_Arthur_Curry	22.31		unknown	none	human		
lego.batman.mov_tt4116284	tt4116284	Zodiac_Master	18.1		unknown	none	human		
lego.batman.mov_tt4116284	tt4116284	Killer_Moth	15.22		unknown	none	human		
lego.batman.mov_tt4116284	tt4116284	Condiment_King	14.06		unknown	none	human		
lego.batman.mov_tt4116284	tt4116284	Zebra_Man	13.43		unknown	none	human		
lego.batman.mov_tt4116284	tt4116284	Martian_Manhunter_/_J'onn_J'onzz	11.85		unknown	none	other		
lego.batman.mov_tt4116284	tt4116284	Calendar_Man	11.51		male	fandom	human		
lego.batman.mov_tt4116284	tt4116284	Eraser	5.42		unknown	none	other		
lego.movie_tt1490017	tt1490017	Emmet	1296.88	nm0695435	male	wiki	human	protagonist	major
lego.movie_tt1490017	tt1490017	Wyldstyle_/_Lucy	657.37	nm0006969	female	wiki	human	protagonist	major
lego.movie_tt1490017	tt1490017	Lord_Business	294	nm0002071	male	wiki	human	antagonist	major
lego.movie_tt1490017	tt1490017	Unikitty	238.53	nm1555340	female	wiki	animal	protagonist	minor
lego.movie_tt1490017	tt1490017	Batman_/_Bruce_Wayne	199.91	nm0004715	male	wiki	human	protagonist	minor
lego.movie_tt1490017	tt1490017	Bad_Cop	194.4	nm0000553	male	wiki	human	antagonist	minor
lego.movie_tt1490017	tt1490017	Benny	163.37	nm0206359	male	wiki	human	protagonist	minor
lego.movie_tt1490017	tt1490017	Superman_/_Clark_Kent_/_Kal-El	153.11	nm1475594	male	wiki	human		
lego.movie_tt1490017	tt1490017	Octan_Robot	147.31	nm0123262	unknown	none	animal		
lego.movie_tt1490017	tt1490017	Wally	115.95	nm2002649	male	wiki	animal		
lego.movie_tt1490017	tt1490017	Vitruvius	112.2	nm0000151	male	wiki	human	protagonist	minor
lego.movie_tt1490017	tt1490017	Han_Solo	103.9	nm1584992	male	wiki	human		
lego.movie_tt1490017	tt1490017	Gail	94.97	nm3596979	female	wiki	animal		
lego.movie_tt1490017	tt1490017	Ma_Cop	81.12	nm3596979	female	wiki	animal		
lego.movie_tt1490017	tt1490017	Robot_Foreman	80.54	nm3658001	unknown	none	animal		
lego.movie_tt1490017	tt1490017	Foreman_Jim	73.07	nm1221047	male	wiki	animal		
lego.movie_tt1490017	tt1490017	Michelangelo	57.02		unknown	none	animal		
lego.movie_tt1490017	tt1490017	Pa_Cop	55.72	nm0000553	male	wiki	human		
lego.movie_tt1490017	tt1490017	William_Shakespeare	43.29	nm1672246	male	wiki	human		
lego.movie_tt1490017	tt1490017	Green_Lantern_/_Hal_Jordan	41.25	nm1706767	male	wiki	human		
lego.movie_tt1490017	tt1490017	Barry	39.33	nm2159926	male	wiki	animal		
lego.movie_tt1490017	tt1490017	Shaq	36.12	nm0641944	male	wiki	human		
lego.movie_tt1490017	tt1490017	Surfer_Dave	33.78	nm2511956	unknown	none	animal		
lego.movie_tt1490017	tt1490017	Wonder_Woman_/_Diana	32.95	nm1130627	female	wiki	human		
lego.movie_tt1490017	tt1490017	Good_Cop	30.82	nm0000553	male	wiki	human		
lego.movie_tt1490017	tt1490017	Lord_Business'_Assistant	29.49	nm2185982	unknown	none	animal		
lego.movie_tt1490017	tt1490017	Lando_Calrissian	29.15	nm0001850	male	wiki	human		
lego.movie_tt1490017	tt1490017	Larry_the_Barista	23.94	nm0003021	male	wiki	animal		
lego.movie_tt1490017	tt1490017	Albus_Dumbledore	22.23		unknown	none	human		
lego.movie_tt1490017	tt1490017	Abraham_Lincoln	18.64	nm0287182	male	wiki	human		
lego.movie_tt1490017	tt1490017	Milhouse_Van_Houten	15.52		unknown	none	human		
lego.movie_tt1490017	tt1490017	Flash	9.18		male	fandom	human		
lego.movie.2.th_tt3513498	tt3513498	Emmet	1145.35	nm0695435	male	wiki	human	protagonist	major
lego.movie.2.th_tt3513498	tt3513498	Wyldstyle_/_Lucy	1036.62	nm0006969	female	wiki	human	protagonist	major
lego.movie.2.th_tt3513498	tt3513498	Rex_Dangervest	667.83	nm0695435	male	wiki	human	antagonist	major
lego.movie.2.th_tt3513498	tt3513498	Batman_/_Bruce_Wayne	452.62	nm0004715	male	wiki	human		
lego.movie.2.th_tt3513498	tt3513498	Queen_Watevra_Wa-Nabi	379.5	nm1840504	female	wiki	other	antagonist	minor
lego.movie.2.th_tt3513498	tt3513498	Unikitty_/_Ultrakatty	298.09	nm1555340	female	wiki	other		
lego.movie.2.th_tt3513498	tt3513498	Superman_/_Clark_Kent_/_Kal-El	169.79	nm1475594	male	wiki	human		
lego.movie.2.th_tt3513498	tt3513498	General_Sweet_Mayhem	159.7	nm3715867	female	wiki	human	antagonist	minor
lego.movie.2.th_tt3513498	tt3513498	Benny	155.2	nm0206359	male	wiki	human		
lego.movie.2.th_tt3513498	tt3513498	Metalbeard	152.36	nm0644406	male	wiki	human		
lego.movie.2.th_tt3513498	tt3513498	Banarnar	93.09	nm2355635	male	wiki	other		
lego.movie.2.th_tt3513498	tt3513498	Dorothy	91.42		unknown	none	human		
lego.movie.2.th_tt3513498	tt3513498	Ice_Cream_Cone	82.33	nm1547964	male	wiki	human		
lego.movie.2.th_tt3513498	tt3513498	Octopus	79.08	nm0593610	male	wiki	other		
lego.movie.2.th_tt3513498	tt3513498	Aquaman_/_Arthur_Curry	75.62	nm0597388	male	wiki	human		
lego.movie.2.th_tt3513498	tt3513498	Balthazar	74.95	nm0276161	male	wiki	human		
lego.movie.2.th_tt3513498	tt3513498	Wonder_Woman_/_Diana	71.07	nm1130627	female	wiki	human		
lego.movie.2.th_tt3513498	tt3513498	Wonder_Woman_Duplo	70.24	nm8540920	female	fandom	human		
lego.movie.2.th_tt3513498	tt3513498	Susan	65.23	nm2988870	female	fandom	human		
lego.movie.2.th_tt3513498	tt3513498	President_Business	56.93	nm0002071	male	wiki	human		
lego.movie.2.th_tt3513498	tt3513498	Chocolate_Bar	52.72	nm0588087	male	wiki	other		
lego.movie.2.th_tt3513498	tt3513498	Hearts	51.97	nm4477006	unknown	none	other		
lego.movie.2.th_tt3513498	tt3513498	Scarecrow	38.79		unknown	none	human		
lego.movie.2.th_tt3513498	tt3513498	Gary_Payton	38.33	nm0668518	male	wiki	human		
lego.movie.2.th_tt3513498	tt3513498	Surfer_/_Chainsaw_/_Purgatory_Dave	35.7	nm2511956	unknown	none	human		
lego.movie.2.th_tt3513498	tt3513498	Plantimals	33.91	nm0588087	male	wiki	other		
lego.movie.2.th_tt3513498	tt3513498	Sherry	33.53	nm0593610	male	wiki	human		
lego.movie.2.th_tt3513498	tt3513498	Gandalf	32.28	nm3025399	male	fandom	human		
lego.movie.2.th_tt3513498	tt3513498	Lex_Luthor	31.28	nm0054697	male	wiki	human		
lego.movie.2.th_tt3513498	tt3513498	Tin_Man	27.82		unknown	none	other		
lego.movie.2.th_tt3513498	tt3513498	Alfred_Pennyworth	25.07	nm0000146	male	wiki	human		
lego.movie.2.th_tt3513498	tt3513498	Abraham_Lincoln	23.77	nm0287182	male	wiki	human		
lego.movie.2.th_tt3513498	tt3513498	Cowardly_Lion	20.85		unknown	none	other		
lego.movie.2.th_tt3513498	tt3513498	Larry_Poppins	19.31		unknown	none	human		
lego.movie.2.th_tt3513498	tt3513498	Bruce_Willis	19.06	nm0000246	male	wiki	human		
lego.movie.2.th_tt3513498	tt3513498	Sewer_Babies	18.77	nm4477006	unknown	none	human		
lego.movie.2.th_tt3513498	tt3513498	Panda	13.35	nm2988870	unknown	none	animal		
lego.ninjago.mo_tt3014284	tt3014284	Lloyd	1406.03	nm2002649	male	wiki	human	protagonist	major
lego.ninjago.mo_tt3014284	tt3014284	Lord_Garmadon	1149.94	nm0857620	male	wiki	human	antagonist	major
lego.ninjago.mo_tt3014284	tt3014284	Jay	558.39	nm3529685	male	wiki	human	protagonist	minor
lego.ninjago.mo_tt3014284	tt3014284	Cole	484.32	nm0035488	male	wiki	human	protagonist	minor
lego.ninjago.mo_tt3014284	tt3014284	Kai	475.31	nm0671567	male	wiki	human	protagonist	minor
lego.ninjago.mo_tt3014284	tt3014284	Nya	474.85	nm3434305	female	wiki	human	protagonist	minor
lego.ninjago.mo_tt3014284	tt3014284	Zane	443.57	nm2046855	male	wiki	human	protagonist	minor
lego.ninjago.mo_tt3014284	tt3014284	Master_Wu	433.85	nm0000329	male	wiki	human	protagonist	minor
lego.ninjago.mo_tt3014284	tt3014284	Koko	331.21	nm1601397	female	wiki	human		
lego.ninjago.mo_tt3014284	tt3014284	General_Jolly	102.52	nm2511956	unknown	none	human		
lego.ninjago.mo_tt3014284	tt3014284	General_Olivia	97.97	nm4399227	female	wiki	human		
lego.ninjago.mo_tt3014284	tt3014284	Robin_Roberts	94.34	nm0731533	female	wiki	human		
lego.ninjago.mo_tt3014284	tt3014284	Michael_Strahan	84.96	nm1476939	male	wiki	human		
lego.ninjago.mo_tt3014284	tt3014284	Pilate_Studio_Owner	69.74	nm0496899	male	wiki	human		
lego.ninjago.mo_tt3014284	tt3014284	Chen_the_Cheerleader	64.61	nm1320827	male	wiki	human		
lego.ninjago.mo_tt3014284	tt3014284	Terri_IT_Nerd	59.93		unknown	none	human		
lego.ninjago.mo_tt3014284	tt3014284	Maggie_the_Cheerleader	38.41		unknown	none	human		
lego.ninjago.mo_tt3014284	tt3014284	Mayor	34.99	nm2090422	female	wiki	human		
lego.ninjago.mo_tt3014284	tt3014284	Asimov_IT_Nerd	29.2	nm4351773	female	wiki	human		
lego.ninjago.mo_tt3014284	tt3014284	Fuchsia_Ninja	27.74	nm0123262	unknown	none	human		
lightyear_tt10298810	tt10298810	Buzz_Lightyear	2040.75	nm0262635	male	wiki	human	protagonist	major
lightyear_tt10298810	tt10298810	Alicia_Hawthorne	604.9	nm2499064	female	wiki	human	protagonist	minor
lightyear_tt10298810	tt10298810	Mo_Morrison	483.19	nm0169806	male	wiki	human	protagonist	major
lightyear_tt10298810	tt10298810	Sox	477.1	nm0812307	male	wiki	animal	protagonist	major
lightyear_tt10298810	tt10298810	Darby_Steel	440.73	nm0815831	female	wiki	human	protagonist	major
lightyear_tt10298810	tt10298810	Featheringhamstan	338.46	nm0352778	male	wiki	human		
lightyear_tt10298810	tt10298810	Izzy_Hawthorne	336.59	nm1551130	female	wiki	human	protagonist	major
lightyear_tt10298810	tt10298810	Zurg	180.6	nm0000981	male	wiki	other	antagonist	major
lightyear_tt10298810	tt10298810	Commander_Burnside	116.7	nm0926086	male	wiki	human		
lightyear_tt10298810	tt10298810	Zyclops	88.51	nm0533691	female	wiki	other	antagonist	minor
lightyear_tt10298810	tt10298810	Airman_Diaz	72.2	nm0708293	male	wiki	human		
lightyear_tt10298810	tt10298810	Izzy_(Young)	45.13	nm13756193	female	fandom	human		
lilo..stitch_tt0275847	tt0275847	Lilo_Pelekai	1342.92	nm0153738	female	wiki	human	protagonist	major
lilo..stitch_tt0275847	tt0275847	Stitch	1315.86	nm0761498	male	wiki	other	protagonist	major
lilo..stitch_tt0275847	tt0275847	Nani_Pelekai	1280.4	nm0000119	female	wiki	human	protagonist	major
lilo..stitch_tt0275847	tt0275847	Jumba_Jookiba	479.27	nm0001773	male	wiki	human	antagonist	major
lilo..stitch_tt0275847	tt0275847	Pleakley	372.87	nm0567852	male	wiki	human	antagonist	major
lilo..stitch_tt0275847	tt0275847	David_Kawena	315.27	nm0001462	male	wiki	human	protagonist	minor
lilo..stitch_tt0275847	tt0275847	Grand_Councilwoman	274.82	nm0129807	female	wiki	other	antagonist	minor
lilo..stitch_tt0275847	tt0275847	Cobra_Bubbles	217.51	nm0000609	male	wiki	human	antagonist	minor
lilo..stitch_tt0275847	tt0275847	Mertle_Edmonds	181.35	nm1214261	female	wiki	human		
lilo..stitch_tt0275847	tt0275847	Captain_Gantu	175.63	nm0724656	male	wiki	other	antagonist	major
lilo..stitch_tt0275847	tt0275847	Moses_Puloki	135.09		male	fandom	human		
lilo..stitch_tt0275847	tt0275847	Susan_Hegarty	112.65		unknown	none	human		
lilo..stitch_tt0275847	tt0275847	Ice_Cream_Man	62.52	nm1191641;nm0120309	male	fandom	human		
lion.king_tt0110357	tt0110357	Simba_(Young)	903.69	nm0001795	male	wiki	animal	protagonist	major
lion.king_tt0110357	tt0110357	Simba	837.84	nm0000111	male	wiki	animal	protagonist	major
lion.king_tt0110357	tt0110357	Scar	597.76	nm0000460	male	wiki	animal	antagonist	major
lion.king_tt0110357	tt0110357	Timon	451.74	nm0001447	male	wiki	animal	protagonist	minor
lion.king_tt0110357	tt0110357	Pumbaa	391.77	nm0754676	male	wiki	animal	protagonist	minor
lion.king_tt0110357	tt0110357	Mufasa	330.16	nm0000469	male	wiki	animal	protagonist	minor
lion.king_tt0110357	tt0110357	Zazu	277.28	nm0000100	male	wiki	animal	protagonist	minor
lion.king_tt0110357	tt0110357	Sarafina	246.29	nm0494922	female	wiki	animal		
lion.king_tt0110357	tt0110357	Rafiki	202.24	nm0347039	male	wiki	animal	protagonist	minor
lion.king_tt0110357	tt0110357	Sarabi	197.24	nm0801672	female	wiki	animal	protagonist	minor
lion.king_tt0110357	tt0110357	Ed	193.28	nm0191906	male	wiki	animal	antagonist	minor
lion.king_tt0110357	tt0110357	Shenzi	184.68	nm0000155	female	wiki	animal	antagonist	minor
lion.king_tt0110357	tt0110357	Nala	178.85	nm0446702	female	wiki	animal	protagonist	minor
lion.king_tt0110357	tt0110357	Nala_(Young)	148.52		female	fandom	animal	protagonist	minor
lion.king_tt0110357	tt0110357	Banzai	93.68	nm0001507	male	wiki	animal	antagonist	minor
lion.king_tt6105098	tt6105098	Simba_(Young)	769.52	nm6556377	male	wiki	animal	protagonist	major
lion.king_tt6105098	tt6105098	Simba	566.36	nm2255973	male	wiki	animal	protagonist	major
lion.king_tt6105098	tt6105098	Scar	538.66	nm0252230	male	wiki	animal	antagonist	major
lion.king_tt6105098	tt6105098	Timon	450.03	nm2813994	male	wiki	animal	protagonist	major
lion.king_tt6105098	tt6105098	Pumba	367.87	nm0736622	male	wiki	animal	protagonist	major
lion.king_tt6105098	tt6105098	Nala_(Young)	343.38	nm8630978	female	wiki	animal	protagonist	minor
lion.king_tt6105098	tt6105098	Nala	315.27	nm0461498	female	wiki	animal	protagonist	major
lion.king_tt6105098	tt6105098	Mufasa	306.22	nm0000469	male	wiki	animal	protagonist	minor
lion.king_tt6105098	tt6105098	Sarabi	301.47	nm0005569	female	wiki	animal	protagonist	minor
lion.king_tt6105098	tt6105098	Shenzi	257.13	nm0441042	female	wiki	animal	antagonist	minor
lion.king_tt6105098	tt6105098	Kamari	174.88	nm1221047	male	wiki	animal		
lion.king_tt6105098	tt6105098	Rafiki	153.65	nm0434712	male	wiki	animal	protagonist	minor
lion.king_tt6105098	tt6105098	Azizi	60.35	nm2765191	male	wiki	animal		
lion.king_tt6105098	tt6105098	Sarafina	48.13	nm0425982	female	wiki	animal		
little.mermaid_tt0097757	tt0097757	Princess_Ariel	1399.86	nm0072533	female	wiki	human	protagonist	major
little.mermaid_tt0097757	tt0097757	Sebastian	647.48	nm0942787	male	wiki	animal	protagonist	major
little.mermaid_tt0097757	tt0097757	Prince_Eric	539.5	nm0055549	male	wiki	human	protagonist	major
little.mermaid_tt0097757	tt0097757	Ursula	410.87	nm0140946	female	wiki	human	antagonist	major
little.mermaid_tt0097757	tt0097757	Flounder	409.91	nm0547465	male	wiki	animal	protagonist	major
little.mermaid_tt0097757	tt0097757	Scuttle	323.11	nm0004983	male	wiki	animal	protagonist	minor
little.mermaid_tt0097757	tt0097757	King_Triton	256.97	nm0550318	male	wiki	human	protagonist	minor
little.mermaid_tt0097757	tt0097757	Grimsby	170.34	nm0942220	male	wiki	human		
little.mermaid_tt0097757	tt0097757	Flotsam_and_Jetsam	166.71	nm0250252	female	wiki	animal	antagonist	minor
little.mermaid_tt0097757	tt0097757	Chef_Louis	123.21	nm0041281	male	wiki	human		
little.mermaid_tt0097757	tt0097757	Max	61.6		male	fandom	animal		
little.mermaid_tt0097757	tt0097757	Carlotta	61.44	nm0566052	female	wiki	human		
little.mermaid_tt0097757	tt0097757	Seahorse	56.14	nm0752900	male	wiki	human		
lorax_tt1482459	tt1482459	Ted	1015.6	nm1374980	male	wiki	human	protagonist	major
lorax_tt1482459	tt1482459	Once-ler	958.16	nm1159180	male	wiki	human	protagonist	major
lorax_tt1482459	tt1482459	Forest_Animals	537.29	nm0719208	male	wiki	animal		
lorax_tt1482459	tt1482459	Lorax	484.94	nm0000362	male	wiki	other	protagonist	minor
lorax_tt1482459	tt1482459	Humming_Fish	445.74	nm0232755	female	wiki	other		
lorax_tt1482459	tt1482459	Ted's_Mom	405.99	nm2809577	female	wiki	human		
lorax_tt1482459	tt1482459	O'Hare	378.34	nm1443527	male	wiki	human	antagonist	major
lorax_tt1482459	tt1482459	Audrey	314.15	nm2357847	female	wiki	human	protagonist	minor
lorax_tt1482459	tt1482459	Grammy_Norma	303.47	nm0924508	female	wiki	human	protagonist	minor
lorax_tt1482459	tt1482459	Once-ler's_Mom	259.63	nm1840659	female	wiki	human		
lorax_tt1482459	tt1482459	Aunt_Grizelda	235.74	nm0920800	female	wiki	human		
lorax_tt1482459	tt1482459	Cy	191.86	nm0792165	male	wiki	human		
lorax_tt1482459	tt1482459	Uncle_Ubb	138.43	nm0864997	male	wiki	human		
lorax_tt1482459	tt1482459	Brett	122.16	nm0177528	male	wiki	human		
lorax_tt1482459	tt1482459	Chet	88.96	nm0177528	male	wiki	human		
lorax_tt1482459	tt1482459	Once-ler_Old	66.32	nm1159180	male	wiki	human		
lord.of.the.rin_tt0077869	tt0077869	Frodo_Baggins	1557.43	nm0345295	male	wiki	human	protagonist	major
lord.of.the.rin_tt0077869	tt0077869	Aragorn	848.22	nm0000457	male	wiki	human	protagonist	major
lord.of.the.rin_tt0077869	tt0077869	Samwise_Gamgee	704.91	nm0774578	male	wiki	human	protagonist	major
lord.of.the.rin_tt0077869	tt0077869	Gandalf	579	nm0820109	male	wiki	human	protagonist	major
lord.of.the.rin_tt0077869	tt0077869	Peregrin	505.34	nm0345297	male	wiki	human	protagonist	minor
lord.of.the.rin_tt0077869	tt0077869	Gimli	407.57	nm0118344	male	wiki	human	protagonist	minor
lord.of.the.rin_tt0077869	tt0077869	Legolas	343.39	nm0000355	male	wiki	human	protagonist	minor
lord.of.the.rin_tt0077869	tt0077869	Meriadoc	321.2	nm0151463	male	wiki	human	protagonist	minor
lord.of.the.rin_tt0077869	tt0077869	Witch-King	275.4		male	fandom	other	antagonist	minor
lord.of.the.rin_tt0077869	tt0077869	Bilbo_Baggins	231.65	nm0083424	male	wiki	human	protagonist	minor
lord.of.the.rin_tt0077869	tt0077869	Gollum_/_Smeagol	224.52	nm0940885	male	wiki	other	antagonist	major
lord.of.the.rin_tt0077869	tt0077869	Elrond	168.63	nm0603682	male	wiki	human	protagonist	minor
lord.of.the.rin_tt0077869	tt0077869	Grishn�kh	159.74		unknown	none	other		
lord.of.the.rin_tt0077869	tt0077869	Galadriel	134.38	nm0188950	female	wiki	human	protagonist	minor
lord.of.the.rin_tt0077869	tt0077869	Boromir	123	nm0185163	male	wiki	human	protagonist	minor
lord.of.the.rin_tt0077869	tt0077869	Innkeeper	122.5	nm0863519	male	wiki	human		
lord.of.the.rin_tt0077869	tt0077869	Wormtongue	100.89	nm0212583	male	wiki	human		
lord.of.the.rin_tt0077869	tt0077869	Theoden	80.16	nm0832104	male	wiki	human	protagonist	minor
lord.of.the.rin_tt0077869	tt0077869	Saruman_of_Many_Colours	72.66	nm0449693	male	wiki	human	antagonist	major
lord.of.the.rin_tt0077869	tt0077869	�owyn	71.82		unknown	none	human		
lord.of.the.rin_tt0077869	tt0077869	Everard_Proudfoot	52.97		unknown	none	human		
lord.of.the.rin_tt0077869	tt0077869	�omer	45.92		unknown	none	human		
lord.of.the.rin_tt0077869	tt0077869	Treebeard	36.2	nm0922462	male	wiki	other	protagonist	minor
lord.of.the.rin_tt0077869	tt0077869	Celeborn	26.36		male	fandom	human		
madagascar_tt0351283	tt0351283	Alex	1697.99	nm0001774	male	wiki	animal	protagonist	major
madagascar_tt0351283	tt0351283	Marty	1082.87	nm0001674	male	wiki	animal	protagonist	major
madagascar_tt0351283	tt0351283	Gloria	1031.24	nm0000586	female	wiki	animal	protagonist	major
madagascar_tt0351283	tt0351283	Melman	669.96	nm0001710	male	wiki	animal	protagonist	major
madagascar_tt0351283	tt0351283	King_Julien	477.06	nm0056187	male	wiki	animal	protagonist	minor
madagascar_tt0351283	tt0351283	Maurice	321.53	nm0147825	male	wiki	animal	protagonist	minor
madagascar_tt0351283	tt0351283	Foosa	296.96	nm0569891	male	wiki	animal	antagonist	major
madagascar_tt0351283	tt0351283	Willie	193.03	nm0970606	male	wiki	animal		
madagascar_tt0351283	tt0351283	Skipper	164.66	nm0569891	male	wiki	animal	protagonist	minor
madagascar_tt0351283	tt0351283	Lemur_1	157.66	nm0201509	male	wiki	animal		
madagascar_tt0351283	tt0351283	Mort	140.93	nm0725200	male	wiki	animal		
madagascar_tt0351283	tt0351283	Private	117.24	nm0971017	male	wiki	animal	protagonist	minor
madagascar_tt0351283	tt0351283	Kowalski	109.28	nm1844237	male	wiki	animal	protagonist	minor
madagascar_tt0351283	tt0351283	Phil	83.37		male	fandom	animal	protagonist	minor
madagascar_tt0351283	tt0351283	Old_Lady	39.29	nm0672330	female	wiki	human		
madagascar_tt0351283	tt0351283	Spider	30.2	nm1019583	male	wiki	animal		
madagascar_tt0351283	tt0351283	Police_Horse	23.9	nm0184748	male	wiki	animal		
madagascar.3.eu_tt1277953	tt1277953	Alex	1258.67	nm0001774	male	wiki	animal	protagonist	major
madagascar.3.eu_tt1277953	tt1277953	Gloria	695.82	nm0000586	female	wiki	animal	protagonist	major
madagascar.3.eu_tt1277953	tt1277953	Marty	483.77	nm0001674	male	wiki	animal	protagonist	major
madagascar.3.eu_tt1277953	tt1277953	Melman	465.88	nm0001710	male	wiki	animal	protagonist	major
madagascar.3.eu_tt1277953	tt1277953	Stefano	443.07	nm0001737	male	wiki	animal	protagonist	minor
madagascar.3.eu_tt1277953	tt1277953	Vitaly	434.27	nm0186505	male	wiki	animal	protagonist	minor
madagascar.3.eu_tt1277953	tt1277953	Gia	427.59	nm1567113	female	wiki	animal	protagonist	minor
madagascar.3.eu_tt1277953	tt1277953	Captain_Chantel_DuBois	379.75	nm0000531	female	wiki	human	antagonist	major
madagascar.3.eu_tt1277953	tt1277953	King_Julien	212.38	nm0056187	male	wiki	animal	protagonist	minor
madagascar.3.eu_tt1277953	tt1277953	Skipper	134.51	nm0569891	male	wiki	animal	protagonist	minor
madagascar.3.eu_tt1277953	tt1277953	Maurice	132.67	nm0147825	male	wiki	animal	protagonist	minor
madagascar.3.eu_tt1277953	tt1277953	First_Policeman	115.53	nm0569891	male	wiki	human		
madagascar.3.eu_tt1277953	tt1277953	Horses	113.91	nm0891895	female	wiki	animal		
madagascar.3.eu_tt1277953	tt1277953	Mort	112.49	nm0725200	male	wiki	animal	protagonist	minor
madagascar.3.eu_tt1277953	tt1277953	Casino_Security	110.03	nm0640284	male	wiki	human		
madagascar.3.eu_tt1277953	tt1277953	Mason	101.23	nm0970447	male	wiki	animal	protagonist	minor
madagascar.3.eu_tt1277953	tt1277953	Private	95.05	nm0971017	male	wiki	animal	protagonist	minor
madagascar.3.eu_tt1277953	tt1277953	Kid_in_Crowd	92.13	nm5086205	unknown	none	human		
madagascar.3.eu_tt1277953	tt1277953	Commandante	80.25	nm0201509	male	wiki	human		
madagascar.3.eu_tt1277953	tt1277953	Mayor_of_New_York_City	79.04	nm0640284	male	wiki	human		
madagascar.3.eu_tt1277953	tt1277953	Jonesy_the_Dog	78.58	nm3256362	unknown	none	animal		
madagascar.3.eu_tt1277953	tt1277953	Freddie_the_Dog	77.37	nm0005068	male	wiki	animal		
madagascar.3.eu_tt1277953	tt1277953	Circus_Master	74.78	nm0414365	male	wiki	human		
madagascar.3.eu_tt1277953	tt1277953	Frankie_the_Dog	73.74	nm0282080	male	wiki	animal		
madagascar.3.eu_tt1277953	tt1277953	Phil	72.57		male	fandom	animal	protagonist	minor
madagascar.3.eu_tt1277953	tt1277953	Kowalski	69.86	nm1844237	male	wiki	animal	protagonist	minor
madagascar.3.eu_tt1277953	tt1277953	Rico	41.96		male	fandom	animal	protagonist	minor
madagascar.3.eu_tt1277953	tt1277953	Second_Policeman	31.57	nm0970447	male	wiki	human		
madagascar.esca_tt0479952	tt0479952	Alex	1272.65	nm0001774	male	wiki	animal	protagonist	major
madagascar.esca_tt0479952	tt0479952	Gloria	723.81	nm0000586	female	wiki	animal	protagonist	major
madagascar.esca_tt0479952	tt0479952	Melman	721.6	nm0001710	male	wiki	animal	protagonist	major
madagascar.esca_tt0479952	tt0479952	Zuba	569.49	nm0005170	male	wiki	animal	protagonist	minor
madagascar.esca_tt0479952	tt0479952	Marty	542.04	nm0001674	male	wiki	animal	protagonist	major
madagascar.esca_tt0479952	tt0479952	Moto_Moto	474.06	nm1443238	male	wiki	animal		
madagascar.esca_tt0479952	tt0479952	Florrie	451.45	nm0791868	female	wiki	animal		
madagascar.esca_tt0479952	tt0479952	Alex_(Baby)	363.53	nm3175582	male	fandom	animal		
madagascar.esca_tt0479952	tt0479952	King_Julien	321.36	nm0056187	male	wiki	animal	protagonist	minor
madagascar.esca_tt0479952	tt0479952	Makunga	318.82	nm0000285	male	wiki	animal	antagonist	major
madagascar.esca_tt0479952	tt0479952	Skipper	184.48	nm0569891	male	wiki	animal	protagonist	minor
madagascar.esca_tt0479952	tt0479952	Maurice	174.17	nm0147825	male	wiki	animal		
madagascar.esca_tt0479952	tt0479952	Mort	116.03	nm0725200	male	wiki	animal		
madagascar.esca_tt0479952	tt0479952	Mason	92.09	nm0970447	male	wiki	animal		
madagascar.esca_tt0479952	tt0479952	Phil	69.03		male	fandom	animal		
madagascar.esca_tt0479952	tt0479952	Private	68.82	nm0971017	male	wiki	animal		
madagascar.esca_tt0479952	tt0479952	Rico	68.32		male	fandom	animal		
madagascar.esca_tt0479952	tt0479952	Kowalski	68.32	nm1844237	male	wiki	animal		
madagascar.esca_tt0479952	tt0479952	Teetsi	61.48	nm0851317	male	wiki	animal	antagonist	minor
madagascar.esca_tt0479952	tt0479952	Marty_(Baby)	40.04	nm1883535	male	wiki	animal		
meet.the.robins_tt0396555	tt0396555	Lewis	1721.89	nm0360743	male	fandom	human	protagonist	major
meet.the.robins_tt0396555	tt0396555	Wilbur_Robinson	761.3	nm1130617	male	wiki	human	protagonist	major
meet.the.robins_tt0396555	tt0396555	Bowler_Hat_Guy	594.14	nm0027459	male	wiki	human	antagonist	major
meet.the.robins_tt0396555	tt0396555	Michael	260.14	nm1553654	male	fandom	human		
meet.the.robins_tt0396555	tt0396555	Uncle_Fritz	250.46	nm0761969	male	wiki	human		
meet.the.robins_tt0396555	tt0396555	Lucille_Krunklehorn	238.57	nm0582418	female	wiki	human		
meet.the.robins_tt0396555	tt0396555	Franny_Robinson	233.82	nm0005474	female	wiki	human		
meet.the.robins_tt0396555	tt0396555	Grandpa_Bud	232.69	nm0027459	male	wiki	human		
meet.the.robins_tt0396555	tt0396555	Uncle_Art	189.31	nm0001842	male	wiki	human		
meet.the.robins_tt0396555	tt0396555	Mildred	180.64	nm0000291	female	wiki	human		
meet.the.robins_tt0396555	tt0396555	Carl	175.93	nm0005558	male	wiki	other		
meet.the.robins_tt0396555	tt0396555	Mr._Willerstein	153.49	nm0444786	male	wiki	human		
meet.the.robins_tt0396555	tt0396555	Cornelius_Robinson	129.13	nm0000633	male	wiki	human		
meet.the.robins_tt0396555	tt0396555	Aunt_Billie	128.92	nm1851408	unknown	none	human		
meet.the.robins_tt0396555	tt0396555	Cousin_Tallulah	128.59	nm0027459	male	wiki	human		
meet.the.robins_tt0396555	tt0396555	Frankie	117.16	nm1950901	male	wiki	animal		
meet.the.robins_tt0396555	tt0396555	Uncle_Gaston	104.85	nm2320658	male	wiki	human		
meet.the.robins_tt0396555	tt0396555	Franny_(Young)	102.31	nm1402100	female	wiki	human		
meet.the.robins_tt0396555	tt0396555	Aunt_Petunia	89.51	nm0761969	male	wiki	human		
meet.the.robins_tt0396555	tt0396555	Cousin_Laszlo	69.49	nm0761969	male	wiki	human		
meet.the.robins_tt0396555	tt0396555	Tiny_the_T-Rex	56.81	nm1853872	male	wiki	animal		
meet.the.robins_tt0396555	tt0396555	Dmitri	19.02	nm0761969	male	wiki	human		
meet.the.robins_tt0396555	tt0396555	Spike	14.93	nm0761969	male	wiki	human		
megamind_tt1001526	tt1001526	Megamind	1396.19	nm0002071	male	wiki	human	protagonist	major
megamind_tt1001526	tt1001526	Roxanne_Ritchi	1132.01	nm0275486	female	wiki	human	protagonist	major
megamind_tt1001526	tt1001526	Minion	571.11	nm0189144	male	wiki	other	protagonist	major
megamind_tt1001526	tt1001526	Hal_Stewart_/_Tighten	526.98	nm1706767	male	wiki	human	antagonist	major
megamind_tt1001526	tt1001526	Bernard	375.33	nm0001774	male	wiki	human		
megamind_tt1001526	tt1001526	Metro_Man	243.33	nm0000093	male	wiki	human	antagonist	minor
megamind_tt1001526	tt1001526	Warden	185.48	nm0799777	male	wiki	human		
megamind_tt1001526	tt1001526	Prison_Guard_2	97.18	nm0569891	male	wiki	human		
megamind_tt1001526	tt1001526	Prisoner	96.26		unknown	none	human		
megamind_tt1001526	tt1001526	School_Child_1	93.38		unknown	none	human		
megamind_tt1001526	tt1001526	Prisoner_Guard_1	76.28	nm0971017	male	wiki	human		
megamind_tt1001526	tt1001526	School_Child_2	70.49	nm3175092	male	wiki	human		
megamind_tt1001526	tt1001526	Megamind's_Mother	58.77		unknown	none	human		
megamind_tt1001526	tt1001526	Mayor	55.81	nm0443911	male	wiki	human		
megamind_tt1001526	tt1001526	Lady_Scott	50.13	nm3961654	unknown	none	human		
megamind_tt1001526	tt1001526	Crying_Baby	41.17	nm2624549	unknown	none	human		
megamind_tt1001526	tt1001526	Megamind's_Father	19.56	nm0857620	male	wiki	human		
migration_tt6495056	tt6495056	Mack_Mallard	1501.25	nm3529685	male	wiki	animal	protagonist	major
migration_tt6495056	tt6495056	Pam_Mallard	1321.7	nm0006969	female	wiki	animal	protagonist	major
migration_tt6495056	tt6495056	Dax_Mallard	887.68	nm8647189	male	fandom	animal	protagonist	major
migration_tt6495056	tt6495056	Gwen_Mallard	878.38	nm14793320	female	fandom	animal	protagonist	major
migration_tt6495056	tt6495056	Uncle_Dan	360.57	nm0000362	male	wiki	animal	protagonist	minor
migration_tt6495056	tt6495056	Chump	233.11	nm5377144	female	wiki	animal	protagonist	minor
migration_tt6495056	tt6495056	Delroy	232.23	nm1221047	male	wiki	animal	protagonist	minor
migration_tt6495056	tt6495056	Erin	180.93	nm0001406	female	wiki	animal	protagonist	minor
migration_tt6495056	tt6495056	Owl_Character	153.49		unknown	none	animal		
migration_tt6495056	tt6495056	Googoo	140.81	nm0593267	male	wiki	animal		
migration_tt6495056	tt6495056	Kim	139.6	nm5097044	female	wiki	animal		
migration_tt6495056	tt6495056	Human_Character	123.67		unknown	none	human		
migration_tt6495056	tt6495056	White_duck_character	118.95		unknown	none	animal		
migration_tt6495056	tt6495056	Human_2_character	48.09		unknown	none	human		
migration_tt6495056	tt6495056	Snail	28.11		unknown	none	animal		
minions_tt2293640	tt2293640	Kevin_the_Minion	1342.09	nm1853544	male	wiki	other	protagonist	major
minions_tt2293640	tt2293640	Bob_the_Minion	1283.78	nm1853544	male	wiki	other	protagonist	major
minions_tt2293640	tt2293640	Scarlet_Overkill	740.45	nm0000113	female	wiki	human	antagonist	major
minions_tt2293640	tt2293640	Stuart_the_Minion	732.9	nm1853544	male	wiki	other	protagonist	major
minions_tt2293640	tt2293640	Herb_Overkill	374.04	nm0358316	male	wiki	human	antagonist	minor
minions_tt2293640	tt2293640	The_Queen	361.11	nm0766837	female	wiki	human		
minions_tt2293640	tt2293640	Walter_Nelson	249.83	nm0000474	male	wiki	human		
minions_tt2293640	tt2293640	Sumo_Villain	221.35	nm0760796	male	wiki	human		
minions_tt2293640	tt2293640	Tina	201.91		female	fandom	human		
minions_tt2293640	tt2293640	News_Reporter	200.33	nm1442933	male	wiki	human		
minions_tt2293640	tt2293640	Madge_Nelson	193.11	nm0005049	female	wiki	human		
minions_tt2293640	tt2293640	Gru_(Young)	189.81	nm0136797	male	wiki	human		
minions_tt2293640	tt2293640	Minions	176.05	nm1853544	male	fandom	other	protagonist	minor
minions_tt2293640	tt2293640	Walter_Jr.	142.89	nm0064170	male	wiki	human		
minions_tt2293640	tt2293640	Royal_Advisor	122.21	nm3125329	unknown	none	human		
minions_tt2293640	tt2293640	Professor_Flux	110.53	nm0176869	male	wiki	human		
minions_tt2293640	tt2293640	VNC_Announcer	88.8	nm0064170	male	wiki	human		
minions_tt2293640	tt2293640	Fabrice	84.13	nm0742125	unknown	none	human		
minions_tt2293640	tt2293640	Tower_Guard	60.19	nm0176869	male	wiki	human		
minions.the.ris_tt5113044	tt5113044	Gru_(Young)	1239.65	nm0136797	male	wiki	human	protagonist	major
minions.the.ris_tt5113044	tt5113044	Bob_the_Minion	803.51	nm1853544	male	wiki	other	protagonist	major
minions.the.ris_tt5113044	tt5113044	Kevin_the_Minion	587.25	nm1853544	male	wiki	other	protagonist	major
minions.the.ris_tt5113044	tt5113044	Wild_Knuckles	504.13	nm0000273	male	wiki	human	protagonist	major
minions.the.ris_tt5113044	tt5113044	Stuart_the_Minion	445.11	nm1853544	male	wiki	other	protagonist	major
minions.the.ris_tt5113044	tt5113044	Otto_the_Minion	408.7	nm1853544	male	wiki	other	protagonist	major
minions.the.ris_tt5113044	tt5113044	Master_Chow	327.66	nm0000706	female	wiki	human	protagonist	minor
minions.the.ris_tt5113044	tt5113044	Belle_Bottom	234.19	nm0378245	female	wiki	human	antagonist	major
minions.the.ris_tt5113044	tt5113044	Gru's_Teacher	116.12	nm1690878	unknown	none	human		
minions.the.ris_tt5113044	tt5113044	Stronghold	111.4	nm0001803	male	wiki	human		
minions.the.ris_tt5113044	tt5113044	Svengeance	106.73	nm0000185	male	wiki	human		
minions.the.ris_tt5113044	tt5113044	Biker	97.81	nm0753526	male	wiki	human	protagonist	minor
minions.the.ris_tt5113044	tt5113044	Dr._Nefario	90.01	nm1258970	male	wiki	human	protagonist	minor
minions.the.ris_tt5113044	tt5113044	Henchman_#3	89.92	nm0224007	male	wiki	human		
minions.the.ris_tt5113044	tt5113044	Jean_Clawed	87.46	nm0000241	male	wiki	human		
minions.the.ris_tt5113044	tt5113044	Mr._Perkins	67.36	nm0004715	male	wiki	human		
minions.the.ris_tt5113044	tt5113044	Birthday_Kid	65.19	nm0675442	male	wiki	human		
minions.the.ris_tt5113044	tt5113044	Nun-Chuck	54.8	nm0005128	female	wiki	human		
minions.the.ris_tt5113044	tt5113044	Henchman_#1	47.38	nm4497202	male	wiki	human		
minions.the.ris_tt5113044	tt5113044	Henchman_#2	41.92	nm0724656	male	wiki	human		
moana_tt13622970	tt13622970	Moana	2065.27	nm7635388	female	wiki	human	protagonist	major
moana_tt13622970	tt13622970	Maui	736.9	nm0425005	male	wiki	human	protagonist	major
moana_tt13622970	tt13622970	Moni	544.34	nm12533314	male	fandom	human	protagonist	minor
moana_tt13622970	tt13622970	Loto	477.48	nm4194124	female	wiki	human	protagonist	minor
moana_tt13622970	tt13622970	Sina	363.41	nm0970122	female	wiki	human		
moana_tt13622970	tt13622970	Simea	360.99	nm16261191	female	fandom	human		
moana_tt13622970	tt13622970	Kele	354.27	nm0266713	male	wiki	human	protagonist	minor
moana_tt13622970	tt13622970	Matangi	285.87	nm10049181	female	fandom	human	antagonist	minor
moana_tt13622970	tt13622970	Pua	276.69		unknown	none	animal	protagonist	minor
moana_tt13622970	tt13622970	Chief_Tui	211.34	nm0607325	male	wiki	human		
moana_tt13622970	tt13622970	Gramma_Tala	145.85	nm1344302	female	wiki	human	protagonist	minor
moana_tt13622970	tt13622970	Tamatoa	140.06	nm1318596	male	wiki	animal	antagonist	minor
moana_tt13622970	tt13622970	Heihei	99.72	nm0876138	male	wiki	animal	protagonist	minor
moana_tt13622970	tt13622970	Tautai_Vasa	68.99	nm16774389	unknown	none	human	protagonist	minor
moana_tt3521164	tt3521164	Moana	1940.31	nm7635388	female	wiki	human	protagonist	major
moana_tt3521164	tt3521164	Maui	897.56	nm0425005	male	wiki	human	protagonist	major
moana_tt3521164	tt3521164	Gramma_Tala	279.28	nm1344302	female	wiki	human	protagonist	minor
moana_tt3521164	tt3521164	Young_Moana	276.11	nm7635388	female	wiki	human		
moana_tt3521164	tt3521164	Sina	244.62	nm0970122	female	wiki	human	protagonist	minor
moana_tt3521164	tt3521164	Chief_Tui	208.96	nm0607325	male	wiki	human	protagonist	minor
moana_tt3521164	tt3521164	Tamatoa	125.71	nm1318596	male	wiki	animal	antagonist	minor
moana_tt3521164	tt3521164	Te_Kā	84.38		unknown	none	other	antagonist	major
moana_tt3521164	tt3521164	Moni	76.74		unknown	none	human		
moana_tt3521164	tt3521164	Heihei	71.49	nm0876138	male	wiki	animal	protagonist	minor
moana_tt3521164	tt3521164	Pua	61.81		unknown	none	animal	protagonist	minor
moana_tt3521164	tt3521164	Te_Fiti	55.56		female	fandom	human		
moana_tt3521164	tt3521164	Shark_Maui	44.63	nm0425005	male	wiki	animal		
moana_tt3521164	tt3521164	Kakamora	39.71		unknown	none	other	antagonist	minor
moana_tt3521164	tt3521164	Kotu	18.27		unknown	none	other		
moana_tt3521164	tt3521164	Hawk_Maui	15.01	nm0425005	male	wiki	animal		
moana_tt3521164	tt3521164	Eight-Eyed_Bats	3.67		unknown	none	animal		
monster.house_tt0385880	tt0385880	DJ_Walters	1400.97	nm1102053	male	wiki	human	protagonist	major
monster.house_tt0385880	tt0385880	Chowder	1018.92	nm1348102	male	wiki	human	protagonist	major
monster.house_tt0385880	tt0385880	Jenny_Bennett	705.4	nm1682400	female	wiki	human	protagonist	major
monster.house_tt0385880	tt0385880	Horace_Nebbercracker	319.62	nm0000114	male	wiki	human		
monster.house_tt0385880	tt0385880	Zee	228.13	nm0350454	female	wiki	human		
monster.house_tt0385880	tt0385880	Officer_Lister	159.69	nm0134244	male	wiki	human		
monster.house_tt0385880	tt0385880	Officer_Landers	151.89	nm0416673	male	wiki	human		
monster.house_tt0385880	tt0385880	Bones	140.54	nm0005134	male	wiki	human		
monster.house_tt0385880	tt0385880	Reginald_"Skull"_Skulinski	104.47	nm1417647	male	wiki	human		
monster.house_tt0385880	tt0385880	Mrs._Walters	81.88	nm0001573	female	wiki	human		
monster.house_tt0385880	tt0385880	Constance_Nebbercracker	67.3		female	fandom	human	antagonist	major
monster.house_tt0385880	tt0385880	Mr._Walters	62.36	nm0929609	male	wiki	human		
monster.house_tt0385880	tt0385880	Eliza	59.06		female	fandom	human		
monsters.inc._tt0198781	tt0198781	Sulley_/_James_P._Sullivan	1756.25	nm0000422	male	wiki	other	protagonist	major
monsters.inc._tt0198781	tt0198781	Mike_Wazowski	1440.98	nm0000345	male	wiki	other	protagonist	major
monsters.inc._tt0198781	tt0198781	Boo	510.68	nm0316701	female	wiki	human	protagonist	major
monsters.inc._tt0198781	tt0198781	Randall_Boggs	388.05	nm0000114	male	wiki	other	antagonist	major
monsters.inc._tt0198781	tt0198781	Waternoose	312.35	nm0000336	male	wiki	other	antagonist	major
monsters.inc._tt0198781	tt0198781	Bile	157.53	nm0682066	male	wiki	other		
monsters.inc._tt0198781	tt0198781	Celia_Mae	149.36	nm0000236	female	wiki	other		
monsters.inc._tt0198781	tt0198781	Fungus	142.89	nm0000568	male	wiki	other		
monsters.inc._tt0198781	tt0198781	Chalooby	139.64		male	fandom	other		
monsters.inc._tt0198781	tt0198781	Roz	112.49	nm0677037	female	fandom	other	protagonist	minor
monsters.inc._tt0198781	tt0198781	Yeti	103.14	nm0001652	male	wiki	other		
monsters.inc._tt0198781	tt0198781	Smitty	95.68	nm0314870	male	wiki	other		
monsters.inc._tt0198781	tt0198781	Needleman	90.51	nm0314870	male	wiki	other		
monsters.inc._tt0198781	tt0198781	Pete	73.07	nm0710020	male	wiki	other		
monsters.inc._tt0198781	tt0198781	Floor_Manager	68.86	nm0839915	male	wiki	other		
monsters.inc._tt0198781	tt0198781	George	63.52	nm0085499	male	wiki	other		
monsters.inc._tt0198781	tt0198781	Rex	51.76	nm0001728	male	wiki	other		
monsters.inc._tt0198781	tt0198781	Tony	34.58	nm0702925	male	wiki	other		
monsters.inc._tt0198781	tt0198781	Sushi_Chef	32.66	nm0348562	male	wiki	other		
monsters.inc._tt0198781	tt0198781	Charlie	25.82	nm0698413	male	wiki	other		
monsters.inc._tt0198781	tt0198781	Ms._Flint	23.9	nm0001372	female	wiki	other		
monsters.univer_tt1453405	tt1453405	Mike_Wazowski	2024.61	nm0000345	male	wiki	other	protagonist	major
monsters.univer_tt1453405	tt1453405	Sulley_/_James_P._Sullivan	1715.88	nm0000422	male	wiki	other	protagonist	major
monsters.univer_tt1453405	tt1453405	Art	772.31	nm0206359	male	wiki	other		
monsters.univer_tt1453405	tt1453405	Don_Carlton	706.16	nm0615063	male	wiki	other		
monsters.univer_tt1453405	tt1453405	Squishy	658.74	nm0812307	male	wiki	other		
monsters.univer_tt1453405	tt1453405	Terry	517.02	nm0004929	male	wiki	other		
monsters.univer_tt1453405	tt1453405	Terri	491.82	nm0005003	male	wiki	other		
monsters.univer_tt1453405	tt1453405	Dean_Hardscrabble	363.45	nm0000545	female	wiki	other	antagonist	major
monsters.univer_tt1453405	tt1453405	Johnny	336.84	nm0277213	male	wiki	other		
monsters.univer_tt1453405	tt1453405	Professor_Knight	250.54	nm0000547	male	wiki	other		
monsters.univer_tt1453405	tt1453405	Randy_Boggs	230.73	nm0000114	male	wiki	other	antagonist	minor
monsters.univer_tt1453405	tt1453405	Ms._Squibbles	230.27	nm0842140	female	wiki	other		
monsters.univer_tt1453405	tt1453405	Greek_Council_VP	201.87	nm0479527	male	wiki	other		
monsters.univer_tt1453405	tt1453405	Slug	184.27	nm0352778	male	wiki	other		
monsters.univer_tt1453405	tt1453405	Greek_Council_President	178.43	nm2201555	female	wiki	other		
monsters.univer_tt1453405	tt1453405	Mrs._Graves	173.05	nm0001372	female	wiki	other		
monsters.univer_tt1453405	tt1453405	Frank_McCay	166.33	nm1024677	male	wiki	other		
monsters.univer_tt1453405	tt1453405	PNK_Carrie	134.18	nm3396631	female	wiki	other		
monsters.univer_tt1453405	tt1453405	Mike_Wazowski_(Young)	124.08	nm3096859	male	fandom	other	protagonist	minor
monsters.univer_tt1453405	tt1453405	Rosie_Levin	56.31		unknown	none	other		
monsters.univer_tt1453405	tt1453405	Yeti	10.84	nm0001652	male	wiki	other		
monsters.vs..al_tt0892782	tt0892782	Ginormica_/_Susan_Murphy	1181.56	nm0000702	female	wiki	human	protagonist	major
monsters.vs..al_tt0892782	tt0892782	The_Missing_Link	538.83	nm0004715	male	wiki	other	protagonist	major
monsters.vs..al_tt0892782	tt0892782	Dr_Cockroach_Ph.D.	428.26	nm0491402	male	wiki	other	protagonist	major
monsters.vs..al_tt0892782	tt0892782	B.O.B	351.64	nm0736622	male	wiki	other	protagonist	major
monsters.vs..al_tt0892782	tt0892782	Gallaxhar	301.34	nm0933988	male	wiki	other	antagonist	major
monsters.vs..al_tt0892782	tt0892782	Wendy_Murphy	271.85	nm0925033	female	wiki	human		
monsters.vs..al_tt0892782	tt0892782	Derek_Dietl	266.56	nm0748620	male	wiki	human	antagonist	minor
monsters.vs..al_tt0892782	tt0892782	General_W.R._Monger	213.55	nm0000662	male	wiki	human		
monsters.vs..al_tt0892782	tt0892782	President_Hathaway	176.13	nm0170306	male	wiki	human		
monsters.vs..al_tt0892782	tt0892782	Carl_Murphy	125.63	nm0001787	male	wiki	human		
monsters.vs..al_tt0892782	tt0892782	Sqweep	93.38		unknown	none	other		
monsters.vs..al_tt0892782	tt0892782	Secret_Service_Man_1	65.61	nm1224299	male	wiki	human		
monsters.vs..al_tt0892782	tt0892782	Katie	60.81	nm0000250	female	wiki	human		
monsters.vs..al_tt0892782	tt0892782	Female_Advisor_2	57.43	nm1195845	female	wiki	human		
monsters.vs..al_tt0892782	tt0892782	Advisor_Ouaou	55.93	nm1195845	female	wiki	human		
monsters.vs..al_tt0892782	tt0892782	Cuthbert	41.88	nm1024677	male	wiki	human		
monsters.vs..al_tt0892782	tt0892782	Mrs._Ronson	40.17	nm1195845	female	wiki	human		
monsters.vs..al_tt0892782	tt0892782	Technician_Ben	38.79	nm0443911	male	wiki	human		
monsters.vs..al_tt0892782	tt0892782	Technician_Jerry	38.58	nm0651692	male	wiki	human		
monsters.vs..al_tt0892782	tt0892782	Advisor_Wedgie	36.29	nm0593610	male	wiki	human		
monsters.vs..al_tt0892782	tt0892782	Mama_Dietl	32.7	nm0970447	male	wiki	human		
monsters.vs..al_tt0892782	tt0892782	News_Reporter	31.7	nm1159180	male	wiki	human		
monsters.vs..al_tt0892782	tt0892782	Private_Bullhorn	28.24	nm0084190	male	wiki	human		
monsters.vs..al_tt0892782	tt0892782	Advisor_Dither	23.9	nm0970447	male	wiki	human		
monsters.vs..al_tt0892782	tt0892782	Advisor_Hawk	21.4	nm0970447	male	wiki	human		
monsters.vs..al_tt0892782	tt0892782	Advisor_Ortega	20.44	nm0084190	male	wiki	human		
monsters.vs..al_tt0892782	tt0892782	Lieutenant	16.52	nm1224299	male	wiki	human		
monsters.vs..al_tt0892782	tt0892782	Advisor_Smith	15.52	nm0226206	unknown	none	human		
monsters.vs..al_tt0892782	tt0892782	Commander	12.89	nm0226206	unknown	none	human		
mr..peabody..sh_tt0864835	tt0864835	Sherman	1605.65	nm1934618	male	wiki	human	protagonist	major
mr..peabody..sh_tt0864835	tt0864835	Mr._Peabody	1415.58	nm0123092	male	wiki	animal	protagonist	major
mr..peabody..sh_tt0864835	tt0864835	Penny	882.05	nm1736769	female	wiki	human	protagonist	major
mr..peabody..sh_tt0864835	tt0864835	Paul_Peterson	243.74	nm0170306	male	wiki	human		
mr..peabody..sh_tt0864835	tt0864835	Patty_Peterson	208.37	nm0005182	female	wiki	human		
mr..peabody..sh_tt0864835	tt0864835	Agamemnon	202.45	nm0911320	male	wiki	human		
mr..peabody..sh_tt0864835	tt0864835	Ms._Grunion	197.53	nm0005049	female	wiki	human	antagonist	major
mr..peabody..sh_tt0864835	tt0864835	Mason	188.4	nm3557613	male	wiki	human		
mr..peabody..sh_tt0864835	tt0864835	Leonardo_da_Vinci	169.09	nm0001804	male	wiki	human		
mr..peabody..sh_tt0864835	tt0864835	King_Tut	164.33	nm2642131	male	wiki	human		
mr..peabody..sh_tt0864835	tt0864835	Odysseus	152.65	nm0569891	male	wiki	human		
mr..peabody..sh_tt0864835	tt0864835	Mona_Lisa	106.06	nm1128572	female	wiki	human		
mr..peabody..sh_tt0864835	tt0864835	Ay	94.14	nm0884313	male	wiki	human		
mr..peabody..sh_tt0864835	tt0864835	George_Washington	92.97	nm0363641	male	wiki	human		
mr..peabody..sh_tt0864835	tt0864835	Robespierre	90.84	nm0034398	male	wiki	human		
mr..peabody..sh_tt0864835	tt0864835	Marie_Antoinette	84.63	nm2315031	female	fandom	human		
mr..peabody..sh_tt0864835	tt0864835	New_York_City_Cop	70.28	nm0363641	male	wiki	human		
mr..peabody..sh_tt0864835	tt0864835	Carl	68.69	nm3019095	male	wiki	human		
mr..peabody..sh_tt0864835	tt0864835	Abraham_Lincoln	62.77	nm0363641	male	wiki	human		
mr..peabody..sh_tt0864835	tt0864835	Egyptian_Spectator	61.44	nm0304830	male	wiki	human		
mr..peabody..sh_tt0864835	tt0864835	Teacher	58.31	nm0615730	female	wiki	human		
mr..peabody..sh_tt0864835	tt0864835	Principal_Purdy	56.81	nm0864997	male	wiki	human		
mr..peabody..sh_tt0864835	tt0864835	Albert_Einstein	54.76	nm0000316	male	wiki	human		
mr..peabody..sh_tt0864835	tt0864835	Mahatma_Gandhi	46.46		unknown	none	human		
mr..peabody..sh_tt0864835	tt0864835	Isaac_Newton	35.74	nm0363641	male	wiki	human		
mr..peabody..sh_tt0864835	tt0864835	French_Guard	28.19	nm0129106	male	wiki	human		
mr..peabody..sh_tt0864835	tt0864835	Judge	26.44	nm0371660	male	wiki	human		
mr..peabody..sh_tt0864835	tt0864835	Spartacus	24.65	nm0230666	male	wiki	human		
mr..peabody..sh_tt0864835	tt0864835	Bill_Clinton	13.89	nm0363641	male	wiki	human		
mufasa.the.lion_tt13186482	tt13186482	Mufasa	796.34	nm7543974	male	wiki	animal	protagonist	major
mufasa.the.lion_tt13186482	tt13186482	Scar_/_Taka	661.74	nm5123156	male	wiki	animal	antagonist	major
mufasa.the.lion_tt13186482	tt13186482	Rafiki_(Young)	372.71	nm1616879	male	wiki	animal	protagonist	minor
mufasa.the.lion_tt13186482	tt13186482	Eshe	318.32	nm0628601	female	wiki	animal		
mufasa.the.lion_tt13186482	tt13186482	Kiros	292.63	nm0586568	male	wiki	animal	antagonist	major
mufasa.the.lion_tt13186482	tt13186482	Afia	278.03	nm0741242	female	wiki	animal		
mufasa.the.lion_tt13186482	tt13186482	Kiara	216.55	nm6223040	female	wiki	animal	protagonist	minor
mufasa.the.lion_tt13186482	tt13186482	Obasi	199.91	nm0416694	male	wiki	animal		
mufasa.the.lion_tt13186482	tt13186482	Sarafina	165.08	nm0005051	female	wiki	animal		
mufasa.the.lion_tt13186482	tt13186482	Mufasa_(Young)	131.51	nm9253215	male	fandom	animal		
mufasa.the.lion_tt13186482	tt13186482	Simba	118.95	nm2255973	male	wiki	animal	protagonist	minor
mufasa.the.lion_tt13186482	tt13186482	Timon	108.98	nm2813994	male	wiki	animal	protagonist	minor
mufasa.the.lion_tt13186482	tt13186482	Sarabi	97.85	nm2274707	female	wiki	animal	protagonist	minor
mufasa.the.lion_tt13186482	tt13186482	Amara	92.01	nm1919154	female	wiki	animal	antagonist	minor
mufasa.the.lion_tt13186482	tt13186482	Nala	72.7	nm0461498	female	wiki	animal	protagonist	minor
mufasa.the.lion_tt13186482	tt13186482	Akua	64.86	nm4720292	unknown	none	animal	antagonist	minor
mufasa.the.lion_tt13186482	tt13186482	Inaki	63.31	nm0364110	male	wiki	animal		
mufasa.the.lion_tt13186482	tt13186482	Pumbaa	60.56	nm0736622	male	wiki	animal	protagonist	minor
mufasa.the.lion_tt13186482	tt13186482	Taka_(Young)	59.85	nm13209562	unknown	none	animal		
mufasa.the.lion_tt13186482	tt13186482	Azibo	55.01	nm11111075	male	fandom	animal		
mufasa.the.lion_tt13186482	tt13186482	Ajarry	42.58	nm5956547	female	wiki	animal		
mufasa.the.lion_tt13186482	tt13186482	Bird	32.91		unknown	none	animal		
mufasa.the.lion_tt13186482	tt13186482	Chigaru	29.11	nm1357414	male	wiki	animal		
mufasa.the.lion_tt13186482	tt13186482	Mosi	28.07	nm0573364	male	fandom	animal		
mufasa.the.lion_tt13186482	tt13186482	Masego	16.85	nm0202966	male	wiki	animal		
mulan_tt0120762	tt0120762	Fa_Mulan	1534.24	nm0001840	female	wiki	human	protagonist	major
mulan_tt0120762	tt0120762	Li_Shang	636.51	nm0000703	male	wiki	human	protagonist	major
mulan_tt0120762	tt0120762	Mushu	500.08	nm0000552	male	wiki	animal	protagonist	major
mulan_tt0120762	tt0120762	Fa_Zhou	350.35	nm0644902	male	wiki	human		
mulan_tt0120762	tt0120762	Chi-Fu	312.06	nm0393222	male	wiki	human	antagonist	minor
mulan_tt0120762	tt0120762	Shan_Yu	238.61	nm0001208	male	wiki	human	antagonist	major
mulan_tt0120762	tt0120762	Fa_Li	224.72	nm0791467	female	wiki	human		
mulan_tt0120762	tt0120762	General_Li	174.88	nm0793363	male	wiki	human		
mulan_tt0120762	tt0120762	The_Emperor_of_China	169.75	nm0001552	male	wiki	human		
mulan_tt0120762	tt0120762	The_Matchmaker	164.16	nm0546816	female	wiki	human		
mulan_tt0120762	tt0120762	Bandits	150.61		unknown	none	human		
mulan_tt0120762	tt0120762	Grandmother_Fa	142.64	nm0004931	female	wiki	human		
mulan_tt0120762	tt0120762	Khan	140.47	nm0919798	male	wiki	animal		
mulan_tt0120762	tt0120762	Cri-Kee	136.43	nm0919798	male	wiki	animal	protagonist	minor
mulan_tt0120762	tt0120762	First_Ancestor_Fa	98.81	nm0001786	male	wiki	human		
mulan_tt0120762	tt0120762	Fa_Family_Ancestors	66.36		unknown	none	human		
mulan_tt0120762	tt0120762	Shang's_Horse	62.31		male	fandom	animal		
mulan_tt0120762	tt0120762	Little_Brother	37.5		unknown	none	animal		
mulan_tt0120762	tt0120762	Hayabusa_the_Falcon	16.06		male	fandom	animal		
nightmare.befor_tt0107688	tt0107688	Jack_Skellington	884.09	nm0001697	male	wiki	other	protagonist	major
nightmare.befor_tt0107688	tt0107688	Sally	600.22	nm0001573	female	wiki	human	protagonist	major
nightmare.befor_tt0107688	tt0107688	Mayor_of_Halloween_Town	218.51	nm0787187	male	wiki	human		
nightmare.befor_tt0107688	tt0107688	Dr._Finkelstein	182.77	nm0382676	male	wiki	other		
nightmare.befor_tt0107688	tt0107688	Barrel	169.75	nm0000384	male	wiki	other	antagonist	minor
nightmare.befor_tt0107688	tt0107688	Behemoth	158.74	nm0187412	male	wiki	human		
nightmare.befor_tt0107688	tt0107688	Lock	153.9	nm0000607	male	wiki	other	antagonist	minor
nightmare.befor_tt0107688	tt0107688	Shock	141.39	nm0001573	female	wiki	other	antagonist	minor
nightmare.befor_tt0107688	tt0107688	Santa_Claus_(The_Nightmare_Before_Christmas)	120.04	nm0412462	male	wiki	human	protagonist	minor
nightmare.befor_tt0107688	tt0107688	Oogie_Boogie	115.32	nm0656238	male	wiki	other	antagonist	major
nightmare.befor_tt0107688	tt0107688	Vampire_Teddy	113.91	nm0441763;nm0187412;nm0050466	male	fandom	other		
nightmare.befor_tt0107688	tt0107688	Little_Boy	87.46		unknown	none	human		
nightmare.befor_tt0107688	tt0107688	Harlequin_Demon	76.28	nm0698681	male	wiki	other		
nightmare.befor_tt0107688	tt0107688	Skeletal_Reindeer	54.43		male	fandom	other		
nightmare.befor_tt0107688	tt0107688	Mummy_Boy	46.09	nm0050466	male	wiki	other		
nightmare.befor_tt0107688	tt0107688	Clown_with_the_Tear-Away_Face	45.63		male	fandom	other		
nightmare.befor_tt0107688	tt0107688	Pumpkin-in-the-Box	36.41		unknown	none	other		
nightmare.befor_tt0107688	tt0107688	Undersea_Gal	25.82	nm0878582	female	wiki	other		
nightmare.befor_tt0107688	tt0107688	Monster_Who_Lives_Under_The_Bed	21.27		unknown	none	other		
nightmare.befor_tt0107688	tt0107688	Easter_Bunny	10.8		male	fandom	animal		
nut.job_tt1821658	tt1821658	Surly	1189.02	nm0004715	male	wiki	animal	protagonist	major
nut.job_tt1821658	tt1821658	Andie	682.72	nm0001337	female	wiki	animal	protagonist	major
nut.job_tt1821658	tt1821658	Buddy	406.16	nm0863999	male	wiki	animal	protagonist	major
nut.job_tt1821658	tt1821658	Grayson	349.43	nm0000409	male	wiki	animal	protagonist	minor
nut.job_tt1821658	tt1821658	Precious	343.76	nm0748973	female	wiki	animal	protagonist	minor
nut.job_tt1821658	tt1821658	Raccoon	322.95	nm0000553	male	wiki	animal	antagonist	major
nut.job_tt1821658	tt1821658	Mole	261.43	nm0242278	male	wiki	animal		
nut.job_tt1821658	tt1821658	Lucky	242.7	nm1064104	male	wiki	human	antagonist	minor
nut.job_tt1821658	tt1821658	King	228.23	nm0002332	male	wiki	human	antagonist	major
nut.job_tt1821658	tt1821658	Jamie	220.72	nm0643449	female	wiki	animal		
nut.job_tt1821658	tt1821658	Johnny	214.01	nm0684187	male	wiki	animal		
nut.job_tt1821658	tt1821658	Fingers	201.45	nm0710258	male	wiki	human	antagonist	minor
nut.job_tt1821658	tt1821658	Police_Officer	124.04	nm0566393	male	wiki	human		
nut.job_tt1821658	tt1821658	Lana	109.28	nm0300589	female	wiki	human		
nut.job_tt1821658	tt1821658	Jimmy	107.65	nm0407101	male	wiki	animal		
nut.job_tt1821658	tt1821658	Pigeon	97.43	nm0341267	female	wiki	animal		
nut.job_tt1821658	tt1821658	Redline	68.99	nm0863999	male	wiki	animal		
nut.job_tt1821658	tt1821658	Armoured_Guard	62.98	nm0444339	male	wiki	human		
nut.job_tt1821658	tt1821658	Girl_Scout	44.84	nm0501306	female	wiki	human		
oliver..company_tt0095776	tt0095776	Oliver	735.6	nm0005129	male	wiki	animal	protagonist	major
oliver..company_tt0095776	tt0095776	Dodger	600.8	nm0005055	male	wiki	animal	protagonist	major
oliver..company_tt0095776	tt0095776	Fagin	471.04	nm0001123	male	wiki	human	protagonist	minor
oliver..company_tt0095776	tt0095776	Ignacio_Alonzo_Julio_Federico_de_Tito	437.4	nm0001507	male	wiki	animal	protagonist	minor
oliver..company_tt0095776	tt0095776	Georgette	362.03	nm0000541	female	wiki	animal	protagonist	minor
oliver..company_tt0095776	tt0095776	Francis	332.8	nm0001975	male	wiki	animal	protagonist	minor
oliver..company_tt0095776	tt0095776	Jennifer_Foxworth	317.68	nm0339910	female	wiki	human	protagonist	minor
oliver..company_tt0095776	tt0095776	Rita	301.87	nm0005336	female	wiki	animal	protagonist	minor
oliver..company_tt0095776	tt0095776	Einstein	296.73	nm0612321	male	wiki	animal	protagonist	minor
oliver..company_tt0095776	tt0095776	Roscoe	103.37	nm0086000	male	wiki	animal	antagonist	minor
oliver..company_tt0095776	tt0095776	Character_1	101.17		unknown	none	human		
oliver..company_tt0095776	tt0095776	Character_2	100.77		unknown	none	human		
oliver..company_tt0095776	tt0095776	Desoto	68.94	nm0918510	male	wiki	animal	antagonist	minor
oliver..company_tt0095776	tt0095776	Bluebird	60.69		unknown	none	animal		
oliver..company_tt0095776	tt0095776	Sykes	46.48	nm0005162	male	wiki	human	antagonist	major
oliver..company_tt0095776	tt0095776	Character_3	43.68		unknown	none	human		
oliver..company_tt0095776	tt0095776	Winston	43.01	nm0323091	male	wiki	human	protagonist	minor
oliver..company_tt0095776	tt0095776	Louie	22.69	nm0919798	male	wiki	human		
one.hundred.and_tt0055254	tt0055254	Pongo	816.02	nm0001792	male	wiki	animal	protagonist	major
one.hundred.and_tt0055254	tt0055254	Roger_Radcliffe	406.28	nm0942220	male	wiki	human	protagonist	minor
one.hundred.and_tt0055254	tt0055254	Penny	405.61	nm0008051	female	wiki	animal		
one.hundred.and_tt0055254	tt0055254	Cruella_de_Vil	292.21	nm0314867	female	wiki	human	antagonist	major
one.hundred.and_tt0055254	tt0055254	Lucky	289.75	nm0317127	male	fandom	animal		
one.hundred.and_tt0055254	tt0055254	Jasper_Badun	287.2	nm0641729	male	wiki	human	antagonist	minor
one.hundred.and_tt0055254	tt0055254	Horace_Badun	217.13	nm0941520	male	wiki	human	antagonist	minor
one.hundred.and_tt0055254	tt0055254	Anita_Radcliffe	215.13	nm0205040	female	wiki	human	protagonist	minor
one.hundred.and_tt0055254	tt0055254	Sgt._Tibs	188.61	nm0291301	male	wiki	animal	protagonist	minor
one.hundred.and_tt0055254	tt0055254	Labrador	183.22	nm0384586	male	wiki	animal	protagonist	minor
one.hundred.and_tt0055254	tt0055254	Freckles	157.07		male	fandom	animal		
one.hundred.and_tt0055254	tt0055254	Nanny	156.2	nm0921131	female	wiki	human		
one.hundred.and_tt0055254	tt0055254	Perdita	153.03	nm0061770	female	wiki	animal	protagonist	major
one.hundred.and_tt0055254	tt0055254	Rolly	132.42	nm0063576	male	fandom	animal		
one.hundred.and_tt0055254	tt0055254	Spotty	102.69	nm0814862	male	wiki	animal		
one.hundred.and_tt0055254	tt0055254	White_dog	99.22		unknown	none	animal		
one.hundred.and_tt0055254	tt0055254	Queenie	91.67	nm0921131	female	wiki	animal		
one.hundred.and_tt0055254	tt0055254	Danny	82.96	nm0671206	male	wiki	animal		
one.hundred.and_tt0055254	tt0055254	Towser	76.62	nm0654286	male	wiki	animal		
one.hundred.and_tt0055254	tt0055254	Rover	68.32	nm0524853	female	wiki	animal		
one.hundred.and_tt0055254	tt0055254	Collie	66.94	nm0007218	male	wiki	animal		
one.hundred.and_tt0055254	tt0055254	Cadpig	63.4		female	fandom	animal		
one.hundred.and_tt0055254	tt0055254	Captain	58.77	nm0712391	male	wiki	animal		
one.hundred.and_tt0055254	tt0055254	Pepper	47.42		unknown	none	animal		
one.hundred.and_tt0055254	tt0055254	Dipstick	46.8		male	fandom	animal		
one.hundred.and_tt0055254	tt0055254	Television_Announcer	42.54	nm0384586	male	wiki	human		
one.hundred.and_tt0055254	tt0055254	Dirty_Dawson	39.87	nm0293659	male	wiki	human		
one.hundred.and_tt0055254	tt0055254	Quizmaster	37.29	nm0007218	male	wiki	human		
one.hundred.and_tt0055254	tt0055254	Duchess	37.04	nm0071913	female	wiki	animal		
one.hundred.and_tt0055254	tt0055254	Lucy	32.45	nm0921131	female	wiki	animal		
one.hundred.and_tt0055254	tt0055254	Whizzer	28.95		male	fandom	animal		
one.hundred.and_tt0055254	tt0055254	Two-Tone	27.57		female	fandom	animal		
one.hundred.and_tt0055254	tt0055254	Patch	27.03	nm0535605	male	wiki	animal		
one.hundred.and_tt0055254	tt0055254	Princess	24.77	nm0502745	female	wiki	animal		
one.hundred.and_tt0055254	tt0055254	Fidget	22.73		male	fandom	animal		
one.hundred.and_tt0055254	tt0055254	Schnauser	21.52		unknown	none	animal		
one.hundred.and_tt0055254	tt0055254	Miss_Birdwell	15.35	nm0314867	female	wiki	human		
one.hundred.and_tt0055254	tt0055254	Truck_Driver	14.06		unknown	none	human		
one.hundred.and_tt0055254	tt0055254	Inspector_Craven	14.06	nm0941520	male	wiki	human		
onward_tt7146812	tt7146812	Ian_Lightfoot	2330.66	nm4043618	male	wiki	human	protagonist	major
onward_tt7146812	tt7146812	Barley_Lightfoot	1440.86	nm0695435	male	wiki	human	protagonist	major
onward_tt7146812	tt7146812	Laurel_Lightfoot	588.38	nm0000506	female	wiki	human	protagonist	minor
onward_tt7146812	tt7146812	Corey	340.55	nm0818055	female	wiki	animal	protagonist	minor
onward_tt7146812	tt7146812	Colt_Bronco	196.49	nm0735440	male	wiki	human	antagonist	minor
onward_tt7146812	tt7146812	Sundra	114.28		female	fandom	human		
onward_tt7146812	tt7146812	Specter	93.55	nm2913119	female	wiki	human		
onward_tt7146812	tt7146812	Gaxton	73.87	nm0005519	male	wiki	human		
onward_tt7146812	tt7146812	Wilden_Lightfoot	67.15	nm1531180	male	wiki	human	protagonist	minor
onward_tt7146812	tt7146812	Wilden_Lightfoot_disguised	59.98	nm1531180	male	wiki	other		
onward_tt7146812	tt7146812	Gore	51.05	nm4399227	female	wiki	human		
onward_tt7146812	tt7146812	Construction_Worker_Fenwick	50.09	nm0001652	male	wiki	human		
onward_tt7146812	tt7146812	Dewdrop	45.55	nm0217221	female	wiki	human		
onward_tt7146812	tt7146812	Grecklin	44.54	nm0001808	female	wiki	other		
onward_tt7146812	tt7146812	Avel	31.53	nm6144523	unknown	none	human		
onward_tt7146812	tt7146812	Blazey	30.7		female	fandom	other		
onward_tt7146812	tt7146812	Gorgamon	28.07		male	fandom	other		
open.season_tt0400717	tt0400717	Boog	1582.83	nm0001454	male	wiki	animal	protagonist	major
open.season_tt0400717	tt0400717	Elliot	957.08	nm0005110	male	wiki	animal	protagonist	major
open.season_tt0400717	tt0400717	Beth	295.46	nm0005226	female	wiki	human		
open.season_tt0400717	tt0400717	Shaw	280.07	nm0000641	male	wiki	human	antagonist	major
open.season_tt0400717	tt0400717	Deer_Character	187.65		unknown	none	animal		
open.season_tt0400717	tt0400717	Giselle	131.67	nm0005105	female	wiki	animal		
open.season_tt0400717	tt0400717	Gordy	107.69	nm0867588	male	wiki	human		
open.season_tt0400717	tt0400717	Beaver_Character	99.02		unknown	none	animal		
open.season_tt0400717	tt0400717	McSquizzy	92.09	nm0175262	male	wiki	animal		
open.season_tt0400717	tt0400717	Mr._Weenie	82.12	nm0970606	male	wiki	animal		
open.season_tt0400717	tt0400717	Human_Character_1	77.7		unknown	none	human		
open.season_tt0400717	tt0400717	Bobbie	77.49	nm0257077	female	wiki	human		
open.season_tt0400717	tt0400717	Duck_Character	75.28		unknown	none	animal		
open.season_tt0400717	tt0400717	Rabbit_Character	66.4		unknown	none	animal		
open.season_tt0400717	tt0400717	Hunter	55.72	nm0569079	male	wiki	human		
open.season_tt0400717	tt0400717	Buddy	44.54	nm2407919	male	fandom	animal		
open.season_tt0400717	tt0400717	Rosie	37.37	nm0296546	female	wiki	animal		
open.season_tt0400717	tt0400717	Human_character_2	22.31		unknown	none	human		
over.the.hedge_tt0327084	tt0327084	RJ	1408.62	nm0000246	male	wiki	animal	protagonist	major
over.the.hedge_tt0327084	tt0327084	Verne	1051.93	nm0788009	male	wiki	animal	protagonist	major
over.the.hedge_tt0327084	tt0327084	Hammy	625.25	nm0136797	male	wiki	animal	protagonist	minor
over.the.hedge_tt0327084	tt0327084	Ozzie	509.47	nm0000638	male	wiki	animal		
over.the.hedge_tt0327084	tt0327084	Lou	461.04	nm0506405	male	wiki	animal		
over.the.hedge_tt0327084	tt0327084	Penny	402.9	nm0001573	female	wiki	animal		
over.the.hedge_tt0327084	tt0327084	Heather	377.09	nm1245099	female	wiki	animal		
over.the.hedge_tt0327084	tt0327084	Stella	318.74	nm0843100	female	wiki	animal	protagonist	minor
over.the.hedge_tt0327084	tt0327084	Spike	232.65	nm1372583	male	wiki	animal		
over.the.hedge_tt0327084	tt0327084	Bucky	199.12	nm2219329	unknown	none	animal		
over.the.hedge_tt0327084	tt0327084	Gladys	180.97	nm0005049	female	wiki	human	antagonist	major
over.the.hedge_tt0327084	tt0327084	Vincent	163.75	nm0000560	male	wiki	animal	antagonist	major
over.the.hedge_tt0327084	tt0327084	Dwayne_LaFontant	132.22	nm0002006	male	wiki	human	antagonist	major
over.the.hedge_tt0327084	tt0327084	Quillo	128.04	nm1956478	female	wiki	animal		
over.the.hedge_tt0327084	tt0327084	Tiger	101.94	nm0229084	male	wiki	animal	protagonist	minor
over.the.hedge_tt0327084	tt0327084	Police_Officer	78.83	nm0084190	male	wiki	human		
over.the.hedge_tt0327084	tt0327084	Timmy	57.64	nm2233145	unknown	none	human		
over.the.hedge_tt0327084	tt0327084	Mackenzie	53.26	nm2187942	unknown	none	human		
over.the.hedge_tt0327084	tt0327084	Shelby	39.25	nm0223740	female	wiki	human		
over.the.hedge_tt0327084	tt0327084	Debbie	27.65	nm0933281	female	wiki	human		
over.the.hedge_tt0327084	tt0327084	Nugent_The_Dog	18.73	nm0826745	male	wiki	animal		
paw.patrol.the._tt11832046	tt11832046	Chase	925.88	nm8071137	male	wiki	animal	protagonist	major
paw.patrol.the._tt11832046	tt11832046	Ryder	814.86	nm6033507	male	wiki	human	protagonist	major
paw.patrol.the._tt11832046	tt11832046	Skye	490.2	nm7873693	female	wiki	animal	protagonist	minor
paw.patrol.the._tt11832046	tt11832046	Mayor_Humdinger	473.93	nm0661132	male	wiki	human	antagonist	major
paw.patrol.the._tt11832046	tt11832046	Rubble	417.71	nm8977993	male	fandom	animal		
paw.patrol.the._tt11832046	tt11832046	Harris	381.21	nm3791798	male	fandom	animal		
paw.patrol.the._tt11832046	tt11832046	Rocky	364.99	nm9339903	male	wiki	animal		
paw.patrol.the._tt11832046	tt11832046	Zuma	333.33	nm9585090	male	fandom	animal		
paw.patrol.the._tt11832046	tt11832046	Kendra_Wilson	277.65	nm2780578	female	wiki	human		
paw.patrol.the._tt11832046	tt11832046	Cats	236.99		unknown	none	animal		
paw.patrol.the._tt11832046	tt11832046	Ruben	230.31	nm1009277	male	wiki	human		
paw.patrol.the._tt11832046	tt11832046	Marshall	228.31	nm9391318	male	fandom	animal	protagonist	minor
paw.patrol.the._tt11832046	tt11832046	Marty_Muckraker	213.92	nm0453994	male	wiki	human		
paw.patrol.the._tt11832046	tt11832046	Butch	211.96	nm1320827	male	wiki	human		
paw.patrol.the._tt11832046	tt11832046	Liberty	182.89	nm6343162	female	wiki	animal	protagonist	major
paw.patrol.the._tt11832046	tt11832046	Delores	155.53	nm2578007	female	wiki	animal		
paw.patrol.the._tt11832046	tt11832046	Carmen	148.19	nm2310571	female	wiki	human		
paw.patrol.the._tt11832046	tt11832046	Mayor_Goodway	136.09	nm0731323	female	wiki	human		
paw.patrol.the._tt11832046	tt11832046	Gus	131.38	nm1347153	male	wiki	human		
paw.patrol.the._tt11832046	tt11832046	Cap'n_Turbot	83.46	nm0661132	male	wiki	human		
paw.patrol.the._tt11832046	tt11832046	Tough_Guy	66.52	nm0105951	male	wiki	human		
paw.patrol.the._tt11832046	tt11832046	Tony	43.38	nm0188709	male	wiki	human		
paw.patrol.the._tt11832046	tt11832046	Rocket	40.17	nm0083109	male	fandom	animal		
paw.patrol.the._tt11832046	tt11832046	Barney	35.87	nm0684187	male	wiki	animal		
paw.patrol.the._tt15837338	tt15837338	Skye	971.26	nm5085683	female	wiki	animal	protagonist	major
paw.patrol.the._tt15837338	tt15837338	Liberty	626.46	nm6343162	female	wiki	animal	protagonist	minor
paw.patrol.the._tt15837338	tt15837338	Ryder	606.77	nm12041476	male	fandom	human	protagonist	major
paw.patrol.the._tt15837338	tt15837338	Victoria_Vance	576.24	nm0378245	female	wiki	human	antagonist	major
paw.patrol.the._tt15837338	tt15837338	Chase	484.73	nm8087548	male	wiki	animal	protagonist	minor
paw.patrol.the._tt15837338	tt15837338	Rubble	316.11	nm10813805	male	fandom	animal		
paw.patrol.the._tt15837338	tt15837338	Delores	304.01	nm2578007	female	wiki	animal		
paw.patrol.the._tt15837338	tt15837338	Zuma	267.89	nm12835467	male	fandom	animal	protagonist	minor
paw.patrol.the._tt15837338	tt15837338	Rocky	262.8	nm9339903	male	wiki	animal		
paw.patrol.the._tt15837338	tt15837338	Mayor_Humdinger	262.01	nm0661132	male	wiki	human	antagonist	minor
paw.patrol.the._tt15837338	tt15837338	Tot	261.34	nm12871789	male	fandom	animal	protagonist	minor
paw.patrol.the._tt15837338	tt15837338	Mini	223.01	nm7008042	female	wiki	animal	protagonist	minor
paw.patrol.the._tt15837338	tt15837338	Nano	221.51	nm10910136	male	wiki	animal	protagonist	minor
paw.patrol.the._tt15837338	tt15837338	Marshall	210.13	nm8376302	male	wiki	animal	protagonist	minor
paw.patrol.the._tt15837338	tt15837338	Sam_Stringer	122.12	nm2577076	male	wiki	human		
paw.patrol.the._tt15837338	tt15837338	Hank	120.58	nm0005188	male	wiki	human		
paw.patrol.the._tt15837338	tt15837338	Janet	119.66	nm0068338	female	wiki	human		
paw.patrol.the._tt15837338	tt15837338	Yoga_Yvette	95.43	nm1102987	female	wiki	human		
paw.patrol.the._tt15837338	tt15837338	Mayor_Goodway	31.36	nm0731323	female	wiki	human		
peanuts.movie_tt2452042	tt2452042	Charlie_Brown	1908.62	nm6907855	male	wiki	human	protagonist	major
peanuts.movie_tt2452042	tt2452042	Snoopy	1001.84	nm0006837	male	wiki	animal	protagonist	major
peanuts.movie_tt2452042	tt2452042	Lucy_van_Pelt	618.45	nm5295511	female	wiki	human	antagonist	minor
peanuts.movie_tt2452042	tt2452042	Rerun_van_Pelt	523.61		unknown	none	human		
peanuts.movie_tt2452042	tt2452042	Franklin	431.22	nm5271978	male	fandom	human		
peanuts.movie_tt2452042	tt2452042	Marcie	407.7	nm6843974	female	wiki	human		
peanuts.movie_tt2452042	tt2452042	Sally_Brown	406.78	nm5795303	female	wiki	human	protagonist	minor
peanuts.movie_tt2452042	tt2452042	Patty	385.26	nm5975858	unknown	none	human		
peanuts.movie_tt2452042	tt2452042	Peppermint_Patty	381.92	nm5908744	female	wiki	human		
peanuts.movie_tt2452042	tt2452042	Pig-Pen	342.47	nm3611310	male	fandom	human		
peanuts.movie_tt2452042	tt2452042	Violet	329.54	nm4362215	female	wiki	human		
peanuts.movie_tt2452042	tt2452042	Frieda	287.33	nm4941145	female	wiki	human		
peanuts.movie_tt2452042	tt2452042	Woodstock	274.23	nm0006837	male	wiki	animal	protagonist	minor
peanuts.movie_tt2452042	tt2452042	Little_Kid	239.24	nm7697637	unknown	none	human		
peanuts.movie_tt2452042	tt2452042	Fifi	189.27	nm0155693	female	wiki	animal	protagonist	minor
peanuts.movie_tt2452042	tt2452042	Linus_van_Pelt	175.13	nm3476372	male	wiki	human	protagonist	minor
peanuts.movie_tt2452042	tt2452042	Little_Red-Haired_Girl	126.29		unknown	none	human	protagonist	minor
penguins.of.mad_tt1911658	tt1911658	Skipper	1539.5	nm0569891	male	wiki	animal	protagonist	major
penguins.of.mad_tt1911658	tt1911658	Kowalski	1028.82	nm1844237	male	wiki	animal	protagonist	major
penguins.of.mad_tt1911658	tt1911658	Private	862.03	nm0971017	male	wiki	animal	protagonist	major
penguins.of.mad_tt1911658	tt1911658	Wolf	416.21		unknown	none	animal		
penguins.of.mad_tt1911658	tt1911658	Dave_/_Dr._Octavius_Brine	323.41	nm0000518	male	wiki	other	antagonist	major
penguins.of.mad_tt1911658	tt1911658	Eva	304.51	nm3393732	female	wiki	animal	protagonist	minor
penguins.of.mad_tt1911658	tt1911658	Corporal	246.2	nm0001780	male	wiki	animal	protagonist	minor
penguins.of.mad_tt1911658	tt1911658	Short_Fuse	229.69	nm0421822	male	wiki	animal	protagonist	minor
penguins.of.mad_tt1911658	tt1911658	Squid	214.05		unknown	none	animal		
penguins.of.mad_tt1911658	tt1911658	Mermaid_Penguin	147.36	nm1615749	female	wiki	animal		
penguins.of.mad_tt1911658	tt1911658	Agent_Classified	131.76	nm1212722	male	wiki	animal	protagonist	minor
penguins.of.mad_tt1911658	tt1911658	Character_1	117.74		unknown	none	human		
penguins.of.mad_tt1911658	tt1911658	Girl_with_Snow_Globe	83.42	nm3276538	unknown	none	human		
penguins.of.mad_tt1911658	tt1911658	Cricket	65.73	nm2722653	male	wiki	animal		
penguins.of.mad_tt1911658	tt1911658	New_York_Reporter	65.02	nm2813994	male	wiki	human		
penguins.of.mad_tt1911658	tt1911658	Gondolier	62.73	nm0685308	male	wiki	human		
penguins.of.mad_tt1911658	tt1911658	Woman_at_Aquarium	40.54	nm0506439	female	wiki	human		
penguins.of.mad_tt1911658	tt1911658	Girl_at_Zoo	37.58	nm3732165	female	wiki	human		
penguins.of.mad_tt1911658	tt1911658	Penguin_Fan	31.41	nm0734989	male	wiki	human		
penguins.of.mad_tt1911658	tt1911658	Angry_Man	31.03	nm2186742	unknown	none	human		
penguins.of.mad_tt1911658	tt1911658	Mort	29.45	nm0725200	male	wiki	animal		
penguins.of.mad_tt1911658	tt1911658	Boy_at_Aquarium	26.94	nm5209463	male	wiki	human		
penguins.of.mad_tt1911658	tt1911658	Documentary_Filmmaker	22.11	nm0001348	male	wiki	human		
penguins.of.mad_tt1911658	tt1911658	Aquarium_Employee	21.77	nm0443911	male	wiki	human		
penguins.of.mad_tt1911658	tt1911658	King_Julien	21.1	nm0414365	male	wiki	animal		
penguins.of.mad_tt1911658	tt1911658	Boy_at_Zoo	20.77	nm5408447	unknown	none	human		
penguins.of.mad_tt1911658	tt1911658	Pilot	7.76	nm0443911	male	wiki	human		
peter_rabbit	tt5117670	Peter_Rabbit	1280.86	nm0179479	male	wiki	animal	protagonist	major
peter_rabbit	tt5117670	Cotton-Tail	669.54	nm5397459	female	wiki	animal	protagonist	minor
peter_rabbit	tt5117670	Mopsy	639.6	nm4456120	female	wiki	animal	protagonist	minor
peter_rabbit	tt5117670	Benjamin_Bunny	638.6	nm0600461	male	wiki	animal	protagonist	minor
peter_rabbit	tt5117670	Flopsy	597.93	nm3053338	female	wiki	animal	protagonist	minor
peter_rabbit	tt5117670	Mr._Rabbit	467.38	nm0000986	male	wiki	animal		
peter_rabbit	tt5117670	Pigling_Bland	124.42	nm1191900	male	wiki	animal		
peter_rabbit	tt5117670	Mrs._Rabbit	93.55	nm0001829	female	wiki	animal		
peter_rabbit	tt5117670	Johnny_Town-Mouse	69.44	nm0920992	male	wiki	animal		
peter_rabbit	tt5117670	Tommy_Brock	51.09	nm0000554	male	wiki	animal		
peter_rabbit	tt5117670	Mr._Tod	37.16	nm2417960	male	wiki	animal		
peter_rabbit	tt5117670	Mrs._Tiggly-Winkle	35.79	nm2397981	female	wiki	animal		
peter_rabbit	tt5117670	Mr._Jeremy_Fisher	7.51	nm1727304	male	wiki	animal		
peter_rabbit_2	tt8376234	Peter_Rabbit	1311.77	nm0179479	male	wiki	animal	protagonist	major
peter_rabbit_2	tt8376234	Barnabas	597.47	nm0416694	male	wiki	animal	antagonist	major
peter_rabbit_2	tt8376234	Benjamin_Bunny	503.84	nm0600461	male	wiki	animal	protagonist	minor
peter_rabbit_2	tt8376234	Mopsy	492.87	nm4456120	female	wiki	animal	protagonist	minor
peter_rabbit_2	tt8376234	Cotton-Tail	470.55	nm3375638	unknown	none	animal	protagonist	minor
peter_rabbit_2	tt8376234	Flopsy	438.27	nm3053338	female	wiki	animal	protagonist	minor
peter_rabbit_2	tt8376234	Samuel_Whiskers	187.73	nm0214661	male	wiki	animal		
peter_rabbit_2	tt8376234	Tom_Kitten	182.89	nm0380632	male	wiki	animal		
peter_rabbit_2	tt8376234	Pigling_Bland	155.7	nm1191900	male	wiki	animal		
peter_rabbit_2	tt8376234	Busker_K._Bushy,_Esq.	123.08	nm2423358	male	wiki	animal		
peter_rabbit_2	tt8376234	Mittens	121.5	nm2017943	female	wiki	animal		
peter_rabbit_2	tt8376234	Tommy_Brock	98.47	nm0000554	male	wiki	animal		
peter_rabbit_2	tt8376234	JW_Rooster_III	98.01	nm9993280	unknown	none	animal		
peter_rabbit_2	tt8376234	Jemima_Puddle-Duck	85.21	nm0126284	female	wiki	animal		
peter_rabbit_2	tt8376234	Little_Pig_Robinson	82.92	nm0214661	male	wiki	animal		
peter_rabbit_2	tt8376234	Kennedy_St._Squirrel	74.57	nm0214661	male	wiki	animal		
peter_rabbit_2	tt8376234	Mr._Tod	64.86	nm1691841	unknown	none	animal		
peter_rabbit_2	tt8376234	Mrs._Tiggly-Winkle	50.13	nm2397981	female	wiki	animal		
peter_rabbit_2	tt8376234	Johnny_Town-Mouse	26.07	nm0920992	male	wiki	animal		
peter_rabbit_2	tt8376234	Mr._Jeremy_Fisher	4.34	nm1727304	male	wiki	animal		
petes.dragon_tt0076538	tt0076538	Elliott	825.95	nm0130324	male	wiki	other	protagonist	major
pinocchio_tt0032910	tt0032910	Pinocchio_(character)	1513.47	nm0427934	male	wiki	human	protagonist	major
pinocchio_tt0032910	tt0032910	Jiminy_Cricket	1183.1	nm0249893	male	wiki	animal	protagonist	major
pinocchio_tt0032910	tt0032910	Geppetto	479.69	nm0747759	male	wiki	human	protagonist	major
pinocchio_tt0032910	tt0032910	Figaro	464.17		male	fandom	animal	protagonist	minor
pinocchio_tt0032910	tt0032910	Honest_John	365.11	nm0146185	male	wiki	animal	antagonist	major
pinocchio_tt0032910	tt0032910	Stromboli	237.2	nm0431882	male	wiki	human	antagonist	minor
pinocchio_tt0032910	tt0032910	Lampwick	186.06	nm0201660	male	wiki	human		
pinocchio_tt0032910	tt0032910	Cat_2	151.11		unknown	none	animal		
pinocchio_tt0032910	tt0032910	Cleo	150.73		female	fandom	animal	protagonist	minor
pinocchio_tt0032910	tt0032910	The_Coachman	108.94	nm0431882	male	wiki	human	antagonist	major
pinocchio_tt0032910	tt0032910	Blue_Fairy	106.9	nm0892867	female	wiki	human	protagonist	minor
pinocchio_tt0032910	tt0032910	Donkey	98.14	nm0536499;nm0268428;nm0621699	unknown	none	animal		
pinocchio_tt0032910	tt0032910	Dancing_Puppets	96.51		unknown	none	human		
pinocchio_tt0032910	tt0032910	Gideon_(Pinocchio)	90.51	nm0000305	male	wiki	animal	antagonist	minor
planes_tt1691917	tt1691917	Dusty_Crophopper	1167.21	nm0176981	male	wiki	other	protagonist	major
planes_tt1691917	tt1691917	Chug	417.79	nm0004951	male	wiki	other	protagonist	minor
planes_tt1691917	tt1691917	Dottie	327.58	nm0000159	female	wiki	other	protagonist	minor
planes_tt1691917	tt1691917	Leadbottom	211.54	nm0147825	male	wiki	other	protagonist	minor
planes_tt1691917	tt1691917	Ishani	170.71	nm1231899	female	wiki	other	protagonist	minor
planes_tt1691917	tt1691917	Cars_2	148.69		unknown	none	other		
planes_tt1691917	tt1691917	Roper	129.3	nm0005435	male	wiki	other		
planes_tt1691917	tt1691917	Zed	128.21	nm0407101	male	wiki	other	antagonist	minor
planes_tt1691917	tt1691917	Bravo	105.31	nm0000174	male	wiki	other		
planes_tt1691917	tt1691917	Ned	98.81	nm0407101	male	wiki	other	antagonist	minor
planes_tt1691917	tt1691917	Cars_1	88.55		unknown	none	other		
planes_tt1691917	tt1691917	Cars_3	79.62		unknown	none	other		
planes_tt1691917	tt1691917	Harland	69.9	nm0001652	male	wiki	other		
planes_tt1691917	tt1691917	Colin_Cowling	24.11	nm3524850	male	wiki	other		
pocahontas_tt0114148	tt0114148	Pocahontas_	1246.91	nm0065942	female	wiki	human	protagonist	major
pocahontas_tt0114148	tt0114148	John_Smith	845.55	nm0000154	male	wiki	human	protagonist	major
pocahontas_tt0114148	tt0114148	Governor_Ratcliffe	431.64	nm0001773	male	wiki	human	antagonist	major
pocahontas_tt0114148	tt0114148	Chief_Powhatan	363.4	nm0575184	male	wiki	human	protagonist	minor
pocahontas_tt0114148	tt0114148	Thomas	358.36	nm0000288	male	wiki	human	protagonist	minor
pocahontas_tt0114148	tt0114148	Lon	302.05	nm0048589	male	wiki	human		
pocahontas_tt0114148	tt0114148	Ben	279.86	nm0175262	male	wiki	human		
pocahontas_tt0114148	tt0114148	Meeko	277.24	nm0440885	male	wiki	animal		
pocahontas_tt0114148	tt0114148	Kocoum	218.26	nm0266301	male	wiki	human	antagonist	minor
pocahontas_tt0114148	tt0114148	Wiggins	179.85	nm0001773	male	wiki	human		
pocahontas_tt0114148	tt0114148	Nakoma	178.85	nm0820667	female	wiki	human	protagonist	minor
pocahontas_tt0114148	tt0114148	Percy_(Pocahontas)	146.65	nm0542706	male	wiki	animal		
pocahontas_tt0114148	tt0114148	Grandmother_Willow	115.74	nm0001373	female	wiki	human	protagonist	minor
pocahontas_tt0114148	tt0114148	Kekata	101.27	nm0867588	male	wiki	human		
pocahontas_tt0114148	tt0114148	Flit	57.39	nm0919798	male	wiki	animal		
pokmon.the.firs_tt0190641	tt0190641	Ash_Ketchum	638.85	nm0853301	male	fandom	human	protagonist	major
pokmon.the.firs_tt0190641	tt0190641	Brock	614.7	nm0835688	male	wiki	human	protagonist	minor
pokmon.the.firs_tt0190641	tt0190641	Misty	590.46	nm0510418	female	wiki	human	protagonist	minor
pokmon.the.firs_tt0190641	tt0190641	Pikachu_(Ash's)	434.43	nm0649026	female	wiki	other	protagonist	major
pokmon.the.firs_tt0190641	tt0190641	Mewtwo	292.04	nm0058876	male	wiki	other	antagonist	major
pokmon.the.firs_tt0190641	tt0190641	Meowth	252.88	nm0006851	male	fandom	other		
pokmon.the.firs_tt0190641	tt0190641	Jessie	232.02	nm0510418	female	wiki	human		
pokmon.the.firs_tt0190641	tt0190641	Neesha	217.34	nm0651184	female	wiki	human		
pokmon.the.firs_tt0190641	tt0190641	James	206.33	nm0835688	male	wiki	human		
pokmon.the.firs_tt0190641	tt0190641	Charizard_(Ash's)	193.73	nm0586528	male	wiki	other		
pokmon.the.firs_tt0190641	tt0190641	Nurse_Joy	185.89	nm0391125	female	wiki	human		
pokmon.the.firs_tt0190641	tt0190641	Squirtle_(Ash's)	179.89	nm0835688	male	wiki	other		
pokmon.the.firs_tt0190641	tt0190641	Shellshocker_(Neesha's)	171.55	nm0312656	male	wiki	other		
pokmon.the.firs_tt0190641	tt0190641	Fergus	159.91	nm0146097	male	wiki	human		
pokmon.the.firs_tt0190641	tt0190641	Bulbasaur_(Ash's)	158.2	nm0419760	female	wiki	other		
pokmon.the.firs_tt0190641	tt0190641	Corey	147.77	nm0507793	male	wiki	human		
pokmon.the.firs_tt0190641	tt0190641	Venusaur	122.96	nm0354126	unknown	none	other		
pokmon.the.firs_tt0190641	tt0190641	Mew	112.78	nm0945290	male	wiki	other	protagonist	minor
pokmon.the.firs_tt0190641	tt0190641	Mewtwo_(Young)	110.65	nm0058876	male	wiki	other		
pokmon.the.firs_tt0190641	tt0190641	Officer_Jenny	108.4	nm0703454	female	fandom	human		
pokmon.the.firs_tt0190641	tt0190641	Gyarados	94.18	nm0411167	male	wiki	other		
pokmon.the.firs_tt0190641	tt0190641	Psyduck_(Misty's)	88.63	nm0354126	unknown	none	other		
pokmon.the.firs_tt0190641	tt0190641	Miranda	86.46	nm0651184	female	wiki	human		
pokmon.the.firs_tt0190641	tt0190641	Vulpix_(Brock's)	77.99	nm0510418	female	wiki	other		
pokmon.the.firs_tt0190641	tt0190641	Weezing_(James's)	69.53	nm0835688	male	wiki	other		
pokmon.the.firs_tt0190641	tt0190641	Sandslash	69.07		unknown	none	other		
pokmon.the.firs_tt0190641	tt0190641	Ninetales	60.06	nm0736994	female	wiki	other		
pokmon.the.firs_tt0190641	tt0190641	Togepi_(Misty's)	52.22	nm0465631	female	wiki	other		
pokmon.the.firs_tt0190641	tt0190641	Staryu_(Misty's)	40.33	nm0586528	male	wiki	other		
pokmon.the.firs_tt0190641	tt0190641	Raymond	38.62	nm0006851	male	fandom	human		
pokmon.the.firs_tt0190641	tt0190641	Rapidash	38		unknown	none	other		
pokmon.the.firs_tt0190641	tt0190641	Dr._Fuji	33.99	nm0058876	male	wiki	human		
pokmon.the.firs_tt0190641	tt0190641	Vaporeon	32.16	nm0736994	female	wiki	other		
polar.express_tt0338348	tt0338348	Hero_Boy	1680.85	nm0754512	male	wiki	human	protagonist	major
polar.express_tt0338348	tt0338348	Hero_Girl	773.69	nm0310850	female	wiki	human	protagonist	major
polar.express_tt0338348	tt0338348	Conductor	528.11	nm0000158	male	wiki	human	protagonist	major
polar.express_tt0338348	tt0338348	Billy	407.45	nm1497548	male	wiki	human	protagonist	minor
polar.express_tt0338348	tt0338348	Know-it-All	187.27	nm0214430	male	wiki	human	protagonist	minor
polar.express_tt0338348	tt0338348	Hobo	173.13	nm0000158	male	wiki	human	protagonist	minor
polar.express_tt0338348	tt0338348	Toothless_Boy	138.72		unknown	none	human		
polar.express_tt0338348	tt0338348	Sarah	117.58	nm1717660	unknown	none	human	protagonist	minor
polar.express_tt0338348	tt0338348	Elves	85.67		male	fandom	human	protagonist	minor
polar.express_tt0338348	tt0338348	Smokey	74.7	nm0812220	male	wiki	human		
polar.express_tt0338348	tt0338348	Santa_Claus	70.03	nm0000158	male	wiki	human	protagonist	minor
polar.express_tt0338348	tt0338348	Red_Head_Girl	67.69		unknown	none	human		
polar.express_tt0338348	tt0338348	Elf_Lieutenant	32.78	nm0878911	male	wiki	human		
polar.express_tt0338348	tt0338348	Waiters	31.49		unknown	none	human		
polar.express_tt0338348	tt0338348	Pastry_Chefs	9.88		unknown	none	human		
prince.of.egypt_tt0120794	tt0120794	Moses	1888.47	nm0000174	male	wiki	human	protagonist	major
prince.of.egypt_tt0120794	tt0120794	Miriam	503.34	nm0000113	female	wiki	human	protagonist	minor
prince.of.egypt_tt0120794	tt0120794	Pharaoh_Seti_I	438.1	nm0001772	male	wiki	human	antagonist	minor
prince.of.egypt_tt0120794	tt0120794	Aaron	388.6	nm0000156	male	wiki	human	protagonist	minor
prince.of.egypt_tt0120794	tt0120794	Tzipporah	376.71	nm0000201	female	wiki	human	protagonist	minor
prince.of.egypt_tt0120794	tt0120794	Yocheved	325.49	nm0371866	female	wiki	human		
prince.of.egypt_tt0120794	tt0120794	Miriam_(Young)	250.04	nm0726180	female	wiki	human		
prince.of.egypt_tt0120794	tt0120794	Character_1	239.45		unknown	none	human		
prince.of.egypt_tt0120794	tt0120794	Rameses	235.23	nm0000146	male	wiki	human	antagonist	major
prince.of.egypt_tt0120794	tt0120794	Queen_Tuya	219.14	nm0000545	female	wiki	human		
prince.of.egypt_tt0120794	tt0120794	Ramses'_Son	150.36	nm0609424	unknown	none	human		
prince.of.egypt_tt0120794	tt0120794	Hotep	140.52	nm0000188	male	wiki	human	antagonist	minor
prince.of.egypt_tt0120794	tt0120794	Character_3	139.93		unknown	none	human		
prince.of.egypt_tt0120794	tt0120794	Huy	138.14	nm0001737	male	wiki	human	antagonist	minor
prince.of.egypt_tt0120794	tt0120794	Character_2	98.56		unknown	none	human		
princess.and.th_tt0780521	tt0780521	Prince_Naveen_(frog)	968.51	nm0004797	male	wiki	animal		
princess.and.th_tt0780521	tt0780521	Tiana_Rogers	854.65	nm0741242	female	wiki	human	protagonist	major
princess.and.th_tt0780521	tt0780521	Tiana_(frog)	795.92	nm0741242	female	wiki	animal		
princess.and.th_tt0780521	tt0780521	Charlotte_La_Bouff	438.35	nm2278607	female	wiki	human	protagonist	minor
princess.and.th_tt0780521	tt0780521	Louis_(The_Princess_and_the_Frog)	408.03	nm1496365	male	wiki	animal	protagonist	minor
princess.and.th_tt0780521	tt0780521	Prince_Naveen	405.2	nm0004797	male	wiki	human	protagonist	major
princess.and.th_tt0780521	tt0780521	Dr._Facilier	366.12	nm0202966	male	wiki	human	antagonist	major
princess.and.th_tt0780521	tt0780521	Ray	346.8	nm0191906	male	wiki	animal	protagonist	minor
princess.and.th_tt0780521	tt0780521	Eudora	318.48	nm0001856	female	wiki	human		
princess.and.th_tt0780521	tt0780521	Lawrence_(The_Princess_and_the_Frog)	203.33	nm0058874	male	wiki	human	antagonist	minor
princess.and.th_tt0780521	tt0780521	Eli_La_Bouff	192.4		male	fandom	human		
princess.and.th_tt0780521	tt0780521	Mama_Odie	188.44	nm0507338	female	wiki	human	protagonist	minor
princess.and.th_tt0780521	tt0780521	James_Rogers	180.05	nm0005024	male	wiki	human		
princess.and.th_tt0780521	tt0780521	Buford_(The_Princess_and_the_Frog)	102.73	nm0173485	male	wiki	human		
princess.and.th_tt0780521	tt0780521	Facilier's_Friends_on_the_Other_Side	97.68		male	fandom	other	antagonist	minor
princess.and.th_tt0780521	tt0780521	Reggie	93.38	nm0599907	male	wiki	human		
princess.and.th_tt0780521	tt0780521	Harvey_Fenner_	76.99	nm0123553	male	wiki	human		
princess.and.th_tt0780521	tt0780521	Darnell	76.95	nm2320658	male	wiki	human		
princess.and.th_tt0780521	tt0780521	Butterflies_(The_Princess_and_the_Frog)	61.94		unknown	none	other		
princess.and.th_tt0780521	tt0780521	Queen_of_Maldonia	48.59		unknown	none	human		
princess.and.th_tt0780521	tt0780521	Firefly_Family	46.42		unknown	none	other		
princess.and.th_tt0780521	tt0780521	Marcel	45.34		male	fandom	animal		
princess.and.th_tt0780521	tt0780521	Two-Fingers	37.5		unknown	none	human		
princess.and.th_tt0780521	tt0780521	Prince_Ralphie	30.53	nm3711404	unknown	none	human		
princess.and.th_tt0780521	tt0780521	Beaudreaux	25.15		unknown	none	other		
princess.and.th_tt0780521	tt0780521	Stella	24.82		female	fandom	other		
puss.in.boots_tt0448694	tt0448694	Puss_in_Boots	1389.22	nm0000104	male	wiki	animal	protagonist	major
puss.in.boots_tt0448694	tt0448694	Humpty_Alexander_Dumpty	900.77	nm0302108	male	wiki	other	antagonist	major
puss.in.boots_tt0448694	tt0448694	Kitty_Softpaws	687.73	nm0000161	female	wiki	animal	protagonist	major
puss.in.boots_tt0448694	tt0448694	Imelda	139.97	nm0005186	female	wiki	human		
puss.in.boots_tt0448694	tt0448694	Chick	117.41		unknown	none	animal		
puss.in.boots_tt0448694	tt0448694	Jill	100.93	nm0781238	female	wiki	human	antagonist	minor
puss.in.boots_tt0448694	tt0448694	Ohhh_Cat	96.26	nm2130108	male	wiki	animal		
puss.in.boots_tt0448694	tt0448694	Jack	83.25	nm0000671	male	wiki	human	antagonist	minor
puss.in.boots_tt0448694	tt0448694	Comandante	80.12	nm0868219	male	wiki	human		
puss.in.boots_tt0448694	tt0448694	Moustache_Man	75.16	nm0868219	male	wiki	human		
puss.in.boots_tt0448694	tt0448694	Raoul	71.49	nm0970447	male	wiki	human		
puss.in.boots_tt0448694	tt0448694	Geese	57.1		unknown	none	animal		
puss.in.boots_tt0448694	tt0448694	Andy_Beanstalk	55.35	nm0593610	male	wiki	human		
puss.in.boots_tt0448694	tt0448694	Soldier	51.97	nm0970447	male	wiki	human		
puss.in.boots_tt0448694	tt0448694	Luis	43.21	nm3112957	unknown	none	human		
puss.in.boots_tt0448694	tt0448694	Manuel	42.63	nm1844237	male	wiki	human		
puss.in.boots_tt0448694	tt0448694	Hotel_Owner	38.91	nm1117226	male	wiki	human		
puss.in.boots_tt0448694	tt0448694	Estella_Maria	34.03	nm1470330	unknown	none	human		
puss.in.boots_tt0448694	tt0448694	Prison_Guard	33.53	nm1844237	male	wiki	human		
puss.in.boots_tt0448694	tt0448694	Bounty_Hunter	30.7	nm0226206	unknown	none	human		
puss.in.boots_tt0448694	tt0448694	Little_Boy_Blue	21.86	nm1844237	male	wiki	human		
puss.in.boots_tt0448694	tt0448694	Charo	20.52	nm0058109	female	wiki	human		
puss.in.boots_tt0448694	tt0448694	Little_Boy	19.98	nm1195845	female	wiki	human		
puss.in.boots_tt0448694	tt0448694	Friar_Miller	19.44	nm1844237	male	wiki	human		
puss.in.boots_tt0448694	tt0448694	Rafael	18.35	nm1844237	male	wiki	human		
puss.in.boots_tt0448694	tt0448694	Milk_Lady	17.93	nm1195845	female	wiki	human		
puss.in.boots_tt0448694	tt0448694	Rodrigo	16.98	nm1117226	male	wiki	human		
puss.in.boots_tt0448694	tt0448694	Ivana	16.22	nm0058109	female	wiki	human		
puss.in.boots_tt0448694	tt0448694	Bartender	15.56	nm1117226	male	wiki	human		
puss.in.boots_tt0448694	tt0448694	Guiseppe	8.93	nm0427079	male	wiki	human		
puss.in.boots_tt0448694	tt0448694	Mean_Boy	8.76	nm1117226	male	wiki	human		
puss.in.boots.t_tt3915174	tt3915174	Puss_in_Boots	1694.95	nm0000104	male	wiki	animal	protagonist	major
puss.in.boots.t_tt3915174	tt3915174	Kitty_Softpaws	711.38	nm0000161	female	wiki	animal	protagonist	major
puss.in.boots.t_tt3915174	tt3915174	Perrito	602.06	nm2957490	male	wiki	animal	protagonist	major
puss.in.boots.t_tt3915174	tt3915174	Goldilocks	348.06	nm6073955	female	wiki	human	antagonist	major
puss.in.boots.t_tt3915174	tt3915174	Mama_Bear	333.88	nm1469236	female	wiki	animal	antagonist	minor
puss.in.boots.t_tt3915174	tt3915174	Baby_Bear	322.86	nm4478685	male	wiki	animal	antagonist	minor
puss.in.boots.t_tt3915174	tt3915174	Jack_Horner	321.24	nm1825214	male	wiki	human	antagonist	major
puss.in.boots.t_tt3915174	tt3915174	Papa_Bear	281.49	nm0935653	male	wiki	animal	antagonist	minor
puss.in.boots.t_tt3915174	tt3915174	Wolf	258.88	nm0609944	male	wiki	animal	antagonist	major
puss.in.boots.t_tt3915174	tt3915174	Jan_Serpent	100.77	nm2016157	female	wiki	human		
puss.in.boots.t_tt3915174	tt3915174	Ethical_Bug	81.75	nm2162374	unknown	none	animal		
puss.in.boots.t_tt3915174	tt3915174	Doctor	75.2	nm2373831	male	fandom	human		
puss.in.boots.t_tt3915174	tt3915174	Band_Members	61.19	nm3150455	male	wiki	human		
puss.in.boots.t_tt3915174	tt3915174	Mama_Luna	57.06	nm5007768	female	wiki	human		
puss.in.boots.t_tt3915174	tt3915174	Jo_Serpent	54.35	nm4161838	female	wiki	human		
puss.in.boots.t_tt3915174	tt3915174	Little_Boy	52.39	nm10530209	male	fandom	human		
puss.in.boots.t_tt3915174	tt3915174	Goldi_(Young)	44.09	nm12080960	unknown	none	human		
puss.in.boots.t_tt3915174	tt3915174	Ohhh_Cat	40.37	nm2130108	male	wiki	animal		
puss.in.boots.t_tt3915174	tt3915174	Little_Jack_Audience_Member	37.91	nm1121631	male	wiki	human		
puss.in.boots.t_tt3915174	tt3915174	Governor's_Assistant	36.83	nm0881938	female	wiki	human		
puss.in.boots.t_tt3915174	tt3915174	Baker's_Dozen_Gang_Members	31.03	nm2591093	unknown	none	human		
puss.in.boots.t_tt3915174	tt3915174	Governor	30.45	nm1960207	male	wiki	human		
puss.in.boots.t_tt3915174	tt3915174	Pinocchio	26.9	nm0970606	male	wiki	human		
puss.in.boots.t_tt3915174	tt3915174	Last_Baker	16.73	nm5906920	female	wiki	human		
puss.in.boots.t_tt3915174	tt3915174	Bartender	7.88	nm0734989	male	wiki	human		
puss.in.boots.t_tt3915174	tt3915174	Gingy	5.3	nm0970447	male	wiki	other		
ralph.breaks.th_tt5848272	tt5848272	Wreck-It_Ralph	2012.51	nm0000604	male	wiki	human	protagonist	major
ralph.breaks.th_tt5848272	tt5848272	Vanellope_von_Schweetz	1735.94	nm0798971	female	wiki	human	protagonist	major
ralph.breaks.th_tt5848272	tt5848272	Shank	260.89	nm2933757	female	wiki	human		
ralph.breaks.th_tt5848272	tt5848272	Elsa	256.88	nm0579953	female	wiki	human		
ralph.breaks.th_tt5848272	tt5848272	Yesss	228.98	nm0378245	female	wiki	human		
ralph.breaks.th_tt5848272	tt5848272	Fix-It-Felix	222.51	nm1442113	male	wiki	human		
ralph.breaks.th_tt5848272	tt5848272	Spamley	216.63	nm0352778	male	wiki	human		
ralph.breaks.th_tt5848272	tt5848272	Taffyta_Muttonfudge	173.21	nm3830257	female	wiki	human		
ralph.breaks.th_tt5848272	tt5848272	Knowsmore	170.88	nm0876138	male	wiki	other		
ralph.breaks.th_tt5848272	tt5848272	Princess_Ariel	167.63	nm0072533	female	wiki	human		
ralph.breaks.th_tt5848272	tt5848272	Belle	139.51	nm0641314	female	wiki	human		
ralph.breaks.th_tt5848272	tt5848272	Cinderella	135.39	nm0354937	female	wiki	human		
ralph.breaks.th_tt5848272	tt5848272	Moana	132.55	nm7635388	female	wiki	human		
ralph.breaks.th_tt5848272	tt5848272	Pocahontas	123.58	nm0065942	female	wiki	human		
ralph.breaks.th_tt5848272	tt5848272	Ballet_Mom	123.12	nm0651067	female	wiki	human		
ralph.breaks.th_tt5848272	tt5848272	Anna	122.91	nm0068338	female	wiki	human		
ralph.breaks.th_tt5848272	tt5848272	Rapunzel	120.58	nm0601553	female	wiki	human		
ralph.breaks.th_tt5848272	tt5848272	Little_Debbie	115.53		unknown	none	human		
ralph.breaks.th_tt5848272	tt5848272	Surge_Protector	112.07	nm1601882	male	wiki	human		
ralph.breaks.th_tt5848272	tt5848272	Double_Dan	111.57	nm0000547	male	wiki	other		
ralph.breaks.th_tt5848272	tt5848272	Sour_Bill	111.07	nm0601781	male	wiki	other		
ralph.breaks.th_tt5848272	tt5848272	Sgt._Calhoun	108.65	nm0528331	female	wiki	human		
ralph.breaks.th_tt5848272	tt5848272	Snow_White	108.07	nm0962596	female	wiki	human		
ralph.breaks.th_tt5848272	tt5848272	Buzz_Lightyear	101.27	nm0000741	male	wiki	human		
ralph.breaks.th_tt5848272	tt5848272	Princess_Aurora	99.22	nm1512156	female	wiki	human		
ralph.breaks.th_tt5848272	tt5848272	Maybe	97.43	nm2063276	unknown	none	human		
ralph.breaks.th_tt5848272	tt5848272	Gene	97.18	nm0675442	male	wiki	human		
ralph.breaks.th_tt5848272	tt5848272	Candlehead	79.87	nm1705090	female	wiki	human		
ralph.breaks.th_tt5848272	tt5848272	Princess_Merida	78.08	nm0531808	female	wiki	human		
ralph.breaks.th_tt5848272	tt5848272	Eboy	74.78	nm4677867	male	wiki	human		
ralph.breaks.th_tt5848272	tt5848272	Felony	72.36	nm4399227	female	wiki	human		
ralph.breaks.th_tt5848272	tt5848272	McNeely	71.07	nm7187850	male	wiki	human		
ralph.breaks.th_tt5848272	tt5848272	Groot	70.57	nm0004874	male	wiki	other		
ralph.breaks.th_tt5848272	tt5848272	Butcher_Boy	68.4	nm3985937	male	wiki	human		
ralph.breaks.th_tt5848272	tt5848272	Pyro	67.86	nm1591283	male	wiki	human		
ralph.breaks.th_tt5848272	tt5848272	Hey_Nongman	67.48	nm1727621	male	wiki	human		
ralph.breaks.th_tt5848272	tt5848272	Mulan	66.65	nm0001840	female	wiki	human		
ralph.breaks.th_tt5848272	tt5848272	Stan_Litwak	63.15	nm0642145	male	wiki	human		
ralph.breaks.th_tt5848272	tt5848272	Swati	61.48	nm5415922	female	wiki	human		
ralph.breaks.th_tt5848272	tt5848272	Stormtroopers	53.6	nm2119461	male	wiki	other		
ralph.breaks.th_tt5848272	tt5848272	Duncan	49.51	nm0764445	male	wiki	other		
ralph.breaks.th_tt5848272	tt5848272	Sonic_the_Hedgehog	48.21	nm1886746	male	wiki	other		
ralph.breaks.th_tt5848272	tt5848272	Princess_Jasmine	46.71	nm0488306	female	wiki	human		
ralph.breaks.th_tt5848272	tt5848272	Jimmy	45.75	nm5803981	male	wiki	human		
ralph.breaks.th_tt5848272	tt5848272	Nafisa	44.67	nm5643385	female	wiki	human		
ralph.breaks.th_tt5848272	tt5848272	Tiana	42.88	nm0741242	female	wiki	human		
ralph.breaks.th_tt5848272	tt5848272	Tapper	40.12	nm0005606	male	wiki	human		
ralph.breaks.th_tt5848272	tt5848272	Lee_the_Office_Nerd	38.71	nm3931538	male	wiki	human		
ralph.breaks.th_tt5848272	tt5848272	ebay_Elayne	37.12	nm0936607	female	wiki	human		
ralph.breaks.th_tt5848272	tt5848272	Instagram_Pop-Up	33.24		unknown	none	other		
ralph.breaks.th_tt5848272	tt5848272	Zangief	32.37	nm0601781	male	wiki	human		
ralph.breaks.th_tt5848272	tt5848272	Grumpy	21.65	nm0123553	male	wiki	human		
ralph.breaks.th_tt5848272	tt5848272	News_Anchor	13.47	nm1872698	female	wiki	human		
ralph.breaks.th_tt5848272	tt5848272	C-3PO	11.05	nm0000355	male	wiki	other		
rango_tt1192628	tt1192628	Rango	1877.63	nm0000136	male	wiki	animal	protagonist	major
rango_tt1192628	tt1192628	Beans	864.41	nm0279545	female	wiki	animal	protagonist	major
rango_tt1192628	tt1192628	Mayor	266.1	nm0000885	male	wiki	other	antagonist	major
rango_tt1192628	tt1192628	Ezekiel	232.9	nm0440229	male	wiki	animal		
rango_tt1192628	tt1192628	Buford	200.12	nm0163703	male	wiki	animal		
rango_tt1192628	tt1192628	Waffles	191.48	nm0126096	male	wiki	other		
rango_tt1192628	tt1192628	Mariachi_Owls	188.4		unknown	none	animal		
rango_tt1192628	tt1192628	Furgus	187.94	nm0854702	male	wiki	animal		
rango_tt1192628	tt1192628	Doc_Kenny	162.5	nm0740535	male	wiki	animal		
rango_tt1192628	tt1192628	Priscilla	162.37	nm1113550	female	wiki	animal		
rango_tt1192628	tt1192628	Rattlesnake_Jake	153.7	nm0631490	male	wiki	animal	antagonist	major
rango_tt1192628	tt1192628	Elgin	134.93	nm0182824	male	wiki	animal		
rango_tt1192628	tt1192628	Wounded_Bird	133.3	nm0083655	male	wiki	animal		
rango_tt1192628	tt1192628	Spoons	119.41	nm1178832	male	fandom	animal		
rango_tt1192628	tt1192628	Ambrose	112.65	nm0000718	male	wiki	animal		
rango_tt1192628	tt1192628	Roadkill	99.89	nm0000547	male	wiki	animal	protagonist	minor
rango_tt1192628	tt1192628	Merrimack	90.51	nm0740535	male	wiki	animal		
rango_tt1192628	tt1192628	Sergeant_Turley	88	nm0893659	male	wiki	animal		
rango_tt1192628	tt1192628	Hawk	81.16		female	fandom	animal	antagonist	minor
rango_tt1192628	tt1192628	Bad_Bill	77.54	nm0935653	male	wiki	other	antagonist	minor
rango_tt1192628	tt1192628	Angelique	63.9	nm0085227	female	wiki	animal		
rango_tt1192628	tt1192628	Rock-Eye	25.11	nm1099085	male	wiki	other		
ratatouille_tt0382932	tt0382932	Alfredo_Linguini	1374.58	nm0738918	male	wiki	human	protagonist	major
ratatouille_tt0382932	tt0382932	Remy	1239.03	nm0652663	male	wiki	animal	protagonist	major
ratatouille_tt0382932	tt0382932	Colette_Tatou	629.92	nm0000413	female	wiki	human	protagonist	major
ratatouille_tt0382932	tt0382932	Chef_Skinner	622.12	nm0000453	male	wiki	human	antagonist	major
ratatouille_tt0382932	tt0382932	Emile	417.71	nm0812307	male	wiki	animal	protagonist	minor
ratatouille_tt0382932	tt0382932	Anton_Ego	306.81	nm0000564	male	wiki	human	antagonist	minor
ratatouille_tt0382932	tt0382932	Django	279.11	nm0001133	male	wiki	animal	protagonist	minor
ratatouille_tt0382932	tt0382932	Auguste_Gusteau	184.31	nm0004951	male	wiki	human	protagonist	minor
ratatouille_tt0382932	tt0382932	Talon_Labarthe	183.81	nm0628599	male	wiki	human		
ratatouille_tt0382932	tt0382932	Horst	179.22	nm0004715	male	wiki	human		
ratatouille_tt0382932	tt0382932	Lalo	152.19	nm2029107	unknown	none	human		
ratatouille_tt0382932	tt0382932	Mustafa	142.52	nm0001652	male	wiki	human		
ratatouille_tt0382932	tt0382932	Larousse	131.42	nm0001664	male	wiki	human		
ratatouille_tt0382932	tt0382932	Pompidou	101.98	nm0297306	male	wiki	human		
ratatouille_tt0382932	tt0382932	Health_Inspector	75.45	nm0297306	male	wiki	human	antagonist	minor
ratatouille_tt0382932	tt0382932	Mabel_(Ratatouille)	57.06	nm15746381	female	fandom	human		
ratatouille_tt0382932	tt0382932	Ambrister_Minion	56.31	nm0083348	male	wiki	human		
raya.and.the.la_tt5109280	tt5109280	Raya	1278.65	nm4511652	female	wiki	human	protagonist	major
raya.and.the.la_tt5109280	tt5109280	Sisu	666.08	nm5377144	female	wiki	other	protagonist	major
raya.and.the.la_tt5109280	tt5109280	Sisu_(human)	448.24	nm5377144	female	wiki	human		
raya.and.the.la_tt5109280	tt5109280	Raya_(Young)	430.76	nm4511652	female	wiki	human		
raya.and.the.la_tt5109280	tt5109280	Buon	390.39	nm9865565	male	wiki	human	protagonist	minor
raya.and.the.la_tt5109280	tt5109280	Namaari	367.24	nm2110418	female	wiki	human	antagonist	major
raya.and.the.la_tt5109280	tt5109280	Tong	302.3	nm0938950	male	wiki	human	protagonist	minor
raya.and.the.la_tt5109280	tt5109280	Noi	297.13	nm8009776	female	wiki	human	protagonist	minor
raya.and.the.la_tt5109280	tt5109280	Chief_Benja	274.44	nm0196654	male	wiki	human	protagonist	minor
raya.and.the.la_tt5109280	tt5109280	Tuk_Tuk	175.47	nm0876138	male	wiki	other	protagonist	minor
raya.and.the.la_tt5109280	tt5109280	Ongis	153.53		unknown	none	animal	protagonist	minor
raya.and.the.la_tt5109280	tt5109280	Namaari_(Young)	147.56	nm2033115	female	wiki	human		
raya.and.the.la_tt5109280	tt5109280	Virana	132.09	nm0644897	female	wiki	human		
raya.and.the.la_tt5109280	tt5109280	General_Atitaya	91.26	nm1901842	female	wiki	human		
raya.and.the.la_tt5109280	tt5109280	Dang_Hu	83	nm0814586	female	wiki	human		
raya.and.the.la_tt5109280	tt5109280	Merchant	80.75	nm7153883	female	wiki	human		
raya.and.the.la_tt5109280	tt5109280	Dang_Hai	78.75	nm0437646	male	wiki	human		
raya.and.the.la_tt5109280	tt5109280	Chai	71.99	nm0661864	male	wiki	human		
raya.and.the.la_tt5109280	tt5109280	Wahn	61.6	nm0154236	male	wiki	human		
raya.and.the.la_tt5109280	tt5109280	Spine_Chief	49.72	nm5224900	male	wiki	human		
raya.and.the.la_tt5109280	tt5109280	Fang_Officer	48.09	nm7153883	female	wiki	human		
raya.and.the.la_tt5109280	tt5109280	Spine_Warrior	41.33	nm1901842	female	wiki	human		
raya.and.the.la_tt5109280	tt5109280	Tail_Chief	28.7	nm8773928	female	fandom	human		
raya.and.the.la_tt5109280	tt5109280	Merchant_#2	23.19	nm11260551	unknown	none	human		
rescuers_tt0076618	tt0076618	Bernard	953.87	nm0627878	male	wiki	animal	protagonist	major
rescuers_tt0076618	tt0076618	Miss_Bianca	814.69	nm0001247	female	wiki	animal	protagonist	major
rescuers_tt0076618	tt0076618	Penny	580.75	nm0821094	female	wiki	animal	protagonist	major
rescuers_tt0076618	tt0076618	Madame_Medusa	373.67	nm0656183	female	wiki	human	antagonist	major
rescuers_tt0076618	tt0076618	Luke	317.65	nm0125426	male	wiki	animal		
rescuers_tt0076618	tt0076618	Mr._Snoops	168.63	nm0283499	male	wiki	human	antagonist	minor
rescuers_tt0076618	tt0076618	Rufus	165.17	nm0570615	male	wiki	animal	protagonist	minor
rescuers_tt0076618	tt0076618	Brutus	157.53	nm0531763	male	wiki	animal	antagonist	minor
rescuers_tt0076618	tt0076618	Evinrude	153.65	nm0531763	male	wiki	animal	protagonist	minor
rescuers_tt0076618	tt0076618	Ellie_Mae	152.19	nm0634282	female	wiki	animal		
rescuers_tt0076618	tt0076618	Mr._Chairman	151.61	nm0288882	male	wiki	animal		
rescuers_tt0076618	tt0076618	Orville	101.81	nm0430015	male	wiki	animal	protagonist	minor
rescuers_tt0076618	tt0076618	Deadeye	97.6	nm0512357	male	wiki	animal		
rescuers_tt0076618	tt0076618	Chairmouse	90.67		male	fandom	animal		
rescuers_tt0076618	tt0076618	Gramps	64.98	nm0166307	male	wiki	animal		
rescuers_tt0076618	tt0076618	Deacon_Owl	56.39	nm0275835	male	wiki	animal		
rescuers_tt0076618	tt0076618	Digger	55.06	nm0852305	male	wiki	animal		
rescuers_tt0076618	tt0076618	TV_Announcer	45	nm0573350	male	wiki	human		
rio_tt1436562	tt1436562	Blue	964.09	nm0251986	male	wiki	animal	protagonist	major
rio_tt1436562	tt1436562	Linda	698.28	nm0005182	female	wiki	human	protagonist	major
rio_tt1436562	tt1436562	Jewel	659.91	nm0004266	female	wiki	animal	protagonist	major
rio_tt1436562	tt1436562	Tulio_Monteiro	454.25	nm0763928	male	wiki	human	protagonist	minor
rio_tt1436562	tt1436562	Pedro	280.28	nm1443238	male	wiki	animal	protagonist	minor
rio_tt1436562	tt1436562	Nico	265.35	nm0004937	male	wiki	animal	protagonist	minor
rio_tt1436562	tt1436562	Fernando	249.12	nm1545471	male	wiki	human	protagonist	minor
rio_tt1436562	tt1436562	Tipa	197.99	nm0305261	male	wiki	human	antagonist	minor
rio_tt1436562	tt1436562	Nigel	185.64	nm1318596	male	wiki	animal	antagonist	major
rio_tt1436562	tt1436562	Armando	183.22	nm4388011	male	fandom	human	antagonist	minor
rio_tt1436562	tt1436562	Marcel	169	nm0005317	male	wiki	human	antagonist	major
rio_tt1436562	tt1436562	Toucan_Kids	165.79	nm15753583	male	fandom	animal		
rio_tt1436562	tt1436562	Rafael	156.28	nm0520064	male	wiki	animal	protagonist	minor
rio_tt1436562	tt1436562	The_Marmosets	110.53		unknown	none	animal	antagonist	minor
rio_tt1436562	tt1436562	Luiz	108.9	nm0605079	male	wiki	animal	protagonist	minor
rio_tt1436562	tt1436562	Mauro	82.21		male	fandom	animal	antagonist	minor
rio_tt1436562	tt1436562	Slyvio	48.38	nm1960207	male	wiki	human		
rio_tt1436562	tt1436562	Trapped_Bird	43.42	nm0001855	male	wiki	animal		
rio_tt1436562	tt1436562	Newscaster	41.83		female	fandom	human		
rio_tt1436562	tt1436562	Neurotic_Bird	38.62	nm1682096	female	fandom	animal		
rio_tt1436562	tt1436562	Aviary_Intern	33.16	nm0679888	male	wiki	human		
rio_tt1436562	tt1436562	Dr._Barbosa	22.61	nm2785043	female	fandom	human		
rio_tt1436562	tt1436562	Boy_in_Gondola	21.02	nm3637636	female	wiki	human		
rio_tt1436562	tt1436562	Young_Linda	13.93	nm1157657	unknown	none	human		
rio_tt1436562	tt1436562	0.NOTAFACE	13.43		unknown	none	human		
rio_tt1436562	tt1436562	Carnival_girl	12.14		unknown	none	human		
rio.2_tt2357291	tt2357291	Blu	917.46	nm0251986	male	wiki	animal	protagonist	major
rio.2_tt2357291	tt2357291	Jewel	687.02	nm0004266	female	wiki	animal	protagonist	major
rio.2_tt2357291	tt2357291	Eduardo	458.83	nm0000412	male	wiki	animal		
rio.2_tt2357291	tt2357291	Linda	308.73	nm0005182	female	wiki	human	protagonist	minor
rio.2_tt2357291	tt2357291	Pedro	259.13	nm1443238	male	wiki	animal		
rio.2_tt2357291	tt2357291	Tulio	246.5	nm0763928	male	wiki	human	protagonist	minor
rio.2_tt2357291	tt2357291	Nico	239.66	nm0004937	male	wiki	animal		
rio.2_tt2357291	tt2357291	Tiago	195.45	nm3163952	male	wiki	animal		
rio.2_tt2357291	tt2357291	Carla	170.88	nm3907105	female	wiki	animal		
rio.2_tt2357291	tt2357291	Roberto	166.33	nm3960069	male	wiki	animal		
rio.2_tt2357291	tt2357291	Bia	163.58	nm3964350	female	wiki	animal		
rio.2_tt2357291	tt2357291	Gabi	160.49	nm0155693	female	wiki	animal	antagonist	minor
rio.2_tt2357291	tt2357291	Felipe	153.24	nm5248990	male	wiki	animal	antagonist	minor
rio.2_tt2357291	tt2357291	Rafael	131.8	nm0520064	male	wiki	animal		
rio.2_tt2357291	tt2357291	Luiz	122.79	nm0605079	male	wiki	animal		
rio.2_tt2357291	tt2357291	Tiny	114.7	nm2177528	female	wiki	animal		
rio.2_tt2357291	tt2357291	Tapir_Game_Announcer	93.84	nm1215293	unknown	none	animal		
rio.2_tt2357291	tt2357291	Aunt_Mimi	88.92	nm0001549	female	wiki	animal		
rio.2_tt2357291	tt2357291	Logging_Foreman	80.25	nm0858378	male	wiki	human		
rio.2_tt2357291	tt2357291	Big_Boss	75.99	nm0001208	male	wiki	human	antagonist	major
rio.2_tt2357291	tt2357291	Street_Vendor	72.45	nm0005223	male	wiki	human		
rio.2_tt2357291	tt2357291	Swinging_Audition_Monkey	51.8	nm2785043	unknown	none	animal		
rio.2_tt2357291	tt2357291	Peri	47.88	nm0305261	male	wiki	animal		
rio.2_tt2357291	tt2357291	Capoeira_Turtle	46.92	nm0175828	male	wiki	animal		
rio.2_tt2357291	tt2357291	Claira	42.88	nm4913592	female	fandom	animal		
rio.2_tt2357291	tt2357291	Obnoxious_Kid	41.62	nm6400053	male	fandom	human		
rio.2_tt2357291	tt2357291	Blue_Sentry	39.33	nm1960207	male	wiki	animal		
rio.2_tt2357291	tt2357291	Newscaster	39.21	nm1293847	female	wiki	human		
rio.2_tt2357291	tt2357291	Porcupine_Game_Announcer	38.08	nm1102153	male	wiki	animal		
rio.2_tt2357291	tt2357291	Fernando	34.53	nm1545471	male	wiki	human		
rio.2_tt2357291	tt2357291	Coin_Toss_Bird	26.4	nm3486549	unknown	none	animal		
rio.2_tt2357291	tt2357291	Mom	18.69	nm0741612	female	wiki	human		
rio.2_tt2357291	tt2357291	Rapping_Sloth	15.1	nm4899514	unknown	none	animal		
rio.2_tt2357291	tt2357291	Opera_Bird	13.51	nm5118175	unknown	none	animal		
rio.2_tt2357291	tt2357291	Dr._Monae	9.47	nm1847117	female	wiki	human		
rio.2_tt2357291	tt2357291	Old_Bird	3.29	nm0364814	male	wiki	animal		
rise.of.the.gua_tt1446192	tt1446192	Jack_Frost	1301.38	nm1517976	male	wiki	human	protagonist	major
rise.of.the.gua_tt1446192	tt1446192	Nicholas_St._North	646.85	nm0000285	male	wiki	human	protagonist	major
rise.of.the.gua_tt1446192	tt1446192	E._Aster_Bunnymund	504.38	nm0413168	male	wiki	animal	protagonist	major
rise.of.the.gua_tt1446192	tt1446192	Jamie_Bennett	472.22	nm2023672	male	wiki	human	protagonist	minor
rise.of.the.gua_tt1446192	tt1446192	Toothiana	470.18	nm0279545	female	wiki	human	protagonist	major
rise.of.the.gua_tt1446192	tt1446192	Pitch_Black	330.16	nm0000179	male	wiki	human	antagonist	major
rise.of.the.gua_tt1446192	tt1446192	Sandy	319.4		male	fandom	human	protagonist	major
rise.of.the.gua_tt1446192	tt1446192	Claude	136.68	nm3262224	male	wiki	human		
rise.of.the.gua_tt1446192	tt1446192	Cupcake	103.85	nm3676232	female	wiki	human		
rise.of.the.gua_tt1446192	tt1446192	Caleb	99.93	nm1367048	male	wiki	human		
rise.of.the.gua_tt1446192	tt1446192	Pippa	91.51	nm2810621	unknown	none	human		
rise.of.the.gua_tt1446192	tt1446192	Baby_Tooth	85.04	nm0279545	female	wiki	other		
rise.of.the.gua_tt1446192	tt1446192	Monty	75.2	nm3161916	male	wiki	human		
rise.of.the.gua_tt1446192	tt1446192	Phil	66.98		unknown	none	other		
rise.of.the.gua_tt1446192	tt1446192	Elves	56.47		unknown	none	human		
rise.of.the.gua_tt1446192	tt1446192	Sophie_Bennet	54.22	nm5361585	unknown	none	human		
rise.of.the.gua_tt1446192	tt1446192	Mary	47.63		unknown	none	human		
rise.of.the.gua_tt1446192	tt1446192	Nightmares	34.03		unknown	none	other	antagonist	minor
road.to.el.dora_tt0138749	tt0138749	Tulio	1967.2	nm0000177	male	wiki	human	protagonist	major
road.to.el.dora_tt0138749	tt0138749	Miguel	1881.98	nm0000110	male	wiki	human	protagonist	major
road.to.el.dora_tt0138749	tt0138749	Chel	987.62	nm0001609	female	wiki	human	protagonist	minor
road.to.el.dora_tt0138749	tt0138749	Tzekel-Kan	616.32	nm0000800	male	wiki	human	antagonist	major
road.to.el.dora_tt0138749	tt0138749	Chief	555.86	nm0001579	male	wiki	human		
road.to.el.dora_tt0138749	tt0138749	Horsre	399.33		unknown	none	animal		
road.to.el.dora_tt0138749	tt0138749	Acolyte	185.89	nm0548211	male	wiki	human		
road.to.el.dora_tt0138749	tt0138749	Human_character_2	147.95		unknown	none	human		
road.to.el.dora_tt0138749	tt0138749	Human_character_1	136.3		unknown	none	human		
road.to.el.dora_tt0138749	tt0138749	Cortes	95.5	nm0191906	male	wiki	human	antagonist	minor
road.to.el.dora_tt0138749	tt0138749	Aardvark	84.92		unknown	none	animal		
road.to.el.dora_tt0138749	tt0138749	Zaragoza	79.05	nm0068551	male	wiki	human		
road.to.el.dora_tt0138749	tt0138749	Kid_#1	19.82	nm0156958	unknown	none	other		
robin.hood_tt0070608	tt0070608	Prince_John	772.4	nm0001811	male	wiki	animal	antagonist	major
robin.hood_tt0070608	tt0070608	Robin_Hood	579.33	nm0066028	male	wiki	animal	protagonist	major
robin.hood_tt0070608	tt0070608	Sheriff_of_Nottingham	505.88	nm0125426	male	wiki	animal	antagonist	major
robin.hood_tt0070608	tt0070608	Maid_Marian	390.1	nm0263082	female	wiki	animal	protagonist	minor
robin.hood_tt0070608	tt0070608	Skippy	372.91	nm0924240	male	wiki	animal	protagonist	minor
robin.hood_tt0070608	tt0070608	Sir_Hiss	355.65	nm0856103	male	wiki	animal	antagonist	minor
robin.hood_tt0070608	tt0070608	Little_John	304.76	nm0365201	male	wiki	animal	protagonist	major
robin.hood_tt0070608	tt0070608	Friar_Tuck	288.54	nm0222596	male	wiki	animal	protagonist	minor
robin.hood_tt0070608	tt0070608	Lady_Cluck	263.26	nm0791186	female	wiki	animal	protagonist	minor
robin.hood_tt0070608	tt0070608	Rhino	184.89		male	fandom	animal		
robin.hood_tt0070608	tt0070608	Trigger	170.5	nm0512357	male	wiki	animal		
robin.hood_tt0070608	tt0070608	Otto	166.54	nm0641729	male	wiki	animal		
robin.hood_tt0070608	tt0070608	Sis	161.2	nm0491485	female	wiki	animal		
robin.hood_tt0070608	tt0070608	Alan-a-Dale	152.4	nm0589248	male	wiki	animal	protagonist	minor
robin.hood_tt0070608	tt0070608	Father_Sexton	144.44	nm0275835	male	wiki	animal		
robin.hood_tt0070608	tt0070608	Nutsy	122.25	nm0193411	male	wiki	animal		
robin.hood_tt0070608	tt0070608	Captain_of_the_Guard	116.41	nm0133752	male	wiki	animal		
robin.hood_tt0070608	tt0070608	Mother_Rabbit	111.95	nm0524853	female	wiki	animal		
robin.hood_tt0070608	tt0070608	Toby	111.78	nm0761688	male	fandom	animal		
robin.hood_tt0070608	tt0070608	Owl	99.22		unknown	none	animal		
robin.hood_tt0070608	tt0070608	Mother_Church_Mouse	74.87	nm0524853	female	wiki	animal		
robots_tt0358082	tt0358082	Rodney_Copperbottom	865.99	nm0000191	male	wiki	other	protagonist	major
robots_tt0358082	tt0358082	Cappy	463.67	nm0000932	female	wiki	other	protagonist	major
robots_tt0358082	tt0358082	Herb_Copperbottom	420.8	nm0001804	male	wiki	other	protagonist	minor
robots_tt0358082	tt0358082	Lydia_Copperbottom	337.42	nm0001848	female	wiki	other		
robots_tt0358082	tt0358082	Piper_Pinwheeler	315.57	nm0004789	female	wiki	other		
robots_tt0358082	tt0358082	Youngest_Rodney	310.27	nm1838132	male	fandom	other		
robots_tt0358082	tt0358082	Bigweld	287.04	nm0000316	male	wiki	other	protagonist	major
robots_tt0358082	tt0358082	Fender	252.63	nm0000245	male	wiki	other	protagonist	major
robots_tt0358082	tt0358082	Rodney_(Young)	240.37	nm1737527	male	wiki	other		
robots_tt0358082	tt0358082	Madame_Gasket	199.49	nm0000980	female	fandom	other	antagonist	major
robots_tt0358082	tt0358082	Lug	195.95	nm0005558	male	wiki	other		
robots_tt0358082	tt0358082	Bigmouth_Executive	140.01	nm0864997	male	wiki	other		
robots_tt0358082	tt0358082	Aunt_Fanny	124.29	nm0177639	female	wiki	other		
robots_tt0358082	tt0358082	Blue_robot	118.87		unknown	none	other		
robots_tt0358082	tt0358082	Tin_Man	100.68	nm0635183	unknown	none	other		
robots_tt0358082	tt0358082	Crank_Casey	89.84	nm0004804	male	wiki	other		
robots_tt0358082	tt0358082	Broken_Arm_Bot	69.53	nm0103537	male	wiki	other		
robots_tt0358082	tt0358082	Tim_the_Gate_Guard	64.48	nm0316079	male	wiki	other		
robots_tt0358082	tt0358082	Loretta_Geargrinder	48.47	nm0005169	female	wiki	other		
robots_tt0358082	tt0358082	Jack_Hammer	46.09	nm0742165	male	wiki	other		
robots_tt0358082	tt0358082	Trashcan_Bot	38.08		unknown	none	other		
robots_tt0358082	tt0358082	Fire_Hydrant	7.22	nm0005143	male	wiki	other		
rons.gone.wrong_tt7504818	tt7504818	Barney_Pudowski	2004.17	nm6244013	male	wiki	human	protagonist	major
rons.gone.wrong_tt7504818	tt7504818	Savannah_Meades	568.24	nm8492826	female	fandom	human		
rons.gone.wrong_tt7504818	tt7504818	Marc_Wydell	426.38	nm6819854	male	wiki	human		
rons.gone.wrong_tt7504818	tt7504818	Rich_Belcher	390.81	nm7221817	male	wiki	human	antagonist	minor
rons.gone.wrong_tt7504818	tt7504818	Ron	386.89	nm0302108	male	wiki	other	protagonist	major
rons.gone.wrong_tt7504818	tt7504818	Noah	378.67	nm5408447	male	fandom	human		
rons.gone.wrong_tt7504818	tt7504818	Donka_Pudowski	344.84	nm1469236	female	wiki	human		
rons.gone.wrong_tt7504818	tt7504818	Andrew_Morris	336.59	nm3008739	male	wiki	human	antagonist	major
rons.gone.wrong_tt7504818	tt7504818	Graham_Pudowski	334.67	nm1159180	male	wiki	human		
rons.gone.wrong_tt7504818	tt7504818	Jayden	180.64	nm4564958	male	wiki	human		
rons.gone.wrong_tt7504818	tt7504818	Ava	155.61	nm6205098	unknown	none	human		
rons.gone.wrong_tt7504818	tt7504818	Alex	132.67	nm3851090	male	wiki	human		
rons.gone.wrong_tt7504818	tt7504818	Bree	109.23	nm0589294	unknown	none	human		
rons.gone.wrong_tt7504818	tt7504818	Ellie	108.57	nm9068377	unknown	none	human		
rons.gone.wrong_tt7504818	tt7504818	Sita	105.81	nm1544537	female	wiki	human		
rons.gone.wrong_tt7504818	tt7504818	Police_Officer	102.44	nm3021103	male	wiki	human		
rons.gone.wrong_tt7504818	tt7504818	Bubble_Techs	78.29	nm3025293	male	wiki	human		
rons.gone.wrong_tt7504818	tt7504818	Mr._Cleaver	65.98	nm0579696	male	wiki	human		
rons.gone.wrong_tt7504818	tt7504818	Shayne_the_Biker	60.85	nm0579696	male	wiki	human		
rons.gone.wrong_tt7504818	tt7504818	Miss_Thomas	46.46	nm2756650	female	wiki	human		
rons.gone.wrong_tt7504818	tt7504818	Ms._Hartley	33.99	nm0915375	female	wiki	human		
rugrats.movie_tt0134067	tt0134067	Tommy_Pickles	1286.12	nm0197354	male	fandom	human	protagonist	major
rugrats.movie_tt0134067	tt0134067	Chuckie_Finster	965.21	nm0004815	male	fandom	human	protagonist	major
rugrats.movie_tt0134067	tt0134067	Phillip	689.86	nm0815718	female	wiki	human	protagonist	major
rugrats.movie_tt0134067	tt0134067	Lillian	636.97	nm0815718	female	wiki	human	protagonist	major
rugrats.movie_tt0134067	tt0134067	Dil_Pickles	605.6	nm0152839	male	fandom	human	protagonist	major
rugrats.movie_tt0134067	tt0134067	Stu_Pickles	577.79	nm0727051	male	wiki	human	protagonist	minor
rugrats.movie_tt0134067	tt0134067	Angelica_Pickles	457.67	nm0153719	female	wiki	human	protagonist	major
rugrats.movie_tt0134067	tt0134067	Didi_Pickles	372.04	nm0153589	female	wiki	human		
rugrats.movie_tt0134067	tt0134067	Betty_DeVille	257.47	nm0815718	female	wiki	human		
rugrats.movie_tt0134067	tt0134067	Grandpa_Lou_Pickles	248.37	nm0016085	male	wiki	human		
rugrats.movie_tt0134067	tt0134067	Drew_Pickles	217.09	nm0068407	male	wiki	human		
rugrats.movie_tt0134067	tt0134067	Spike	178.22		male	fandom	animal	protagonist	minor
rugrats.movie_tt0134067	tt0134067	Rex_Pester	130.63	nm0000347	male	wiki	human		
rugrats.movie_tt0134067	tt0134067	Susie_Carmichael	122.08	nm0838588	female	wiki	human		
rugrats.movie_tt0134067	tt0134067	Grandpa_Boris_Kropotkin	108.4	nm0068407	male	wiki	human		
rugrats.movie_tt0134067	tt0134067	Charlotte_Pickles	98.64	nm0534134	female	wiki	human		
rugrats.movie_tt0134067	tt0134067	Minka_Kropotkin	94.68	nm0153589	female	wiki	human		
rugrats.movie_tt0134067	tt0134067	Reptar_Wagon	91.38	nm0005354	male	wiki	other		
rugrats.movie_tt0134067	tt0134067	Nurse	89.92	nm0566052	female	wiki	human		
rugrats.movie_tt0134067	tt0134067	Chaz_Finster	87.67	nm0068407	male	wiki	human		
rugrats.movie_tt0134067	tt0134067	Howard_DeVille	83.83	nm0698413	male	wiki	human		
rugrats.movie_tt0134067	tt0134067	Ranger_Margaret	78.2	nm0000155	female	wiki	human		
rugrats.movie_tt0134067	tt0134067	Ranger_Frank	76.87	nm0005450	male	wiki	human		
rugrats.movie_tt0134067	tt0134067	Lucy_Carmichael	75.2	nm0935589	female	wiki	human		
rugrats.movie_tt0134067	tt0134067	United_Express_Driver	70.2	nm0012121	male	wiki	human		
rugrats.movie_tt0134067	tt0134067	Aunt_Miriam	66.15	nm0551908	female	wiki	human		
rugrats.movie_tt0134067	tt0134067	Serge	61.94	nm0072344	male	wiki	human		
rugrats.movie_tt0134067	tt0134067	Igor	59.52	nm0698413	male	wiki	human		
rugrats.movie_tt0134067	tt0134067	Dr._Lipschitz	43.46	nm0419645	male	wiki	human		
rugrats.movie_tt0134067	tt0134067	Lt._Klavin	36.04	nm0158632	female	wiki	human		
sausage.party_tt1700841	tt1700841	Frank	696.99	nm0736622	male	wiki	other	protagonist	major
sausage.party_tt1700841	tt1700841	Brenda	695.99	nm1325419	female	wiki	other	protagonist	major
sausage.party_tt1700841	tt1700841	Carl	458.42	nm1706767	male	wiki	other		
sausage.party_tt1700841	tt1700841	Lavash	407.7	nm0472710	male	wiki	other	protagonist	minor
sausage.party_tt1700841	tt1700841	Sammy_Bagel_Jr.	366.53	nm0001570	male	wiki	other	protagonist	minor
sausage.party_tt1700841	tt1700841	Douche	238.57	nm1802209	male	wiki	other	antagonist	major
sausage.party_tt1700841	tt1700841	Barry	231.94	nm0148418	male	wiki	other	protagonist	major
sausage.party_tt1700841	tt1700841	Catcall_Sausage	221.6	nm0970447	male	wiki	other		
sausage.party_tt1700841	tt1700841	Empanada	196.2		unknown	none	other		
sausage.party_tt1700841	tt1700841	Firewater	142.23	nm0352778	male	wiki	other		
sausage.party_tt1700841	tt1700841	Darren	136.89	nm0748620	male	wiki	human	antagonist	minor
sausage.party_tt1700841	tt1700841	Druggie	125.21	nm0290556	male	wiki	human	antagonist	minor
sausage.party_tt1700841	tt1700841	Orange_triangle	120.58		unknown	none	other		
sausage.party_tt1700841	tt1700841	Beer_Can	112.65	nm0970447	male	wiki	other		
sausage.party_tt1700841	tt1700841	Chunk_Munchers_Cereal	109.94	nm0197405	male	wiki	other		
sausage.party_tt1700841	tt1700841	Twink	109.86	nm1025419	unknown	none	other		
sausage.party_tt1700841	tt1700841	Roberta_Bun	108.36	nm0792198	female	wiki	other		
sausage.party_tt1700841	tt1700841	Toilet_Paper	101.73	nm0970447	male	wiki	other		
sausage.party_tt1700841	tt1700841	Grits	92.8	nm0732497	male	wiki	other		
sausage.party_tt1700841	tt1700841	Ice_Cream	89.09	nm0646955	female	wiki	other		
sausage.party_tt1700841	tt1700841	Ticklish_Licorice	85.5	nm0003944	male	wiki	other		
sausage.party_tt1700841	tt1700841	Camille_Toh	85.04	nm1601643	female	wiki	human	antagonist	minor
sausage.party_tt1700841	tt1700841	Potato	84.79	nm0862911	male	wiki	other		
sausage.party_tt1700841	tt1700841	Loretta_Bun	84.58	nm0376860	female	wiki	other		
sausage.party_tt1700841	tt1700841	Mustard	76.91	nm1104131	unknown	none	other		
sausage.party_tt1700841	tt1700841	Italian_Tomato	76.08	nm0229889	male	wiki	other		
sausage.party_tt1700841	tt1700841	Teresa_Taco	74.82	nm0000161	female	wiki	other		
sausage.party_tt1700841	tt1700841	Troy	72.66	nm2981082	male	wiki	other		
sausage.party_tt1700841	tt1700841	Sauerkraut	67.4	nm0970447	male	wiki	other		
sausage.party_tt1700841	tt1700841	Sandwich	63.56	nm0451918	male	wiki	other		
sausage.party_tt1700841	tt1700841	El_Guaco	57.39	nm0352778	male	wiki	other		
sausage.party_tt1700841	tt1700841	Tequila	55.39	nm0352778	male	wiki	other	antagonist	minor
sausage.party_tt1700841	tt1700841	Sally_Bun	45.63	nm0646955	female	wiki	other		
sausage.party_tt1700841	tt1700841	Pop_Tart	44.75	nm0451918	male	wiki	other		
sausage.party_tt1700841	tt1700841	Green_Pepper	44.13		unknown	none	other		
sausage.party_tt1700841	tt1700841	Beer_Keg	43.79	nm1154301	male	wiki	other		
sausage.party_tt1700841	tt1700841	Cookies	39.54	nm0063944	female	wiki	other		
sausage.party_tt1700841	tt1700841	Baby_Carrot	37.91	nm0063944	female	wiki	other		
sausage.party_tt1700841	tt1700841	Popped_Cherry_Mixer	36.91	nm0376860	female	wiki	other		
sausage.party_tt1700841	tt1700841	Ketchup	29.32	nm0005558	male	wiki	other		
sausage.party_tt1700841	tt1700841	Mariachi_Salsa	29.32	nm0008533	male	wiki	other		
sausage.party_tt1700841	tt1700841	Jamaican_Rum	28.45	nm1925154	male	wiki	other		
sausage.party_tt1700841	tt1700841	Lettuce	28.24	nm0229889	male	wiki	other		
sausage.party_tt1700841	tt1700841	Queso	26.86	nm0229923	male	wiki	other		
sausage.party_tt1700841	tt1700841	Watermelon	25.32	nm0646955	female	wiki	other		
sausage.party_tt1700841	tt1700841	Beet	21.02	nm6386918	male	wiki	other		
sausage.party_tt1700841	tt1700841	Bag_of_Dog_Food	19.98	nm0003944	male	wiki	other		
sausage.party_tt1700841	tt1700841	Tampon	18.02	nm1601643	female	wiki	other		
sausage.party_tt1700841	tt1700841	Juice_Box	15.47	nm1925154	male	wiki	other		
sausage.party_tt1700841	tt1700841	Pop_Bottle	14.01	nm0970447	male	wiki	other		
sausage.party_tt1700841	tt1700841	Grape_#1	11.76	nm0970447	male	wiki	other		
sausage.party_tt1700841	tt1700841	Relish	11.14	nm0003944	male	wiki	other		
sausage.party_tt1700841	tt1700841	Drug_Dealer	11.09	nm0005558	male	wiki	human		
sausage.party_tt1700841	tt1700841	Fit_Man	9.68	nm1154301	male	wiki	human		
sausage.party_tt1700841	tt1700841	Plum_#2	7.42	nm1154301	male	wiki	other		
sausage.party_tt1700841	tt1700841	Sergeant_Pepper	5.71	nm0736622	male	wiki	other		
sausage.party_tt1700841	tt1700841	Old_Pork_Sausage	2.38	nm0451918	male	wiki	other		
sausage.party_tt1700841	tt1700841	Plum_#1	2.04	nm0376860	female	wiki	other		
secret.life.of._tt2709768	tt2709768	Max	1311.69	nm0127373	male	wiki	animal	protagonist	major
secret.life.of._tt2709768	tt2709768	Duke	787.7	nm0832314	male	wiki	animal	protagonist	major
secret.life.of._tt2709768	tt2709768	Gidget	503.21	nm2809577	female	wiki	animal	protagonist	major
secret.life.of._tt2709768	tt2709768	Snowball	449.74	nm0366389	male	wiki	animal	antagonist	major
secret.life.of._tt2709768	tt2709768	Chloe	423.26	nm1128572	female	wiki	animal	protagonist	minor
secret.life.of._tt2709768	tt2709768	Mel	389.43	nm1293885	male	wiki	animal	protagonist	minor
secret.life.of._tt2709768	tt2709768	Tiberius	309.23	nm0000983	male	wiki	animal	protagonist	minor
secret.life.of._tt2709768	tt2709768	Buddy	295.17	nm2868110	male	wiki	animal	protagonist	minor
secret.life.of._tt2709768	tt2709768	Ozone	248.79	nm0176869	male	wiki	animal	antagonist	minor
secret.life.of._tt2709768	tt2709768	Tattoo	235.49	nm0064170	male	wiki	animal		
secret.life.of._tt2709768	tt2709768	Katie	233.23	nm2608689	female	wiki	human		
secret.life.of._tt2709768	tt2709768	Norman	203.24	nm0719208	male	wiki	animal	protagonist	minor
secret.life.of._tt2709768	tt2709768	Pops	167.25	nm0001022	male	wiki	animal	protagonist	minor
secret.life.of._tt2709768	tt2709768	Sweetpea	161.74		male	fandom	animal	protagonist	minor
secret.life.of._tt2709768	tt2709768	Dragon	91.55		male	fandom	animal		
secret.life.of._tt2709768	tt2709768	Reginald	75.95	nm0176869	male	wiki	animal		
secret.life.of._tt2709768	tt2709768	Fernando	75.28	nm0131781	male	wiki	human		
secret.life.of._tt2709768	tt2709768	Leonard	74.95		male	fandom	animal		
secret.life.of._tt2709768	tt2709768	Derick	69.19		male	fandom	animal		
secret.life.of._tt2709768	tt2709768	Maria	38.37	nm1214700	female	wiki	human		
secret.life.of._tt5113040	tt5113040	Max	1194.23	nm0652663	male	wiki	animal	protagonist	major
secret.life.of._tt5113040	tt5113040	Snowball	599.93	nm0366389	male	wiki	animal	protagonist	major
secret.life.of._tt5113040	tt5113040	Gidget	459.96	nm2809577	female	wiki	animal	protagonist	major
secret.life.of._tt5113040	tt5113040	Duke	457.25	nm0832314	male	wiki	animal	protagonist	minor
secret.life.of._tt5113040	tt5113040	Daisy	431.18	nm1840504	female	wiki	animal	protagonist	major
secret.life.of._tt5113040	tt5113040	Chloe	372.66	nm1128572	female	wiki	animal	protagonist	minor
secret.life.of._tt5113040	tt5113040	Rooster	291.37	nm0000148	male	wiki	animal	protagonist	minor
secret.life.of._tt5113040	tt5113040	Hu	242.91		male	fandom	animal		
secret.life.of._tt5113040	tt5113040	Liam	229.98	nm9593900	male	fandom	human		
secret.life.of._tt5113040	tt5113040	Little_Sergei	161.2	nm1802209	male	wiki	animal		
secret.life.of._tt5113040	tt5113040	Katie	153.36	nm2608689	female	wiki	human		
secret.life.of._tt5113040	tt5113040	Sweetpea	146.19		male	fandom	animal		
secret.life.of._tt5113040	tt5113040	Pops	144.35	nm0001022	male	wiki	animal		
secret.life.of._tt5113040	tt5113040	Molly	137.6	nm8268851	female	fandom	human		
secret.life.of._tt5113040	tt5113040	Lead_Wolf	136.68	nm0064170	male	wiki	animal		
secret.life.of._tt5113040	tt5113040	Chuck	125.42	nm2803399	male	wiki	human		
secret.life.of._tt5113040	tt5113040	Princess	124.04		unknown	none	animal		
secret.life.of._tt5113040	tt5113040	Tiny	114.95		unknown	none	animal		
secret.life.of._tt5113040	tt5113040	Mel	114.45	nm1293885	male	wiki	animal		
secret.life.of._tt5113040	tt5113040	Pickles	107.73	nm0152839	female	wiki	animal		
secret.life.of._tt5113040	tt5113040	Sergei	105.65	nm1802209	male	wiki	human	antagonist	major
secret.life.of._tt5113040	tt5113040	Buddy	101.68	nm2868110	male	wiki	animal		
secret.life.of._tt5113040	tt5113040	Norman	75.66	nm0719208	male	wiki	animal	protagonist	minor
secret.life.of._tt5113040	tt5113040	Hamster	68.19	nm1134029	male	wiki	animal		
secret.life.of._tt5113040	tt5113040	Cotton	56.31	nm4677867	male	wiki	animal		
secret.life.of._tt5113040	tt5113040	The_Pig	51.51	nm15753580	unknown	none	animal		
secret.life.of._tt5113040	tt5113040	Cat_Lady	31.03	nm0001694	female	wiki	human		
shark.tale_tt0307453	tt0307453	Oscar	2104.6	nm0000226	male	wiki	animal	protagonist	major
shark.tale_tt0307453	tt0307453	Angie	659.74	nm0000250	female	wiki	animal	protagonist	major
shark.tale_tt0307453	tt0307453	Frankie	522.61	nm0408284	male	wiki	animal	antagonist	minor
shark.tale_tt0307453	tt0307453	Lenny	490.07	nm0085312	male	wiki	animal	protagonist	major
shark.tale_tt0307453	tt0307453	Sykes	434.56	nm0000217	male	wiki	animal		
shark.tale_tt0307453	tt0307453	Don_Lino	317.65	nm0000134	male	wiki	animal	antagonist	major
shark.tale_tt0307453	tt0307453	Lola	236.95	nm0001401	female	wiki	animal	antagonist	minor
shark.tale_tt0307453	tt0307453	Ernie	160.99	nm0005187	male	wiki	animal		
shark.tale_tt0307453	tt0307453	Bernie	142.85	nm0234791	male	wiki	animal		
shark.tale_tt0307453	tt0307453	Luca	127.92	nm0665114	male	wiki	animal		
shark.tale_tt0307453	tt0307453	Whale_Wash_Co-Worker	123.54	nm1195845	female	wiki	animal		
shark.tale_tt0307453	tt0307453	Shortie_#2	122	nm0962579	female	wiki	animal		
shark.tale_tt0307453	tt0307453	Whale_Wash_Co-Worker_#2	117.58		unknown	none	animal		
shark.tale_tt0307453	tt0307453	Shortie_#3	116.62	nm1728873	unknown	none	animal		
shark.tale_tt0307453	tt0307453	Katie_Current	107.23	nm0183698	female	wiki	animal		
shark.tale_tt0307453	tt0307453	Tip_Fish_#1	102.73	nm0084190	male	wiki	animal		
shark.tale_tt0307453	tt0307453	Don_Feinberg	97.89	nm0000393	male	wiki	animal		
shark.tale_tt0307453	tt0307453	Shrimp	81.71	nm1659741	male	wiki	animal		
shark.tale_tt0307453	tt0307453	Shortie_#1	74.74	nm1442928	male	wiki	animal		
shark.tale_tt0307453	tt0307453	Crazy_Joe	68.69	nm1019583	male	wiki	animal		
shark.tale_tt0307453	tt0307453	Headphone_Guy	67.69		unknown	none	animal		
shark.tale_tt0307453	tt0307453	Worm	47.96	nm1659741	male	wiki	animal		
shark.tale_tt0307453	tt0307453	Cashier	47.34	nm1121631	male	wiki	animal		
shark.tale_tt0307453	tt0307453	Christina	47.21		female	fandom	animal		
shark.tale_tt0307453	tt0307453	Missy	37.45		female	fandom	animal		
shark.tale_tt0307453	tt0307453	Mrs._Sanchez	36.83	nm0607314	female	wiki	animal		
shark.tale_tt0307453	tt0307453	Janice	34.41		unknown	none	animal		
shark.tale_tt0307453	tt0307453	Starfish	29.86		unknown	none	animal		
shark.tale_tt0307453	tt0307453	Clown_Whale	24.94	nm1121631	male	wiki	animal		
shark.tale_tt0307453	tt0307453	Prawn_Shop_Owner	23.48	nm0482851	male	wiki	animal		
shrek_tt0126029	tt0126029	Shrek	1493.24	nm0000196	male	wiki	other	protagonist	major
shrek_tt0126029	tt0126029	Donkey	1102.02	nm0000552	male	wiki	animal	protagonist	major
shrek_tt0126029	tt0126029	Princess_Fiona	867.41	nm0000139	female	wiki	human	protagonist	major
shrek_tt0126029	tt0126029	Lord_Farquaad	284.28	nm0001475	male	wiki	human	antagonist	major
shrek_tt0126029	tt0126029	Knight	244.45		unknown	none	human		
shrek_tt0126029	tt0126029	Monsieur_Hood	191.02	nm0001993	male	wiki	human		
shrek_tt0126029	tt0126029	Captain_of_the_Guards	137.85	nm0191906	male	wiki	human		
shrek_tt0126029	tt0126029	Dragon	126.13		female	fandom	other	antagonist	minor
shrek_tt0126029	tt0126029	Peter_Pan	101.98	nm2542558	male	fandom	human		
shrek_tt0126029	tt0126029	Pinocchio	88	nm0970606	male	wiki	human		
shrek_tt0126029	tt0126029	Pig_3	74.57	nm0970606	male	wiki	animal		
shrek_tt0126029	tt0126029	Pig_2	72.66	nm0970606	male	wiki	animal		
shrek_tt0126029	tt0126029	Cinderella	70.4		female	fandom	human		
shrek_tt0126029	tt0126029	Magic_Mirror	68.65	nm1844237	male	wiki	other		
shrek_tt0126029	tt0126029	Old_Woman	68.23	nm0293466	female	wiki	human		
shrek_tt0126029	tt0126029	Seventh_Dwarf	52.05		unknown	none	human		
shrek_tt0126029	tt0126029	The_Big_Bad_Wolf	51.22		unknown	none	animal		
shrek_tt0126029	tt0126029	Ogre_Hunters	47.88	nm0219536	male	wiki	human		
shrek_tt0126029	tt0126029	Snow_White	38.08		female	fandom	human		
shrek_tt0126029	tt0126029	Duloc_Mascot	37.66		unknown	none	human		
shrek_tt0126029	tt0126029	Thelonious	33.24	nm0971017	male	wiki	other		
shrek_tt0126029	tt0126029	Gingerbread_Man	32.53	nm0970447	male	wiki	other		
shrek_tt0126029	tt0126029	Bishop	26.86	nm0079353	male	wiki	human		
shrek_tt0126029	tt0126029	Geppetto	25.02	nm1844237	male	wiki	human		
shrek_tt0126029	tt0126029	Three_Blind_Mice	12.68	nm0971017	male	wiki	animal		
shrek.2_tt0298148	tt0298148	Shrek	962.17	nm0000196	male	wiki	other	protagonist	major
shrek.2_tt0298148	tt0298148	Princess_Fiona	607.32	nm0000139	female	wiki	other	protagonist	major
shrek.2_tt0298148	tt0298148	Donkey	587.17	nm0000552	male	wiki	animal	protagonist	major
shrek.2_tt0298148	tt0298148	King_Harold	443.78	nm0000092	male	wiki	human	antagonist	minor
shrek.2_tt0298148	tt0298148	Fairy_Godmother	436.85	nm0766837	female	wiki	human	antagonist	major
shrek.2_tt0298148	tt0298148	Shrek_(human)	396.4	nm0000196	male	wiki	human		
shrek.2_tt0298148	tt0298148	Puss_in_Boots	346.14	nm0000104	male	wiki	animal	protagonist	major
shrek.2_tt0298148	tt0298148	Queen_Lillian	219.43	nm0000267	female	wiki	human		
shrek.2_tt0298148	tt0298148	Prince_Charming	217.76	nm0000391	male	wiki	human	antagonist	major
shrek.2_tt0298148	tt0298148	Princess_Fiona_(human)	190.65	nm0000139	female	wiki	human		
shrek.2_tt0298148	tt0298148	Donkey_(horse)	185.27	nm0000552	male	wiki	animal		
shrek.2_tt0298148	tt0298148	Herald	72.61	nm1019583	male	wiki	human		
shrek.2_tt0298148	tt0298148	Mongo	69.28	nm0970447	male	wiki	other		
shrek.2_tt0298148	tt0298148	Pinocchio	69.15	nm0970606	male	wiki	human		
shrek.2_tt0298148	tt0298148	Doris	68.49	nm0005092	female	fandom	human		
shrek.2_tt0298148	tt0298148	Maiden_#1	64.69	nm1615826	female	wiki	human		
shrek.2_tt0298148	tt0298148	Cedric	58.22	nm0970447	male	wiki	human		
shrek.2_tt0298148	tt0298148	Jill	53.51	nm1195845	female	wiki	human		
shrek.2_tt0298148	tt0298148	Magic_Mirror	48.26	nm1844237	male	wiki	other		
shrek.2_tt0298148	tt0298148	Maiden_#2	43.42	nm1147044	unknown	none	human		
shrek.2_tt0298148	tt0298148	The_Big_Bad_Wolf	35.95	nm0912403	male	wiki	animal		
shrek.2_tt0298148	tt0298148	Page	33.2	nm0038432	male	wiki	human		
shrek.2_tt0298148	tt0298148	Pig_3	32.66	nm0970606	male	wiki	animal		
shrek.2_tt0298148	tt0298148	Captain_of_the_Guards	31.57	nm0011470	male	wiki	human		
shrek.2_tt0298148	tt0298148	Fast_Food_Clerk	30.74	nm1615749	female	wiki	human		
shrek.2_tt0298148	tt0298148	Pig_2	30.53	nm0970606	male	wiki	animal		
shrek.2_tt0298148	tt0298148	Jerome_the_Receptionist	27.53	nm0034398	male	wiki	human		
shrek.2_tt0298148	tt0298148	Dronkey	25.65		unknown	none	animal		
shrek.2_tt0298148	tt0298148	Bar_Frog	24.86	nm1614773	unknown	none	animal		
shrek.2_tt0298148	tt0298148	Humphries	24.57	nm1844237	male	wiki	human		
shrek.2_tt0298148	tt0298148	Gingerbread_Man	24.15	nm0970447	male	wiki	other		
shrek.2_tt0298148	tt0298148	Three_Blind_Mice	20.19	nm0971017	male	wiki	animal		
shrek.2_tt0298148	tt0298148	Dragon	20.1		female	fandom	other		
shrek.2_tt0298148	tt0298148	Joan_Rivers	13.64	nm0001672	female	wiki	human		
shrek.2_tt0298148	tt0298148	Cyclops	13.01		male	fandom	human		
shrek.2_tt0298148	tt0298148	Nobleman	12.39	nm0038432	male	wiki	human		
shrek.2_tt0298148	tt0298148	Pig_1	12.14	nm0970606	male	wiki	animal		
shrek.2_tt0298148	tt0298148	Nobleman's_Son	10.55	nm0038432	male	wiki	human		
shrek.2_tt0298148	tt0298148	Man_with_Box	5.8	nm1019583	male	wiki	human		
shrek.forever.a_tt0892791	tt0892791	Shrek	1744.95	nm0000196	male	wiki	other	protagonist	major
shrek.forever.a_tt0892791	tt0892791	Princess_Fiona	686.48	nm0000139	female	wiki	other	protagonist	major
shrek.forever.a_tt0892791	tt0892791	Rumplestiltskin	580.75	nm0230666	male	wiki	human	antagonist	major
shrek.forever.a_tt0892791	tt0892791	Donkey	421.67	nm0000552	male	wiki	animal	protagonist	minor
shrek.forever.a_tt0892791	tt0892791	Puss_in_Boots	229.94	nm0000104	male	wiki	animal	protagonist	minor
shrek.forever.a_tt0892791	tt0892791	Brogan	197.07	nm0358316	male	wiki	other		
shrek.forever.a_tt0892791	tt0892791	Queen_Lillian	122.66	nm0000267	female	wiki	human		
shrek.forever.a_tt0892791	tt0892791	Gretched	111.74	nm0528331	female	wiki	other		
shrek.forever.a_tt0892791	tt0892791	King_Harold	99.85	nm0000092	male	wiki	human		
shrek.forever.a_tt0892791	tt0892791	Fergus	97.68	nm2624549	unknown	none	other		
shrek.forever.a_tt0892791	tt0892791	Felicia	88	nm2857081	female	fandom	other		
shrek.forever.a_tt0892791	tt0892791	Cookie	87.8	nm0732497	male	wiki	other		
shrek.forever.a_tt0892791	tt0892791	Broomsy_Witch	79.16		unknown	none	human		
shrek.forever.a_tt0892791	tt0892791	Palace_Witch	78.83	nm1102891	female	wiki	human		
shrek.forever.a_tt0892791	tt0892791	Villager_Fan_#2	76.12	nm1121631	male	wiki	human		
shrek.forever.a_tt0892791	tt0892791	Ogre_Gnimrach	75.41	nm2326037	unknown	none	other		
shrek.forever.a_tt0892791	tt0892791	Father_of_Butter_Pants	70.57	nm0780435	male	wiki	human		
shrek.forever.a_tt0892791	tt0892791	Dragon	59.48		female	fandom	other	antagonist	minor
shrek.forever.a_tt0892791	tt0892791	Villager_Fan_#1	50.93	nm0391161	unknown	none	human		
shrek.forever.a_tt0892791	tt0892791	Camp_Ogre	49.26	nm0593610	male	wiki	other		
shrek.forever.a_tt0892791	tt0892791	Doris	48.84	nm0005092	female	fandom	human		
shrek.forever.a_tt0892791	tt0892791	Pig_3	47.76	nm0970606	male	wiki	animal		
shrek.forever.a_tt0892791	tt0892791	Pinocchio	46.5	nm0970606	male	wiki	human		
shrek.forever.a_tt0892791	tt0892791	Butter_Pants	45.75	nm0593610	male	wiki	human		
shrek.forever.a_tt0892791	tt0892791	Dronkies	44.42		unknown	none	animal		
shrek.forever.a_tt0892791	tt0892791	Villager_Kid	42.83	nm2857474	unknown	none	human		
shrek.forever.a_tt0892791	tt0892791	Pied_Piper	38.16		male	fandom	human	antagonist	minor
shrek.forever.a_tt0892791	tt0892791	Gingerbread_Man	37.95	nm0970447	male	wiki	other		
shrek.forever.a_tt0892791	tt0892791	Farkel	35.33	nm2624549	unknown	none	other		
shrek.forever.a_tt0892791	tt0892791	Wagon_Witch_2	31.95	nm1128572	female	wiki	human		
shrek.forever.a_tt0892791	tt0892791	Pumpkin_Witch	26.86	nm1102891	female	wiki	human		
shrek.forever.a_tt0892791	tt0892791	Pig_1	22.19	nm0970606	male	wiki	animal		
shrek.forever.a_tt0892791	tt0892791	Geppetto	21.94	nm1844237	male	wiki	human		
shrek.forever.a_tt0892791	tt0892791	Dancing_Witch	21.27	nm0004980	female	wiki	human		
shrek.forever.a_tt0892791	tt0892791	The_Big_Bad_Wolf	17.35	nm0912403	male	wiki	animal		
shrek.forever.a_tt0892791	tt0892791	Witch_Guard_#2	14.31	nm0593610	male	wiki	human		
shrek.forever.a_tt0892791	tt0892791	Pig_2	14.18	nm0970606	male	wiki	animal		
shrek.forever.a_tt0892791	tt0892791	Patrol_Witch	12.22	nm1128572	female	wiki	human		
shrek.forever.a_tt0892791	tt0892791	Three_Blind_Mice	12.18	nm0971017	male	wiki	animal		
shrek.forever.a_tt0892791	tt0892791	Magic_Mirror	10.09	nm1844237	male	wiki	other		
shrek.the.third_tt0413267	tt0413267	Shrek	1306.18	nm0000196	male	wiki	other	protagonist	major
shrek.the.third_tt0413267	tt0413267	Artie	668.63	nm0005493	male	wiki	human	protagonist	major
shrek.the.third_tt0413267	tt0413267	Donkey	588.05	nm0000552	male	wiki	animal	protagonist	major
shrek.the.third_tt0413267	tt0413267	Prince_Charming	535.41	nm0000391	male	wiki	human	antagonist	major
shrek.the.third_tt0413267	tt0413267	Princess_Fiona	497.87	nm0000139	female	wiki	other	protagonist	major
shrek.the.third_tt0413267	tt0413267	Puss_in_Boots	455.37	nm0000104	male	wiki	animal	protagonist	major
shrek.the.third_tt0413267	tt0413267	Snow_White	242.58	nm0688132	female	wiki	human		
shrek.the.third_tt0413267	tt0413267	Rapunzel	236.15	nm0748973	female	wiki	human	antagonist	minor
shrek.the.third_tt0413267	tt0413267	Cinderella	214.09	nm0781238	female	wiki	human		
shrek.the.third_tt0413267	tt0413267	Doris	167.96	nm0005092	female	fandom	human		
shrek.the.third_tt0413267	tt0413267	Queen_Lillian	166.92	nm0000267	female	wiki	human		
shrek.the.third_tt0413267	tt0413267	Cyclops	147.77	nm0885090	male	wiki	human		
shrek.the.third_tt0413267	tt0413267	Merlin	134.88	nm0001385	male	wiki	human		
shrek.the.third_tt0413267	tt0413267	Sleeping_Beauty	134.72	nm0652783	female	wiki	human		
shrek.the.third_tt0413267	tt0413267	Gary	127.34	nm0569891	male	wiki	human		
shrek.the.third_tt0413267	tt0413267	Hall_Monitor	123.79	nm0084190	male	wiki	human		
shrek.the.third_tt0413267	tt0413267	Pinocchio	120.08	nm0970606	male	wiki	human		
shrek.the.third_tt0413267	tt0413267	Felicia	112.99	nm2624554	female	fandom	other		
shrek.the.third_tt0413267	tt0413267	Fiddlesworth	110.94	nm0038432	male	wiki	human		
shrek.the.third_tt0413267	tt0413267	Captain_Hook	110.03	nm0574534	male	wiki	human	antagonist	minor
shrek.the.third_tt0413267	tt0413267	Rumplestiltskin	103.81	nm0970447	male	wiki	human		
shrek.the.third_tt0413267	tt0413267	King_Harold_(frog)	93.72	nm0000092	male	wiki	animal		
shrek.the.third_tt0413267	tt0413267	Evil_Queen	91.47	nm0086840	female	wiki	human		
shrek.the.third_tt0413267	tt0413267	Guard_#1	91.26	nm0437454	male	wiki	human		
shrek.the.third_tt0413267	tt0413267	Mother	90.51	nm1615749	female	wiki	human		
shrek.the.third_tt0413267	tt0413267	Mabel	82.92	nm0005310	female	fandom	human		
shrek.the.third_tt0413267	tt0413267	Pig_3	79.25	nm0970606	male	wiki	animal		
shrek.the.third_tt0413267	tt0413267	Evil_Dwarf	73.24	nm1019583	male	wiki	human		
shrek.the.third_tt0413267	tt0413267	Dragon	72.57		female	fandom	other		
shrek.the.third_tt0413267	tt0413267	Lancelot	71.74	nm1024677	male	wiki	human		
shrek.the.third_tt0413267	tt0413267	Fergus	71.45	nm2624554	unknown	none	other		
shrek.the.third_tt0413267	tt0413267	Evil_Tree_#2	67.57	nm0971017	male	wiki	other		
shrek.the.third_tt0413267	tt0413267	The_Big_Bad_Wolf	67.53	nm0912403	male	wiki	animal		
shrek.the.third_tt0413267	tt0413267	Pig_2	60.85	nm0970606	male	wiki	animal		
shrek.the.third_tt0413267	tt0413267	Raul	57.35	nm0034398	male	wiki	human		
shrek.the.third_tt0413267	tt0413267	Farkel	55.76	nm2624554	unknown	none	other		
shrek.the.third_tt0413267	tt0413267	Puppet_Master	53.76	nm1844237	male	wiki	human		
shrek.the.third_tt0413267	tt0413267	Principal_Pynchley	49.34	nm0230666	male	wiki	human		
shrek.the.third_tt0413267	tt0413267	Gingerbread_Man	44.09	nm0970447	male	wiki	other		
shrek.the.third_tt0413267	tt0413267	Pig_1	41.79	nm0970606	male	wiki	animal		
shrek.the.third_tt0413267	tt0413267	Waiter	36.16	nm1019583	male	wiki	human		
shrek.the.third_tt0413267	tt0413267	Guinevere	34.41	nm1195845	female	wiki	human		
shrek.the.third_tt0413267	tt0413267	Nanny_Dwarf	31.49	nm0230666	male	wiki	human		
shrek.the.third_tt0413267	tt0413267	Dronkies	29.57		unknown	none	animal		
shrek.the.third_tt0413267	tt0413267	Tiffany	22.27	nm1615749	female	wiki	human		
shrek.the.third_tt0413267	tt0413267	Cheerleaders	20.73	nm1615749	female	wiki	human		
shrek.the.third_tt0413267	tt0413267	Stage_Actress	20.6	nm0652783	female	wiki	human		
shrek.the.third_tt0413267	tt0413267	Xavier	19.56	nm0230666	male	wiki	human		
shrek.the.third_tt0413267	tt0413267	Evil_Knight	12.85	nm0230666	male	wiki	human		
shrek.the.third_tt0413267	tt0413267	Three_Blind_Mice	9.93	nm0971017	male	wiki	animal		
shrek.the.third_tt0413267	tt0413267	Mascot_Contestant	9.51	nm1844237	male	wiki	other		
shrek.the.third_tt0413267	tt0413267	Ship_Captain	5.46	nm0736622	male	wiki	human		
simpsons.movie_tt0462538	tt0462538	Homer_Simpson	1255.71	nm0144657	male	wiki	human	protagonist	major
simpsons.movie_tt0462538	tt0462538	Marge_Simpson	773.73	nm0001413	female	wiki	human	protagonist	major
simpsons.movie_tt0462538	tt0462538	Bart_Simpson	733.19	nm0004813	male	fandom	human	protagonist	major
simpsons.movie_tt0462538	tt0462538	Lisa_Simpson	496.79	nm0810379	female	wiki	human	protagonist	minor
simpsons.movie_tt0462538	tt0462538	Russ_Cargill	303.55	nm0000983	male	wiki	human	antagonist	major
simpsons.movie_tt0462538	tt0462538	Maggie_Simpson	247.79	nm0004813	female	wiki	human	protagonist	minor
simpsons.movie_tt0462538	tt0462538	Ned_Flanders	228.81	nm0733427	male	wiki	human		
simpsons.movie_tt0462538	tt0462538	Moe_Szyslak	175.76	nm0000279	male	wiki	human		
simpsons.movie_tt0462538	tt0462538	Abraham_Simpson	164.08	nm0144657	male	wiki	human		
simpsons.movie_tt0462538	tt0462538	TV_Dad	154.7	nm0742814	male	wiki	human		
simpsons.movie_tt0462538	tt0462538	Chief_Clancy_Wiggum	150.9	nm0000279	male	wiki	human		
simpsons.movie_tt0462538	tt0462538	Milhouse_Van_Houten	145.81	nm0370788	male	fandom	human		
simpsons.movie_tt0462538	tt0462538	Plopper	139.31	nm0534134	male	fandom	animal		
simpsons.movie_tt0462538	tt0462538	Carl_Carlson	131.63	nm0000279	male	wiki	human		
simpsons.movie_tt0462538	tt0462538	Lenny_Leonard	131.13	nm0733427	male	wiki	human		
simpsons.movie_tt0462538	tt0462538	Professor_Frink	130.76	nm0000279	male	wiki	human		
simpsons.movie_tt0462538	tt0462538	Colin	129.3	nm0534134	male	fandom	human		
simpsons.movie_tt0462538	tt0462538	Mayor_Diamond_Joe_Quimby	125.17	nm0144657	male	wiki	human		
simpsons.movie_tt0462538	tt0462538	Todd_Flanders	121.7	nm0004813	male	fandom	human		
simpsons.movie_tt0462538	tt0462538	Waylon_Smithers	115.11	nm0733427	male	wiki	human		
simpsons.movie_tt0462538	tt0462538	Mrs._Hibbert	109.69		unknown	none	human		
simpsons.movie_tt0462538	tt0462538	Reverend_Timothy_Lovejoy	106.19	nm0733427	male	wiki	human		
simpsons.movie_tt0462538	tt0462538	Helen_Lovejoy	105.19	nm0744648	female	wiki	human		
simpsons.movie_tt0462538	tt0462538	Apu_Nahasapeemapetilon	104.44	nm0000279	male	wiki	human		
simpsons.movie_tt0462538	tt0462538	Lou	101.14	nm0000279	male	wiki	human		
simpsons.movie_tt0462538	tt0462538	Comic_Book_Guy_/_Jeff_Albertson	100.85	nm0000279	male	wiki	human		
simpsons.movie_tt0462538	tt0462538	Nelson_Muntz	100.6	nm0004813	male	fandom	human		
simpsons.movie_tt0462538	tt0462538	Cletus_Spuckler	97.56	nm0000279	male	wiki	human		
simpsons.movie_tt0462538	tt0462538	Barney_Gumble	93.68	nm0144657	male	wiki	human		
simpsons.movie_tt0462538	tt0462538	Kent_Brockman	93.68	nm0733427	male	wiki	human		
simpsons.movie_tt0462538	tt0462538	Edna_Krabappel	92.88	nm0908761	female	wiki	human		
simpsons.movie_tt0462538	tt0462538	Rod_Flanders	87.63	nm0370788	male	fandom	human		
simpsons.movie_tt0462538	tt0462538	Carnival_Barker	87.46	nm0000279	male	wiki	human		
simpsons.movie_tt0462538	tt0462538	Sideshow_Mel	87.05	nm0144657	male	wiki	human		
simpsons.movie_tt0462538	tt0462538	Krusty_the_Clown	85	nm0144657	male	wiki	human		
simpsons.movie_tt0462538	tt0462538	Groundskeeper_Willie	84.54	nm0144657	male	wiki	human		
simpsons.movie_tt0462538	tt0462538	EPA_Official	84.29	nm0144657	male	wiki	human		
simpsons.movie_tt0462538	tt0462538	Dr._Julius_Hibbert	78.66	nm0733427	male	wiki	human		
simpsons.movie_tt0462538	tt0462538	Agnes_Skinner	77.12	nm0534134	female	wiki	human		
simpsons.movie_tt0462538	tt0462538	Medicine_Woman	75.53	nm0534134	female	wiki	human		
simpsons.movie_tt0462538	tt0462538	President_Arnold_Schwarzenegger	72.32	nm0733427	male	wiki	human	antagonist	minor
simpsons.movie_tt0462538	tt0462538	Charles_Montgomery_Burns	69.53	nm0733427	male	wiki	human		
simpsons.movie_tt0462538	tt0462538	Dr._Nick_Riviera	68.69	nm0000279	male	wiki	human		
simpsons.movie_tt0462538	tt0462538	Bumblebee_Man	67.36	nm0000279	male	wiki	human		
simpsons.movie_tt0462538	tt0462538	Tom_Hanks	64.98	nm0000158	male	wiki	human		
simpsons.movie_tt0462538	tt0462538	Sea_Captain_McCallister	64.81	nm0000279	male	wiki	human		
simpsons.movie_tt0462538	tt0462538	Guard	62.69	nm0733427	male	wiki	human		
simpsons.movie_tt0462538	tt0462538	Lindsey_Naegle	62.65	nm0534134	female	wiki	human		
simpsons.movie_tt0462538	tt0462538	TV_Daughter	61.77	nm0004813	female	wiki	human		
simpsons.movie_tt0462538	tt0462538	Tre_Cool_(Greenday)	59.48	nm0177566	male	wiki	human		
simpsons.movie_tt0462538	tt0462538	Martin_Prince	56.31	nm0853122	male	fandom	human		
simpsons.movie_tt0462538	tt0462538	Principal_Seymour_Skinner	56.14	nm0733427	male	wiki	human		
simpsons.movie_tt0462538	tt0462538	Patty_Bouvier	48.84	nm0001413	female	wiki	human		
simpsons.movie_tt0462538	tt0462538	Hans_Moleman	48.21	nm0144657	male	wiki	human		
simpsons.movie_tt0462538	tt0462538	Ralph_Wiggum	47.59	nm0004813	male	fandom	human		
simpsons.movie_tt0462538	tt0462538	Scratchy	46.96	nm0733427	male	wiki	animal		
simpsons.movie_tt0462538	tt0462538	Otto_Mann	44.59	nm0733427	male	wiki	human		
simpsons.movie_tt0462538	tt0462538	Mike_Dirnt_(Greenday)	44.54	nm0228238	male	wiki	human		
simpsons.movie_tt0462538	tt0462538	Billie_Joe_Armstrong_(Greenday)	43.96	nm0035626	male	wiki	human		
simpsons.movie_tt0462538	tt0462538	Selma_Bouvier	43.13	nm0001413	female	wiki	human		
simpsons.movie_tt0462538	tt0462538	Cookie_Kwan	42.29	nm0534134	female	wiki	human		
simpsons.movie_tt0462538	tt0462538	Counter_Man	40.87	nm0000279	male	wiki	human		
simpsons.movie_tt0462538	tt0462538	Squeaky_Voiced_Teen_/_Jeremy_Freedman	39.87	nm0144657	male	wiki	human		
simpsons.movie_tt0462538	tt0462538	Toll_Booth_Man	38.12	nm0733427	male	wiki	human		
simpsons.movie_tt0462538	tt0462538	Mrs._Muntz	37.7	nm0534134	female	wiki	human		
simpsons.movie_tt0462538	tt0462538	Itchy	36.66	nm0144657	male	wiki	animal		
simpsons.movie_tt0462538	tt0462538	Jimbo_Jones	36.45	nm0370788	male	fandom	human		
simpsons.movie_tt0462538	tt0462538	Mr._Teeny	36.08	nm0144657	male	wiki	human		
simpsons.movie_tt0462538	tt0462538	TV_Son	35.41	nm0534134	female	wiki	human		
simpsons.movie_tt0462538	tt0462538	Mayor's_Aide	34.28	nm0144657	male	wiki	human		
simpsons.movie_tt0462538	tt0462538	Bear	33.66	nm0144657	male	wiki	animal		
simpsons.movie_tt0462538	tt0462538	Female_EPA_Worker	33.45	nm0534134	female	wiki	human		
simpsons.movie_tt0462538	tt0462538	NSA_Worker	32.95	nm0144657	male	wiki	human		
simpsons.movie_tt0462538	tt0462538	Multi-Eyed_Squirrel	32.32	nm0144657	male	wiki	other		
simpsons.movie_tt0462538	tt0462538	Panicky_Man	27.61	nm0144657	male	wiki	human		
simpsons.movie_tt0462538	tt0462538	Santa's_Little_Helper	25.44	nm0144657	male	wiki	animal		
simpsons.movie_tt0462538	tt0462538	Crazy_Cat_Lady_/_Eleanor_Abernathy	21.65	nm0534134	female	wiki	human		
simpsons.movie_tt0462538	tt0462538	Drederick_Tatum	21.31	nm0000279	male	wiki	human		
simpsons.movie_tt0462538	tt0462538	Male_EPA_Worker	10.93	nm0000279	male	wiki	human		
simpsons.movie_tt0462538	tt0462538	EPA_Passenger	10.22	nm0000279	male	wiki	human		
simpsons.movie_tt0462538	tt0462538	EPA_Driver	9.26	nm0927293	male	wiki	human		
sing_tt3470600	tt3470600	Buster_Moon	1473.93	nm0000190	male	wiki	animal	protagonist	major
sing_tt3470600	tt3470600	Rosita	715.38	nm0000702	female	wiki	animal	protagonist	major
sing_tt3470600	tt3470600	Ash	523.27	nm0424060	female	wiki	animal	protagonist	major
sing_tt3470600	tt3470600	Miss_Crawly	429.76	nm1134029	male	wiki	animal		
sing_tt3470600	tt3470600	Mike	412.62	nm0532235	male	wiki	animal	protagonist	major
sing_tt3470600	tt3470600	Johnny	405.28	nm5473782	male	wiki	animal	protagonist	major
sing_tt3470600	tt3470600	Gunter	373.25	nm1802209	male	wiki	animal	protagonist	major
sing_tt3470600	tt3470600	Meena	347.97	nm1812991	female	wiki	animal	protagonist	major
sing_tt3470600	tt3470600	Big_Daddy	282.2	nm0784818	male	wiki	animal	antagonist	minor
sing_tt3470600	tt3470600	Jeff	266.68		unknown	none	animal		
sing_tt3470600	tt3470600	Meena's_mother	214.17	nm0428656	female	wiki	animal		
sing_tt3470600	tt3470600	Norman	205.96	nm0644406	male	wiki	animal		
sing_tt3470600	tt3470600	Eddie	166.71	nm0000604	male	wiki	animal		
sing_tt3470600	tt3470600	Nana_Noodleman	152.74	nm0766837	female	wiki	animal		
sing_tt3470600	tt3470600	Lance	125.83	nm3080722	male	wiki	animal	antagonist	minor
sing_tt3470600	tt3470600	Bears	125.75		male	fandom	animal	antagonist	minor
sing_tt3470600	tt3470600	Bob	124.79		male	fandom	animal		
sing_tt3470600	tt3470600	Hippo	114.78		male	fandom	animal		
sing_tt3470600	tt3470600	Pete	102.31		male	fandom	animal		
sing_tt3470600	tt3470600	Nancy	101.48		female	fandom	animal		
sing_tt3470600	tt3470600	Bull	93.89		male	fandom	animal		
sing_tt3470600	tt3470600	Judith	88.84	nm0674231	female	wiki	animal	antagonist	minor
sing_tt3470600	tt3470600	The_Q-Teez	86.29		unknown	none	animal		
sing_tt3470600	tt3470600	Richard	83.29		male	fandom	animal		
sing_tt3470600	tt3470600	Llama	64.36		female	fandom	animal		
sing_tt3470600	tt3470600	Kip_Casey	64.11		male	fandom	animal		
sing_tt3470600	tt3470600	Meena's_grandfather	60.27	nm3982894	male	wiki	animal		
sing_tt3470600	tt3470600	Baboon	57.39	nm3039519	male	wiki	animal		
sing_tt3470600	tt3470600	Shrimp	56.22		unknown	none	animal		
sing_tt3470600	tt3470600	Cat	49.01		male	fandom	animal		
sing_tt3470600	tt3470600	Buster_Moon's_father	46.5		male	fandom	animal		
sing_tt3470600	tt3470600	Derek	44.04		unknown	none	animal		
sing_tt3470600	tt3470600	Turtles	35.29		unknown	none	animal		
sing_tt3470600	tt3470600	Ray	32.49		male	fandom	animal		
sing_tt3470600	tt3470600	Minions	27.9		unknown	none	other		
sing_tt3470600	tt3470600	Puffins	16.56		unknown	none	animal		
sing_tt3470600	tt3470600	Harry	9.26		male	fandom	animal		
sing.2_tt6467266	tt6467266	Buster_Moon	1406.95	nm0000190	male	wiki	animal	protagonist	major
sing.2_tt6467266	tt6467266	Ash	738.24	nm0424060	female	wiki	animal	protagonist	major
sing.2_tt6467266	tt6467266	Rosita	642.68	nm0000702	female	wiki	animal	protagonist	major
sing.2_tt6467266	tt6467266	Johnny	521.9	nm5473782	male	wiki	animal	protagonist	major
sing.2_tt6467266	tt6467266	Meena	469.39	nm1812991	female	wiki	animal	protagonist	major
sing.2_tt6467266	tt6467266	Gunter	423.17	nm1802209	male	wiki	animal	protagonist	major
sing.2_tt6467266	tt6467266	Clay_Calloway	332.92	nm0095104	male	wiki	animal	protagonist	major
sing.2_tt6467266	tt6467266	Miss_Crawly	323.99	nm1134029	female	fandom	animal	protagonist	minor
sing.2_tt6467266	tt6467266	Nooshy	307.56	nm4004793	female	wiki	animal	protagonist	minor
sing.2_tt6467266	tt6467266	Porsha_Crystal	257.09	nm7214498	female	wiki	animal	protagonist	minor
sing.2_tt6467266	tt6467266	Suki_Lane	257.05	nm2003229	female	wiki	animal		
sing.2_tt6467266	tt6467266	Jerry	236.7	nm0005069	male	wiki	animal		
sing.2_tt6467266	tt6467266	Jimmy_Crystal	232.48	nm0134072	male	wiki	animal	antagonist	major
sing.2_tt6467266	tt6467266	Klaus_Kickenklober	198.66	nm0125511	male	wiki	animal	antagonist	minor
sing.2_tt6467266	tt6467266	Norman	192.03	nm0644406	male	wiki	animal		
sing.2_tt6467266	tt6467266	Harry	190.36		male	fandom	animal		
sing.2_tt6467266	tt6467266	Big_Daddy	169.13	nm0784818	male	wiki	animal		
sing.2_tt6467266	tt6467266	Darius	155.95	nm2765191	male	wiki	animal		
sing.2_tt6467266	tt6467266	Nana_Noodleman	142.39	nm0766837	female	wiki	animal		
sing.2_tt6467266	tt6467266	Night_Cleaners	133.43		unknown	none	animal		
sing.2_tt6467266	tt6467266	Sammy	102.31		unknown	none	animal		
sing.2_tt6467266	tt6467266	Karen	100.93		unknown	none	animal		
sing.2_tt6467266	tt6467266	Alfonso	99.56	nm1214289	male	wiki	animal		
sing.2_tt6467266	tt6467266	Ruby	95.93		unknown	none	animal		
sing.2_tt6467266	tt6467266	Hippo_	88.05		unknown	none	animal		
sing.2_tt6467266	tt6467266	Jimmy's_bodyguard	52.3		male	fandom	animal		
sing.2_tt6467266	tt6467266	Gorilla_robbers	51.3		unknown	none	animal		
sing.2_tt6467266	tt6467266	Sasha	47.01		unknown	none	animal		
sing.2_tt6467266	tt6467266	Ryan	41.96		male	fandom	animal		
sing.2_tt6467266	tt6467266	Ducklings	19.44		unknown	none	animal		
sing.2_tt6467266	tt6467266	Horse	13.22		unknown	none	animal		
sleeping.beauty_tt0053285	tt0053285	Merryweather	689.77	nm0524853	female	wiki	human	protagonist	major
sleeping.beauty_tt0053285	tt0053285	Flora	590.59	nm0271658	female	wiki	human	protagonist	major
sleeping.beauty_tt0053285	tt0053285	Fauna	565.86	nm0020289	female	wiki	human	protagonist	major
sleeping.beauty_tt0053285	tt0053285	Aurora	363.53	nm0182250	female	wiki	human	protagonist	major
sleeping.beauty_tt0053285	tt0053285	King_Hubert	357.82	nm0859892	male	wiki	human	protagonist	minor
sleeping.beauty_tt0053285	tt0053285	Prince_Phillip	265.85	nm0794301	male	wiki	human	protagonist	major
sleeping.beauty_tt0053285	tt0053285	Maleficent	265.85	nm0041598	female	wiki	human	antagonist	major
sleeping.beauty_tt0053285	tt0053285	King_Stefan	240.87	nm0392067	male	wiki	human	protagonist	minor
sleeping.beauty_tt0053285	tt0053285	Queen_Leah	147.77		female	fandom	human	protagonist	minor
sleeping.beauty_tt0053285	tt0053285	Minstrel	134.09		male	fandom	human		
sleeping.beauty_tt0053285	tt0053285	Chipmunk	119.66		unknown	none	animal		
sleeping.beauty_tt0053285	tt0053285	Crow	116.62		unknown	none	animal		
sleeping.beauty_tt0053285	tt0053285	Owl	111.57	nm0268428	male	wiki	animal		
sleeping.beauty_tt0053285	tt0053285	Samson	77.49		unknown	none	animal		
sleeping.beauty_tt0053285	tt0053285	Pig_Goon	70.45		unknown	none	animal		
sleeping.beauty_tt0053285	tt0053285	Bunny	57.72		unknown	none	animal		
sleeping.beauty_tt0053285	tt0053285	Bluebird	41.33	nm0700416	male	wiki	animal		
sleeping.beauty_tt0053285	tt0053285	Red_Owl	27.44	nm0268428	male	wiki	animal		
sleeping.beauty_tt0053285	tt0053285	Maleficent's_Goons	24.11	nm0133752	male	wiki	other	antagonist	minor
smallfoot_tt6182908	tt6182908	Migo	1502.88	nm1475594	male	wiki	other	protagonist	major
smallfoot_tt6182908	tt6182908	Meechee	681.26	nm3918035	female	wiki	other	protagonist	major
smallfoot_tt6182908	tt6182908	Percy	659.78	nm0179479	male	wiki	human	protagonist	major
smallfoot_tt6182908	tt6182908	Kolka	440.36	nm1752221	female	wiki	other	protagonist	minor
smallfoot_tt6182908	tt6182908	Gwangi	413.75	nm1429908	male	wiki	other	protagonist	minor
smallfoot_tt6182908	tt6182908	Thorp	292.71	nm5555161	male	wiki	other		
smallfoot_tt6182908	tt6182908	Dorgle	285.74	nm0000362	male	wiki	other		
smallfoot_tt6182908	tt6182908	Garry	262.22	nm1551598	male	wiki	other		
smallfoot_tt6182908	tt6182908	Fleem	186.14	nm1596025	male	wiki	other	protagonist	minor
smallfoot_tt6182908	tt6182908	Brenda	145.65	nm2780578	female	wiki	human	protagonist	minor
smallfoot_tt6182908	tt6182908	Soozie's_Mom	105.02	nm1807222	female	wiki	other		
smallfoot_tt6182908	tt6182908	Pilot	43.33	nm4425051	male	wiki	human		
smallfoot_tt6182908	tt6182908	Mama_Bear	19.44	nm0005004	female	wiki	animal		
smurfs_tt0472181	tt0472181	Papa_Smurf	684.93	nm0005565	male	wiki	other	protagonist	major
smurfs_tt0472181	tt0472181	Smurfette	435.52	nm2953537	female	wiki	other	protagonist	major
smurfs_tt0472181	tt0472181	Clumsy_Smurf	397.23	nm0947338	male	wiki	other	protagonist	major
smurfs_tt0472181	tt0472181	Brainy_Smurf	393.81	nm0035488	male	wiki	other	protagonist	major
smurfs_tt0472181	tt0472181	Gutsy_Smurf	364.16	nm0001086	male	wiki	other	protagonist	major
smurfs_tt0472181	tt0472181	Grouchy_Smurf	332.42	nm0520064	male	wiki	other	protagonist	major
smurfs_tt0472181	tt0472181	Greedy_Smurf	175.01	nm0860380	male	wiki	other		
smurfs_tt0472181	tt0472181	Azrael	155.03	nm0919798	male	wiki	animal	antagonist	minor
smurfs_tt0472181	tt0472181	Chef_Smurf	147.69	nm0699826	male	wiki	other		
smurfs_tt0472181	tt0472181	Hefty_Smurf	119.16	nm0059630	male	wiki	other		
smurfs_tt0472181	tt0472181	Painter_Smurf	106.23		male	fandom	other		
smurfs_tt0472181	tt0472181	Narrator_Smurf	59.43	nm0437454	male	wiki	other		
smurfs_tt0472181	tt0472181	Vanity_Smurf	56.06	nm1056659	male	wiki	other		
smurfs_tt0472181	tt0472181	Farmer_Smurf	45.09	nm0566906	male	wiki	other		
smurfs_tt0472181	tt0472181	Handy_Smurf	43.33	nm0289344	male	wiki	other		
smurfs_tt0472181	tt0472181	Elway	16.81	nm4541150	unknown	none	animal	protagonist	minor
smurfs.2_tt2017020	tt2017020	Vexy	824.78	nm0000207	female	wiki	human	antagonist	minor
smurfs.2_tt2017020	tt2017020	Smurfette	793.75	nm2953537	female	wiki	other	protagonist	major
smurfs.2_tt2017020	tt2017020	Papa_Smurf	557.14	nm0005565	male	wiki	other	protagonist	major
smurfs.2_tt2017020	tt2017020	Vanity_Smurf	475.85	nm1056659	male	wiki	other	protagonist	minor
smurfs.2_tt2017020	tt2017020	Hackus	457.37	nm1356578	male	wiki	other	antagonist	minor
smurfs.2_tt2017020	tt2017020	Passive_Agressive_Smurf	449.41		unknown	none	other		
smurfs.2_tt2017020	tt2017020	Grouchy_Smurf	444.19	nm0520064	male	wiki	other	protagonist	minor
smurfs.2_tt2017020	tt2017020	Clumsy_Smurf	318.82	nm0947338	male	wiki	other	protagonist	minor
smurfs.2_tt2017020	tt2017020	Azrael	203.75	nm0919798	male	wiki	animal	antagonist	minor
smurfs.2_tt2017020	tt2017020	Farmer_Smurf	110.07	nm0566906	male	wiki	other		
smurfs.2_tt2017020	tt2017020	Handy_Smurf	109.03	nm0289344	male	wiki	other		
smurfs.2_tt2017020	tt2017020	Brainy_Smurf	76.7	nm0035488	male	wiki	other		
smurfs.2_tt2017020	tt2017020	Gutsy_Smurf	69.19	nm0001086	male	wiki	other		
smurfs.2_tt2017020	tt2017020	Narrator_Smurf	43.96	nm0437454	male	wiki	other		
smurfs.2_tt2017020	tt2017020	Smooth_Smurf	23.48	nm0641944	male	wiki	other		
snow.white.and._tt0029583	tt0029583	Snow_White	950.49	nm0143314	female	wiki	human	protagonist	major
snow.white.and._tt0029583	tt0029583	Doc	702.83	nm0041165	male	wiki	human	protagonist	major
snow.white.and._tt0029583	tt0029583	Dopey	701.12	nm0172287	male	wiki	human	protagonist	major
snow.white.and._tt0029583	tt0029583	Sleepy	633.8	nm0173416	male	wiki	human	protagonist	major
snow.white.and._tt0029583	tt0029583	Sneezy	585.75	nm0317970	male	wiki	human	protagonist	major
snow.white.and._tt0029583	tt0029583	Grumpy	565.44	nm0173416	male	wiki	human	protagonist	major
snow.white.and._tt0029583	tt0029583	Happy	510.38	nm0363227	male	wiki	human	protagonist	major
snow.white.and._tt0029583	tt0029583	Chipmunks	446.4		unknown	none	animal		
snow.white.and._tt0029583	tt0029583	Deer	351.6		unknown	none	animal		
snow.white.and._tt0029583	tt0029583	Evil_Queen_(Disguised)	332.25	nm0479164	female	wiki	human	antagonist	major
snow.white.and._tt0029583	tt0029583	Bashful	297.26	nm0560448	male	wiki	human	protagonist	major
snow.white.and._tt0029583	tt0029583	Rabbit	287.45		unknown	none	animal		
snow.white.and._tt0029583	tt0029583	Gray_squirrel	242.37		unknown	none	animal		
snow.white.and._tt0029583	tt0029583	Blue_birds	196.2		unknown	none	animal		
snow.white.and._tt0029583	tt0029583	Evil_Queen_(Normal)	161.7	nm0479164	female	wiki	human	antagonist	major
snow.white.and._tt0029583	tt0029583	Brown_Birds	115.37	nm0201428;nm0700416	unknown	none	animal		
snow.white.and._tt0029583	tt0029583	Raccoon	98.31		unknown	none	animal		
snow.white.and._tt0029583	tt0029583	The_Prince	86.13	nm0830968	male	wiki	human	protagonist	minor
snow.white.and._tt0029583	tt0029583	Turtle	55.68		unknown	none	animal		
snow.white.and._tt0029583	tt0029583	Vultures	55.51	nm15742917	female	fandom	animal		
snow.white.and._tt0029583	tt0029583	Huntsman	29.99	nm0118081	male	wiki	human	antagonist	minor
south.park.bigg_tt0158983	tt0158983	Kyle_Broflovski	1167.46	nm0001778	male	wiki	human	protagonist	major
south.park.bigg_tt0158983	tt0158983	Stan_Marsh	1166.25	nm0005295	male	wiki	human	protagonist	major
south.park.bigg_tt0158983	tt0158983	Eric_Cartman	1063.06	nm0005295	male	wiki	human	protagonist	major
south.park.bigg_tt0158983	tt0158983	Sheila_Broflovski	519.31	nm0074834	female	wiki	human	antagonist	major
south.park.bigg_tt0158983	tt0158983	Mole	459.88	nm0005295	male	wiki	human	protagonist	minor
south.park.bigg_tt0158983	tt0158983	Gregory	458.87	nm0005295	male	wiki	human		
south.park.bigg_tt0158983	tt0158983	Liane_Cartman	430.47	nm0074834	female	wiki	human		
south.park.bigg_tt0158983	tt0158983	Wendy_Testaburger	412.95	nm0074834	female	wiki	human		
south.park.bigg_tt0158983	tt0158983	Tom_the_News_Reporter	379.25	nm0005295	male	wiki	human		
south.park.bigg_tt0158983	tt0158983	Satan	376.83	nm0005295	male	wiki	other	antagonist	minor
south.park.bigg_tt0158983	tt0158983	Jimbo_Kearn	372.79	nm0001778	male	wiki	human		
south.park.bigg_tt0158983	tt0158983	Randy_Marsh	331.29	nm0005295	male	wiki	human		
south.park.bigg_tt0158983	tt0158983	Woman_In_Theatre	318.61	nm0010426	female	wiki	human		
south.park.bigg_tt0158983	tt0158983	Phillip_Niles_Argyle	289.75	nm0005295	male	wiki	human		
south.park.bigg_tt0158983	tt0158983	Terrance_Henry_Stoot	280.45	nm0001778	male	wiki	human		
south.park.bigg_tt0158983	tt0158983	Winona_Ryder	267.6	nm0910383	female	wiki	human		
south.park.bigg_tt0158983	tt0158983	Sharon_Marsh	242.58	nm0074834	female	wiki	human		
south.park.bigg_tt0158983	tt0158983	Ned_Gerblanski	237.9	nm0005295	male	wiki	human		
south.park.bigg_tt0158983	tt0158983	Gerald_Broflovski	232.11	nm0001778	male	wiki	human		
south.park.bigg_tt0158983	tt0158983	Leopold_Butters_Stotch	231.86	nm0001778	male	wiki	human		
south.park.bigg_tt0158983	tt0158983	Conan_O'Brien	217.26	nm0000653	male	wiki	human		
south.park.bigg_tt0158983	tt0158983	Jerome_'Chef'_McElroy	215.17	nm0005002	male	wiki	human		
south.park.bigg_tt0158983	tt0158983	Ticket_Taker	211.5	nm0001778	male	wiki	human		
south.park.bigg_tt0158983	tt0158983	Clyde_Donovan	211.46	nm0005295	male	wiki	human		
south.park.bigg_tt0158983	tt0158983	Kenny_McCormick	203.04	nm0001778	male	wiki	human	protagonist	major
south.park.bigg_tt0158983	tt0158983	Man_In_Theatre	201.2	nm0397938	unknown	none	human		
south.park.bigg_tt0158983	tt0158983	Bebe_Stevens	199.03	nm0397990	female	wiki	human		
south.park.bigg_tt0158983	tt0158983	Army_General	194.07	nm0005295	male	wiki	human		
south.park.bigg_tt0158983	tt0158983	Carol_McCormick	181.43	nm0074834	female	wiki	human		
south.park.bigg_tt0158983	tt0158983	Mr._Mackey	173.46	nm0005295	male	wiki	human		
south.park.bigg_tt0158983	tt0158983	Herbert_Garrison	169.92	nm0005295	male	wiki	human		
south.park.bigg_tt0158983	tt0158983	Red	164.08	nm0074834	female	wiki	human		
south.park.bigg_tt0158983	tt0158983	Big_Gay_Al	159.99	nm0005295	male	wiki	human		
south.park.bigg_tt0158983	tt0158983	American_Diplomat	134.43		unknown	none	human		
south.park.bigg_tt0158983	tt0158983	Ike_Broflovski	134.05	nm0397991	male	fandom	human		
south.park.bigg_tt0158983	tt0158983	Mole's_Mom	126.25		unknown	none	human		
south.park.bigg_tt0158983	tt0158983	Dr._Gouache	91.8	nm0000123	male	wiki	human		
south.park.bigg_tt0158983	tt0158983	Bill_Clinton	89.96	nm0005295	male	wiki	human		
south.park.bigg_tt0158983	tt0158983	Canadian_Ambassador	58.18	nm0005295	male	wiki	human		
south.park.bigg_tt0158983	tt0158983	Shelly_Marsh	54.35	nm0074834	female	wiki	human		
south.park.bigg_tt0158983	tt0158983	Brooke_Shields	51.34	nm0000378	female	wiki	human		
south.park.bigg_tt0158983	tt0158983	Dr._Vosnocker	43.54	nm0001385	male	wiki	human		
south.park.bigg_tt0158983	tt0158983	Brian_Dennehy	35.7	nm0005295	male	wiki	human		
south.park.bigg_tt0158983	tt0158983	Tom	30.53	nm0005295	male	wiki	human		
south.park.bigg_tt0158983	tt0158983	Bill_Gates	24.77	nm0001778	male	wiki	human		
space.jam_tt0117705	tt0117705	Monstar_Pound	572.57	nm0840260	male	wiki	other		
space.jam_tt0117705	tt0117705	Bugs_Bunny	469.84	nm0921942	male	wiki	animal	protagonist	major
space.jam_tt0117705	tt0117705	Lola_Bunny	302.97	nm0815718	female	wiki	animal	protagonist	minor
space.jam_tt0117705	tt0117705	Porky_Pig	292.75	nm0074036	male	wiki	animal		
space.jam_tt0117705	tt0117705	Daffy_Duck	292.33	nm0048389	male	wiki	animal	protagonist	minor
space.jam_tt0117705	tt0117705	Tasmanian_Devil	239.53	nm0048389	male	wiki	other		
space.jam_tt0117705	tt0117705	Granny	196.74	nm0004931	female	wiki	human		
space.jam_tt0117705	tt0117705	Nerdluck_Pound	196.03	nm0089508	male	fandom	other		
space.jam_tt0117705	tt0117705	Elmer_Fudd	176.38	nm0921942	male	wiki	human		
space.jam_tt0117705	tt0117705	Nerdluck_Nawt	157.41	nm0906531	male	fandom	other		
space.jam_tt0117705	tt0117705	Mr._Swackhammer	155.74	nm0000362	male	wiki	other	antagonist	major
space.jam_tt0117705	tt0117705	Pepe_Le_Pew	155.07	nm0005606	male	wiki	animal		
space.jam_tt0117705	tt0117705	Monstar_Bang	153.19	nm0131436	male	wiki	other		
space.jam_tt0117705	tt0117705	Hubie	146.94	nm0074036	male	wiki	animal		
space.jam_tt0117705	tt0117705	Monstar_Bupkus	123.29	nm0002126	male	wiki	other		
space.jam_tt0117705	tt0117705	Nerdluck_Bupkus	122.75	nm0718642	male	fandom	other		
space.jam_tt0117705	tt0117705	Sylvester_the_Cat	121.75	nm0267724	male	wiki	animal		
space.jam_tt0117705	tt0117705	Tweety_Bird	120.41	nm0074036	male	wiki	animal		
space.jam_tt0117705	tt0117705	Nerdluck_Blanko	118.49	nm0416349	male	fandom	other		
space.jam_tt0117705	tt0117705	Nerdluck_Bang	110.57	nm0577442	male	fandom	other		
space.jam_tt0117705	tt0117705	Yosemite_Sam	99.56	nm0267724	male	wiki	human		
space.jam_tt0117705	tt0117705	Foghorn_Leghorn	93.47	nm0267724	male	wiki	animal		
space.jam_tt0117705	tt0117705	Sniffles	92.88	nm0906531	male	fandom	animal		
space.jam_tt0117705	tt0117705	Wile_E._Coyote	89.21		unknown	none	animal		
space.jam_tt0117705	tt0117705	Blanko	88.46		male	fandom	other		
space.jam_tt0117705	tt0117705	Barnyard_Dawg	85.46	nm0074036	male	wiki	animal		
space.jam_tt0117705	tt0117705	Monstar_Nawt	84.54	nm0141953	male	wiki	other		
space.jam_tt0117705	tt0117705	Marvin_the_Martian	39.66	nm0074036	male	wiki	other		
space.jam_tt0117705	tt0117705	Bertie	25.94	nm0074036	male	wiki	animal		
space.jam.a.new_tt3554046	tt3554046	LeBron_James	1875.21	nm1429908	male	wiki	human	protagonist	major
space.jam.a.new_tt3554046	tt3554046	Bugs_Bunny	542.71	nm0074797	male	wiki	animal	protagonist	major
space.jam.a.new_tt3554046	tt3554046	White_Mamba	479.35	nm5630605	female	wiki	human		
space.jam.a.new_tt3554046	tt3554046	Lola_Bunny	451.08	nm3918035	female	wiki	animal		
space.jam.a.new_tt3554046	tt3554046	Iron_Giant	421.75		unknown	none	other		
space.jam.a.new_tt3554046	tt3554046	Arachnneka	387.76	nm6506928	female	wiki	human		
space.jam.a.new_tt3554046	tt3554046	Porky_Pig	330.04	nm1082823	male	wiki	animal		
space.jam.a.new_tt3554046	tt3554046	Chronos	300.63	nm6438048	male	wiki	human		
space.jam.a.new_tt3554046	tt3554046	Daffy_Duck	238.95	nm1082823	male	wiki	animal		
space.jam.a.new_tt3554046	tt3554046	Elmer_Fudd	233.27	nm1082823	male	wiki	human		
space.jam.a.new_tt3554046	tt3554046	Granny	214.84	nm0590430	female	wiki	human		
space.jam.a.new_tt3554046	tt3554046	Alfred_Pennyworth	178.3		unknown	none	human		
space.jam.a.new_tt3554046	tt3554046	Al_G._Rhythm	172.84	nm0000332	male	wiki	other	antagonist	major
space.jam.a.new_tt3554046	tt3554046	Morty	166.04	nm1551598	male	wiki	human		
space.jam.a.new_tt3554046	tt3554046	Sylvester_the_Cat	161.58	nm0074797	male	wiki	animal		
space.jam.a.new_tt3554046	tt3554046	Brow	160.87	nm4992797	male	wiki	human		
space.jam.a.new_tt3554046	tt3554046	Wet-Fire	155.66	nm6682215	male	wiki	human		
space.jam.a.new_tt3554046	tt3554046	Tasmanian_Devil	148.69	nm0851317	male	wiki	animal		
space.jam.a.new_tt3554046	tt3554046	Tweety_Bird	147.06	nm0074036	male	wiki	animal		
space.jam.a.new_tt3554046	tt3554046	Yosemite_Sam	132.05	nm0074797	male	wiki	human		
space.jam.a.new_tt3554046	tt3554046	Gossamer	131.21		unknown	none	other		
space.jam.a.new_tt3554046	tt3554046	Wile_E._Coyote	120.79		unknown	none	animal		
space.jam.a.new_tt3554046	tt3554046	Pete	119.04		unknown	none	other		
space.jam.a.new_tt3554046	tt3554046	Foghorn_Leghorn	113.86	nm1082823	male	wiki	animal		
space.jam.a.new_tt3554046	tt3554046	Igoo	80.25		unknown	none	other		
space.jam.a.new_tt3554046	tt3554046	Superman_/_Clark_Kent_/_Kal-El	74.45		male	fandom	human		
space.jam.a.new_tt3554046	tt3554046	Nerdluck_Nawt	72.11		male	fandom	other		
space.jam.a.new_tt3554046	tt3554046	Wonder_Woman_/_Diana	65.98	nm0206257	female	wiki	human		
space.jam.a.new_tt3554046	tt3554046	Gremlins	57.47		unknown	none	other		
space.jam.a.new_tt3554046	tt3554046	Marvin_the_Martian	55.43	nm1082823	male	wiki	other		
space.jam.a.new_tt3554046	tt3554046	Road_Runner	42.54		male	fandom	animal		
space.jam.a.new_tt3554046	tt3554046	Speedy_Gonzales	29.11	nm0407101	male	wiki	animal		
space.jam.a.new_tt3554046	tt3554046	Gloop	28.49		unknown	none	other		
space.jam.a.new_tt3554046	tt3554046	Jabberjaw	27.74		unknown	none	animal		
space.jam.a.new_tt3554046	tt3554046	Dr._Harleen_Quinzel	26.86		unknown	none	human		
space.jam.a.new_tt3554046	tt3554046	Boo_Boo	25.36		unknown	none	animal		
space.jam.a.new_tt3554046	tt3554046	Aquaman_/_Arthur_Curry	24.52		unknown	none	human		
space.jam.a.new_tt3554046	tt3554046	Nerdluck_Bang	23.36		male	fandom	other		
space.jam.a.new_tt3554046	tt3554046	Nerdluck_Blanko	13.72		male	fandom	other		
space.jam.a.new_tt3554046	tt3554046	Jimmy_Olsen	11.14		unknown	none	human		
space.jam.a.new_tt3554046	tt3554046	Batman_/_Bruce_Wayne	10.3		unknown	none	human		
space.jam.a.new_tt3554046	tt3554046	Nerdluck_Bupkus	10.05		male	fandom	other		
space.jam.a.new_tt3554046	tt3554046	Rick	9.13	nm1551598	male	wiki	human		
space.jam.a.new_tt3554046	tt3554046	Nerdluck_Pound	7.92		male	fandom	other		
space.jam.a.new_tt3554046	tt3554046	Yogi_Bear	3.17	nm0074797	male	wiki	animal		
spiderman.acros_tt9362722	tt9362722	Spider-Man_/_Miles_Morales	1471.34	nm4271336	male	wiki	human	protagonist	major
spiderman.acros_tt9362722	tt9362722	Spider-Woman_/_Gwen_Stacy	883.13	nm2794962	female	wiki	human	protagonist	major
spiderman.acros_tt9362722	tt9362722	Rio_Morales	671.42	nm0904967	female	wiki	human		
spiderman.acros_tt9362722	tt9362722	Jefferson_Morales	542.08	nm3109964	male	wiki	human		
spiderman.acros_tt9362722	tt9362722	Spider-woman_(in_mask)	337.71	nm2794962	female	wiki	human		
spiderman.acros_tt9362722	tt9362722	Spider-Man_2099_/_Miguel_O'Hara	321.24	nm1209966	male	wiki	human	antagonist	major
spiderman.acros_tt9362722	tt9362722	Spider-Man_/_Peter_B._Parker	321.24	nm2159926	male	wiki	human		
spiderman.acros_tt9362722	tt9362722	Spiderman_(in_mask)	304.43	nm4271336	male	wiki	human		
spiderman.acros_tt9362722	tt9362722	George_Stacy	249.79	nm0924154	male	wiki	human		
spiderman.acros_tt9362722	tt9362722	Spider-Woman_/_Jessica_Drew	208.08	nm4793987	female	wiki	human		
spiderman.acros_tt9362722	tt9362722	Prowler_/_Miles_G._Morales	164.5	nm7851611	male	wiki	human	antagonist	minor
spiderman.acros_tt9362722	tt9362722	Spider-Byte_/_Margo_Kess	140.43	nm3964350	non-binary	wiki	human		
spiderman.acros_tt9362722	tt9362722	Spider-Punk_/_Hobie_Brown	113.32	nm2257207	male	wiki	human		
spiderman.acros_tt9362722	tt9362722	Mayday_Parker	91.38	nm0741398	female	wiki	human		
spiderman.acros_tt9362722	tt9362722	Aaron_Davis	90.42	nm0991810	male	wiki	human	antagonist	minor
spiderman.acros_tt9362722	tt9362722	Spider-Man_India_/_Pavitr_Prabhakar	79	nm4175221	male	wiki	human		
spiderman.acros_tt9362722	tt9362722	Character_1	77.41		unknown	none	other		
spiderman.acros_tt9362722	tt9362722	Ms._Weber	76.7	nm0237222	female	wiki	human		
spiderman.acros_tt9362722	tt9362722	Spiderman_(miguel_in_suit)	75.7	nm4271336	male	wiki	human		
spiderman.acros_tt9362722	tt9362722	Ganke_Lee	58.22	nm0812307	male	wiki	human		
spiderman.acros_tt9362722	tt9362722	Yuri_Watanabe	56.6	nm3373248	female	wiki	human		
spiderman.acros_tt9362722	tt9362722	Maria	56.39	nm1100855	female	wiki	human		
spiderman.acros_tt9362722	tt9362722	Mary_Jane	46.59	nm3596979	female	wiki	human		
spiderman.acros_tt9362722	tt9362722	Lenny	46.38	nm0005187	male	wiki	human		
spiderman.acros_tt9362722	tt9362722	Spot_/_Jonathan_Ohnn	44.63	nm0005403	male	wiki	human	antagonist	major
spiderman.acros_tt9362722	tt9362722	Vulture_/_Adriano_Tumino	43.92	nm1672246	male	wiki	human	antagonist	minor
spiderman.acros_tt9362722	tt9362722	Lyla	43.88	nm2336966	female	wiki	human		
spiderman.acros_tt9362722	tt9362722	Peter_Parker_Earth-65	43.08	nm4425051	male	wiki	human		
spiderman.acros_tt9362722	tt9362722	Glory	41	nm8731249	female	wiki	human		
spiderman.acros_tt9362722	tt9362722	Spectacular_Spider-Man	35.74	nm0005079	male	wiki	human		
spiderman.acros_tt9362722	tt9362722	Doctor_Octopus_/_Olivia_Octavius	29.2	nm1063517	female	wiki	human		
spiderman.acros_tt9362722	tt9362722	May	27.4	nm0001610	female	wiki	human		
spiderman.acros_tt9362722	tt9362722	Sun-Spider_/_Charlotte_Webber	26.23	nm7211408	unknown	none	human		
spiderman.acros_tt9362722	tt9362722	MJ	23.65	nm3729780	unknown	none	human		
spiderman.acros_tt9362722	tt9362722	Lego_Spider-Man	21.48	nm2068142	unknown	none	human		
spiderman.acros_tt9362722	tt9362722	Betty	20.69	nm6253080	unknown	none	human		
spiderman.acros_tt9362722	tt9362722	Scarlet_Spider_/_Ben_Reilly	19.35	nm1676221	male	wiki	human		
spiderman.acros_tt9362722	tt9362722	J._Jonah_Jameson	18.64	nm0799777	male	wiki	human		
spiderman.acros_tt9362722	tt9362722	Spider-UK_/_Malala_Windsor	15.18	nm6220968	female	wiki	human		
spiderman.acros_tt9362722	tt9362722	Insomniac_Spider-Man	14.97	nm0523180	male	wiki	human		
spiderman.acros_tt9362722	tt9362722	Peni_Parker	11.59	nm4733752	female	wiki	human		
spiderman.acros_tt9362722	tt9362722	Spider-Ham_/_Peter_Porker	5.34		unknown	none	human		
spiderman.acros_tt9362722	tt9362722	67_Spider-Man	0	nm1672246	male	wiki	human		
spiderman.into._tt4633694	tt4633694	Miles_Morales	1354.39	nm4271336	male	wiki	human	protagonist	major
spiderman.into._tt4633694	tt4633694	Peter_Parker	505.76	nm1517976	male	wiki	human	protagonist	major
spiderman.into._tt4633694	tt4633694	Jefferson_Davis	407.16	nm3109964	male	wiki	human	protagonist	minor
spiderman.into._tt4633694	tt4633694	Spider-Man_/_Peter_B._Parker	349.68	nm2159926	male	wiki	human		
spiderman.into._tt4633694	tt4633694	Gwen_Stacy	313.94	nm2794962	female	wiki	human	protagonist	minor
spiderman.into._tt4633694	tt4633694	Miles_Morales_First_Suit	286.95	nm4271336	male	wiki	human		
spiderman.into._tt4633694	tt4633694	Rio_Morales	209.58	nm0904967	female	wiki	human		
spiderman.into._tt4633694	tt4633694	Peni_Parker	159.78	nm4733752	female	wiki	human	protagonist	minor
spiderman.into._tt4633694	tt4633694	Spider-Ham_/_Peter_Porker	147.48	nm1825214	male	wiki	human	protagonist	minor
spiderman.into._tt4633694	tt4633694	Kingpin	145.1	nm0000630	male	wiki	human	antagonist	major
spiderman.into._tt4633694	tt4633694	Spider-Man_/_Miles_Morales	132.09	nm4271336	male	wiki	human		
spiderman.into._tt4633694	tt4633694	Brooklyn_Visions_Security_Guard	126.29		unknown	none	human		
spiderman.into._tt4633694	tt4633694	Scientist_in_Cafeteria	115.53	nm3187683	female	wiki	human		
spiderman.into._tt4633694	tt4633694	Aunt_May	104.27	nm0005499	female	wiki	human	protagonist	minor
spiderman.into._tt4633694	tt4633694	Noir_Spider-Man	100.56	nm0000115	male	wiki	human	protagonist	minor
spiderman.into._tt4633694	tt4633694	Spider-Woman_/_Gwen_Stacy	98.93	nm2794962	female	wiki	human		
spiderman.into._tt4633694	tt4633694	Doctor_Octopus_/_Olivia_Octavius	76.74	nm1063517	female	wiki	human	antagonist	minor
spiderman.into._tt4633694	tt4633694	Ganke_Lee	69.28		unknown	none	human		
spiderman.into._tt4633694	tt4633694	Prowler_/_Aaron_Davis	67.44	nm0991810	male	wiki	human	antagonist	minor
spiderman.into._tt4633694	tt4633694	Mary_Jane_Watson	64.94	nm2368789	female	wiki	human		
spiderman.into._tt4633694	tt4633694	Scorpion	48.84	nm1370408	male	wiki	human		
spiderman.into._tt4633694	tt4633694	Spider-Man_Earth-67	47.13	nm1672246	male	wiki	human		
spiderman.into._tt4633694	tt4633694	Spider-Man_2099_/_Miguel_O'Hara	33.41	nm1209966	male	wiki	human		
spiderman.into._tt4633694	tt4633694	Tombstone	31.11	nm3993304	male	wiki	human		
spiderman.into._tt4633694	tt4633694	Miss_Calleros	29.99	nm2295540	female	wiki	human		
spiderman.into._tt4633694	tt4633694	Vanessa_Fisk	22.36	nm1128572	female	wiki	human		
spiderman.into._tt4633694	tt4633694	Stan	18.27	nm0498278	male	wiki	human		
spiderman.into._tt4633694	tt4633694	Lyla	15.14	nm2336966	female	wiki	human		
spiderman.into._tt4633694	tt4633694	Green_Goblin_/_Norman_Osborn	14.68	nm1672246	male	wiki	other	antagonist	minor
spies.in.disgui_tt5814534	tt5814534	Walter	1315.48	nm4043618	male	wiki	human	protagonist	major
spies.in.disgui_tt5814534	tt5814534	Agent_Lance_Sterling	952.33	nm0000226	male	wiki	human	protagonist	major
spies.in.disgui_tt5814534	tt5814534	Bird	567.9		unknown	none	animal		
spies.in.disgui_tt5814534	tt5814534	Marcy	414.87	nm0429069	female	wiki	human		
spies.in.disgui_tt5814534	tt5814534	Killian	268.31	nm0578853	male	wiki	human	antagonist	major
spies.in.disgui_tt5814534	tt5814534	Director_Joy_Jenkins	145.48	nm0005207	female	wiki	human		
spies.in.disgui_tt5814534	tt5814534	Walter_Beckett_(Young)	141.6	nm11227603	male	fandom	human		
spies.in.disgui_tt5814534	tt5814534	Wendy_Beckett	138.89	nm3014031	female	wiki	human		
spies.in.disgui_tt5814534	tt5814534	Eyes	138.76	nm2394794	female	wiki	human		
spies.in.disgui_tt5814534	tt5814534	White_bird	123.5		unknown	none	animal		
spies.in.disgui_tt5814534	tt5814534	Agency_Accountant	106.15	nm3166084	unknown	none	human		
spies.in.disgui_tt5814534	tt5814534	Ears	84.5	nm1722577	male	wiki	human		
spies.in.disgui_tt5814534	tt5814534	Character_1	83.12		unknown	none	human		
spies.in.disgui_tt5814534	tt5814534	Agency_Employee_#12	77.79	nm0702863	male	wiki	human		
spies.in.disgui_tt5814534	tt5814534	Katsu_Kimura	70.36	nm1199811	male	wiki	human	antagonist	minor
spies.in.disgui_tt5814534	tt5814534	Weapons_Lab_Tech	64.11	nm1763390	unknown	none	human		
spies.in.disgui_tt5814534	tt5814534	Joon	62.44		unknown	none	human		
spies.in.disgui_tt5814534	tt5814534	Agency_Control_Room_Technician	51.51	nm1053148	male	wiki	human		
spies.in.disgui_tt5814534	tt5814534	Yakuza_#1	48.09	nm5337106	male	wiki	human		
spies.in.disgui_tt5814534	tt5814534	Receptionist	46.92	nm1987941	female	wiki	human		
spies.in.disgui_tt5814534	tt5814534	Marcy's_Agents	46.71	nm1072611	male	wiki	human		
spies.in.disgui_tt5814534	tt5814534	Male_Tourist	43.5	nm3166084	unknown	none	human		
spies.in.disgui_tt5814534	tt5814534	Geraldine	43.17	nm1266101	female	wiki	human		
spies.in.disgui_tt5814534	tt5814534	Bird_2	42.67		unknown	none	animal		
spies.in.disgui_tt5814534	tt5814534	Soo-Min	37.58	nm11227609	unknown	none	human		
spies.in.disgui_tt5814534	tt5814534	Lead_Agency_Lab_Tech	34.95	nm6008860	unknown	none	human		
spies.in.disgui_tt5814534	tt5814534	Yakuzas	28.82	nm0012888	male	wiki	human		
spies.in.disgui_tt5814534	tt5814534	Terrance	25.23	nm0870629	unknown	none	human		
spies.in.disgui_tt5814534	tt5814534	Yakuza_#2	22.19	nm1442093	unknown	none	human		
spies.in.disgui_tt5814534	tt5814534	Scooter_Guy	20.85	nm11227612	unknown	none	human		
spies.in.disgui_tt5814534	tt5814534	Weapons_Lab_Soldier	15.93	nm3103829	male	wiki	human		
spies.in.disgui_tt5814534	tt5814534	Italian_Woman	4.88	nm5312098	female	wiki	human		
spirit.stallion_tt0166813	tt0166813	Spirit	2244.14	nm0000354	male	wiki	animal	protagonist	major
spirit.stallion_tt0166813	tt0166813	Little_Creek	537.44	nm0836070	male	wiki	human	protagonist	major
spirit.stallion_tt0166813	tt0166813	Rain	486.99		female	fandom	animal	protagonist	major
spirit.stallion_tt0166813	tt0166813	Esperanza	234.13		female	fandom	animal		
spirit.stallion_tt0166813	tt0166813	Colonel	182.55	nm0000342	male	wiki	human	antagonist	major
spirit.stallion_tt0166813	tt0166813	Sgt._Adams	173.71	nm0076718	male	fandom	human		
spirit.stallion_tt0166813	tt0166813	Jake	68.3	nm0129106	male	wiki	human		
spirit.stallion_tt0166813	tt0166813	Train_Pull_Foreman	64.6	nm0298412	male	wiki	human		
spirit.stallion_tt0166813	tt0166813	Bill	63.33	nm0569501	male	wiki	human		
spirit.stallion_tt0166813	tt0166813	Murphy	50.78	nm0495492	unknown	none	human		
spirit.stallion_tt0166813	tt0166813	Pete	30.06	nm0666740	male	wiki	human		
spirit.stallion_tt0166813	tt0166813	Roy	29.96	nm0621008	male	wiki	human		
spirit.stallion_tt0166813	tt0166813	Little_Indian_Girl	28.23	nm1183408	unknown	none	human		
spirit.untamed_tt11084896	tt11084896	Lucky_Prescott	1742.4	nm5097044	female	wiki	human	protagonist	major
spirit.untamed_tt11084896	tt11084896	Spirit	782.03		male	fandom	animal	protagonist	major
spirit.untamed_tt11084896	tt11084896	Pru_Granger	582.16	nm6343162	female	wiki	human	protagonist	major
spirit.untamed_tt11084896	tt11084896	Jim_Prescott	516.14	nm0350453	male	wiki	human	protagonist	minor
spirit.untamed_tt11084896	tt11084896	Abigail_Stone	515.39	nm5085683	female	wiki	human	protagonist	major
spirit.untamed_tt11084896	tt11084896	Aunt_Cora	481.65	nm0000194	female	wiki	human	protagonist	minor
spirit.untamed_tt11084896	tt11084896	Boomerang	421.75		male	fandom	animal		
spirit.untamed_tt11084896	tt11084896	Chica_Linda	344.8		female	fandom	animal		
spirit.untamed_tt11084896	tt11084896	Hendricks	233.82	nm0324658	male	wiki	human	antagonist	major
spirit.untamed_tt11084896	tt11084896	Al_Granger	153.53	nm0105672	male	wiki	human		
spirit.untamed_tt11084896	tt11084896	Snips_Stone	96.68	nm8598537	male	wiki	human		
spirit.untamed_tt11084896	tt11084896	Senor_Carrots	87.8		unknown	none	animal		
spirit.untamed_tt11084896	tt11084896	Lucky_Prescott_(Baby)	71.61	nm0033977	female	wiki	human		
spirit.untamed_tt11084896	tt11084896	Lady_with_Dog	43.54	nm1764275	unknown	none	human		
spirit.untamed_tt11084896	tt11084896	Valentina	42.29	nm5336620	unknown	none	human		
spirit.untamed_tt11084896	tt11084896	James_Prescott_Sr	39.04	nm0366356	male	fandom	human		
spongebob.squar_tt0345950	tt0345950	SpongeBob_SquarePants	1946.94	nm0444786	male	wiki	other	protagonist	major
spongebob.squar_tt0345950	tt0345950	Patrick_Star	1268.39	nm0265067	male	wiki	animal	protagonist	major
spongebob.squar_tt0345950	tt0345950	King_Neptune	503.21	nm0001787	male	wiki	other	protagonist	minor
spongebob.squar_tt0345950	tt0345950	Mr._Krabs	419.42	nm0000317	male	wiki	animal	protagonist	minor
spongebob.squar_tt0345950	tt0345950	Mindy	389.76	nm0424060	female	wiki	other	protagonist	minor
spongebob.squar_tt0345950	tt0345950	Plankton	293.25		unknown	none	other	antagonist	major
spongebob.squar_tt0345950	tt0345950	Floyd	280.95	nm0048389	male	wiki	other		
spongebob.squar_tt0345950	tt0345950	Lloyd	269.23		unknown	none	other		
spongebob.squar_tt0345950	tt0345950	Prisoner_(Crown_Polisher)	221.8	nm0293196	male	wiki	other		
spongebob.squar_tt0345950	tt0345950	Squidward_Tentacles	206.08	nm0120309	male	wiki	other	protagonist	minor
spongebob.squar_tt0345950	tt0345950	Victor	205.87		male	fandom	other		
spongebob.squar_tt0345950	tt0345950	Waiter	203.95	nm0048389	male	wiki	other		
spongebob.squar_tt0345950	tt0345950	Squire	178.39	nm0016141	male	wiki	other		
spongebob.squar_tt0345950	tt0345950	Goofy_Goober	161.45	nm0087456	male	wiki	other		
spongebob.squar_tt0345950	tt0345950	Dennis	159.45	nm0000285	male	wiki	other	antagonist	minor
spongebob.squar_tt0345950	tt0345950	Driver	114.03	nm0410451	female	wiki	other		
spongebob.squar_tt0345950	tt0345950	Ice_Cream_Lady	113.49	nm0410451	female	wiki	other		
spongebob.squar_tt0345950	tt0345950	Sandy_Cheeks	108.15	nm0492657	female	wiki	animal		
spongebob.squar_tt0345950	tt0345950	Perch_Perkins	107.44	nm0048389	male	wiki	other		
spongebob.squar_tt0345950	tt0345950	Phil	87.38	nm0048389	male	wiki	other		
spongebob.squar_tt0345950	tt0345950	Mrs._Puff	65.32	nm0146181	female	wiki	other		
storks_tt4624424	tt4624424	Tulip	1298.55	nm1764070	female	wiki	human	protagonist	major
storks_tt4624424	tt4624424	Junior	1062.6	nm1676221	male	wiki	animal	protagonist	major
storks_tt4624424	tt4624424	Baby	675.22		unknown	none	human		
storks_tt4624424	tt4624424	Nate_Gardner	368.16	nm4465086	male	wiki	human	protagonist	minor
storks_tt4624424	tt4624424	Henry_Gardner	297.3	nm0123092	male	wiki	human		
storks_tt4624424	tt4624424	Sarah_Gardner	294.71	nm0000098	female	wiki	human		
storks_tt4624424	tt4624424	Hunter	260.18	nm0001288	male	wiki	animal	antagonist	major
storks_tt4624424	tt4624424	Miscellaneous_Storks	205.62	nm0054697	male	wiki	animal		
storks_tt4624424	tt4624424	Baby_2	181.26		unknown	none	human		
storks_tt4624424	tt4624424	Jasper	154.07	nm0001803	male	wiki	animal		
storks_tt4624424	tt4624424	Alpha_Wolf	148.44	nm1221047	male	wiki	animal	antagonist	minor
storks_tt4624424	tt4624424	Beta_Wolf	128.25	nm1443502	male	wiki	animal	antagonist	minor
storks_tt4624424	tt4624424	Pigeon_Toady	124.04	nm2811212	male	wiki	animal	antagonist	minor
storks_tt4624424	tt4624424	Dougland	93.55	nm2166469	male	wiki	animal		
storks_tt4624424	tt4624424	Penguin	52.05		unknown	none	animal	antagonist	minor
strange.world_tt10298840	tt10298840	Searcher_Clade	1458.71	nm0350453	male	wiki	human	protagonist	major
strange.world_tt10298840	tt10298840	Ethan_Clade	1248.16	nm7187850	male	wiki	human	protagonist	major
strange.world_tt10298840	tt10298840	Jaegar	778.19	nm0000598	male	wiki	human	protagonist	major
strange.world_tt10298840	tt10298840	Meridian_Clade	519.56	nm0005517	female	wiki	human	protagonist	major
strange.world_tt10298840	tt10298840	Callisto_Mal	450.16	nm0005154	female	wiki	human	antagonist	minor
strange.world_tt10298840	tt10298840	Lonnie_Redshirt	125.5	nm0072344	male	wiki	human		
strange.world_tt10298840	tt10298840	Pulk	118.79	nm1027814	two-spirit	wiki	human		
strange.world_tt10298840	tt10298840	Legend	114.66		male	fandom	animal	protagonist	minor
strange.world_tt10298840	tt10298840	Caspian	102.81	nm4175221	male	wiki	human		
strange.world_tt10298840	tt10298840	Kardez	84.92	nm6516135	male	wiki	human		
strange.world_tt10298840	tt10298840	Diazo	71.57	nm13437268	male	fandom	human		
strange.world_tt10298840	tt10298840	Duffle	38.58	nm0876138	male	wiki	human		
strange.world_tt10298840	tt10298840	Azimuth	22.19	nm5590588	female	wiki	human		
strange.world_tt10298840	tt10298840	Ro	15.81	nm0475836	female	wiki	human		
strange.world_tt10298840	tt10298840	Rory	6.21	nm2655199	male	wiki	human		
super.mario.bro_tt6718170	tt6718170	Mario	1340.55	nm0695435	male	wiki	human	protagonist	major
super.mario.bro_tt6718170	tt6718170	Princess_Peach	648.4	nm5896355	female	wiki	human	protagonist	major
super.mario.bro_tt6718170	tt6718170	Luigi	514.51	nm0206359	male	wiki	human	protagonist	major
super.mario.bro_tt6718170	tt6718170	Bowser	347.35	nm0085312	male	wiki	other	antagonist	major
super.mario.bro_tt6718170	tt6718170	Toad	333.21	nm1221047	male	wiki	other	protagonist	minor
super.mario.bro_tt6718170	tt6718170	Donkey_Kong	251.38	nm0736622	male	wiki	animal	protagonist	major
super.mario.bro_tt6718170	tt6718170	Cranky_Kong	133.68	nm0035488	male	wiki	animal	protagonist	minor
super.mario.bro_tt6718170	tt6718170	Koopa_General	102.98	nm0579914	male	wiki	other	antagonist	minor
super.mario.bro_tt6718170	tt6718170	Kamek	89.34	nm0724656	male	wiki	animal	antagonist	minor
super.mario.bro_tt6718170	tt6718170	Foreman_Spike	77.41	nm1724319	male	wiki	human	antagonist	minor
super.mario.bro_tt6718170	tt6718170	Mario's_Dad	54.89	nm0553409	male	wiki	human		
super.mario.bro_tt6718170	tt6718170	Francis	54.6		male	fandom	animal		
super.mario.bro_tt6718170	tt6718170	Shy_Guy	46.46		unknown	none	other		
super.mario.bro_tt6718170	tt6718170	Toad_General	43.88	nm1082823	male	wiki	human		
super.mario.bro_tt6718170	tt6718170	Mario's_Mom	43.38	nm0223740	female	wiki	human		
super.mario.bro_tt6718170	tt6718170	Uncle_Tony	43.21	nm0738951	male	wiki	human		
super.mario.bro_tt6718170	tt6718170	Lumalee	42.96	nm14185788	unknown	none	other		
super.mario.bro_tt6718170	tt6718170	Dixie_Kong	41.29		unknown	none	animal		
super.mario.bro_tt6718170	tt6718170	Aunt	40.87	nm0223740	female	wiki	human		
super.mario.bro_tt6718170	tt6718170	Uncle_Arthur	36.49	nm0224007	male	wiki	human		
super.mario.bro_tt6718170	tt6718170	Penguin_King	36.41	nm1146051	male	wiki	animal		
super.mario.bro_tt6718170	tt6718170	Jungle_Kingdom_Guard	34.12		unknown	none	human		
super.mario.bro_tt6718170	tt6718170	Koopa_Turned_into_Dry_Bones	28.57		unknown	none	animal		
super.mario.bro_tt6718170	tt6718170	Baby_Mario	28.36		male	fandom	human		
super.mario.bro_tt6718170	tt6718170	Bomber_Bill	26.36		male	fandom	other		
super.mario.bro_tt6718170	tt6718170	Diddy_Kong	25.9		male	fandom	animal		
super.mario.bro_tt6718170	tt6718170	Chunky_Kong	25.02		unknown	none	animal		
super.mario.bro_tt6718170	tt6718170	Plumbing_Customer_Woman	24.11	nm0838588	female	wiki	human		
super.mario.bro_tt6718170	tt6718170	Baby_Luigi	23.15		male	fandom	human		
super.mario.bro_tt6718170	tt6718170	Baby_Peach	22.27	nm0223740	female	wiki	human		
super.mario.bro_tt6718170	tt6718170	Plumbing_Customer_Man	21.02		unknown	none	human		
super.mario.bro_tt6718170	tt6718170	Snifit	20.56		unknown	none	other		
super.mario.bro_tt6718170	tt6718170	Giuseppe	18.89	nm0553409	male	wiki	human		
super.mario.bro_tt6718170	tt6718170	Bully	10.59	nm0223740	female	wiki	human		
surfs.up_tt0423294	tt0423294	Cody_Maverick	991.49	nm0479471	male	wiki	animal	protagonist	major
surfs.up_tt0423294	tt0423294	Big_Z	819.23	nm0000313	male	wiki	animal	protagonist	major
surfs.up_tt0423294	tt0423294	Lani_Aliikai	383.84	nm0221046	female	wiki	animal	protagonist	minor
surfs.up_tt0423294	tt0423294	Edna_Maverick	371.04	nm1614770	female	wiki	animal		
surfs.up_tt0423294	tt0423294	Chicken_Joe	290.16	nm1417647	male	wiki	animal	protagonist	minor
surfs.up_tt0423294	tt0423294	Rob	266.77	nm0532499	male	fandom	animal		
surfs.up_tt0423294	tt0423294	Reggie	187.52	nm0000249	male	wiki	animal		
surfs.up_tt0423294	tt0423294	Tank_Evans	152.78	nm0046033	male	wiki	animal	antagonist	major
surfs.up_tt0423294	tt0423294	Small_bird	146.15		unknown	none	animal		
surfs.up_tt0423294	tt0423294	Smudge	130.42	nm2655192	unknown	none	animal		
surfs.up_tt0423294	tt0423294	Glen_Maverick	127.5	nm0692634	male	wiki	animal		
surfs.up_tt0423294	tt0423294	Arnold	105.19	nm2655199	male	wiki	animal		
surfs.up_tt0423294	tt0423294	Kate	98.31	nm2655180	unknown	none	animal		
surfs.up_tt0423294	tt0423294	Filmmaker_#1	81.54	nm0105169	male	wiki	animal		
surfs.up_tt0423294	tt0423294	Mike_Abromowitz	81.41	nm0134647	male	wiki	animal		
surfs.up_tt0423294	tt0423294	Glen's_Buddy	66.82	nm2407919	trans woman	wiki	animal		
surfs.up_tt0423294	tt0423294	Kelly	63.31	nm0005440	male	wiki	animal		
surfs.up_tt0423294	tt0423294	Squid	13.93		unknown	none	animal		
sword.in.the.st_tt0057546	tt0057546	Merlin	730.86	nm0842425	male	wiki	human	protagonist	major
sword.in.the.st_tt0057546	tt0057546	Arthur_Pendragon	668.21	nm0814862	male	wiki	human	protagonist	major
sword.in.the.st_tt0057546	tt0057546	Archimedes	478.23	nm0560076	male	wiki	animal	protagonist	minor
sword.in.the.st_tt0057546	tt0057546	Brown-Yellow_Bird	286.79		unknown	none	animal		
sword.in.the.st_tt0057546	tt0057546	Sir_Kay	280.7	nm0017491	male	wiki	human	antagonist	minor
sword.in.the.st_tt0057546	tt0057546	Sir_Ector	275.9	nm0001982	male	wiki	human	antagonist	minor
sword.in.the.st_tt0057546	tt0057546	Fish	266.22		unknown	none	animal		
sword.in.the.st_tt0057546	tt0057546	Madam_Mim	200.99	nm0921131	female	wiki	human	antagonist	minor
sword.in.the.st_tt0057546	tt0057546	Old_Fish	176.63		unknown	none	animal		
sword.in.the.st_tt0057546	tt0057546	Old_Squirrel	166.88	nm0921131	female	wiki	animal		
sword.in.the.st_tt0057546	tt0057546	Girl_Squirrel	165.5	nm0852412	female	wiki	animal		
sword.in.the.st_tt0057546	tt0057546	Dragon	99.39		unknown	none	other		
sword.in.the.st_tt0057546	tt0057546	Beaver	82.71		unknown	none	animal		
sword.in.the.st_tt0057546	tt0057546	Pink_alligator	57.81		unknown	none	animal		
sword.in.the.st_tt0057546	tt0057546	Scullery_Maid	48.21	nm0020289	female	wiki	human		
sword.in.the.st_tt0057546	tt0057546	Granny_Squirrel	31.16		unknown	none	animal		
sword.in.the.st_tt0057546	tt0057546	Sir_Bart	29.99		unknown	none	human		
tangled_tt0398286	tt0398286	Rapunzel	2053.59	nm0601553	female	wiki	human	protagonist	major
tangled_tt0398286	tt0398286	Flynn_Rider	1531.86	nm1157048	male	wiki	human	protagonist	major
tangled_tt0398286	tt0398286	Mother_Gothel	681.14	nm0614220	female	wiki	human	antagonist	major
tangled_tt0398286	tt0398286	Queen_Arianna	294.04		female	fandom	human		
tangled_tt0398286	tt0398286	Maximus	242.08		male	fandom	animal	protagonist	minor
tangled_tt0398286	tt0398286	Stabbington_Brothers	200.07	nm0000579	male	wiki	human	antagonist	minor
tangled_tt0398286	tt0398286	Pascal	197.41		unknown	none	animal	protagonist	minor
tangled_tt0398286	tt0398286	Vlad	146.23	nm0001423	male	wiki	human		
tangled_tt0398286	tt0398286	Hook_Hand_Thug	145.56	nm0004951	male	wiki	human		
tangled_tt0398286	tt0398286	King_Fredric	144.23		male	fandom	human		
tangled_tt0398286	tt0398286	Captain_of_the_Guard	142.81	nm0301370	male	wiki	human		
tangled_tt0398286	tt0398286	Big_Nose_Thug	82.75	nm0001787	male	wiki	human		
tangled_tt0398286	tt0398286	Short_Thug	58.18	nm0006670	male	wiki	human		
tarzan_tt0120855	tt0120855	Tarzan_(Young)	1241.82	nm0513281	male	wiki	human		
tarzan_tt0120855	tt0120855	Jane_Porter	1023.36	nm0000378	female	wiki	human	protagonist	major
tarzan_tt0120855	tt0120855	Kerchak	569.78	nm0000448	male	wiki	animal	protagonist	minor
tarzan_tt0120855	tt0120855	Kala	541.46	nm0000335	female	wiki	animal	protagonist	minor
tarzan_tt0120855	tt0120855	Clayton	460.71	nm0000306	male	wiki	human	antagonist	major
tarzan_tt0120855	tt0120855	Tarzan	390.14	nm0001282	male	wiki	human	protagonist	major
tarzan_tt0120855	tt0120855	Terk_(Young)	375.96	nm0005280	female	wiki	animal		
tarzan_tt0120855	tt0120855	Terk_(Baby)	283.91	nm0005280	female	fandom	animal		
tarzan_tt0120855	tt0120855	Professor_Archimedes_Q._Porter	281.11	nm0001329	male	wiki	human	protagonist	minor
tarzan_tt0120855	tt0120855	Terk	276.48	nm0005280	female	wiki	animal	protagonist	minor
tarzan_tt0120855	tt0120855	Tantor	129.75	nm0001431	male	wiki	animal	protagonist	minor
tarzan_tt0120855	tt0120855	Tantor_(Young)	66.61	nm0218771	male	wiki	animal		
tarzan_tt0120855	tt0120855	Human_character_1	56.18		unknown	none	human		
tarzan_tt0120855	tt0120855	Tantor's_Mother	37.75		unknown	none	animal		
tarzan_tt0120855	tt0120855	Human_character_3	31.57		unknown	none	human		
tarzan_tt0120855	tt0120855	Human_character_2	24.57		unknown	none	human		
tarzan_tt0120855	tt0120855	Monkey_1	11.59	nm0029460	male	wiki	animal		
teenage.mutant._tt8589698	tt8589698	Leonardo	1336.54	nm7751235	male	wiki	animal	protagonist	major
teenage.mutant._tt8589698	tt8589698	Donatello	1255.13	nm9368660	male	wiki	animal	protagonist	major
teenage.mutant._tt8589698	tt8589698	Raphael	1231.44	nm4054776	male	wiki	animal	protagonist	major
teenage.mutant._tt8589698	tt8589698	Michelangelo	1209.5	nm8366356	male	wiki	animal	protagonist	major
teenage.mutant._tt8589698	tt8589698	April_O'Neil	604.48	nm8731249	female	wiki	human	protagonist	major
teenage.mutant._tt8589698	tt8589698	Fly	389.68		unknown	none	animal		
teenage.mutant._tt8589698	tt8589698	Splinter	341.42	nm0000329	male	wiki	animal	protagonist	major
teenage.mutant._tt8589698	tt8589698	Rocksteady	125.12	nm1078479	male	wiki	animal		
teenage.mutant._tt8589698	tt8589698	Mondo_Gecko	123.41	nm0748620	male	wiki	animal		
teenage.mutant._tt8589698	tt8589698	Wingnut	116.07	nm5857106	female	wiki	animal		
teenage.mutant._tt8589698	tt8589698	Baxter_Stockman	102.14	nm0002064	male	wiki	human	antagonist	minor
teenage.mutant._tt8589698	tt8589698	Cynthia_Utrom	101.94	nm0748973	female	wiki	human	antagonist	major
teenage.mutant._tt8589698	tt8589698	Spider	82.37	nm3738901	male	wiki	human		
teenage.mutant._tt8589698	tt8589698	News_Anchor	76.2	nm6664625	unknown	none	human		
teenage.mutant._tt8589698	tt8589698	Normal_Nate	75.62	nm0004910	male	wiki	human		
teenage.mutant._tt8589698	tt8589698	Bald_Bronson	62.73	nm0660650	male	wiki	human		
teenage.mutant._tt8589698	tt8589698	Man_Who_Thought_a_Giant_Rat_was_a_Big_Cat_but_it_was_a_Rat	61.56	nm5135634	male	wiki	human		
teenage.mutant._tt8589698	tt8589698	TV_Anchor	59.93	nm8829840	unknown	none	human		
teenage.mutant._tt8589698	tt8589698	Genghis_Frog	56.31	nm2868110	male	wiki	animal		
teenage.mutant._tt8589698	tt8589698	Bebop	55.39	nm0736622	male	wiki	animal		
teenage.mutant._tt8589698	tt8589698	Sign_My_Baby_Mom	51.68	nm6643029	unknown	none	human		
teenage.mutant._tt8589698	tt8589698	Times_Square_Guy	46.5		unknown	none	human		
teenage.mutant._tt8589698	tt8589698	Bad_Bernie	44.5	nm0045937	male	wiki	human		
teenage.mutant._tt8589698	tt8589698	Apologetic_Goon	43.29	nm5859016	unknown	none	human		
teenage.mutant._tt8589698	tt8589698	Good_Human	35.95	nm0247653	male	wiki	human		
teenage.mutant._tt8589698	tt8589698	Cab_Driver	34.24	nm0135306	male	wiki	human		
teenage.mutant._tt8589698	tt8589698	Responding_Police_Officer	32.57	nm4047961	unknown	none	human		
teenage.mutant._tt8589698	tt8589698	Curious_Goon	30.32	nm5325848	unknown	none	human		
teenage.mutant._tt8589698	tt8589698	Bossy_Goon	27.15	nm3229215	male	wiki	human		
teenage.mutant._tt8589698	tt8589698	Helpful_Construction_Worker	27.11	nm1441020	unknown	none	human		
teenage.mutant._tt8589698	tt8589698	Gecko_Goon	23.94	nm1891831	unknown	none	human		
teenage.mutant._tt8589698	tt8589698	Wants_a_Paycheck_Goon	19.69	nm5106831	male	wiki	human		
teenage.mutant._tt8589698	tt8589698	Short_Sharon	12.68	nm2493569	unknown	none	human		
teenage.mutant._tt8589698	tt8589698	Toupee_Tom	12.6	nm0557850	male	wiki	human		
teenage.mutant._tt8589698	tt8589698	Military_Advisor	8.26	nm4047961	unknown	none	human		
teenage.mutant._tt8589698	tt8589698	Police_Officer	5.38	nm0557850	male	wiki	human		
tmnt_2014	tt1291150	Raphael	424.09	nm2024927	male	wiki	animal	protagonist	major
tmnt_2014	tt1291150	Leonardo	403.49	nm0424216	male	wiki	animal	protagonist	major
tmnt_2014	tt1291150	Michelangelo	366.91	nm0279720	male	wiki	animal	protagonist	major
tmnt_2014	tt1291150	Donatello	284.08	nm0397386	male	wiki	animal	protagonist	major
tmnt_2014	tt1291150	Splinter	210.25	nm0001724	male	wiki	animal	protagonist	minor
tmnt_2014	tt1291150	Shredder	107.9	nm0556070	male	wiki	human	antagonist	major
tmnt_tt0453556	tt0453556	Leonardo	578.66	nm0852517	male	wiki	animal	protagonist	major
tmnt_tt0453556	tt0453556	Raphael	508.97	nm0636046	male	wiki	animal	protagonist	major
tmnt_tt0453556	tt0453556	Michaelangelo	423.76	nm0445962	male	wiki	animal	protagonist	major
tmnt_tt0453556	tt0453556	April_O'Neil	373.87	nm0001264	female	wiki	human	protagonist	minor
tmnt_tt0453556	tt0453556	Casey_Jones	339.13	nm0262635	male	wiki	human	protagonist	minor
tmnt_tt0453556	tt0453556	Donatello	313.48	nm0925943	male	wiki	animal	protagonist	major
tmnt_tt0453556	tt0453556	Max_Winters	284.24	nm0001772	male	wiki	human	antagonist	minor
tmnt_tt0453556	tt0453556	Splinter	270.81	nm0538683	male	wiki	animal	protagonist	minor
tmnt_tt0453556	tt0453556	General_Aguila	246.91	nm0724656	male	wiki	other	antagonist	major
tmnt_tt0453556	tt0453556	General_Serpiente	151.99	nm1692904	unknown	none	other	antagonist	major
tmnt_tt0453556	tt0453556	Karai	122.46	nm0955471	female	wiki	human	antagonist	minor
tmnt_tt0453556	tt0453556	Colonel_Santino	113.66	nm0224007	male	wiki	human		
tmnt_tt0453556	tt0453556	Ant_creature	29.65		unknown	none	animal		
toy.story_tt0114709	tt0114709	Woody	1507.46	nm0000158	male	wiki	human	protagonist	major
toy.story_tt0114709	tt0114709	Buzz_Lightyear	832.37	nm0000741	male	wiki	human	protagonist	major
toy.story_tt0114709	tt0114709	Mr._Potato_Head	317.28	nm0725543	male	wiki	other	protagonist	minor
toy.story_tt0114709	tt0114709	Bo_Peep	281.74	nm0001633	female	wiki	human	protagonist	minor
toy.story_tt0114709	tt0114709	Slinky_Dog	256.63	nm0001815	male	wiki	animal	protagonist	minor
toy.story_tt0114709	tt0114709	Sid_Phillips	217.43	nm0902184	male	wiki	human	antagonist	major
toy.story_tt0114709	tt0114709	Hamm	216.3	nm0001652	male	wiki	animal	protagonist	minor
toy.story_tt0114709	tt0114709	Rex	198.32	nm0001728	male	wiki	animal	protagonist	minor
toy.story_tt0114709	tt0114709	Snake	86.67	nm0419962	male	fandom	animal		
toy.story_tt0114709	tt0114709	Mutant_Toys	85.63		male	fandom	human	protagonist	minor
toy.story_tt0114709	tt0114709	Hannah_Phillips	82.5	nm0293589	female	wiki	human		
toy.story_tt0114709	tt0114709	Little_Green_Men	80.5		male	fandom	other		
toy.story_tt0114709	tt0114709	Troll_Doll	50.51		unknown	none	other		
toy.story_tt0114709	tt0114709	Mr._Mike	46.59	nm0390161	male	wiki	other		
toy.story_tt0114709	tt0114709	Rocky_Gibraltar_(character)	45	nm0029460	male	wiki	human		
toy.story_tt0114709	tt0114709	Tikes	39.33		male	fandom	other		
toy.story_tt0114709	tt0114709	Shark_(Toy_Story)	33.45	nm0029460	male	wiki	animal		
toy.story_tt0114709	tt0114709	Sarge_(Toy_Story)	27.82	nm0000388	male	wiki	human		
toy.story_tt0114709	tt0114709	Roly_Poly_Clown	26.53		male	fandom	other		
toy.story_tt0114709	tt0114709	Lenny	13.39	nm0710020	male	wiki	other		
toy.story.2_tt0120363	tt0120363	Woody	1449.32	nm0000158	male	wiki	human	protagonist	major
toy.story.2_tt0120363	tt0120363	Buzz_Lightyear	888.97	nm0000741	male	wiki	human	protagonist	major
toy.story.2_tt0120363	tt0120363	Jessie	652.53	nm0000349	female	wiki	human	protagonist	major
toy.story.2_tt0120363	tt0120363	Mr._Potato_Head	492.45	nm0725543	male	wiki	other	protagonist	minor
toy.story.2_tt0120363	tt0120363	Stinky_Pete	374.04	nm0001288	male	wiki	human	antagonist	major
toy.story.2_tt0120363	tt0120363	Slinky_Dog	372.37	nm0001815	male	wiki	animal	protagonist	minor
toy.story.2_tt0120363	tt0120363	Bullseye	369.12		male	fandom	animal	protagonist	minor
toy.story.2_tt0120363	tt0120363	Hamm	357.86	nm0001652	male	wiki	animal	protagonist	minor
toy.story.2_tt0120363	tt0120363	Rex	281.66	nm0001728	male	wiki	animal	protagonist	minor
toy.story.2_tt0120363	tt0120363	Al_McWhiggin	184.23	nm0001431	male	wiki	human	antagonist	major
toy.story.2_tt0120363	tt0120363	Bo_Peep	164.83	nm0001633	female	wiki	human		
toy.story.2_tt0120363	tt0120363	Barbie	148.52	nm0072533	female	wiki	human		
toy.story.2_tt0120363	tt0120363	Aliens	109.19	nm0682066	male	wiki	other	protagonist	minor
toy.story.2_tt0120363	tt0120363	Mrs._Potato_Head	109.15	nm0364680	female	wiki	other		
toy.story.2_tt0120363	tt0120363	Wheezy	102.27	nm0710020	male	wiki	animal	protagonist	minor
toy.story.2_tt0120363	tt0120363	Mr._Mike	59.18		male	fandom	other		
toy.story.2_tt0120363	tt0120363	Buster	56.06		male	fandom	animal		
toy.story.2_tt0120363	tt0120363	Luggage_Handler_1	29.65		unknown	none	human		
toy.story.2_tt0120363	tt0120363	Troll	28.78		unknown	none	other		
toy.story.2_tt0120363	tt0120363	The_Cleaner	25.02	nm0364893	male	wiki	human		
toy.story.2_tt0120363	tt0120363	Tikes	24.27		male	fandom	other		
toy.story.2_tt0120363	tt0120363	Rocky_Gibraltar	17.35	nm0029460	male	wiki	human		
toy.story.2_tt0120363	tt0120363	Troikas	16.18		unknown	none	other		
toy.story.2_tt0120363	tt0120363	Snake	15.93		male	fandom	animal		
toy.story.2_tt0120363	tt0120363	Roly_Poly_Clown	12.51		male	fandom	other		
toy.story.2_tt0120363	tt0120363	Lenny	11.47		male	fandom	other		
toy.story.2_tt0120363	tt0120363	Luggage_Handler_2	9.59		unknown	none	human		
toy.story.2_tt0120363	tt0120363	Bucket_o'_Soldiers	7.42		male	fandom	human		
toy.story.3_tt0435761	tt0435761	Woody	1290.54	nm0000158	male	wiki	human	protagonist	major
toy.story.3_tt0435761	tt0435761	Jessie	891.18	nm0000349	female	wiki	human	protagonist	minor
toy.story.3_tt0435761	tt0435761	Buzz_Lightyear	860.69	nm0000741	male	wiki	human	protagonist	major
toy.story.3_tt0435761	tt0435761	Mr._Potato_Head	549.05	nm0725543	male	wiki	other		
toy.story.3_tt0435761	tt0435761	Lots-o'-Huggin'_Bear	489.11	nm0000885	male	wiki	other	antagonist	major
toy.story.3_tt0435761	tt0435761	Bullseye	465.38	nm0919798	male	wiki	animal		
toy.story.3_tt0435761	tt0435761	Slinky_Dog	427.55	nm0163703	male	wiki	animal		
toy.story.3_tt0435761	tt0435761	Rex	426.55	nm0001728	male	wiki	animal		
toy.story.3_tt0435761	tt0435761	Mrs._Potato_Head	398.77	nm0364680	female	wiki	other	protagonist	minor
toy.story.3_tt0435761	tt0435761	Hamm	360.65	nm0001652	male	wiki	animal		
toy.story.3_tt0435761	tt0435761	Ken	306.68	nm0000474	male	wiki	human		
toy.story.3_tt0435761	tt0435761	Aliens	300.76	nm0682066	male	wiki	other		
toy.story.3_tt0435761	tt0435761	Andy	290.42	nm0606658	male	wiki	human		
toy.story.3_tt0435761	tt0435761	Bonnie	276.65	nm3432684	female	wiki	human		
toy.story.3_tt0435761	tt0435761	Barbie	276.32	nm0072533	female	wiki	human		
toy.story.3_tt0435761	tt0435761	Big_Baby	235.19		male	fandom	human	antagonist	minor
toy.story.3_tt0435761	tt0435761	Chunk	149.65	nm0029460	male	wiki	other		
toy.story.3_tt0435761	tt0435761	Buttercup	132.3	nm0307531	male	wiki	animal		
toy.story.3_tt0435761	tt0435761	Chuckles_the_Clown	108.94	nm0524726	male	wiki	other		
toy.story.3_tt0435761	tt0435761	Stretch	101.6	nm0000155	female	wiki	other		
toy.story.3_tt0435761	tt0435761	Mr._Pricklepants	98.14	nm0001096	male	wiki	animal		
toy.story.3_tt0435761	tt0435761	Molly	92.26	nm2356963	female	wiki	human		
toy.story.3_tt0435761	tt0435761	Chatter_Telephone	89.92	nm0628599	male	wiki	other		
toy.story.3_tt0435761	tt0435761	Andy's_Mom	84.83	nm0582418	female	wiki	human		
toy.story.3_tt0435761	tt0435761	Trixie	83.04	nm1102891	female	wiki	animal		
toy.story.3_tt0435761	tt0435761	Totoro	77.2		male	fandom	human		
toy.story.3_tt0435761	tt0435761	Dolly	49.67	nm0001372	female	wiki	human		
toy.story.3_tt0435761	tt0435761	Jack-in-the-Box	45.5	nm0881279	male	wiki	other		
toy.story.3_tt0435761	tt0435761	Monkey	45.38	nm0881279	male	wiki	other		
toy.story.3_tt0435761	tt0435761	Peas-in-a-Pod	31.57	nm3929895	male	fandom	other		
toy.story.3_tt0435761	tt0435761	Feathers	29.82		male	fandom	animal		
toy.story.3_tt0435761	tt0435761	Troll	28.49		unknown	none	other		
toy.story.3_tt0435761	tt0435761	Bookworm	24.61	nm0454236	male	wiki	other		
toy.story.3_tt0435761	tt0435761	Buster	23.06	nm0919798	male	wiki	animal		
toy.story.3_tt0435761	tt0435761	Mr._Tony	10.09		male	fandom	human		
toy.story.3_tt0435761	tt0435761	Bucket_o'_Soldiers	7.76		male	fandom	human		
toy.story.4_tt1979376	tt1979376	Woody	1894.52	nm0000158	male	wiki	human	protagonist	major
toy.story.4_tt1979376	tt1979376	Bo_Peep	812.85	nm0001633	female	wiki	human	protagonist	major
toy.story.4_tt1979376	tt1979376	Gabby_Gabby	470.35	nm0376716	female	wiki	human	antagonist	major
toy.story.4_tt1979376	tt1979376	Buzz_Lightyear	441.44	nm0000741	male	wiki	human	protagonist	minor
toy.story.4_tt1979376	tt1979376	Forky	407.82	nm0355024	male	wiki	other	protagonist	major
toy.story.4_tt1979376	tt1979376	Bonnie	363.74	nm6421259	female	wiki	human		
toy.story.4_tt1979376	tt1979376	Jessie	258.38	nm0000349	female	wiki	human		
toy.story.4_tt1979376	tt1979376	Bunny	244.79	nm1443502	male	wiki	animal		
toy.story.4_tt1979376	tt1979376	Dolly	218.59	nm0001372	female	wiki	human		
toy.story.4_tt1979376	tt1979376	Ducky_(Toy_Story_4)	212.34	nm1221047	male	wiki	animal		
toy.story.4_tt1979376	tt1979376	The_Bensons	177.76		unknown	none	human		
toy.story.4_tt1979376	tt1979376	Duke_Caboom	149.11	nm0000206	male	wiki	human		
toy.story.4_tt1979376	tt1979376	Buttercup	145.9	nm0307531	male	wiki	animal		
toy.story.4_tt1979376	tt1979376	Slinky_Dog	129.13	nm0163703	male	wiki	animal		
toy.story.4_tt1979376	tt1979376	Bullseye	118.08		male	fandom	animal		
toy.story.4_tt1979376	tt1979376	Mr._Potato_Head	114.49	nm0725543	male	wiki	other		
toy.story.4_tt1979376	tt1979376	Mr._Pricklepants	104.65	nm0001096	male	wiki	animal		
toy.story.4_tt1979376	tt1979376	Rex	101.39	nm0001728	male	wiki	animal		
toy.story.4_tt1979376	tt1979376	Mrs._Potato_Head	97.85	nm0364680	female	wiki	other		
toy.story.4_tt1979376	tt1979376	Hamm	97.26	nm0001652	male	wiki	animal		
toy.story.4_tt1979376	tt1979376	Bonnie's_Dad	96.22	nm0379596	male	wiki	human		
toy.story.4_tt1979376	tt1979376	Billy,_Goat_and_Gruff	83.25	nm4038224	unknown	none	animal		
toy.story.4_tt1979376	tt1979376	Harmony	80.62	nm10641344	unknown	none	human		
toy.story.4_tt1979376	tt1979376	Réjean	64.15		male	fandom	human		
toy.story.4_tt1979376	tt1979376	Aliens	58.39	nm0682066	male	wiki	other		
toy.story.4_tt1979376	tt1979376	Lost_Girl	58.02	nm10775277	female	wiki	human		
toy.story.4_tt1979376	tt1979376	Chairol_Burnett	48.47	nm0000993	female	wiki	other		
toy.story.4_tt1979376	tt1979376	Margaret	47.59		unknown	none	human		
toy.story.4_tt1979376	tt1979376	Trixie	44.84	nm1102891	female	wiki	animal		
toy.story.4_tt1979376	tt1979376	Andy's_Mom	33.41	nm0582418	female	wiki	human		
toy.story.4_tt1979376	tt1979376	Old_Timer	30.91	nm0649178	male	wiki	human		
toy.story.4_tt1979376	tt1979376	Axel	29.24	nm0352778	male	wiki	human		
toy.story.4_tt1979376	tt1979376	Harmony's_Mother	24.07		unknown	none	human		
toy.story.4_tt1979376	tt1979376	Andy	22.73	nm7050523	male	fandom	human		
toy.story.4_tt1979376	tt1979376	Karen_Beverly	19.85	nm3830257	female	wiki	other		
toy.story.4_tt1979376	tt1979376	Bitey_White	17.23	nm0924508	female	wiki	other		
toy.story.4_tt1979376	tt1979376	Dragon	14.56		unknown	none	animal	antagonist	minor
toy.story.4_tt1979376	tt1979376	Carnival_Security_Guards	14.31		unknown	none	human		
toy.story.4_tt1979376	tt1979376	Melephant_Brooks	6.51	nm0000316	male	wiki	animal		
transformers.a._tt8864596	tt8864596	Optimus_Prime_/_Orion_Pax	1377.83	nm1165110	male	wiki	other	protagonist	major
transformers.a._tt8864596	tt8864596	Megatron_/_D-16	1013.47	nm3109964	male	wiki	other	antagonist	major
transformers.a._tt8864596	tt8864596	Elita-1	566.19	nm0424060	female	wiki	other	protagonist	major
transformers.a._tt8864596	tt8864596	Bumblebee_/_B-127	551.43	nm1221047	male	wiki	other	protagonist	major
transformers.a._tt8864596	tt8864596	Sentinel_Prime	319.57	nm0358316	male	wiki	other	antagonist	major
transformers.a._tt8864596	tt8864596	Sideswipe	200.24		male	fandom	other		
transformers.a._tt8864596	tt8864596	Starscream	195.15	nm0000114	male	wiki	other	antagonist	minor
transformers.a._tt8864596	tt8864596	Alpha_Trion	127.46	nm0000401	male	wiki	other	protagonist	minor
transformers.a._tt8864596	tt8864596	Ironhide	82.42		male	fandom	other		
transformers.a._tt8864596	tt8864596	Soundwave	74.41	nm3929163	male	wiki	other		
transformers.a._tt8864596	tt8864596	Guard_#1	71.36	nm0089707	male	wiki	other		
transformers.a._tt8864596	tt8864596	Airachnid	62.1	nm0510096	female	fandom	other	antagonist	minor
transformers.a._tt8864596	tt8864596	Arcee	60.1	nm2137962	female	fandom	other		
transformers.a._tt8864596	tt8864596	Darkwing	57.31	nm0802280	male	wiki	other	antagonist	minor
transformers.a._tt8864596	tt8864596	Guard_#2	43.84	nm1539884	male	wiki	other		
transformers.a._tt8864596	tt8864596	Zeta_Prime	32.37	nm0001664	male	wiki	other		
transformers.a._tt8864596	tt8864596	Chromia	23.82	nm2137962	female	fandom	other		
transformers.a._tt8864596	tt8864596	Jazz	20.81	nm6936468	male	fandom	other		
transformers.a._tt8864596	tt8864596	Control_Room_Guys	20.52	nm2155757	male	wiki	other		
trolls_tt1679335	tt1679335	Princess_Poppy	1401.57	nm0447695	female	wiki	other	protagonist	major
trolls_tt1679335	tt1679335	Branch	1141.1	nm0005493	male	wiki	other	protagonist	major
trolls_tt1679335	tt1679335	Bridget	595.3	nm0221046	female	wiki	other	protagonist	minor
trolls_tt1679335	tt1679335	Prince_Gristle	485.48	nm2395586	male	wiki	other	antagonist	minor
trolls_tt1679335	tt1679335	Chef	419.42	nm0004724	female	wiki	other	antagonist	major
trolls_tt1679335	tt1679335	Biggie	272.52	nm0179479	male	wiki	other		
trolls_tt1679335	tt1679335	Chenille	270.14	nm5593235	female	wiki	other		
trolls_tt1679335	tt1679335	Cooper	260.18	nm3236733	male	wiki	other		
trolls_tt1679335	tt1679335	Satin	254.38	nm5592916	female	wiki	other		
trolls_tt1679335	tt1679335	DJ_Suki	245.54	nm0005461	female	wiki	other		
trolls_tt1679335	tt1679335	Creek	216.84	nm1258970	male	wiki	other	antagonist	minor
trolls_tt1679335	tt1679335	Smidge	205.71	nm0230666	female	fandom	other		
trolls_tt1679335	tt1679335	Guy_Diamond	198.45	nm2471798	male	wiki	other		
trolls_tt1679335	tt1679335	King_Peppy	193.32	nm0001787	male	wiki	other	protagonist	minor
trolls_tt1679335	tt1679335	Mr._Dinkles	173.63	nm0230666	male	wiki	other		
trolls_tt1679335	tt1679335	Bibbly	99.18	nm1055302	male	wiki	other		
trolls_tt1679335	tt1679335	Poppy_(Baby)	83.92	nm8540917	female	fandom	other		
trolls_tt1679335	tt1679335	Cloud_Guy	76.49	nm0230666	male	wiki	other		
trolls_tt1679335	tt1679335	Todd	69.28	nm2266084	male	wiki	other		
trolls_tt1679335	tt1679335	Branch_(Young)	68.15	nm7499680	male	fandom	other		
trolls_tt1679335	tt1679335	Aspen_Heitz	64.65	nm6118824	unknown	none	other		
trolls_tt1679335	tt1679335	King_Gristle_Sr.	58.77	nm0000092	male	wiki	other		
trolls_tt1679335	tt1679335	Harper	38.12	nm4832920	female	wiki	other		
trolls.band.tog_tt14362112	tt14362112	Branch	1314.31	nm0005493	male	wiki	other	protagonist	major
trolls.band.tog_tt14362112	tt14362112	Poppy	1200.45	nm0447695	female	wiki	other	protagonist	major
trolls.band.tog_tt14362112	tt14362112	John_Dory	903.82	nm2765191	male	wiki	other	protagonist	minor
trolls.band.tog_tt14362112	tt14362112	Spruce	660.45	nm4377526	male	wiki	other	protagonist	minor
trolls.band.tog_tt14362112	tt14362112	Clay	437.94	nm3264596	male	wiki	other	protagonist	minor
trolls.band.tog_tt14362112	tt14362112	Velvet	397.06	nm2154960	female	wiki	other	antagonist	major
trolls.band.tog_tt14362112	tt14362112	Viva	382.72	nm5305981	female	wiki	other	protagonist	minor
trolls.band.tog_tt14362112	tt14362112	Veneer	354.44	nm0710330	male	wiki	other	antagonist	major
trolls.band.tog_tt14362112	tt14362112	Floyd	350.56	nm2931989	male	wiki	other	protagonist	minor
trolls.band.tog_tt14362112	tt14362112	Bridget	231.81	nm0221046	female	wiki	other	protagonist	minor
trolls.band.tog_tt14362112	tt14362112	Gristle	165.83	nm2395586	male	wiki	other	protagonist	minor
trolls.band.tog_tt14362112	tt14362112	Baby_Branch	136.89	nm8540917	male	fandom	other		
trolls.band.tog_tt14362112	tt14362112	Chenille	131.34	nm5593235	female	wiki	other		
trolls.band.tog_tt14362112	tt14362112	Tiny_Diamond	120.12	nm0860380	male	wiki	other	protagonist	minor
trolls.band.tog_tt14362112	tt14362112	Crimp	115.53	nm0541082	female	wiki	other		
trolls.band.tog_tt14362112	tt14362112	King_Peppy	96.43	nm0230666	male	wiki	other		
trolls.band.tog_tt14362112	tt14362112	Brandy	82.04	nm8773928	trans woman	wiki	other		
trolls.band.tog_tt14362112	tt14362112	Guy_Diamond	77.49	nm2471798	male	wiki	other		
trolls.band.tog_tt14362112	tt14362112	Miss_Maxine	68.86	nm0750412	male	wiki	other		
trolls.band.tog_tt14362112	tt14362112	Mr._Dinkles	48.97	nm0724656	male	wiki	other		
trolls.band.tog_tt14362112	tt14362112	Cloud_Guy	45.25	nm0230666	male	wiki	other		
trolls.band.tog_tt14362112	tt14362112	Prince_D	39.79	nm7256002	male	wiki	other		
trolls.band.tog_tt14362112	tt14362112	Satin	36.08	nm5592916	female	wiki	other		
trolls.band.tog_tt14362112	tt14362112	Cooper	34.12	nm3236733	male	wiki	other		
trolls.band.tog_tt14362112	tt14362112	Biggie	24.4	nm2411784	male	wiki	other		
turbo_tt1860353	tt1860353	Theo_/_Turbo	900.69	nm0005351	male	wiki	animal	protagonist	major
turbo_tt1860353	tt1860353	Tito	672.71	nm0671567	male	wiki	human		
turbo_tt1860353	tt1860353	Chet	542.92	nm0316079	male	wiki	animal		
turbo_tt1860353	tt1860353	Guy_Gagne	315.31	nm0352778	male	wiki	human	antagonist	major
turbo_tt1860353	tt1860353	Paz	249.87	nm0735442	female	wiki	human		
turbo_tt1860353	tt1860353	Angelo	218.43	nm0350079	male	wiki	human		
turbo_tt1860353	tt1860353	Bobby	199.32	nm0420955	male	wiki	human		
turbo_tt1860353	tt1860353	Burn	195.4	nm0748973	female	wiki	animal		
turbo_tt1860353	tt1860353	Kim-Ly	176.51	nm0421822	male	wiki	human		
turbo_tt1860353	tt1860353	White_Shadow	165.5	nm1220133	male	wiki	animal		
turbo_tt1860353	tt1860353	Smoove_Move	155.45	nm0004879	male	wiki	animal		
turbo_tt1860353	tt1860353	Whiplash	122.54	nm0000168	male	wiki	animal		
turbo_tt1860353	tt1860353	Network_Reporter	91.38	nm1788608	female	wiki	human		
turbo_tt1860353	tt1860353	Worker_Snail_#1	86.38	nm1659741	male	wiki	animal		
turbo_tt1860353	tt1860353	Indy_Marketing_Executive	75.7	nm0829601	female	wiki	human		
turbo_tt1860353	tt1860353	Official	74.78	nm0910559	male	wiki	human		
turbo_tt1860353	tt1860353	Male_Tourist	72.2	nm1040029	male	wiki	human		
turbo_tt1860353	tt1860353	Announcer_#1	71.36	nm1643099	unknown	none	human		
turbo_tt1860353	tt1860353	Indy_CEO	70.57	nm0001748	male	wiki	human		
turbo_tt1860353	tt1860353	FAST_Network_Trackside_Reporter	60.77	nm0238757	male	wiki	human		
turbo_tt1860353	tt1860353	Announcer_#2	59.1	nm0663177	male	wiki	human		
turbo_tt1860353	tt1860353	Bike_Boy	52.47	nm4089510	unknown	none	human		
turbo_tt1860353	tt1860353	American_Anchor	52.18	nm0280164	unknown	none	human		
turbo_tt1860353	tt1860353	Skidmark	46.67	nm2355635	male	wiki	animal		
turbo_tt1860353	tt1860353	Worker_Snail_#5	46.55	nm2172737	unknown	none	animal		
turbo_tt1860353	tt1860353	Security_Guard_#2	45.55	nm5802761	unknown	none	human		
turbo_tt1860353	tt1860353	Danny	44.17	nm3110239	unknown	none	human		
turbo_tt1860353	tt1860353	The_Foreman	43.92	nm0233209	male	wiki	animal		
turbo_tt1860353	tt1860353	Indy_Network_Executive	37.7	nm1659741	male	wiki	human		
turbo_tt1860353	tt1860353	Autotune_Kid	35.49	nm1659741	male	wiki	human		
turbo_tt1860353	tt1860353	Australian_Anchor	30.61	nm5638088	male	wiki	human		
turbo_tt1860353	tt1860353	Security_Guard_#1	25.94	nm1660488	unknown	none	human		
turbo_tt1860353	tt1860353	Scottish_Anchor	22.44	nm1040029	male	wiki	human		
turbo_tt1860353	tt1860353	Gagne's_Crew_Chief	22.36	nm1659741	male	wiki	human		
turbo_tt1860353	tt1860353	Lookout_Snail	22.31	nm2326037	unknown	none	animal		
turbo_tt1860353	tt1860353	Female_Tourist	22.06	nm2186207	unknown	none	human		
turbo_tt1860353	tt1860353	Tomato_Slicer	21.73	nm0226206	unknown	none	animal		
turbo_tt1860353	tt1860353	Tour_Bus_Driver	15.56	nm1844237	male	wiki	human		
turbo_tt1860353	tt1860353	Race_Official	12.89	nm0004707	male	wiki	human		
up_tt1049413	tt1049413	Carl_Fredricksen	1793.67	nm0000799	male	wiki	human	protagonist	major
up_tt1049413	tt1049413	Russell	1173.88	nm2973712	male	wiki	human	protagonist	major
up_tt1049413	tt1049413	Charles_Muntz	349.81	nm0001626	male	wiki	human	antagonist	major
up_tt1049413	tt1049413	Dug	316.36	nm0677037	male	wiki	animal	protagonist	major
up_tt1049413	tt1049413	Carl_(Young)	207.92	nm3422941	male	fandom	human		
up_tt1049413	tt1049413	Carl_(Adult)	156.07	nm3422941	male	fandom	human		
up_tt1049413	tt1049413	Beta	154.24	nm0005148	male	wiki	animal		
up_tt1049413	tt1049413	Ellie_(Adult)	144.85	nm3423667	female	fandom	human		
up_tt1049413	tt1049413	Alpha	144.48	nm0677037	male	wiki	animal		
up_tt1049413	tt1049413	Kevin	120.91	nm0230032	female	fandom	animal	protagonist	major
up_tt1049413	tt1049413	Gamma	111.19	nm0710019	male	wiki	animal		
up_tt1049413	tt1049413	Ellie_(Young)	100.98	nm3423667	female	fandom	human		
up_tt1049413	tt1049413	Ellie_(Old)	69.49	nm3423667	female	fandom	human		
up_tt1049413	tt1049413	Construction_Foreman_Tom	57.93	nm0001652	male	wiki	human		
up_tt1049413	tt1049413	Nurse_George	55.6	nm0298412	male	wiki	human		
up_tt1049413	tt1049413	Construction_Worker_Steve	31.2	nm0542706	male	wiki	human		
up_tt1049413	tt1049413	Kevin's_babies	30.66		unknown	none	animal		
up_tt1049413	tt1049413	Nurse_AJ	19.02	nm0363641	male	wiki	human		
wallace..gromit_tt0312004	tt0312004	Gromit	1162.74		male	fandom	animal	protagonist	major
wallace..gromit_tt0312004	tt0312004	Wallace	1062.02	nm0758608	male	wiki	human	protagonist	major
wallace..gromit_tt0312004	tt0312004	Lady_Campanula_Tottington	714.8	nm0000307	female	wiki	human	protagonist	minor
wallace..gromit_tt0312004	tt0312004	Victor_Quartermaine	527.69	nm0000146	male	wiki	human	antagonist	major
wallace..gromit_tt0312004	tt0312004	Reverend_Clement_Hedges	446.74	nm0809448	male	wiki	human		
wallace..gromit_tt0312004	tt0312004	Rabbits	343.68		unknown	none	animal		
wallace..gromit_tt0312004	tt0312004	PC_Mackintosh	245.45	nm0443153	male	wiki	human		
wallace..gromit_tt0312004	tt0312004	Miss_Blight	235.57	nm0309693	female	fandom	human		
wallace..gromit_tt0312004	tt0312004	Mrs._Girdling	213.25	nm1348403	unknown	none	human		
wallace..gromit_tt0312004	tt0312004	Mr._Windfall	205.91	nm0861027	male	wiki	human		
wallace..gromit_tt0312004	tt0312004	Mr._Caliche	200.12	nm1081121	male	wiki	human		
wallace..gromit_tt0312004	tt0312004	Mrs._Mulch	194.57	nm0809131	female	wiki	human		
wallace..gromit_tt0312004	tt0312004	Mr._Leaching	173.88	nm2038317	male	wiki	human		
wallace..gromit_tt0312004	tt0312004	Mr._Mulch	153.15	nm0039319	male	wiki	human		
wallace..gromit_tt0312004	tt0312004	Mr._Growbag	146.69	nm0447040	male	wiki	human		
wallace..gromit_tt0312004	tt0312004	Hutch	141.43	nm0758608	male	wiki	animal	protagonist	minor
wallace..gromit_tt0312004	tt0312004	Were-Rabbit	138.55	nm0758608	male	wiki	animal	antagonist	minor
walle_tt0910970	tt0910970	Captain_B._McCrea	591.09	nm0307531	male	wiki	human	protagonist	minor
walle_tt0910970	tt0910970	EVE	488.7	nm2264184	female	wiki	other	protagonist	major
walle_tt0910970	tt0910970	Wall-E	228.1	nm0123785	male	wiki	other	protagonist	major
walle_tt0910970	tt0910970	John_(WALL-E)	97.31	nm0001652	male	wiki	human		
walle_tt0910970	tt0910970	Mary_(WALL-E)	72.07	nm0001562	female	wiki	human		
walle_tt0910970	tt0910970	AUTO	46.92		male	fandom	other	antagonist	major
weathering.with_tt9426210	tt9426210	Hodaka_Morishima	1686.72	nm10321662	male	wiki	human	protagonist	major
weathering.with_tt9426210	tt9426210	Hina_Amano	825.95	nm10030720	female	wiki	human	protagonist	major
weathering.with_tt9426210	tt9426210	Keisuke_Suga	608.73	nm1040419	male	wiki	human	protagonist	minor
weathering.with_tt9426210	tt9426210	Natsumi_Suga	569.4	nm4836118	female	wiki	human	protagonist	minor
weathering.with_tt9426210	tt9426210	Nagi_Amano	394.48	nm10498321	male	fandom	human	protagonist	minor
weathering.with_tt9426210	tt9426210	Takai	291.67	nm2569233	male	wiki	human		
weathering.with_tt9426210	tt9426210	Fumi_Tachibana	268.43	nm0047962	female	wiki	human		
weathering.with_tt9426210	tt9426210	Yasui	207	nm0386217	male	wiki	human		
who.framed.roge_tt0096438	tt0096438	Bongo_the_Gorilla	2284.95	nm0213148	male	wiki	animal		
who.framed.roge_tt0096438	tt0096438	Roger_Rabbit	823.66	nm0281486	male	wiki	animal	protagonist	major
who.framed.roge_tt0096438	tt0096438	Jessica_Rabbit	409.78	nm0000678	female	wiki	human	protagonist	major
who.framed.roge_tt0096438	tt0096438	Betty_Boop	340.55	nm0703362	female	wiki	animal		
who.framed.roge_tt0096438	tt0096438	Porky_Pig	184.81	nm0000305	male	wiki	animal		
who.framed.roge_tt0096438	tt0096438	Baby_Herman	149.77	nm0386516	male	wiki	human	protagonist	minor
who.framed.roge_tt0096438	tt0096438	Bugs_Bunny	103.27	nm0000305	male	wiki	animal		
who.framed.roge_tt0096438	tt0096438	Daffy_Duck	97.18	nm0000305	male	wiki	animal		
who.framed.roge_tt0096438	tt0096438	Mickey_Mouse	74.07	nm0021656	male	wiki	animal		
who.framed.roge_tt0096438	tt0096438	Benny_The_Cab	73.95	nm0281486	male	wiki	other	protagonist	minor
who.framed.roge_tt0096438	tt0096438	Stupid	66.82	nm0628091	male	wiki	animal		
who.framed.roge_tt0096438	tt0096438	Minnie_Mouse	59.02	nm0853122	female	wiki	animal		
who.framed.roge_tt0096438	tt0096438	Psycho	53.14	nm0281486	male	wiki	animal		
who.framed.roge_tt0096438	tt0096438	Smart_Ass	52.14	nm0005581	male	wiki	animal		
who.framed.roge_tt0096438	tt0096438	Pinocchio	51.63	nm0923108	male	wiki	human		
who.framed.roge_tt0096438	tt0096438	Lena_Hyena	44.46	nm0004931	female	wiki	human		
who.framed.roge_tt0096438	tt0096438	Droopy	43.71	nm0931530	male	wiki	animal		
who.framed.roge_tt0096438	tt0096438	Goofy_Goof	43.59	nm0610573	male	wiki	animal		
who.framed.roge_tt0096438	tt0096438	Tweety_Bird	41.79	nm0000305	male	wiki	animal		
who.framed.roge_tt0096438	tt0096438	Birds	41.58	nm0853122	female	wiki	animal		
who.framed.roge_tt0096438	tt0096438	Donald_Duck	41.5	nm0030615	male	wiki	animal		
who.framed.roge_tt0096438	tt0096438	Woody_Woodpecker	39.91	nm0204348	unknown	none	animal		
who.framed.roge_tt0096438	tt0096438	Sylvester_the_Cat	38.91	nm0000305	male	wiki	animal		
who.framed.roge_tt0096438	tt0096438	Shoe	35.08	nm0004813	female	wiki	other		
who.framed.roge_tt0096438	tt0096438	Bullet_1	28.49	nm0125426	male	wiki	animal		
who.framed.roge_tt0096438	tt0096438	Yosemite_Sam	27.86	nm0016085	male	wiki	animal		
wild.robot_tt29623480	tt29623480	Roz	1485.86	nm2143282	female	wiki	other	protagonist	major
wild.robot_tt29623480	tt29623480	Fink	908.07	nm0050959	male	wiki	animal	protagonist	major
wild.robot_tt29623480	tt29623480	Brightbill	761.84	nm5598573	male	wiki	animal	protagonist	major
wild.robot_tt29623480	tt29623480	Opossum	184.77		unknown	none	animal	protagonist	minor
wild.robot_tt29623480	tt29623480	Paddler	174.26	nm1546196	male	wiki	animal		
wild.robot_tt29623480	tt29623480	RECOs	158.03	nm0858378	male	wiki	other	antagonist	minor
wild.robot_tt29623480	tt29623480	Brightbill_(Baby)	148.4	nm16372344	male	fandom	animal	protagonist	minor
wild.robot_tt29623480	tt29623480	Baby_Bunnies	144.23	nm16372345	unknown	none	animal		
wild.robot_tt29623480	tt29623480	Longneck	126.63	nm0631490	male	wiki	animal	protagonist	minor
wild.robot_tt29623480	tt29623480	Baby_Opossums	103.85	nm13917258	unknown	none	animal		
wild.robot_tt29623480	tt29623480	Baby_Lynx	99.39	nm15901249	unknown	none	animal		
wild.robot_tt29623480	tt29623480	Thorn	94.14	nm0000434	male	wiki	animal		
wild.robot_tt29623480	tt29623480	Baby_Otter	76.95	nm16372346	unknown	none	animal		
wild.robot_tt29623480	tt29623480	Snowdown	74.66	nm5647301	unknown	none	animal		
wild.robot_tt29623480	tt29623480	Raccoons	60.73	nm0048389	male	wiki	animal		
wild.robot_tt29623480	tt29623480	Badgers	58.64	nm0048389	male	wiki	animal		
wild.robot_tt29623480	tt29623480	Peck	48.09	nm6004682	male	wiki	animal		
wild.robot_tt29623480	tt29623480	Weasels	46.05	nm1929609	male	wiki	animal		
wild.robot_tt29623480	tt29623480	Squirrels	30.91	nm0048389	male	wiki	animal		
wild.robot_tt29623480	tt29623480	Chipmunk	18.81	nm15901249	unknown	none	animal		
wish_tt11304740	tt11304740	Asha	1821.4	nm3663196	female	wiki	human	protagonist	major
wish_tt11304740	tt11304740	King_Magnifico	1053.01	nm1517976	male	wiki	human	antagonist	major
wish_tt11304740	tt11304740	Dahlia	529.4	nm4454114	female	fandom	human	protagonist	minor
wish_tt11304740	tt11304740	Valentino	452.08	nm0876138	male	wiki	animal	protagonist	major
wish_tt11304740	tt11304740	Gabo	422.46	nm2957490	male	wiki	human	protagonist	minor
wish_tt11304740	tt11304740	Queen_Amaya	419.63	nm2512132	female	wiki	human	protagonist	minor
wish_tt11304740	tt11304740	Safi	415.5	nm3858973	male	wiki	human	protagonist	minor
wish_tt11304740	tt11304740	Hal	382.51	nm11827577	female	fandom	human	protagonist	minor
wish_tt11304740	tt11304740	Simon	378.84	nm1404239	male	wiki	human	antagonist	minor
wish_tt11304740	tt11304740	Sabino	370.79	nm0001255	male	wiki	human	protagonist	minor
wish_tt11304740	tt11304740	Dario	355.94	nm4339544	male	wiki	human	protagonist	minor
wish_tt11304740	tt11304740	Bazeema	342.63	nm5415922	female	wiki	human	protagonist	minor
wish_tt11304740	tt11304740	Sakina	338.84	nm5625020	female	wiki	human	protagonist	minor
wish_tt11304740	tt11304740	Flying_Woman	292.25	nm0000525	female	wiki	human		
wish_tt11304740	tt11304740	Star	262.68		unknown	none	other	protagonist	major
wish_tt11304740	tt11304740	Mountain_Climber's_Wife	173.26	nm3066573	unknown	none	human		
wish_tt11304740	tt11304740	Mountain_Climber	156.57	nm0949775	male	wiki	human		
wish_tt11304740	tt11304740	Sania	127.09	nm1840659	female	wiki	human		
wish_tt11304740	tt11304740	Tall_Man_Tourist	114.28	nm0949775	male	wiki	human		
wish_tt11304740	tt11304740	Fan_Tourist	100.27	nm3721359	female	wiki	human		
wish_tt11304740	tt11304740	Stag	87.46	nm6105016	male	wiki	animal		
wish_tt11304740	tt11304740	Bunny	59.98	nm11701368	unknown	none	animal		
wish_tt11304740	tt11304740	Mouse	41.58	nm12849433	unknown	none	animal		
wish_tt11304740	tt11304740	Tourist_Boy	41.5	nm10147124	unknown	none	human		
wish_tt11304740	tt11304740	Chicken	20.35		unknown	none	animal		
wish_tt11304740	tt11304740	Balloon	18.02		unknown	none	other		
wish_tt11304740	tt11304740	Baby_Mushroom	15.72	nm11701368	unknown	none	other		
wish_tt11304740	tt11304740	Horse	10.72		unknown	none	animal		
wreckit.ralph_tt1772341	tt1772341	Wreck-It_Ralph_	1472.64	nm0000604	male	wiki	human	protagonist	major
wreckit.ralph_tt1772341	tt1772341	Vanellope_von_Schweetz	796.05	nm0798971	female	wiki	human	protagonist	major
wreckit.ralph_tt1772341	tt1772341	Fix-It_Felix,_Jr.	595.05	nm1442113	male	wiki	human	protagonist	minor
wreckit.ralph_tt1772341	tt1772341	King_Candy	334.46	nm0876138	male	wiki	human	antagonist	major
wreckit.ralph_tt1772341	tt1772341	Sergeant_Calhoun	294.71	nm0528331	female	wiki	human	protagonist	minor
wreckit.ralph_tt1772341	tt1772341	Gene	189.73	nm0675442	male	wiki	human		
wreckit.ralph_tt1772341	tt1772341	Sour_Bill	161.12	nm0601781	male	wiki	other	antagonist	minor
wreckit.ralph_tt1772341	tt1772341	Taffyta_Muttonfudge	134.22	nm1411676	female	wiki	human		
wreckit.ralph_tt1772341	tt1772341	Duncan	125.08	nm0764445	male	wiki	other		
wreckit.ralph_tt1772341	tt1772341	Rancis_Fluggerbutter	117.78	nm0255373	male	wiki	human		
wreckit.ralph_tt1772341	tt1772341	Mary	103.1	nm0566052	female	wiki	human		
wreckit.ralph_tt1772341	tt1772341	Candlehead	97.43	nm1705090	female	wiki	human		
wreckit.ralph_tt1772341	tt1772341	Jubileena_Bing-Bing	96.22		female	fandom	human		
wreckit.ralph_tt1772341	tt1772341	Markowski	89.17	nm0516266	male	wiki	human		
wreckit.ralph_tt1772341	tt1772341	Don	88.46	nm0363641	male	wiki	human		
wreckit.ralph_tt1772341	tt1772341	Lucy	80.25		unknown	none	human		
wreckit.ralph_tt1772341	tt1772341	Roy	78.24	nm2799457	male	wiki	human		
wreckit.ralph_tt1772341	tt1772341	Gloyd_Orangeboar	69.07		male	fandom	human		
wreckit.ralph_tt1772341	tt1772341	Nougetsia_Brumblestain	63.81		female	fandom	human		
wreckit.ralph_tt1772341	tt1772341	Snowanna_Rainbeau	58.48		female	fandom	human		
wreckit.ralph_tt1772341	tt1772341	Crumbelina_DiCaramello	57.64		female	fandom	human		
wreckit.ralph_tt1772341	tt1772341	Deanna	56.35	nm0006713	female	wiki	human		
wreckit.ralph_tt1772341	tt1772341	Nel	55.43		unknown	none	human		
wreckit.ralph_tt1772341	tt1772341	Zombie	54.22	nm0675442	male	wiki	human		
wreckit.ralph_tt1772341	tt1772341	Dr._Eggman	53.22		male	fandom	human		
wreckit.ralph_tt1772341	tt1772341	Zangief	52.8	nm0601781	male	wiki	human		
wreckit.ralph_tt1772341	tt1772341	Moppet_Girl	52.59	nm2640887	female	wiki	human		
wreckit.ralph_tt1772341	tt1772341	Swizzle_"The_Swizz"_Malarkey	50.26		male	fandom	human		
wreckit.ralph_tt1772341	tt1772341	M._Bison	49.59	nm1196184	male	fandom	human		
wreckit.ralph_tt1772341	tt1772341	Minty_Zaki	46.88		female	fandom	human		
wreckit.ralph_tt1772341	tt1772341	Saitine	40.79	nm0419089	male	wiki	other		
wreckit.ralph_tt1772341	tt1772341	Minty_Sakura	40.29		female	fandom	human		
wreckit.ralph_tt1772341	tt1772341	Norwood	38.96		unknown	none	human		
wreckit.ralph_tt1772341	tt1772341	General_Hologram	33.91	nm0371660	male	wiki	human		
wreckit.ralph_tt1772341	tt1772341	Tapper	32.28	nm0005606	male	wiki	human		
wreckit.ralph_tt1772341	tt1772341	Cyborg	31.78	nm1293044	male	wiki	human		
wreckit.ralph_tt1772341	tt1772341	Mr._Litwak	31.41	nm0642145	male	wiki	human		
wreckit.ralph_tt1772341	tt1772341	Neff	28.4		male	fandom	animal		
wreckit.ralph_tt1772341	tt1772341	Meg	28.28		female	fandom	human		
wreckit.ralph_tt1772341	tt1772341	Clyde	26.94	nm2119461	male	wiki	other		
wreckit.ralph_tt1772341	tt1772341	Surge_Protector	26.74	nm1601882	male	wiki	human		
wreckit.ralph_tt1772341	tt1772341	Dr._Brad_Scott	26.48	nm0581580	male	wiki	human		
wreckit.ralph_tt1772341	tt1772341	Q*bert	26.03		male	fandom	other		
wreckit.ralph_tt1772341	tt1772341	Citrusella_Flugpucker	20.19		female	fandom	human		
wreckit.ralph_tt1772341	tt1772341	Turbo	19.81		male	fandom	human	antagonist	major
wreckit.ralph_tt1772341	tt1772341	Sticky_Wipplesnit	19.39		female	fandom	human		
wreckit.ralph_tt1772341	tt1772341	Kohut	18.23	nm1792900	male	wiki	human		
wreckit.ralph_tt1772341	tt1772341	Torvald_Batterbutter	17.73		female	fandom	human		
wreckit.ralph_tt1772341	tt1772341	Sorceress	14.6		female	fandom	human		
wreckit.ralph_tt1772341	tt1772341	Beard_Papa	11.14	nm0224007	male	wiki	human		
wreckit.ralph_tt1772341	tt1772341	Coily	5.67		male	fandom	animal		
wreckit.ralph_tt1772341	tt1772341	Jaxson_de_Box	4.46		unknown	none	human		
wreckit.ralph_tt1772341	tt1772341	Sonic_the_Hedgehog	3.67	nm1886746	male	wiki	other		
zootopia_tt2948356	tt2948356	Nick_Wilde	1561.89	nm0000867	male	wiki	animal	protagonist	major
zootopia_tt2948356	tt2948356	Judy_Hopps	1467.8	nm0329481	female	wiki	animal	protagonist	major
zootopia_tt2948356	tt2948356	Judy_Hopps_(Young)	748.04	nm5415922	female	wiki	animal		
zootopia_tt2948356	tt2948356	Bonnie_Hopps	357.23	nm0001372	female	wiki	animal		
zootopia_tt2948356	tt2948356	Chief_Bogo	279.11	nm0252961	male	wiki	animal		
zootopia_tt2948356	tt2948356	Stu_Hopps	238.74	nm0482141	male	wiki	animal		
zootopia_tt2948356	tt2948356	Dawn_Bellwether	183.52	nm2809577	female	wiki	animal	antagonist	major
zootopia_tt2948356	tt2948356	Officer_Benjamin_Clawhauser	163	nm1535594	male	wiki	animal		
zootopia_tt2948356	tt2948356	Judy_Hopps'_Sister	161.41		unknown	none	animal		
zootopia_tt2948356	tt2948356	Flash_Slothmore	147.69	nm0675442	male	wiki	animal		
zootopia_tt2948356	tt2948356	Travis	131.55	nm0397174	male	wiki	animal		
zootopia_tt2948356	tt2948356	Mayor_Leodore_Lionheart	114.95	nm0799777	male	wiki	animal	antagonist	minor
zootopia_tt2948356	tt2948356	Sharla	98.81	nm7229273	female	wiki	animal		
zootopia_tt2948356	tt2948356	Mrs._Otterton	98.56	nm0818055	female	wiki	animal		
zootopia_tt2948356	tt2948356	Finnick	97.22	nm0001474	male	wiki	animal		
zootopia_tt2948356	tt2948356	Duke_Weaselton	84.29	nm0876138	male	wiki	animal	antagonist	minor
zootopia_tt2948356	tt2948356	Officer_McHorn	81.12	nm1183986	male	wiki	animal		
zootopia_tt2948356	tt2948356	Gideon_Grey_(Young)	81.08	nm1601882	male	wiki	animal		
zootopia_tt2948356	tt2948356	Jaguar_Pretend_Actuary	71.53	nm7970170	male	wiki	animal		
zootopia_tt2948356	tt2948356	Larry	64.27	nm0601781	male	wiki	animal		
zootopia_tt2948356	tt2948356	Koslov	63.86		male	fandom	animal		
zootopia_tt2948356	tt2948356	Gideon_Grey	53.89	nm1601882	male	wiki	animal		
zootopia_tt2948356	tt2948356	Priscilla	53.72	nm0068338	female	wiki	animal		
zootopia_tt2948356	tt2948356	Nick_Wilde_(Young)	49.8	nm0815718	male	fandom	animal		
zootopia_tt2948356	tt2948356	Nangi	46.8	nm1012020	female	wiki	animal		
zootopia_tt2948356	tt2948356	Gareth	41.79	nm7229273	female	wiki	animal		
zootopia_tt2948356	tt2948356	Pig_Reporter	39.04	nm0224007	male	wiki	animal		
zootopia_tt2948356	tt2948356	Hippo_Whose_Mom_Given_Parking_Ticket	38.91	nm7229273	female	wiki	animal		
zootopia_tt2948356	tt2948356	Fru_Fru	36.16	nm3639266	female	wiki	animal		
zootopia_tt2948356	tt2948356	Gary	30.11	nm7961479	male	wiki	animal		
zootopia_tt2948356	tt2948356	Gazelle	28.86	nm0787680	female	wiki	animal		
zootopia_tt2948356	tt2948356	Beaver_Reporter	28.11		unknown	none	animal		
zootopia_tt2948356	tt2948356	Peace_Rally_Protester	28.07		unknown	none	animal		
zootopia_tt2948356	tt2948356	Fabienne_Growley	25.82	nm0712587	female	wiki	animal		
zootopia_tt2948356	tt2948356	Oryx_Reporter	25.28		unknown	none	animal		
zootopia_tt2948356	tt2948356	Jesse	24.98	nm0224007	male	wiki	animal		
zootopia_tt2948356	tt2948356	Yax	24.19	nm0001045	male	wiki	animal		
zootopia_tt2948356	tt2948356	Mr._Manchas	23.94	nm0181425	male	wiki	animal		
zootopia_tt2948356	tt2948356	Peter_Moosebridge	21.69	nm0543730	male	wiki	animal		
zootopia_tt2948356	tt2948356	Moose_Given_Parking_Ticket	19.89	nm0224007	male	wiki	animal		
zootopia_tt2948356	tt2948356	Mouse_Given_Parking_Ticket	17.89	nm1820079	female	wiki	animal		
zootopia_tt2948356	tt2948356	Dr._Madge_Honey_Badger	17.64	nm1705090	female	wiki	animal		
zootopia_tt2948356	tt2948356	Woolter	16.85	nm0224007	male	wiki	animal		
zootopia_tt2948356	tt2948356	Drill_Sergeant	16.18	nm0299275	female	wiki	animal		
zootopia_tt2948356	tt2948356	Peace_Rally_Picketer	16.14		unknown	none	animal		
zootopia_tt2948356	tt2948356	Mrs._Dharma_Armadillo	15.56	nm2888684	female	wiki	animal		
zootopia_tt2948356	tt2948356	Frantic_Pig	15.47	nm2796047	male	wiki	animal		
zootopia_tt2948356	tt2948356	Sheep_Officer	4.63		unknown	none	animal		
zootopia.2_tt26443597	tt26443597	Judy_Hopps	1872.37	nm0329481	female	wiki	animal	protagonist	major
zootopia.2_tt26443597	tt26443597	Nick_Wilde	1699.82	nm0000867	male	wiki	animal	protagonist	major
zootopia.2_tt26443597	tt26443597	Nibbles_Maplestick	438.1	nm3833084	female	wiki	animal	protagonist	minor
zootopia.2_tt26443597	tt26443597	Gary_De'Snake	401.86	nm0702841	male	wiki	animal	protagonist	major
zootopia.2_tt26443597	tt26443597	Pawbert_Lynxley	383.92	nm1676221	male	wiki	animal	antagonist	major
zootopia.2_tt26443597	tt26443597	Milton_Lynxley	180.97	nm0000657	male	wiki	animal	antagonist	major
zootopia.2_tt26443597	tt26443597	Chief_Bogo	142.64	nm0252961	male	wiki	animal		
zootopia.2_tt26443597	tt26443597	Mayor_Winddancer	127.25	nm0911320	male	wiki	animal		
zootopia.2_tt26443597	tt26443597	Cattrick_Lynxley	123.5	nm0000346	male	wiki	animal		
zootopia.2_tt26443597	tt26443597	Captain_Hoggbottom	120.54	nm0327056	female	wiki	animal		
zootopia.2_tt26443597	tt26443597	Kitty_Lynxley	96.85	nm0814259	female	wiki	animal		
zootopia.2_tt26443597	tt26443597	Mr._Big	89.88	nm0005606	male	wiki	animal		
zootopia.2_tt26443597	tt26443597	Officer_Benjamin_Clawhauser	89.63	nm1535594	male	wiki	animal		
zootopia.2_tt26443597	tt26443597	Higgins	84.46	nm0005519	male	wiki	animal		
zootopia.2_tt26443597	tt26443597	George_Purrrnacleo	71.99	nm0672037	unknown	none	animal		
zootopia.2_tt26443597	tt26443597	Gazelle	71.32	nm0787680	female	wiki	animal		
zootopia.2_tt26443597	tt26443597	Jesus	70.82	nm0001803	male	wiki	animal		
zootopia.2_tt26443597	tt26443597	Fru_Fru	69.82	nm3639266	female	wiki	animal		
zootopia.2_tt26443597	tt26443597	Little_Judith	65.98	nm5198446	female	wiki	animal		
zootopia.2_tt26443597	tt26443597	Bartender_Slick_Di'Giguani	58.64	nm6305751	male	wiki	animal		
zootopia.2_tt26443597	tt26443597	Dawn_Bellwether	58.22	nm2809577	female	wiki	animal		
zootopia.2_tt26443597	tt26443597	Dr._Fuzzby	52.39	nm6708435	female	wiki	animal		
zootopia.2_tt26443597	tt26443597	Koslov	51.97		male	fandom	animal		
zootopia.2_tt26443597	tt26443597	Antony_Snootley	48.8	nm0000491	male	wiki	animal		
zootopia.2_tt26443597	tt26443597	Truffler	44.09	nm0266713	male	wiki	animal		
zootopia.2_tt26443597	tt26443597	Flash_Slothmore	38.37	nm0675442	male	wiki	animal		
zootopia.2_tt26443597	tt26443597	Joel	32.62	nm0397174	male	wiki	animal		
zootopia.2_tt26443597	tt26443597	Zebro_Zebraxton	30.86	nm5195221	male	wiki	animal		
zootopia.2_tt26443597	tt26443597	Robert_Furwin	28.57	nm2377394	male	wiki	animal		
zootopia.2_tt26443597	tt26443597	Anti-Venom_Pen	25.78	nm7635388	female	wiki	animal		
zootopia.2_tt26443597	tt26443597	Zebro_Zebrowski	24.11	nm1516006	male	wiki	animal		
zootopia.2_tt26443597	tt26443597	Denny_Howlett	17.43	nm0530249	male	wiki	animal		
zootopia.2_tt26443597	tt26443597	Ed_Shearin	16.98	nm3247828	male	wiki	animal		
zootopia.2_tt26443597	tt26443597	French_Chef	15.56	nm0876138	male	wiki	animal		
zootopia.2_tt26443597	tt26443597	Squeal_of_Fortune_Mouse	15.14	nm0741242	female	wiki	animal		
zootopia.2_tt26443597	tt26443597	Berthold_Hufschmerz	14.6	nm0397174	male	wiki	animal		
zootopia.2_tt26443597	tt26443597	Paul_Moledebrandt	9.59	nm1265802	male	wiki	animal		
zootopia.2_tt26443597	tt26443597	Jurgen_Ziegenkase	6.34	nm1158544	male	wiki	animal		