movie_id	character_name	actor_imdb	role	importance
tt0076759	Luke Skywalker	nm0000434	protagonist	major
tt0076759	Princess Leia Organa	nm0000402	protagonist	major
tt0076759	Han Solo	nm0000148	protagonist	major
tt0076759	Ben Obi-Wan Kenobi	nm0000027	protagonist	major
tt0076759	C-3PO	nm0000355	protagonist	minor
tt0076759	R2-D2	nm0048652	protagonist	minor
tt0076759	Chewbacca	nm0562679	protagonist	minor
tt0076759	Darth Vader	nm0001190	antagonist	major
tt0076759	Grand Moff Tarkin	nm0001088	antagonist	major
tt0079417	Ted Kramer	nm0000163	protagonist	major
tt0079417	Billy Kramer	nm0377888	protagonist	major
tt0079417	Joanna Kramer	nm0000658	antagonist	major
tt0080319	Judy Bernly	nm0000404	protagonist	major
tt0080319	Violet Newstead	nm0005499	protagonist	major
tt0080319	Doralee Rhodes	nm0000573	protagonist	major
tt0080319	Franklin Hart, Jr.	nm0001056	antagonist	major
tt0080319	Roz	nm0933361	antagonist	minor
tt0080360	Eddie Jessup	nm0000458	protagonist	major
tt0080360	Emily Jessup	nm0001974	protagonist	minor
tt0080365	Julian	nm0000152	protagonist	major
tt0080365	Michelle	nm0001381	protagonist	major
tt0080365	Leon	nm0004886	antagonist	major
tt0080365	Mr. Rheiman	nm0829872	antagonist	major
tt0080365	Sunday	nm0001185	antagonist	minor
tt0080377	Philo Beddoe	nm0000142	protagonist	major
tt0080377	Lynn Halsey-Taylor	nm0516800	protagonist	minor
tt0080377	Orville	nm0507212	protagonist	minor
tt0080377	James Beekman	nm0345340	antagonist	major
tt0080402	Prof. Matthew Corbeck	nm0000032	protagonist	major
tt0080402	Jane Turner	nm0948772	protagonist	minor
tt0080402	Margaret Corbeck	nm0000258	antagonist	major
tt0080436	Jerry Kwan	nm0000329	protagonist	major
tt0080436	Dominici	nm0001207	antagonist	major
tt0080436	Kiss	nm0353637	antagonist	minor
tt0080455	Joliet Jake Blues	nm0000004	protagonist	major
tt0080455	Elwood Blues	nm0000101	protagonist	major
tt0080455	Mystery Woman	nm0000402	antagonist	major
tt0080455	Head Nazi	nm0002099	antagonist	minor
tt0080472	Bronco Billy	nm0000142	protagonist	major
tt0080472	Antoinette Lily	nm0516800	protagonist	major
tt0080472	Irene Lily	nm0571979	antagonist	minor
tt0080472	Edgar Lipton	nm0697733	antagonist	minor
tt0080472	John Arlington	nm0507212	antagonist	minor
tt0080472	Sheriff Dix	nm0055812	antagonist	minor
tt0080474	Henry Brubaker	nm0000602	protagonist	major
tt0080474	Richard 'Dickie' Coombes	nm0001433	protagonist	minor
tt0080474	Larry Lee Bullen	nm0001418	protagonist	minor
tt0080474	John Deach	nm0358069	antagonist	major
tt0080474	Huey Rauch	nm0532838	antagonist	major
tt0080474	Roy Purcell	nm0164273	antagonist	minor
tt0080474	Eddie Caldwell	nm0569239	antagonist	minor
tt0080474	C.P. 'Woody' Woodward	nm0001826	antagonist	minor
tt0080474	Senator Charles Hite	nm0533979	antagonist	minor
tt0080487	Danny Noonan	nm0001574	protagonist	major
tt0080487	Al Czervik	nm0001098	protagonist	major
tt0080487	Ty Webb	nm0000331	protagonist	major
tt0080487	Carl Spackler	nm0000195	protagonist	minor
tt0080487	Judge Elihu Smails	nm0461095	antagonist	major
tt0080487	Dr. Beeper	nm0720274	antagonist	minor
tt0080487	Mr. Gopher (uncredited)	nm0493054	antagonist	minor
tt0080520	Cheech	nm0001507	protagonist	major
tt0080520	Chong (as Thomas Chong)	nm0001045	protagonist	major
tt0080520	Dwayne 'Red' Mendoza (as Richard Marin)	nm0001507	protagonist	minor
tt0080520	Desk Clerk - Groundling	nm0000607	antagonist	minor
tt0080549	Loretta Lynn	nm0000651	protagonist	major
tt0080549	Doolittle Lynn	nm0000169	protagonist	major
tt0080556	Paul Dietrich	nm0000377	protagonist	major
tt0080556	Heidi Joan Schoonover	nm0001388	protagonist	major
tt0080684	Luke Skywalker	nm0000434	protagonist	major
tt0080684	Han Solo	nm0000148	protagonist	major
tt0080684	Princess Leia	nm0000402	protagonist	major
tt0080684	C-3PO	nm0000355	protagonist	minor
tt0080684	Chewbacca	nm0562679	protagonist	minor
tt0080684	R2-D2	nm0048652	protagonist	minor
tt0080684	Lando Calrissian	nm0001850	protagonist	minor
tt0080684	Yoda (voice)	nm0000568	protagonist	minor
tt0080684	Ben (Obi-Wan) Kenobi	nm0000027	protagonist	minor
tt0080684	Darth Vader	nm0001190	antagonist	major
tt0080684	Boba Fett	nm0120116	antagonist	minor
tt0080716	Montgomery	nm0005204	protagonist	major
tt0080716	Doris	nm0853808	protagonist	major
tt0080716	Ralph	nm0587944	protagonist	major
tt0080716	Bruno	nm0001087	protagonist	major
tt0080716	Coco	nm0001011	protagonist	major
tt0080716	Lisa	nm0212847	protagonist	major
tt0080716	Leroy	nm0712833	protagonist	major
tt0080716	Hilary	nm0289900	protagonist	minor
tt0080716	Shorofsky	nm0353831	antagonist	minor
tt0080716	Mrs. Sherwood	nm0575198	antagonist	minor
tt0080716	Miss Berg	nm0581008	antagonist	minor
tt0080716	Mrs. Finsecker	nm0400955	antagonist	minor
tt0080731	Nayland Smith	nm0000634	protagonist	major
tt0080731	Pete Williams	nm0291266	protagonist	minor
tt0080731	Joe Capone	nm0128377	protagonist	minor
tt0080731	Sir Roger Avery	nm0866835	protagonist	minor
tt0080731	Fu Manchu	nm0000634	antagonist	major
tt0080731	Alice Rage	nm0000545	antagonist	minor
tt0080731	Sir Nules Thudd	nm0789070	antagonist	minor
tt0080739	President Manfred Link	nm0627878	protagonist	major
tt0080739	Gloria Link	nm0705717	protagonist	minor
tt0080739	Ambassador Longo	nm0364918	antagonist	major
tt0080745	Flash Gordon	nm0429207	protagonist	major
tt0080745	Dale Arden	nm0000758	protagonist	minor
tt0080745	Dr. Hans Zarkov	nm0867694	protagonist	minor
tt0080745	The Emperor Ming (as Max Von Sydow)	nm0001884	antagonist	major
tt0080745	Klytus	nm0943936	antagonist	minor
tt0080745	Kala	nm0577423	antagonist	minor
tt0080754	Barney Caine	nm0001715	protagonist	major
tt0080754	Adam Steiffel	nm0000008	antagonist	major
tt0080754	Lisa	nm0445715	antagonist	minor
tt0080756	Jeanie	nm0000149	protagonist	major
tt0080756	Annie	nm0192947	protagonist	major
tt0080756	Madge	nm0434577	protagonist	major
tt0080756	Deirdre	nm0834794	protagonist	major
tt0080761	Alice	nm0454415	protagonist	major
tt0080761	Mrs. Voorhees	nm0658133	antagonist	major
tt0080761	Jason	nm0499614	antagonist	minor
tt0080798	Gloria Swenson	nm0001687	protagonist	major
tt0080798	Phil Dawn	nm0010629	protagonist	major
tt0080798	Tony Tanzini	nm0289974	antagonist	major
tt0080808	Chuck Barris	nm0057567	protagonist	major
tt0080850	Amy Jensen	nm0641378	protagonist	major
tt0080850	Ray Carlton (the killer)	nm0738234	antagonist	major
tt0080850	Phil	nm0140841	antagonist	minor
tt0080863	Steve Nichols	nm0000615	protagonist	major
tt0080888	Buck	nm0005268	protagonist	major
tt0080917	Brother Ambrose	nm0001204	protagonist	major
tt0080917	Dr. Sebastian Melmoth	nm0001967	protagonist	minor
tt0080917	Mary	nm0489837	protagonist	minor
tt0080917	Armageddon T. Thunderbird	nm0001412	antagonist	major
tt0080934	Blair Maynard	nm0000323	protagonist	major
tt0080934	Justin Maynard	nm0290974	protagonist	minor
tt0080934	John David Nau	nm0001831	antagonist	major
tt0080948	Yussel Rabinovitch	nm0004871	protagonist	major
tt0080948	Jess Robin	nm0004871	protagonist	major
tt0080948	Cantor Rabinovitch	nm0000059	antagonist	major
tt0081032	Jeff Thompson	nm0001719	protagonist	major
tt0081032	Mari Thompson	nm0000081	protagonist	major
tt0081032	Barbara	nm0001320	antagonist	major
tt0081063	Sorrowful Jones	nm0000527	protagonist	major
tt0081063	The Kid	nm0830400	protagonist	major
tt0081063	Blackie	nm0000348	antagonist	major
tt0081071	Jesse James	nm0005077	protagonist	major
tt0081071	Cole Younger	nm0001016	protagonist	major
tt0081071	Frank James	nm0005078	protagonist	major
tt0081071	Jim Younger	nm0001018	protagonist	minor
tt0081071	Mr. Rixley	nm0926215	antagonist	major
tt0081071	Bob Ford	nm0346415	antagonist	minor
tt0081071	Charlie Ford	nm0001302	antagonist	minor
tt0081184	Terry	nm0043497	protagonist	major
tt0081184	Bruce Smith	nm0512912	protagonist	major
tt0081184	Bo Tulinski	nm0187083	protagonist	minor
tt0081184	Vincent Smith	nm0001983	antagonist	major
tt0081184	Ida Smith	nm0663878	antagonist	major
tt0081207	Clifford	nm0538485	protagonist	major
tt0081207	Linderman	nm0000284	protagonist	major
tt0081207	Moody	nm0000369	antagonist	major
tt0081207	Mike	nm0757591	antagonist	minor
tt0081249	Maxwell Smart	nm0010915	protagonist	major
tt0081249	Sauvage	nm0002094	antagonist	major
tt0081268	Tracy Richards	nm0521608	protagonist	major
tt0081268	God	nm0122675	protagonist	major
tt0081268	Paula Richards	nm0687189	antagonist	minor
tt0081268	Don Richards	nm0083709	antagonist	minor
tt0081269	Browning	nm0000331	protagonist	major
tt0081269	Benji a.k.a Browning	nm1449294	protagonist	major
tt0081269	Jackie	nm0005412	protagonist	major
tt0081269	Bart	nm0001725	antagonist	major
tt0081269	Alistair Becket	nm0834438	antagonist	major
tt0081283	Conrad	nm0000459	protagonist	major
tt0081283	Calvin Jarrett	nm0000661	protagonist	major
tt0081283	Beth Jarrett	nm0001546	antagonist	major
tt0081353	Popeye	nm0000245	protagonist	major
tt0081353	Olive Oyl	nm0001167	protagonist	major
tt0081353	Bluto	nm0809544	antagonist	major
tt0081353	Wimpy	nm0233209	antagonist	minor
tt0081353	The Taxman	nm0595567	antagonist	minor
tt0081375	Judy Benjamin	nm0000443	protagonist	major
tt0081375	Henrí Trémont	nm0000800	antagonist	major
tt0081375	Capt. Doreen Lewis	nm0107281	antagonist	minor
tt0081375	Col. Clay Thornbush	nm0916434	antagonist	minor
tt0081375	Sgt. L.C. Ross	nm0930724	antagonist	minor
tt0081398	Jake La Motta	nm0000134	protagonist	major
tt0081398	Tommy Como	nm0170225	antagonist	minor
tt0081398	Salvy	nm0898634	antagonist	minor
tt0081398	Sugar Ray Robinson - First Robinson Fight	nm0055652	antagonist	minor
tt0081433	Travis W. Redfish	nm0001533	protagonist	major
tt0081433	Lola Bouilliabase	nm0402895	protagonist	major
tt0081433	Ace	nm0816876	antagonist	minor
tt0081505	Wendy Torrance	nm0001167	protagonist	major
tt0081505	Danny Torrance	nm0515950	protagonist	major
tt0081505	Dick Hallorann	nm0001079	protagonist	minor
tt0081505	Jack Torrance	nm0000197	antagonist	major
tt0081505	Lloyd	nm0877185	antagonist	minor
tt0081505	Charles Grady	nm0832104	antagonist	minor
tt0081529	Bandit	nm0000608	protagonist	major
tt0081529	Cledus	nm0715274	protagonist	major
tt0081529	Carrie	nm0000398	protagonist	major
tt0081529	Doc	nm0001123	protagonist	minor
tt0081529	Sheriff Buford T. Justice	nm0001276	antagonist	major
tt0081529	Gaylord Justice	nm0001276	antagonist	minor
tt0081529	Reginald Van Justice	nm0001276	antagonist	minor
tt0081534	Richard Collier	nm0001659	protagonist	major
tt0081534	Elise McKenna	nm0005412	protagonist	major
tt0081534	W. F. Robinson	nm0001626	antagonist	major
tt0081554	Sandy Bates	nm0000095	protagonist	major
tt0081562	Skip Donahue	nm0000698	protagonist	major
tt0081562	Harry Monroe	nm0001640	protagonist	major
tt0081562	Warden Walter Beatty	nm0179224	antagonist	major
tt0081562	Deputy Ward Wilson	nm0005266	antagonist	major
tt0081562	Jack Graham	nm0052186	antagonist	minor
tt0081573	Superman	nm0001659	protagonist	major
tt0081573	Clark Kent	nm0001659	protagonist	major
tt0081573	Lois Lane	nm0452288	protagonist	major
tt0081573	General Zod	nm0000654	antagonist	major
tt0081573	Ursa	nm0235243	antagonist	major
tt0081573	Non	nm0641172	antagonist	major
tt0081573	Lex Luthor	nm0000432	antagonist	major
tt0081573	Rocky	nm0552893	antagonist	minor
tt0081633	Kevin	nm0912649	protagonist	major
tt0081633	Randall	nm0710884	protagonist	major
tt0081633	Fidgit	nm0048652	protagonist	minor
tt0081633	Strutter	nm0228915	protagonist	minor
tt0081633	Og	nm0249507	protagonist	minor
tt0081633	Wally	nm0701023	protagonist	minor
tt0081633	Vermin	nm0743888	protagonist	minor
tt0081633	Evil Genius	nm0001831	antagonist	major
tt0081633	Supreme Being	nm0724732	antagonist	minor
tt0081748	Hunter S. Thompson	nm0000195	protagonist	major
tt0081748	Lazlo	nm0001967	protagonist	major
tt0081751	Herschel	nm0001545	protagonist	major
tt0081751	Harvey	nm0001545	protagonist	minor
tt0081751	Zoey	nm0628170	protagonist	minor
tt0081777	Sonny Malone	nm0065235	protagonist	major
tt0081777	Kira	nm0000556	protagonist	major
tt0081777	Danny McGuire	nm0000037	protagonist	major
tt0081974	Michael Colin Gallagher	nm0000056	protagonist	major
tt0081974	Megan Carter	nm0000398	protagonist	major
tt0081974	Elliott Rosen	nm0000837	antagonist	major
tt0082001	George Dupler	nm0000432	protagonist	major
tt0082001	Cheryl Gibbons	nm0000659	protagonist	major
tt0082001	Bobby Gibbons	nm0004878	antagonist	minor
tt0082010	David Kessler	nm0622544	protagonist	major
tt0082010	Jack Goodman	nm0001162	protagonist	minor
tt0082010	First Werewolf	nm0752761	antagonist	minor
tt0082031	Arthur Bach	nm0001545	protagonist	major
tt0082031	Linda Marolla	nm0591485	protagonist	major
tt0082031	Martha Bach	nm0280242	antagonist	major
tt0082031	Burt Johnson	nm0254634	antagonist	minor
tt0082031	Susan Johnson	nm0251708	antagonist	minor
tt0082031	Stanford Bach	nm0053856	antagonist	minor
tt0082042	Amy Post	nm0000398	protagonist	major
tt0082042	Elmore Pratt	nm0000169	protagonist	major
tt0082089	Ned Racine	nm0000458	protagonist	major
tt0082089	Matty Walker	nm0000678	antagonist	major
tt0082121	Joe Braxton	nm0001640	protagonist	major
tt0082121	Vivian Perry	nm0001807	protagonist	major
tt0082121	Donald	nm0160080	antagonist	major
tt0082136	J. J. McClure	nm0000608	protagonist	major
tt0082136	Victor Prinzim	nm0001123	protagonist	major
tt0082136	Pamela	nm0000396	protagonist	minor
tt0082136	Doctor Nikolas Van Helsing	nm0001181	protagonist	minor
tt0082136	A. F. Foyt	nm0299149	antagonist	major
tt0082136	Jamie Blake	nm0001509	antagonist	minor
tt0082136	Fenderbaum	nm0002035	antagonist	minor
tt0082136	Chief Biker	nm0001228	antagonist	minor
tt0082145	Annie	nm0001625	protagonist	major
tt0082145	Jenny - 'Little Britches'	nm0000178	protagonist	major
tt0082145	Bill Doolin	nm0000044	protagonist	major
tt0082145	Tilghman	nm0001768	antagonist	major
tt0082158	Harold Abrahams	nm0002027	protagonist	major
tt0082158	Eric Liddell	nm0153182	protagonist	major
tt0082158	Master of Trinity (as Sir John Gielgud)	nm0000024	antagonist	minor
tt0082158	Master of Caius	nm0000755	antagonist	minor
tt0082158	Jennie Liddell	nm0132293	antagonist	minor
tt0082158	Prince of Wales	nm0947379	antagonist	minor
tt0082198	Conan	nm0000216	protagonist	major
tt0082198	Subotai	nm0520068	protagonist	minor
tt0082198	Valeria	nm0000922	protagonist	minor
tt0082198	Young Conan	nm0764450	protagonist	minor
tt0082198	Thulsa Doom	nm0000469	antagonist	major
tt0082198	Rexor	nm0203234	antagonist	minor
tt0082200	Ernie Souchak	nm0000004	protagonist	major
tt0082200	Nell Porter	nm0001974	protagonist	major
tt0082200	Police Thug	nm0213845	antagonist	minor
tt0082200	Police Thug	nm0712684	antagonist	minor
tt0082288	Galen	nm0001493	protagonist	major
tt0082288	Valerian	nm0164680	protagonist	minor
tt0082288	Ulrich	nm0724732	protagonist	minor
tt0082288	Tyrian	nm0356268	antagonist	major
tt0082288	Casiodorus Rex	nm0264235	antagonist	minor
tt0082329	David	nm0382063	protagonist	major
tt0082329	Jade	nm0000222	protagonist	major
tt0082329	Hugh	nm0614916	antagonist	major
tt0082329	Keith (as Jimmy Spader)	nm0000652	antagonist	minor
tt0082334	Carla Moran	nm0001347	protagonist	major
tt0082348	King Arthur	nm0856050	protagonist	major
tt0082348	Merlin	nm0932116	protagonist	major
tt0082348	Lancelot	nm0165551	protagonist	major
tt0082348	Perceval	nm0313264	protagonist	major
tt0082348	Morgana	nm0000545	antagonist	major
tt0082348	Mordred	nm0011665	antagonist	major
tt0082352	Jane Harris	nm0856708	protagonist	major
tt0082352	Tracy Harris	nm0000492	protagonist	minor
tt0082352	Stanley Herbert	nm0228277	antagonist	major
tt0082377	Damien	nm0000554	protagonist	major
tt0082377	De Carlo	nm0106387	antagonist	major
tt0082377	Kate Reynolds	nm0366027	antagonist	major
tt0082398	James Bond	nm0000549	protagonist	major
tt0082398	Melina	nm0000962	protagonist	major
tt0082398	Kristatos	nm0002103	antagonist	major
tt0082398	Locque	nm0331788	antagonist	minor
tt0082398	Erik Kriegler	nm0943840	antagonist	minor
tt0082398	Gonzales	nm0435875	antagonist	minor
tt0082398	Apostis	nm0458161	antagonist	minor
tt0082405	Jack Burroughs	nm0000257	protagonist	major
tt0082405	Kate Burroughs	nm0000993	protagonist	major
tt0082405	Nick Callan	nm0137230	protagonist	major
tt0082405	Anne Callan	nm0006800	protagonist	major
tt0082405	Claudia Zimmer	nm0001549	protagonist	major
tt0082405	Danny Zimmer	nm0922967	protagonist	major
tt0082405	Ginny Newley (Callan)	nm0000787	protagonist	major
tt0082418	Ginny	nm0824386	protagonist	major
tt0082418	Paul	nm0298859	protagonist	major
tt0082418	Alice	nm0454415	protagonist	minor
tt0082418	Jason	nm0319068	antagonist	major
tt0082418	Jason (as Steve Daskawisz)	nm0201977	antagonist	major
tt0082427	Amy Harper	nm0000931	protagonist	major
tt0082427	Buzz Dawson	nm0399590	protagonist	minor
tt0082427	Liz Duncan	nm0940462	protagonist	minor
tt0082427	Richie Atterbury	nm0152187	protagonist	minor
tt0082427	Funhouse Barker	nm0176723	antagonist	major
tt0082427	The Monster	nm0229566	antagonist	major
tt0082449	Don	nm0913738	protagonist	major
tt0082449	Ricky Hawthorne	nm0000001	protagonist	major
tt0082449	Sears James	nm0002144	protagonist	major
tt0082449	John Jaffrey	nm0002048	protagonist	minor
tt0082449	Edward Wanderley	nm0001195	protagonist	minor
tt0082449	Eva	nm0000481	antagonist	major
tt0082449	Alma	nm0000481	antagonist	major
tt0082449	Gregory Bate	nm0272883	antagonist	minor
tt0082449	Fenny Bate	nm0390091	antagonist	minor
tt0082474	Kermit the Frog	nm0001345	protagonist	major
tt0082474	Miss Piggy	nm0000568	protagonist	major
tt0082474	Fozzie Bear	nm0000568	protagonist	minor
tt0082474	The Great Gonzo	nm0324397	protagonist	minor
tt0082474	Nicky Holiday	nm0001301	antagonist	major
tt0082474	Carla	nm0397426	antagonist	minor
tt0082474	Darla	nm0277406	antagonist	minor
tt0082474	Marla	nm0187262	antagonist	minor
tt0082484	Naoh	nm0569239	protagonist	major
tt0082484	Amoukar	nm0000579	protagonist	major
tt0082484	Gaw (as Nameer El-Kadi)	nm0252832	protagonist	major
tt0082484	Ika	nm0001044	protagonist	major
tt0082484	The Wagabou Tribe	nm0072024	antagonist	minor
tt0082484	The Kzamm Tribe	nm0857258	antagonist	minor
tt0082495	Laurie Strode	nm0000130	protagonist	major
tt0082495	Sam Loomis	nm0000587	protagonist	major
tt0082495	The Shape	nm0006441	antagonist	major
tt0082497	Jonathan Lansdale	nm0000323	protagonist	major
tt0082507	Val	nm0001412	protagonist	major
tt0082507	Aqua	nm0001613	protagonist	major
tt0082507	Catskil (voice)	nm0141659	protagonist	minor
tt0082507	Phil (voice)	nm0305263	protagonist	minor
tt0082507	Crimebuster (voice)	nm0304532	antagonist	major
tt0082517	Comicus	nm0000316	protagonist	major
tt0082517	Josephus	nm0002138	protagonist	major
tt0082517	Jacques	nm0000316	protagonist	major
tt0082517	Moses	nm0000316	protagonist	minor
tt0082517	Swiftus	nm0137030	protagonist	minor
tt0082517	Miriam	nm0401799	protagonist	minor
tt0082517	Mademoiselle Rimbaud	nm0827298	protagonist	minor
tt0082517	Emperor Nero	nm0001123	antagonist	major
tt0082517	King Louis XVI	nm0000316	antagonist	major
tt0082517	Marcus Vindictus	nm0338922	antagonist	minor
tt0082517	Torquemada	nm0000316	antagonist	minor
tt0082517	Madame Defarge	nm0001458	antagonist	minor
tt0082517	Count de Monet	nm0466327	antagonist	minor
tt0082525	Mayor Kirby T. Calo	nm0001137	protagonist	major
tt0082525	Eugene	nm0001169	protagonist	minor
tt0082525	Osvaldo	nm0341055	protagonist	minor
tt0082525	Hitchhiker	nm0827663	protagonist	minor
tt0082525	Duane Hansen	nm0000977	protagonist	minor
tt0082525	Carmen Odessa Shelby	nm0000350	protagonist	minor
tt0082525	Snapper	nm0381606	protagonist	minor
tt0082525	Carol	nm0001788	protagonist	minor
tt0082525	Sherm	nm0002025	protagonist	minor
tt0082525	Sister Mary Clarise	nm0656183	protagonist	minor
tt0082525	Sister Mary Magdalene	nm0750658	protagonist	minor
tt0082525	T.J. Tupus	nm0412955	protagonist	minor
tt0082558	Pat Kramer	nm0005499	protagonist	major
tt0082619	Steve	nm0002122	protagonist	major
tt0082619	Cal	nm0000454	antagonist	major
tt0082648	John Reid	nm0445719	protagonist	major
tt0082648	The Lone Ranger	nm0445719	protagonist	major
tt0082648	Tonto	nm0395398	protagonist	major
tt0082648	Young John Reid	nm0319643	protagonist	minor
tt0082648	Young Tonto	nm0600241	protagonist	minor
tt0082648	Cavendish	nm0000502	antagonist	major
tt0082648	Ranger Collins	nm0371731	antagonist	minor
tt0082694	Max	nm0000154	protagonist	major
tt0082694	The Gyro Captain	nm0817748	protagonist	minor
tt0082694	Pappagallo (as Mike Preston)	nm0696463	protagonist	minor
tt0082694	The Feral Kid	nm0591755	protagonist	minor
tt0082694	The Humungus	nm0632250	antagonist	major
tt0082694	Wez	nm0920460	antagonist	major
tt0082694	The Toadie	nm0681041	antagonist	minor
tt0082763	Max Fielder	nm0000331	protagonist	major
tt0082763	Mark Winslow	nm0001056	antagonist	major
tt0082763	Barry	nm0470656	antagonist	minor
tt0082764	Robert Cole	nm0000983	protagonist	major
tt0082764	Mary Harvard	nm0002130	protagonist	major
tt0082801	Earl Keese	nm0000004	protagonist	major
tt0082801	Vic	nm0000101	antagonist	major
tt0082801	Ramona	nm0001550	antagonist	major
tt0082817	Deke DaSilva	nm0000230	protagonist	major
tt0082817	Matthew Fox	nm0001850	protagonist	minor
tt0082817	Wulfgar	nm0000442	antagonist	major
tt0082817	Shakka	nm0001422	antagonist	minor
tt0082846	Norman Thayer Jr.	nm0000020	protagonist	major
tt0082846	Ethel Thayer	nm0000031	protagonist	major
tt0082846	Chelsea Thayer Wayne	nm0000404	protagonist	minor
tt0082869	O'Niel	nm0000125	protagonist	major
tt0082869	Lazarus	nm0827973	protagonist	minor
tt0082869	Sheppard	nm0001967	antagonist	major
tt0082869	Ballard	nm0676370	antagonist	minor
tt0082945	Detective Daniel Ciello	nm0001852	protagonist	major
tt0082958	Meade	nm0001852	protagonist	major
tt0082958	Hannah	nm0002130	protagonist	major
tt0082958	Gruen	nm0000380	antagonist	major
tt0082958	Remson	nm0322339	antagonist	minor
tt0082969	Nita	nm0000651	protagonist	major
tt0082969	Teddy	nm0000616	protagonist	major
tt0082969	Calvin	nm0761836	antagonist	major
tt0082969	Arnold	nm0910145	antagonist	major
tt0082970	Coalhouse Walker Jr.	nm0738415	protagonist	major
tt0082970	Mother	nm0005460	protagonist	major
tt0082970	Father	nm0647921	protagonist	major
tt0082970	Younger Brother	nm0000374	protagonist	major
tt0082970	Evelyn Nesbit	nm0001527	protagonist	major
tt0082970	Tateh	nm0001597	protagonist	minor
tt0082970	Sarah	nm0000739	protagonist	minor
tt0082970	Willie Conklin	nm0573299	antagonist	major
tt0082970	New York Police Commissioner Rhinelander Waldo	nm0000010	antagonist	major
tt0082970	Henry Thaw	nm0431451	antagonist	minor
tt0082971	Indy	nm0000148	protagonist	major
tt0082971	Marion	nm0000261	protagonist	major
tt0082971	Sallah	nm0722636	protagonist	minor
tt0082971	Belloq	nm0293550	antagonist	major
tt0082971	Toht	nm0479951	antagonist	major
tt0082979	John Reed	nm0000886	protagonist	major
tt0082979	Louise Bryant	nm0000473	protagonist	major
tt0083006	Lee Winters	nm0000404	protagonist	major
tt0083006	Hubbell Smith	nm0001434	protagonist	major
tt0083006	Maxwell Emery	nm0002025	antagonist	major
tt0083006	Limousine Driver	nm0278504	antagonist	minor
tt0083064	Sharky	nm0000608	protagonist	major
tt0083064	Dominoe	nm0001829	protagonist	minor
tt0083064	Papa	nm0001417	protagonist	minor
tt0083064	Arch	nm0143378	protagonist	minor
tt0083064	Nosh	nm0508844	protagonist	minor
tt0083064	Victor	nm0002094	antagonist	major
tt0083064	Billy Score	nm0798328	antagonist	major
tt0083064	Smiley	nm0382718	antagonist	minor
tt0083064	Hotchkins	nm0391096	antagonist	minor
tt0083107	Eddie Keller	nm0001640	protagonist	major
tt0083107	Tommy Morelli (uncredited)	nm0326091	antagonist	minor
tt0083113	Erica Baron	nm0001153	protagonist	major
tt0083131	John	nm0000195	protagonist	major
tt0083131	Russell	nm0000601	protagonist	major
tt0083131	Capt. Stillman	nm0488662	antagonist	major
tt0083131	Sgt. Hulka	nm0643105	antagonist	minor
tt0083133	Toby	nm0728779	protagonist	major
tt0083133	The Breather (as Richard Brando)	nm0069547	antagonist	major
tt0083133	Principal Peters	nm0847824	antagonist	major
tt0083133	Miss Mumsley	nm0917114	antagonist	major
tt0083133	Hardy (as Matt Goldsby)	nm0325999	antagonist	minor
tt0083169	Brian Moreland	nm0000459	protagonist	major
tt0083169	David Shawn	nm0000129	protagonist	minor
tt0083169	Alex Dwyer	nm0000576	protagonist	minor
tt0083169	Edward West	nm0359577	protagonist	minor
tt0083169	General Harlan Bache	nm0001715	protagonist	minor
tt0083169	Colonel Kerby	nm0001074	antagonist	major
tt0083169	Sheriff	nm0359695	antagonist	minor
tt0083254	Rollo Sweet	nm0399155	protagonist	major
tt0083254	Annie Clark	nm0000402	protagonist	major
tt0083254	Bruce Thorpe	nm0000331	protagonist	major
tt0083254	The Duke	nm0536850	protagonist	minor
tt0083254	The Duchess	nm0000781	protagonist	minor
tt0083254	Homer	nm0410631	protagonist	minor
tt0083254	Otto Kriegling	nm0000863	antagonist	major
tt0083254	Nakomuri	nm0538683	antagonist	minor
tt0083254	The Assassin	nm0232817	antagonist	minor
tt0083336	Dewey Wilson	nm0001215	protagonist	major
tt0083336	Rebecca Neff	nm0893204	protagonist	minor
tt0083365	Henry Reyna	nm0883639	protagonist	major
tt0083365	El Pachuco	nm0001579	protagonist	major
tt0083365	Rafas	nm1807290	antagonist	minor
tt0083511	Jack Cates	nm0000560	protagonist	major
tt0083511	Reggie Hammond	nm0000552	protagonist	major
tt0083511	Ganz	nm0001664	antagonist	major
tt0083511	Billy Bear	nm0484739	antagonist	major
tt0083530	Ted Striker	nm0001332	protagonist	major
tt0083530	Elaine Dickinson	nm0353546	protagonist	major
tt0083530	Bud Kruger	nm0001800	antagonist	minor
tt0083530	The Commissioner	nm0215000	antagonist	minor
tt0083530	Simon Kurtz	nm0263496	antagonist	minor
tt0083530	The Bomber	nm0095122	antagonist	minor
tt0083564	Annie	nm0703747	protagonist	major
tt0083564	Daddy Warbucks	nm0001215	protagonist	major
tt0083564	Miss Hannigan	nm0000993	antagonist	major
tt0083564	Rooster	nm0000347	antagonist	major
tt0083564	Lily	nm0001613	antagonist	minor
tt0083641	Richard Babson	nm0000608	protagonist	major
tt0083641	Paula McCullen	nm0000443	protagonist	major
tt0083642	Sheriff Ed Earl Dodd	nm0000608	protagonist	major
tt0083642	Mona Stangley	nm0000573	protagonist	major
tt0083642	Melvin	nm0001123	antagonist	major
tt0083642	Governor	nm0001164	antagonist	minor
tt0083658	Deckard	nm0000148	protagonist	major
tt0083658	Batty	nm0000442	antagonist	major
tt0083658	Leon	nm0001397	antagonist	minor
tt0083658	Pris	nm0000435	antagonist	minor
tt0083658	Zhora	nm0001026	antagonist	minor
tt0083767	"Billy (segments ""Prologue"""	nm0454872	protagonist	major
tt0083767	"Aunt Bedelia (segment ""Father's Day"")"	nm0511798	protagonist	major
tt0083767	"Jordy Verrill (segment ""The Lonesome Death of Jordy Verrill"")"	nm0000175	protagonist	major
tt0083767	"Harry Wentworth (segment ""Something To Tide You Over"")"	nm0001101	protagonist	major
tt0083767	"Becky Vickers (segment ""Something To Tide You Over"")"	nm0743417	protagonist	minor
tt0083767	"Dexter Stanley (segment ""The Crate"")"	nm0915851	protagonist	major
tt0083767	"Henry Northrup (segment ""The Crate"")"	nm0001358	protagonist	major
tt0083767	"Upson Pratt (segment ""They're Creeping Up On You"")"	nm0550855	protagonist	major
tt0083767	"Stan (segments ""Prologue"""	nm0040662	antagonist	major
tt0083767	"Nathan Grantham (segment ""Father's Day"")"	nm0521070	antagonist	major
tt0083767	"Richard Vickers (segment ""Something To Tide You Over"")"	nm0000558	antagonist	major
tt0083767	"Wilma Northrup (segment ""The Crate"")"	nm0000105	antagonist	major
tt0083767	"Fluffy (segment ""The Crate"") (uncredited)"	nm0275047	antagonist	minor
tt0083791	Jen, a Gelfling (performer)	nm0001345	protagonist	major
tt0083791	Jen (voice)	nm0307589	protagonist	major
tt0083791	Kira, a Gelfling (performer)	nm0612020	protagonist	major
tt0083791	Kira (voice)	nm0561753	protagonist	major
tt0083791	Chamberlain (performer)	nm0000568	antagonist	major
tt0083791	Chamberlain	nm0219336	antagonist	major
tt0083791	General, Garthim Master (performer)	nm0324397	antagonist	major
tt0083791	General (voice)	nm0453023	antagonist	major
tt0083791	Scientist (performer) (voice)	nm0926209	antagonist	minor
tt0083791	High Priest, Ritual Master (performer)	nm0001345	antagonist	minor
tt0083791	High Priest	nm0625456	antagonist	minor
tt0083798	Rigby Reardon	nm0000188	protagonist	major
tt0083798	Juliet Forrest	nm0001829	protagonist	major
tt0083798	Field Marshall VonKluck	nm0005348	antagonist	major
tt0083798	Kitty Collins (archive footage)	nm0001257	antagonist	minor
tt0083798	Rice (archive footage)	nm0001637	antagonist	minor
tt0083806	Sidney Bruhl	nm0000323	protagonist	major
tt0083806	Clifford Anderson	nm0001659	antagonist	major
tt0083806	Helga ten Dorp	nm0941683	antagonist	minor
tt0083866	Elliott	nm0001794	protagonist	major
tt0083866	E.T. (voice) (uncredited)	nm0920581	protagonist	major
tt0083866	Michael (as Robert Macnaughton)	nm0534085	protagonist	minor
tt0083866	Gertie	nm0000106	protagonist	minor
tt0083866	Keys	nm0001075	antagonist	major
tt0083866	Government Agent (uncredited)	nm0343722	antagonist	minor
tt0083866	Federal Agent in car chase (uncredited)	nm0199830	antagonist	minor
tt0083929	Brad Hamilton	nm0001662	protagonist	major
tt0083929	Stacy Hamilton	nm0000492	protagonist	major
tt0083929	Jeff Spicoli	nm0000576	protagonist	major
tt0083929	Mark 'Rat' Ratner	nm0045637	protagonist	major
tt0083929	Linda Barrett	nm0000121	protagonist	minor
tt0083929	Mike Damone	nm0001680	antagonist	major
tt0083929	Mr. Hand	nm0001827	antagonist	minor
tt0083943	Mitchell Gant	nm0000142	protagonist	major
tt0083943	Lt. Col. Yuri Voskov	nm0943280	antagonist	major
tt0083943	First Secretary	nm0773608	antagonist	major
tt0083943	General Vladimirov (as Klaus Lowitsch)	nm0530594	antagonist	minor
tt0083943	Colonel Kontarsky	nm0171829	antagonist	minor
tt0083944	Rambo	nm0000230	protagonist	major
tt0083944	Teasle	nm0001133	antagonist	major
tt0083944	Galt	nm0823630	antagonist	minor
tt0083972	Chris	nm0454011	protagonist	major
tt0083972	Jason	nm0111777	antagonist	major
tt0083987	Mahatma Gandhi	nm0001426	protagonist	major
tt0083987	Pandit Nehru	nm0786022	protagonist	minor
tt0083987	Mohamed Ali Jinnah	nm0655589	antagonist	major
tt0083987	General Dyer	nm0002081	antagonist	minor
tt0084370	Benjy Stone	nm0513021	protagonist	major
tt0084370	Alan Swann	nm0000564	protagonist	major
tt0084370	Karl Rojeck	nm0593192	antagonist	minor
tt0084412	Chuck Lumley	nm0001857	protagonist	major
tt0084412	Bill Blazejowski	nm0000474	protagonist	major
tt0084412	Belinda Keaton	nm0001480	protagonist	minor
tt0084434	Zack Mayo	nm0000152	protagonist	major
tt0084434	Paula Pokrifki	nm0000700	protagonist	minor
tt0084434	Sid Worley	nm0001418	protagonist	minor
tt0084434	Sgt. Emil Foley	nm0001283	antagonist	major
tt0084434	Lynette Pomeroy	nm0089408	antagonist	minor
tt0084503	Pink	nm0002097	protagonist	major
tt0084503	Young Pink	nm0571634	protagonist	minor
tt0084503	Teacher	nm0564207	antagonist	minor
tt0084503	Pink's Mother	nm0362959	antagonist	minor
tt0084503	Pink's Wife	nm0202870	antagonist	minor
tt0084516	Steve Freeling	nm0005266	protagonist	major
tt0084516	Diane Freeling (as Jobeth Williams)	nm0001851	protagonist	major
tt0084516	Carol Anne Freeling	nm0001576	protagonist	minor
tt0084516	Ghost (uncredited)	nm0667360	antagonist	major
tt0084516	Mr. Teague	nm0439170	antagonist	minor
tt0084522	Tommy	nm0461129	protagonist	major
tt0084522	Mickey	nm0934059	protagonist	major
tt0084522	Pee Wee	nm0597517	protagonist	major
tt0084522	Billy	nm0380628	protagonist	major
tt0084522	Porky	nm0593228	antagonist	major
tt0084522	Sheriff Wallace	nm0440090	antagonist	major
tt0084522	Balbricker	nm0663878	antagonist	minor
tt0084602	Rocky Balboa	nm0000230	protagonist	major
tt0084602	Apollo Creed	nm0001835	protagonist	minor
tt0084602	Mickey Goldmill	nm0580565	protagonist	minor
tt0084602	Adrian	nm0001735	protagonist	minor
tt0084602	Duke	nm0123748	protagonist	minor
tt0084602	Clubber Lang	nm0001558	antagonist	major
tt0084690	Brewster Baker	nm0737006	protagonist	major
tt0084690	Breezy	nm0000178	protagonist	minor
tt0084690	Lilah	nm0001292	protagonist	minor
tt0084690	Sheriff	nm0179224	antagonist	major
tt0084690	Terk	nm0435218	antagonist	major
tt0084707	Stingo	nm0001493	protagonist	major
tt0084707	Sophie	nm0000658	protagonist	major
tt0084707	Nathan	nm0000177	antagonist	major
tt0084726	Kirk	nm0000638	protagonist	major
tt0084726	Spock	nm0000559	protagonist	major
tt0084726	McCoy	nm0001420	protagonist	minor
tt0084726	Saavik	nm0000263	protagonist	minor
tt0084726	Khan	nm0001544	antagonist	major
tt0084726	Chekov	nm0000479	antagonist	minor
tt0084726	Terrell	nm0934902	antagonist	minor
tt0084726	Joachim (uncredited)	nm0779401	antagonist	minor
tt0084749	Talon	nm0395448	protagonist	major
tt0084749	Alana	nm0000898	protagonist	minor
tt0084749	Mikah (as Simon Mac Corkindale)	nm0531546	protagonist	minor
tt0084749	Cromwell	nm0528433	antagonist	major
tt0084749	Xusia	nm0596959	antagonist	major
tt0084787	MacReady	nm0000621	protagonist	major
tt0084787	Dr. Blair (as A. Wilford Brimley)	nm0000979	antagonist	major
tt0084787	Dog Thing (uncredited)	nm1058600	antagonist	minor
tt0084787	Vance Norris	nm0356251	antagonist	minor
tt0084787	Palmer	nm0166359	antagonist	minor
tt0084788	Cheech	nm0001507	protagonist	major
tt0084788	Chong	nm0001045	protagonist	major
tt0084788	Mr. Slyman	nm0001507	antagonist	major
tt0084788	Prince Habib	nm0001045	antagonist	major
tt0084805	Michael Dorsey	nm0000163	protagonist	major
tt0084805	Dorothy Michaels	nm0000163	protagonist	major
tt0084805	Ron Carlisle	nm0001056	antagonist	minor
tt0084809	Jack Brown	nm0001640	protagonist	major
tt0084809	Eric Bates	nm0777432	protagonist	major
tt0084809	U.S. Bates	nm0001276	antagonist	major
tt0084809	Grand Wizard (as Orwin Harvey)	nm0367666	antagonist	minor
tt0084827	Kevin Flynn	nm0000313	protagonist	major
tt0084827	Tron	nm0000310	protagonist	major
tt0084827	Alan Bradley	nm0000310	protagonist	minor
tt0084827	Lora	nm0604563	protagonist	minor
tt0084827	Master Control Program	nm0001831	antagonist	major
tt0084827	Ed Dillinger	nm0001831	antagonist	major
tt0084827	Sark	nm0001831	antagonist	major
tt0084855	Frank Galvin	nm0000056	protagonist	major
tt0084855	Ed Concannon	nm0000051	antagonist	major
tt0084855	Laura Fischer	nm0001648	antagonist	minor
tt0084855	Judge Hoyle	nm0642675	antagonist	minor
tt0084865	Victoria Grant	nm0000267	protagonist	major
tt0084865	"Carole ""Toddy"" Todd"	nm0696481	protagonist	major
tt0084865	Labisse	nm0036170	antagonist	minor
tt0084865	Norma Cassady	nm0000690	antagonist	minor
tt0084865	Sal Andratti	nm0151259	antagonist	minor
tt0084917	T.S. Garp	nm0000245	protagonist	major
tt0084917	Jenny Fields	nm0000335	protagonist	major
tt0084917	Pooh	nm0193024	antagonist	minor
tt0084938	Dr. Simon August	nm0571106	protagonist	major
tt0084938	Dr. Stephanie Brody	nm0000707	protagonist	major
tt0084938	Sal Bonafetti	nm0888937	protagonist	minor
tt0084938	Malamud	nm0724245	antagonist	minor
tt0084945	Barney Springboro	nm0000281	protagonist	major
tt0084945	Peyton Nichols	nm0000714	protagonist	major
tt0084945	Bernadette	nm0769516	protagonist	minor
tt0084945	Robert Wolcott	nm0103029	antagonist	major
tt0084945	Jane Mitchell	nm0001793	antagonist	minor
tt0085154	Stef	nm0000129	protagonist	major
tt0085154	Nickerson	nm0005266	antagonist	major
tt0085244	Sam	nm0000297	protagonist	major
tt0085244	Sarah	nm0000335	protagonist	major
tt0085244	Michael	nm0000156	protagonist	major
tt0085244	Nick	nm0000458	protagonist	major
tt0085244	Harold	nm0000177	protagonist	major
tt0085244	Meg	nm0005316	protagonist	major
tt0085244	Chloe	nm0000672	protagonist	major
tt0085244	Karen	nm0001851	protagonist	major
tt0085255	Officer Frank Murphy	nm0001702	protagonist	major
tt0085255	Officer Richard Lymangood	nm0827663	protagonist	minor
tt0085255	Kate	nm0163748	protagonist	minor
tt0085255	Col. F.E. Cochrane	nm0000532	antagonist	major
tt0085276	Jesse	nm0000152	protagonist	major
tt0085276	Monica	nm0438585	protagonist	major
tt0085334	Ralphie Parker	nm0082526	protagonist	major
tt0085334	Scut Farkus	nm0911933	antagonist	minor
tt0085334	Grover Dill	nm0025764	antagonist	minor
tt0085346	Jonathan	nm0000530	protagonist	major
tt0085346	Skip	nm0000507	protagonist	major
tt0085346	Ellen	nm0000302	antagonist	major
tt0085382	Donna Trenton	nm0908914	protagonist	major
tt0085382	Tad Trenton	nm0001622	protagonist	minor
tt0085382	Vic Trenton (as Daniel Hugh-Kelly)	nm0446298	protagonist	minor
tt0085382	Steve Kemp	nm0831791	antagonist	minor
tt0085407	Johnny Smith	nm0000686	protagonist	major
tt0085407	Greg Stillson	nm0000640	antagonist	major
tt0085407	Frank Dodd	nm0132757	antagonist	minor
tt0085470	Monty Capuletti	nm0001098	protagonist	major
tt0085470	Mrs. Monahan	nm0280242	antagonist	major
tt0085470	Clive Barlow	nm0000470	antagonist	minor
tt0085478	Susan	nm0910278	protagonist	major
tt0085478	Rita	nm0910278	protagonist	major
tt0085478	Dr. Frank Bryant	nm0000323	protagonist	major
tt0085549	Alex Owens	nm0000884	protagonist	major
tt0085549	Johnny C.	nm0898962	antagonist	minor
tt0085549	Cecil	nm0199118	antagonist	minor
tt0085678	Eve Tozer	nm0000787	protagonist	major
tt0085678	Patrick O'Malley	nm0000633	protagonist	major
tt0085678	Bentik	nm0605923	antagonist	minor
tt0085750	Mike Brody	nm0000598	protagonist	major
tt0085750	Kathryn Morgan	nm0000787	protagonist	major
tt0085750	Shark (uncredited)	nm12179114	antagonist	major
tt0085750	Calvin Bouchard	nm0001283	antagonist	minor
tt0085811	Colwyn	nm0550989	protagonist	major
tt0085811	Lyssa	nm0000771	protagonist	major
tt0085811	The Beast (voice) (uncredited)	nm0553163	antagonist	major
tt0085919	Nora McPhee	nm0556850	protagonist	major
tt0085919	Max Dugan	nm0001673	protagonist	major
tt0085919	Michael McPhee	nm0000111	protagonist	major
tt0085919	Brian Costello	nm0000661	antagonist	major
tt0085919	Kevin Costello	nm0663931	antagonist	minor
tt0085970	Jack	nm0000474	protagonist	major
tt0085970	Caroline Butler	nm0000414	protagonist	major
tt0085970	Ron Richardson	nm0611898	antagonist	major
tt0085970	Jinx Lathman	nm0001787	antagonist	minor
tt0085970	Joan Hampton	nm0422713	antagonist	minor
tt0085980	Bobby Chrystal	nm0490402	protagonist	major
tt0085980	Terry Green	nm0443268	protagonist	major
tt0085980	Mr. Chrystal	nm0002994	antagonist	major
tt0085995	Clark Griswold	nm0000331	protagonist	major
tt0085995	Ellen Griswold	nm0000350	protagonist	minor
tt0085995	Rusty Griswold	nm0001309	protagonist	minor
tt0085995	Audrey Griswold	nm0057654	protagonist	minor
tt0086005	Tyler	nm0001747	protagonist	major
tt0086005	Rosie	nm0001133	antagonist	minor
tt0086005	Mike	nm0429786	antagonist	minor
tt0086006	James Bond	nm0000125	protagonist	major
tt0086006	Domino Petachi	nm0000107	protagonist	minor
tt0086006	Leiter	nm0143378	protagonist	minor
tt0086006	Maximilian Largo	nm0001970	antagonist	major
tt0086006	Fatima	nm0000324	antagonist	major
tt0086006	Blofeld (as Max Von Sydow)	nm0001884	antagonist	minor
tt0086034	James Bond	nm0000549	protagonist	major
tt0086034	Octopussy	nm0000726	protagonist	major
tt0086034	Vijay	nm0025398	protagonist	minor
tt0086034	Q	nm0005155	protagonist	minor
tt0086034	Kamal Khan	nm0431139	antagonist	major
tt0086034	Orlov	nm0000925	antagonist	major
tt0086034	Gobinda	nm0001934	antagonist	minor
tt0086034	Magda	nm0915468	antagonist	minor
tt0086066	Ponyboy Curtis	nm0001367	protagonist	major
tt0086066	Johnny Cade	nm0001494	protagonist	major
tt0086066	Dallas Winston	nm0000369	protagonist	minor
tt0086066	Bob Sheldon	nm0308161	antagonist	major
tt0086066	Randy Anderson	nm0198257	antagonist	minor
tt0086129	Wendy	nm0402895	protagonist	major
tt0086129	Pee Wee	nm0597517	protagonist	minor
tt0086129	John Henry (as Joseph Running Fox)	nm0750327	protagonist	minor
tt0086129	Brian	nm0173082	protagonist	minor
tt0086129	Reverend Flavel	nm0928814	antagonist	major
tt0086129	Gebhardt	nm0935719	antagonist	major
tt0086129	Commissioner Hurley	nm0117930	antagonist	minor
tt0086143	Christine	nm0000121	protagonist	major
tt0086143	Jim	nm0000546	protagonist	major
tt0086143	Jordan	nm0751018	antagonist	major
tt0086143	Miss Dutchbok	nm0752539	antagonist	minor
tt0086154	Norman Bates	nm0000578	protagonist	major
tt0086154	Lila	nm0587256	antagonist	major
tt0086154	Mary	nm0000672	antagonist	major
tt0086154	Mrs. Spool	nm0117267	antagonist	major
tt0086190	Luke Skywalker	nm0000434	protagonist	major
tt0086190	Han Solo	nm0000148	protagonist	major
tt0086190	Princess Leia	nm0000402	protagonist	major
tt0086190	Lando Calrissian	nm0001850	protagonist	minor
tt0086190	Chewbacca	nm0562679	protagonist	minor
tt0086190	C-3PO	nm0000355	protagonist	minor
tt0086190	R2-D2	nm0048652	protagonist	minor
tt0086190	The Emperor	nm0001519	antagonist	major
tt0086190	Darth Vader	nm0001190	antagonist	major
tt0086190	Boba Fett	nm0120116	antagonist	minor
tt0086200	Joel	nm0000129	protagonist	major
tt0086200	Lana	nm0000360	protagonist	major
tt0086200	Guido	nm0001592	antagonist	major
tt0086250	Tony Montana	nm0000199	protagonist	major
tt0086250	Manny Ribera	nm0000874	protagonist	minor
tt0086250	Frank Lopez	nm0005162	antagonist	major
tt0086250	Alejandro Sosa	nm0791502	antagonist	major
tt0086250	Omar	nm0000719	antagonist	minor
tt0086250	Bernstein	nm0950867	antagonist	minor
tt0086312	Karen Silkwood	nm0000658	protagonist	major
tt0086346	Wolff	nm0005471	protagonist	major
tt0086346	Niki	nm0000208	protagonist	major
tt0086346	Washington	nm0001368	protagonist	minor
tt0086346	Overdog	nm0000461	antagonist	major
tt0086346	Chemist	nm0019528	antagonist	minor
tt0086352	Nelson	nm0460671	protagonist	major
tt0086352	Adam	nm0485878	protagonist	minor
tt0086352	Stu	nm0484361	protagonist	minor
tt0086352	O.T.	nm0060241	protagonist	minor
tt0086352	Eddie	nm0795711	antagonist	major
tt0086352	Ernest Dalby	nm0843332	antagonist	major
tt0086361	Tony Manero	nm0000237	protagonist	major
tt0086361	Laura	nm0001370	antagonist	major
tt0086366	Cheech	nm0001507	protagonist	major
tt0086366	Chong (as Thomas Chong)	nm0001045	protagonist	major
tt0086383	Harry Callahan	nm0000142	protagonist	major
tt0086383	Jennifer Spencer	nm0516800	protagonist	major
tt0086383	Mick	nm0236985	antagonist	major
tt0086383	Ray Parkins (as Audrie J. Neenan)	nm0624240	antagonist	minor
tt0086383	Kruger	nm0857806	antagonist	minor
tt0086383	Tyrone	nm0920073	antagonist	minor
tt0086383	George Wilburn	nm0561039	antagonist	minor
tt0086393	Superman	nm0001659	protagonist	major
tt0086393	Clark Kent	nm0001659	protagonist	major
tt0086393	Ross Webster	nm0001816	antagonist	major
tt0086393	Gus Gorman	nm0001640	antagonist	major
tt0086393	Vera	nm0517506	antagonist	minor
tt0086393	Lorelei	nm0827298	antagonist	minor
tt0086397	Donald Quinelle	nm0000245	protagonist	major
tt0086397	Sonny Paluso	nm0000527	protagonist	major
tt0086397	Jack Locke	nm0715274	antagonist	major
tt0086397	Wes Huntley	nm0906535	antagonist	minor
tt0086425	Aurora Greenway	nm0000511	protagonist	major
tt0086425	Emma Horton	nm0000700	protagonist	major
tt0086465	Louis Winthorpe III	nm0000101	protagonist	major
tt0086465	Billy Ray Valentine	nm0000552	protagonist	major
tt0086465	Ophelia	nm0000130	protagonist	minor
tt0086465	Coleman	nm0001186	protagonist	minor
tt0086465	Randolph Duke	nm0000897	antagonist	major
tt0086465	Mortimer Duke	nm0000747	antagonist	major
tt0086465	Clarence Beeks	nm0322339	antagonist	minor
tt0086508	Col. Jason Rhodes	nm0000432	protagonist	major
tt0086508	Wilkes	nm0911542	protagonist	minor
tt0086508	Blaster	nm0114487	protagonist	minor
tt0086508	Sailor	nm0002012	protagonist	minor
tt0086508	Kevin Scott	nm0000664	protagonist	minor
tt0086508	Johnson	nm0843221	protagonist	minor
tt0086508	Charts	nm0859772	protagonist	minor
tt0086525	Julie	nm0286033	protagonist	major
tt0086525	Randy	nm0000115	protagonist	major
tt0086525	Tommy	nm0100889	antagonist	major
tt0086567	David	nm0000111	protagonist	major
tt0086567	Jennifer	nm0000639	protagonist	minor
tt0086567	Falken	nm0939795	protagonist	minor
tt0086567	Joshua	nm10714441	antagonist	major
tt0086567	McKittrick	nm0001056	antagonist	minor
tt0086619	Yentl	nm0000659	protagonist	major
tt0086837	Dr. Heywood Floyd	nm0001702	protagonist	major
tt0086837	Dr. Walter Curnow	nm0001475	protagonist	minor
tt0086837	Tanya Kirbuk	nm0000545	protagonist	minor
tt0086837	Dr. R. Chandra	nm0000837	protagonist	minor
tt0086837	Dave Bowman	nm0001158	protagonist	minor
tt0086837	HAL 9000 (voice)	nm0706937	protagonist	minor
tt0086859	Terry Brogan	nm0000313	protagonist	major
tt0086859	Jessie Wyler	nm0001829	protagonist	major
tt0086859	Jake Wise	nm0000249	antagonist	major
tt0086859	Ben Caxton	nm0001847	antagonist	major
tt0086859	Hank Sully	nm0440090	antagonist	minor
tt0086873	Roger Cobb	nm0000188	protagonist	major
tt0086873	Edwina Cutwater	nm0005499	protagonist	major
tt0086873	Terry Hoskins	nm0005481	antagonist	major
tt0086879	Antonio Salieri	nm0000719	antagonist	major
tt0086879	Wolfgang Amadeus Mozart	nm0001371	protagonist	major
tt0086927	Rick Gassko	nm0000158	protagonist	major
tt0086927	Debbie Thompson	nm0000478	protagonist	major
tt0086927	Cole Whittier	nm0696127	antagonist	major
tt0086927	Ed Thompson	nm0342732	antagonist	minor
tt0086955	Wylie Cooper	nm0001545	protagonist	major
tt0086955	Lieutenant T.M. Landry	nm0000552	protagonist	major
tt0086955	Jeff the 'KBG' Agent	nm0711058	antagonist	major
tt0086960	Axel Foley	nm0000552	protagonist	major
tt0086960	Det. Billy Rosewood	nm0001662	protagonist	minor
tt0086960	Sgt. Taggart	nm0039226	protagonist	minor
tt0086960	Victor Maitland	nm0000925	antagonist	major
tt0086960	Zack	nm0052186	antagonist	minor
tt0086960	Casey	nm0150720	antagonist	minor
tt0086973	Matthew Hollis	nm0000323	protagonist	major
tt0086973	Victor Lyons	nm0004767	protagonist	major
tt0086973	Jennifer Lyons	nm0001400	protagonist	major
tt0086998	Kelly	nm0225466	protagonist	major
tt0086998	Ozone	nm0704044	protagonist	major
tt0086998	Turbo	nm0150400	protagonist	major
tt0086998	Franco	nm0518091	antagonist	major
tt0086998	Electro Rock 1 (as Bruno 'Pop N' Taco' Falcon)	nm0265950	antagonist	minor
tt0086998	Electro Rock 2 (as Timothy 'Poppin' Pete' Solomon)	nm0813432	antagonist	minor
tt0086998	Electro Rock 3 (as Ana 'Lollipop' Sanchez)	nm0760894	antagonist	minor
tt0087032	The Sheik	nm0268026	protagonist	major
tt0087032	J.J. McClure	nm0000608	protagonist	major
tt0087032	Victor Prinzim	nm0001123	protagonist	major
tt0087032	Jamie Blake	nm0001509	protagonist	minor
tt0087032	Morris Fenderbaum	nm0002035	protagonist	minor
tt0087032	Don Don Canneloni	nm0717650	antagonist	major
tt0087062	Lt. Speer	nm0000142	protagonist	major
tt0087062	Mike Murphy	nm0000608	protagonist	major
tt0087062	Primo Pitt	nm0001800	antagonist	major
tt0087062	Leon Coll	nm0516215	antagonist	major
tt0087078	Conan	nm0000216	protagonist	major
tt0087078	Malak	nm0910145	protagonist	minor
tt0087078	Princess Jehnna (as Olivia D'Abo)	nm0001882	protagonist	minor
tt0087078	Akiro 'The Wizard'	nm0538683	protagonist	minor
tt0087078	Zula	nm0005063	protagonist	minor
tt0087078	Queen Taramis	nm0235243	antagonist	major
tt0087078	Bombaata	nm0150219	antagonist	major
tt0087078	Toth-Amon	nm0730053	antagonist	minor
tt0087078	Grand Vizier	nm0179786	antagonist	minor
tt0087078	Dagoth (uncredited)	nm0000764	antagonist	minor
tt0087182	Paul Atreides	nm0001492	protagonist	major
tt0087182	Lady Jessica	nm0000768	protagonist	major
tt0087182	Duke Leto Atreides	nm0001638	protagonist	minor
tt0087182	Baron Vladimir Harkonnen	nm0573299	antagonist	major
tt0087182	Padishah Emperor Shaddam IV	nm0001207	antagonist	major
tt0087182	Doctor Wellington Yueh	nm0001777	antagonist	minor
tt0087182	Feyd Rautha	nm0001776	antagonist	minor
tt0087231	Christopher Boyce	nm0000459	protagonist	major
tt0087231	Daulton Lee	nm0000576	protagonist	major
tt0087265	Jeffrey Willis	nm0000369	protagonist	major
tt0087265	Phil Brody	nm0001077	antagonist	major
tt0087277	Ren	nm0000102	protagonist	major
tt0087277	Ariel	nm0001742	protagonist	major
tt0087277	Willard (as Christopher Penn)	nm0001606	protagonist	minor
tt0087277	Rev. Shaw Moore	nm0001475	antagonist	major
tt0087277	Chuck Cranston	nm0950281	antagonist	minor
tt0087298	Trish	nm0065206	protagonist	major
tt0087298	Tommy	nm0000397	protagonist	major
tt0087298	Rob (as E. Erich Anderson)	nm0026687	protagonist	minor
tt0087298	Jason (uncredited)	nm0925500	antagonist	major
tt0087332	Dr. Peter Venkman	nm0000195	protagonist	major
tt0087332	Dr. Raymond Stantz	nm0000101	protagonist	major
tt0087332	Dr. Egon Spengler	nm0000601	protagonist	major
tt0087332	Winston Zeddemore	nm0001368	protagonist	minor
tt0087332	Gozer	nm0431226	antagonist	major
tt0087332	Walter Peck	nm0040472	antagonist	minor
tt0087332	Zuul	nm0718645	antagonist	minor
tt0087332	Stay Puft Marshmallow Man (uncredited)	nm0116901	antagonist	minor
tt0087363	Billy	nm0002090	protagonist	major
tt0087363	Gizmo (voice)	nm0005177	protagonist	major
tt0087363	Kate	nm0000121	protagonist	major
tt0087363	Randall Peltzer	nm0001924	protagonist	minor
tt0087363	Stripe	nm0919798	antagonist	major
tt0087363	Gremlins	nm0450417	antagonist	major
tt0087363	Mrs. Deagle	nm0391072	antagonist	minor
tt0087365	John Clayton	nm0000483	protagonist	major
tt0087365	Tarzan, Lord of the Apes	nm0000483	protagonist	major
tt0087365	Tarzan aged 12	nm0486574	protagonist	minor
tt0087365	Tarzan aged 5 (as Daniel Potts)	nm0693421	protagonist	minor
tt0087365	Tarzan aged one	nm1974761	protagonist	minor
tt0087365	Infant Tarzan	nm1112057	protagonist	minor
tt0087425	Harkin	nm0396757	protagonist	major
tt0087425	Rudi	nm0716555	antagonist	major
tt0087469	Indiana Jones	nm0000148	protagonist	major
tt0087469	Willie Scott	nm0001009	protagonist	major
tt0087469	Short Round	nm0702841	protagonist	major
tt0087469	Mola Ram	nm0700869	antagonist	major
tt0087469	Lao Che	nm0152054	antagonist	minor
tt0087538	Daniel	nm0001494	protagonist	major
tt0087538	Miyagi (as Noriyuki 'Pat' Morita)	nm0001552	protagonist	major
tt0087538	Johnny	nm0951420	antagonist	major
tt0087538	Kreese	nm0184392	antagonist	major
tt0087538	Bobby	nm0859462	antagonist	minor
tt0087538	Tommy	nm0308459	antagonist	minor
tt0087538	Dutch	nm0574337	antagonist	minor
tt0087538	Jimmy	nm0217251	antagonist	minor
tt0087553	Sydney Schanberg	nm0001832	protagonist	major
tt0087553	Dith Pran (as Dr. Haing S Ngor)	nm0628955	protagonist	major
tt0087597	Alex Rogan	nm0346411	protagonist	major
tt0087597	Grig	nm0641397	protagonist	minor
tt0087597	Centauri	nm0696481	protagonist	minor
tt0087597	Beta Alex	nm0346411	protagonist	minor
tt0087597	Xur	nm0811302	antagonist	major
tt0087597	Lord Kril	nm0556660	antagonist	minor
tt0087718	Rob Salinger	nm0001545	protagonist	major
tt0087718	Micki Salinger	nm0718237	protagonist	major
tt0087718	Maude Salinger	nm0001388	protagonist	major
tt0087727	Col. James Braddock	nm0001569	protagonist	major
tt0087727	Jack Tucker	nm0001826	protagonist	minor
tt0087727	Gen. Tran	nm0393222	antagonist	major
tt0087747	Vladimir Ivanoff	nm0000245	protagonist	major
tt0087747	Lucia Lombardo	nm0000744	protagonist	minor
tt0087747	Lionel Witherspoon	nm0220598	protagonist	minor
tt0087747	Boris (as Savely Kramarov)	nm0469434	antagonist	minor
tt0087755	Kermit the Frog	nm0001345	protagonist	major
tt0087755	Miss Piggy	nm0000568	protagonist	major
tt0087755	Martin Price	nm0001056	antagonist	minor
tt0087781	Roy Hobbs	nm0000602	protagonist	major
tt0087781	The Judge	nm0698764	antagonist	major
tt0087781	Memo Paris	nm0000107	antagonist	major
tt0087781	Harriet Bird	nm0001347	antagonist	minor
tt0087781	Gus Sands (uncredited)	nm0569000	antagonist	minor
tt0087800	Nancy Thompson	nm0000486	protagonist	major
tt0087800	Tina Gray	nm0944143	protagonist	minor
tt0087800	Fred Krueger	nm0000387	antagonist	major
tt0087835	Bobby Shelton	nm0913637	protagonist	major
tt0087835	God	nm0122675	protagonist	major
tt0087835	Harry O. Tophet	nm0122675	antagonist	major
tt0087892	Adela Quested	nm0001114	protagonist	major
tt0087892	Dr. Aziz	nm0051856	protagonist	major
tt0087892	Mrs. Moore	nm0001919	protagonist	minor
tt0087892	Richard Fielding	nm0289038	protagonist	minor
tt0087892	Ronny Heaslop	nm0369814	antagonist	minor
tt0087892	Major McBryde	nm0191741	antagonist	minor
tt0087921	Edna Spalding	nm0000398	protagonist	major
tt0087921	Moze	nm0000418	protagonist	major
tt0087921	Mr. Will	nm0000518	protagonist	minor
tt0087921	Albert Denby	nm0809031	antagonist	minor
tt0087928	Carey Mahoney	nm0000430	protagonist	major
tt0087928	Moses Hightower	nm0807571	protagonist	minor
tt0087928	Karen Thompson	nm0000326	protagonist	minor
tt0087928	Lt. Harris	nm0047265	antagonist	major
tt0087928	Chief Hurnst	nm0731849	antagonist	minor
tt0087928	Chad Copeland	nm0861093	antagonist	minor
tt0087928	Kyle Blankes (as Brant Van Hoffman)	nm0902443	antagonist	minor
tt0087957	The Kid	nm0002239	protagonist	major
tt0087957	Morris	nm0206528	antagonist	major
tt0087957	Father	nm0929934	antagonist	minor
tt0087985	Jed	nm0000664	protagonist	major
tt0087985	Matt	nm0000221	protagonist	major
tt0087985	Robert	nm0001367	protagonist	minor
tt0087985	Danny	nm0767254	protagonist	minor
tt0087985	Daryl	nm0198257	protagonist	minor
tt0087985	Erica	nm0000670	protagonist	minor
tt0087985	Toni	nm0000426	protagonist	minor
tt0087985	Strelnikov	nm0810342	antagonist	major
tt0087985	Bella	nm0641938	antagonist	minor
tt0088000	Lewis	nm0001019	protagonist	major
tt0088000	Gilbert	nm0000381	protagonist	major
tt0088000	Poindexter	nm0124079	protagonist	minor
tt0088000	Wormser	nm0144119	protagonist	minor
tt0088000	'Booger'	nm0035664	protagonist	minor
tt0088000	Lamar	nm0779467	protagonist	minor
tt0088000	Takashi	nm0865058	protagonist	minor
tt0088000	Stan Gable	nm0569337	antagonist	major
tt0088000	Coach Harris	nm0000422	antagonist	minor
tt0088000	Betty Childs (as Julie Montgomery)	nm0599824	antagonist	minor
tt0088001	Jake Farris	nm0000573	protagonist	major
tt0088001	Nick	nm0000230	protagonist	major
tt0088001	Freddie Ugo	nm0500038	antagonist	major
tt0088001	Barnett Kale	nm0859772	antagonist	minor
tt0088011	Joan Wilder	nm0000678	protagonist	major
tt0088011	Jack Colton	nm0000140	protagonist	major
tt0088011	Zolo	nm0645327	antagonist	major
tt0088011	Ira	nm0635649	antagonist	minor
tt0088011	Ralph	nm0000362	antagonist	minor
tt0088128	Samantha	nm0000208	protagonist	major
tt0088128	Jake	nm0001706	protagonist	major
tt0088128	Geek	nm0001309	protagonist	minor
tt0088146	Captain Davenport	nm0738415	protagonist	major
tt0088146	Sergeant Waters	nm0128360	antagonist	major
tt0088146	Private First Class Peterson	nm0000243	antagonist	major
tt0088161	Allen Bauer	nm0000158	protagonist	major
tt0088161	Madison	nm0000435	protagonist	major
tt0088161	Walter Kornbluth	nm0506405	antagonist	major
tt0088161	Dr. Ross	nm0795711	antagonist	minor
tt0088170	Kirk	nm0000638	protagonist	major
tt0088170	Commander Kruge	nm0000502	antagonist	major
tt0088242	Alex Jurel	nm0000560	protagonist	major
tt0088242	Dr. Donna Burke	nm0335519	antagonist	major
tt0088242	Roger Rubell	nm0002139	antagonist	major
tt0088242	Lewis	nm0000151	antagonist	minor
tt0088242	Horn	nm0769974	antagonist	minor
tt0088247	Sarah Connor	nm0000157	protagonist	major
tt0088247	Kyle Reese	nm0000299	protagonist	major
tt0088247	Terminator	nm0000216	antagonist	major
tt0088272	Wes Block	nm0000142	protagonist	major
tt0088272	Leander Rolfe	nm0820660	antagonist	major
tt0088286	Nick Rivers	nm0000174	protagonist	major
tt0088286	Hillary Flammond	nm0349706	protagonist	major
tt0088286	General Streck	nm0447305	antagonist	major
tt0088286	Nigel	nm0898369	antagonist	minor
tt0088323	Bastian	nm0646768	protagonist	major
tt0088323	Atreyu	nm0000441	protagonist	major
tt0088323	G'mork	nm0649178	antagonist	major
tt0088323	1st Bully (as Drum Garrett)	nm0308110	antagonist	minor
tt0088323	2nd Bully	nm0177530	antagonist	minor
tt0088323	3rd Bully	nm0318185	antagonist	minor
tt0088326	Claude Eastman	nm0001545	protagonist	major
tt0088414	Theodore Pierce	nm0000698	protagonist	major
tt0088414	Ms. Milner	nm0705717	antagonist	minor
tt0088683	Doctor Martha Livingston	nm0000404	protagonist	major
tt0088683	Sister Agnes	nm0000672	protagonist	major
tt0088683	Mother Miriam Ruth	nm0000843	antagonist	major
tt0088763	Marty McFly	nm0000150	protagonist	major
tt0088763	Dr. Emmett Brown	nm0000502	protagonist	major
tt0088763	Biff Tannen (as Thomas F. Wilson)	nm0001855	antagonist	major
tt0088763	Terrorist	nm0243734	antagonist	minor
tt0088847	Brian Johnson	nm0001309	protagonist	major
tt0088847	Andrew Clark	nm0000389	protagonist	major
tt0088847	Allison Reynolds	nm0000639	protagonist	major
tt0088847	Claire Standish	nm0000208	protagonist	major
tt0088847	John Bender	nm0000555	protagonist	major
tt0088847	Richard Vernon	nm0322339	antagonist	major
tt0088850	Montgomery Brewster	nm0001640	protagonist	major
tt0088850	Angela Drake	nm0571188	protagonist	minor
tt0088850	Spike Nolan	nm0001006	protagonist	minor
tt0088850	George Granville	nm0924668	antagonist	major
tt0088850	Norris Baxter	nm0218731	antagonist	major
tt0088850	Warren Cox	nm0004834	antagonist	major
tt0088933	Ben Luckett	nm0000979	protagonist	major
tt0088933	Art Selwyn	nm0000747	protagonist	major
tt0088933	Joe Finley	nm0002025	protagonist	major
tt0088933	Jack Bonner	nm0000430	protagonist	major
tt0088933	Walter	nm0001133	protagonist	major
tt0088933	Kitty	nm0193520	protagonist	minor
tt0088933	David	nm0646768	protagonist	minor
tt0088936	Eddie Cusack	nm0001569	protagonist	major
tt0088936	Luis Comacho	nm0798328	antagonist	major
tt0088936	Tony Luna	nm0312973	antagonist	minor
tt0088936	Cragie	nm0285160	antagonist	minor
tt0088939	Celie Johnson	nm0000155	protagonist	major
tt0088939	Young Celie Harris	nm0413448	protagonist	minor
tt0088939	Pa Harris	nm0413778	antagonist	minor
tt0088939	Mayor	nm0835038	antagonist	minor
tt0088939	Miss Millie	nm0412374	antagonist	minor
tt0088944	John Matrix	nm0000216	protagonist	major
tt0088944	Cindy	nm0001044	protagonist	minor
tt0088944	Arius	nm0000445	antagonist	major
tt0088944	Bennett	nm0920460	antagonist	major
tt0088944	Sully	nm0446314	antagonist	minor
tt0088944	Cooke	nm0004886	antagonist	minor
tt0089017	Roberta Glass	nm0000275	protagonist	major
tt0089017	Susan	nm0000187	protagonist	major
tt0089017	Wayne Nolan	nm0001599	antagonist	major
tt0089087	Bill Markham	nm0000959	protagonist	major
tt0089087	Tomme	nm0095564	protagonist	major
tt0089087	Jacareh	nm0603909	antagonist	major
tt0089118	Roland Tyler	nm0000986	protagonist	major
tt0089118	Leo McCarthy	nm0001133	protagonist	major
tt0089118	Colonel Mason	nm0011199	antagonist	major
tt0089118	Lipton	nm0002037	antagonist	minor
tt0089118	Nicholas DeFranco	nm0001583	antagonist	minor
tt0089155	Fletch	nm0000331	protagonist	major
tt0089155	Alan Stanwyk	nm0001513	antagonist	major
tt0089155	Chief Karlin	nm0000833	antagonist	major
tt0089173	Tommy	nm0791803	protagonist	major
tt0089173	Pam	nm0455687	protagonist	major
tt0089173	Reggie	nm0743834	protagonist	major
tt0089173	Roy	nm0927199	antagonist	major
tt0089173	Victor	nm0893430	antagonist	minor
tt0089175	Charley Brewster	nm0706619	protagonist	major
tt0089175	Peter Vincent	nm0001522	protagonist	major
tt0089175	Amy Peterson	nm0000294	protagonist	minor
tt0089175	Jerry Dandrige	nm0001697	antagonist	major
tt0089175	Billy Cole	nm0823206	antagonist	minor
tt0089175	Evil Ed	nm0313267	antagonist	minor
tt0089218	Mikey	nm0000276	protagonist	major
tt0089218	Chunk	nm0169480	protagonist	major
tt0089218	Mouth	nm0000397	protagonist	major
tt0089218	Data	nm0702841	protagonist	major
tt0089218	Brand	nm0000982	protagonist	major
tt0089218	Andy	nm0338061	protagonist	major
tt0089218	Stef	nm0000588	protagonist	major
tt0089218	Sloth	nm0560596	protagonist	minor
tt0089218	Mama Fratelli	nm0001649	antagonist	major
tt0089218	Francis	nm0001592	antagonist	major
tt0089218	Jake	nm0001108	antagonist	major
tt0089348	Matt Hunter	nm0001569	protagonist	major
tt0089348	Rostov	nm0528433	antagonist	major
tt0089348	Nikko	nm0952402	antagonist	minor
tt0089360	Teddy Barnes	nm0000335	protagonist	major
tt0089360	Jack Forrester	nm0000313	antagonist	major
tt0089360	Thomas Krasny	nm0001075	antagonist	major
tt0089370	Joan	nm0000678	protagonist	major
tt0089370	Jack	nm0000140	protagonist	major
tt0089370	Ralph	nm0000362	protagonist	minor
tt0089370	Omar (as Spiros Focás)	nm0283754	antagonist	major
tt0089457	Gaston	nm0000111	protagonist	major
tt0089457	Navarre	nm0000442	protagonist	major
tt0089457	Isabeau	nm0000201	protagonist	major
tt0089457	Imperius	nm0571674	protagonist	minor
tt0089457	Bishop	nm0939795	antagonist	major
tt0089457	Marquet	nm0404455	antagonist	minor
tt0089457	Cezar	nm0000547	antagonist	minor
tt0089461	Leroy Green	nm0846818	protagonist	major
tt0089461	Sho'nuff	nm0141114	antagonist	major
tt0089461	Eddie Arkadian (as Chris Murney)	nm0613997	antagonist	major
tt0089461	Rock	nm0823563	antagonist	minor
tt0089461	Beast (as Andre Brown)	nm2987568	antagonist	minor
tt0089461	Cyclone	nm0165247	antagonist	minor
tt0089461	Crunch	nm0852722	antagonist	minor
tt0089530	Mad Max	nm0000154	protagonist	major
tt0089530	Savannah Nix	nm0118894	protagonist	minor
tt0089530	Aunty Entity	nm0877913	antagonist	major
tt0089530	The Blaster	nm0489261	antagonist	minor
tt0089560	Rocky Dennis	nm0000655	protagonist	major
tt0089560	Rusty Dennis	nm0000333	protagonist	major
tt0089560	Mr. Simms	nm0681319	antagonist	minor
tt0089560	Mr. Adams	nm0006985	antagonist	minor
tt0089560	Mrs. Adams	nm0768227	antagonist	minor
tt0089643	Emma Moriarty	nm0000398	protagonist	major
tt0089643	Murphy Jones	nm0001258	protagonist	major
tt0089643	Bobby Jack Moriarity	nm0450116	antagonist	major
tt0089670	Clark Griswold	nm0000331	protagonist	major
tt0089670	Ellen Griswold	nm0000350	protagonist	major
tt0089670	Rusty Griswold	nm0515128	protagonist	minor
tt0089670	The Thief	nm0487022	antagonist	minor
tt0089670	Video Camera Thief	nm0656801	antagonist	minor
tt0089755	Karen	nm0000658	protagonist	major
tt0089755	Bror	nm0001970	antagonist	minor
tt0089767	Preacher	nm0000142	protagonist	major
tt0089767	Hull Barret	nm0605363	protagonist	minor
tt0089767	Coy LaHood	nm0246004	antagonist	major
tt0089767	Stockburn	nm0751245	antagonist	major
tt0089767	Josh LaHood (as Christopher Penn)	nm0001606	antagonist	minor
tt0089791	Pee-wee Herman (as Pee-wee Herman)	nm0000607	protagonist	major
tt0089791	Francis Buxton	nm0392625	antagonist	major
tt0089791	Andy	nm0364892	antagonist	minor
tt0089822	Carey Mahoney	nm0000430	protagonist	major
tt0089822	Pete Lassard	nm0381606	protagonist	major
tt0089822	Vinnie Schtulman	nm0887592	protagonist	minor
tt0089822	Tackleberry	nm0333701	protagonist	minor
tt0089822	Zed (as Bob Goldthwait)	nm0001281	antagonist	major
tt0089822	Lt. Mauser	nm0582586	antagonist	major
tt0089822	Proctor	nm0455886	antagonist	minor
tt0089826	Meat Tuperello	nm0304393	protagonist	major
tt0089826	Pee Wee Morris	nm0597517	protagonist	major
tt0089826	Brian Schwartz	nm0173082	protagonist	major
tt0089826	Tommy Turner	nm0461129	protagonist	major
tt0089826	Billy	nm0380628	protagonist	major
tt0089826	Porky Wallace	nm0593228	antagonist	major
tt0089826	Miss Webster	nm0574687	antagonist	minor
tt0089841	Charley Partanna	nm0000197	protagonist	major
tt0089841	Irene Walker	nm0000678	antagonist	major
tt0089841	Don Corrado Prizzi	nm0382676	antagonist	major
tt0089841	Dominic Prizzi	nm0724673	antagonist	minor
tt0089880	Rambo	nm0000230	protagonist	major
tt0089880	Trautman	nm0001077	protagonist	minor
tt0089880	Co	nm0630100	protagonist	minor
tt0089880	Murdock	nm0621008	antagonist	major
tt0089880	Podovsky	nm0000925	antagonist	major
tt0089880	Tay (as George Kee Cheung)	nm0156475	antagonist	minor
tt0089880	Yushin (as Vojo Goric)	nm0330937	antagonist	minor
tt0089880	Ericson	nm0184392	antagonist	minor
tt0089927	Rocky Balboa	nm0000230	protagonist	major
tt0089927	Apollo Creed	nm0001835	protagonist	minor
tt0089927	Ivan Drago	nm0000185	antagonist	major
tt0089927	Nicoli Koloff	nm0329029	antagonist	minor
tt0089961	Santa Claus	nm0399663	protagonist	major
tt0089961	Patch	nm0001545	protagonist	major
tt0089961	Joe	nm0280504	protagonist	minor
tt0089961	Cornelia	nm0374194	protagonist	minor
tt0089961	B.Z.	nm0001475	antagonist	major
tt0090022	Emmett	nm0001277	protagonist	major
tt0090022	Paden	nm0000177	protagonist	major
tt0090022	Jake	nm0000126	protagonist	major
tt0090022	Mal	nm0000418	protagonist	major
tt0090022	McKendrick	nm0048844	antagonist	major
tt0090022	Cobb	nm0001133	antagonist	major
tt0090022	Slick	nm0000156	antagonist	minor
tt0090022	Tyree	nm0001194	antagonist	minor
tt0090056	Austin Millbarge	nm0000101	protagonist	major
tt0090056	Emmett Fitz-Hume	nm0000331	protagonist	major
tt0090056	Karen Boyer	nm0001146	protagonist	minor
tt0090056	Mr. Ruby	nm0001117	antagonist	major
tt0090056	Mr. Keyes	nm0697733	antagonist	major
tt0090056	General Sline	nm0002079	antagonist	major
tt0090056	General Miegs	nm0369000	antagonist	major
tt0090060	Kirby Keger	nm0000389	protagonist	major
tt0090060	Billy Hicks	nm0000507	protagonist	major
tt0090060	Kevin Dolenz	nm0000530	protagonist	major
tt0090060	Jules	nm0000193	protagonist	major
tt0090060	Alec Newbary	nm0000555	protagonist	major
tt0090060	Leslie Hunter	nm0000639	protagonist	major
tt0090060	Wendy Beamish	nm0001858	protagonist	major
tt0090098	Jack Chester	nm0001006	protagonist	major
tt0090098	Al Pellet	nm0001077	antagonist	major
tt0090142	Scott Howard	nm0000150	protagonist	major
tt0090142	Mick	nm0036553	antagonist	major
tt0090142	Mr. Thorne (as Jim MacKrell)	nm0572100	antagonist	minor
tt0090180	Richard Chance (as William L. Petersen)	nm0676973	protagonist	major
tt0090180	John Vukovich	nm0659601	protagonist	major
tt0090180	Eric Masters	nm0000353	antagonist	major
tt0090180	Jack	nm0387484	antagonist	minor
tt0090264	James Bond	nm0000549	protagonist	major
tt0090264	Stacey Sutton	nm0000617	protagonist	major
tt0090264	Tibbett	nm0001495	protagonist	minor
tt0090264	Max Zorin	nm0000686	antagonist	major
tt0090264	May Day	nm0005063	antagonist	major
tt0090264	Dr. Carl Mortner	nm0337016	antagonist	minor
tt0090264	Scarpine	nm0000872	antagonist	minor
tt0090274	Lawrence Bourne III	nm0000158	protagonist	major
tt0090274	Beth Wexler	nm0001854	protagonist	major
tt0090274	Tom Tuttle from Tacoma	nm0001006	protagonist	minor
tt0090274	John Reynolds	nm0859772	antagonist	major
tt0090274	Chung Mee	nm0361719	antagonist	minor
tt0090305	Gary Wallace	nm0001309	protagonist	major
tt0090305	Wyatt Donnelly	nm0593819	protagonist	major
tt0090305	Lisa	nm0001456	protagonist	major
tt0090305	Chet Donnelly	nm0000200	antagonist	major
tt0090305	Ian (as Robert Downey)	nm0000375	antagonist	minor
tt0090305	Max	nm0750852	antagonist	minor
tt0090319	Nikolai 'Kolya' Rodchenko	nm0000864	protagonist	major
tt0090319	Raymond Greenwood	nm0002138	protagonist	major
tt0090319	Colonel Chaiko	nm0804592	antagonist	major
tt0090329	John Book	nm0000148	protagonist	major
tt0090329	Rachel	nm0000534	protagonist	major
tt0090329	Samuel	nm0001305	protagonist	minor
tt0090329	Schaeffer	nm0813977	antagonist	major
tt0090329	McFee	nm0000418	antagonist	major
tt0090329	Fergie	nm0532815	antagonist	minor
tt0090350	Stanley White	nm0000620	protagonist	major
tt0090350	Joey Tai	nm0518821	antagonist	major
tt0090350	Alan Perez	nm0444940	antagonist	minor
tt0090555	Sue Charlton	nm0468957	protagonist	major
tt0090555	Mick 'Crocodile' Dundee	nm0001357	protagonist	major
tt0090555	Richard Mason	nm0089685	antagonist	major
tt0090583	Danny	nm0000507	protagonist	major
tt0090583	Debbie	nm0000193	protagonist	major
tt0090605	Ripley	nm0000244	protagonist	major
tt0090605	Newt	nm0001343	protagonist	minor
tt0090605	Corporal Hicks	nm0000299	protagonist	minor
tt0090605	Bishop	nm0000448	protagonist	minor
tt0090605	Burke	nm0001663	antagonist	major
tt0090605	Alien Warrior	nm0867562	antagonist	major
tt0090685	Thornton Melon	nm0001098	protagonist	major
tt0090685	Jason Melon	nm0330360	protagonist	minor
tt0090685	Philip Barbay	nm0925717	antagonist	major
tt0090685	Chas	nm0951420	antagonist	minor
tt0090738	Alexandra	nm0000700	protagonist	major
tt0090738	Catharine	nm0000622	antagonist	major
tt0090830	James	nm0000458	protagonist	major
tt0090830	Sarah	nm0559144	protagonist	major
tt0090859	Marion Cobretti	nm0000230	protagonist	major
tt0090859	Ingrid	nm0000557	protagonist	major
tt0090859	Gonzales	nm0763858	protagonist	minor
tt0090859	Night Slasher	nm0859921	antagonist	major
tt0090859	Nancy Stalk	nm0307600	antagonist	minor
tt0090859	Supermarket Killer (as Marco Rodriguez)	nm0735424	antagonist	minor
tt0090863	Eddie	nm0000056	protagonist	major
tt0090863	Vincent	nm0000129	protagonist	major
tt0090863	Carmen	nm0001512	protagonist	minor
tt0090863	Amos	nm0001845	antagonist	minor
tt0090863	Grady Seasons	nm0566964	antagonist	minor
tt0090927	Scott	nm0001569	protagonist	major
tt0090927	Nick	nm0001511	protagonist	major
tt0090927	Pete Peterson	nm0908906	protagonist	minor
tt0090927	Abdul	nm0001233	antagonist	major
tt0090927	Mustafa (as David Menahem)	nm0578672	antagonist	minor
tt0090966	Dave Whiteman	nm0000377	protagonist	major
tt0090966	Jerry Baskin	nm0000560	protagonist	major
tt0090966	Barbara Whiteman	nm0000541	protagonist	major
tt0091042	Ferris Bueller	nm0000111	protagonist	major
tt0091042	Cameron Frye	nm0001688	protagonist	major
tt0091042	Sloane Peterson	nm0000214	protagonist	minor
tt0091042	Ed Rooney	nm0000470	antagonist	major
tt0091042	Jeanie Bueller	nm0000426	antagonist	minor
tt0091042	Grace	nm0566052	antagonist	minor
tt0091059	David Freeman	nm0186160	protagonist	major
tt0091059	Max (voice) (as Paul Mall)	nm0000607	protagonist	major
tt0091059	Dr. Louis Faraday	nm0381606	antagonist	major
tt0091064	Seth Brundle	nm0000156	antagonist	major
tt0091064	Veronica Quaife	nm0000133	protagonist	major
tt0091064	Stathis Borans	nm0315288	antagonist	minor
tt0091080	Tommy	nm0558726	protagonist	major
tt0091080	Megan	nm0177438	protagonist	major
tt0091080	Jason	nm0333951	antagonist	major
tt0091080	Sheriff Garris	nm0434563	antagonist	minor
tt0091129	Chandler Jarrell	nm0000552	protagonist	major
tt0091129	Kee Nang	nm0001470	protagonist	major
tt0091129	The Golden Child	nm0714164	protagonist	minor
tt0091129	Sardo Numspa	nm0001097	antagonist	major
tt0091129	Tommy Tong	nm0477286	antagonist	minor
tt0091159	Hunt Stevenson	nm0000474	protagonist	major
tt0091159	Oishi Kazihiro	nm0913797	protagonist	major
tt0091159	Mayor Conrad Zwart	nm0397555	antagonist	minor
tt0091167	Hannah	nm0001201	protagonist	major
tt0091167	Elliot	nm0000323	protagonist	major
tt0091167	Lee	nm0001347	protagonist	major
tt0091167	Mickey	nm0000095	protagonist	major
tt0091167	Holly	nm0001848	protagonist	major
tt0091187	Gunnery Sergent Thomas Highway	nm0000142	protagonist	major
tt0091187	Corporal Stitch Jones	nm0005522	protagonist	minor
tt0091187	Lieutenant Ring	nm0301305	protagonist	minor
tt0091187	Major Malcolm Powers	nm0569239	antagonist	major
tt0091187	Staff Sgt. Webster	nm0348214	antagonist	minor
tt0091187	Roy Jennings	nm0004149	antagonist	minor
tt0091188	Rachel	nm0000658	protagonist	major
tt0091188	Mark	nm0000197	antagonist	major
tt0091188	Thelma Rice	nm0015210	antagonist	minor
tt0091217	Coach Norman Dale	nm0000432	protagonist	major
tt0091217	Jimmy	nm0883471	protagonist	minor
tt0091217	Shooter	nm0000454	protagonist	minor
tt0091217	Myra Fleener	nm0001347	protagonist	minor
tt0091223	Roger Cobb	nm0001411	protagonist	major
tt0091223	Big Ben	nm0596959	antagonist	major
tt0091223	Skeleton Big Ben	nm1289391	antagonist	major
tt0091223	Witch	nm0685760	antagonist	minor
tt0091223	Little Critter	nm0057480	antagonist	minor
tt0091223	Little Critter	nm0546439	antagonist	minor
tt0091223	Little Critter	nm0798061	antagonist	minor
tt0091225	Howard T. Duck (voice)	nm0956268	protagonist	major
tt0091225	Beverly Switzler	nm0000670	protagonist	major
tt0091225	Phil Blumburtt	nm0000209	protagonist	minor
tt0091225	Dr. Walter Jenning	nm0000470	antagonist	major
tt0091225	Dark Overlord of the Universe (voice) (uncredited)	nm8932807	antagonist	major
tt0091278	Doug	nm0001263	protagonist	major
tt0091278	Chappy	nm0001283	protagonist	major
tt0091295	Jo Jo Dancer	nm0001640	protagonist	major
tt0091295	Alter Ego	nm0001640	protagonist	major
tt0091306	Terry Doolittle	nm0000155	protagonist	major
tt0091306	Jack	nm0000596	protagonist	minor
tt0091306	Jeremy Talbot	nm0939795	antagonist	major
tt0091326	Daniel	nm0001494	protagonist	major
tt0091326	Miyagi (as Noriyuki 'Pat' Morita)	nm0001552	protagonist	major
tt0091326	Chozen	nm0645785	antagonist	major
tt0091326	Sato	nm0436518	antagonist	major
tt0091326	John Kreese	nm0184392	antagonist	minor
tt0091396	Tom Logan	nm0000602	protagonist	major
tt0091396	Laura Kelly	nm0000700	protagonist	major
tt0091396	Chelsea Deardon	nm0000435	protagonist	major
tt0091396	Cavanaugh	nm0001133	antagonist	major
tt0091396	Victor Taft	nm0000654	antagonist	major
tt0091396	Forrester	nm0533979	antagonist	minor
tt0091396	Hit Man (as Gary Klar)	nm0458271	antagonist	minor
tt0091419	Seymour Krelborn	nm0001548	protagonist	major
tt0091419	Audrey	nm0338746	protagonist	major
tt0091419	Audrey II (voice) (as Levi Stubbs of The Four Tops)	nm0835925	antagonist	major
tt0091419	Orin Scrivello D.D.S.	nm0000188	antagonist	minor
tt0091419	Mushnik	nm0306696	antagonist	minor
tt0091419	Patrick Martin (as James Belushi)	nm0000902	antagonist	minor
tt0091541	Walter Fielding	nm0000158	protagonist	major
tt0091541	Anna Crowley	nm0001480	protagonist	major
tt0091541	Estelle	nm0822972	antagonist	minor
tt0091541	Carlos (as John van Dreelen)	nm0886657	antagonist	minor
tt0091541	Max Beissart	nm0324231	antagonist	minor
tt0091653	David Basner	nm0000158	protagonist	major
tt0091653	Andrew Woolridge	nm0179224	antagonist	minor
tt0091738	Peggy Sue	nm0000678	protagonist	major
tt0091763	Chris	nm0000221	protagonist	major
tt0091763	Sgt. Barnes	nm0000297	antagonist	major
tt0091763	Bunny	nm0001143	antagonist	minor
tt0091777	Comdt. Lassard	nm0310960	protagonist	major
tt0091777	Sgt. Mahoney	nm0000430	protagonist	major
tt0091777	Comdt. Mauser	nm0582586	antagonist	major
tt0091777	Lt. Proctor	nm0455886	antagonist	minor
tt0091777	Sgt. Copeland	nm0861093	antagonist	minor
tt0091777	Sgt. Blanks (as Brant Van Hoffman)	nm0902443	antagonist	minor
tt0091778	Steve Freeling	nm0005266	protagonist	major
tt0091778	Diane Freeling (as Jobeth Williams)	nm0001851	protagonist	major
tt0091778	Carol Anne Freeling	nm0001576	protagonist	major
tt0091778	Taylor	nm0760225	protagonist	minor
tt0091778	Robbie Freeling	nm0732319	protagonist	minor
tt0091778	Kane	nm0065191	antagonist	major
tt0091778	Vomit Creature	nm0185971	antagonist	minor
tt0091790	Andie	nm0000208	protagonist	major
tt0091790	Steff	nm0000652	antagonist	major
tt0091790	Benny Hanson	nm0894690	antagonist	minor
tt0091867	Lucy Honeychurch, Miss Bartlett's cousin and charge (as Helena Bonham-Carter)	nm0000307	protagonist	major
tt0091867	George Emerson	nm0001696	protagonist	major
tt0091867	Cecil Vyse (as Daniel Day Lewis)	nm0000358	antagonist	major
tt0091867	Charlotte Bartlett, a Chaperon	nm0001749	antagonist	major
tt0091875	Ray Hughes	nm0002138	protagonist	major
tt0091875	Danny Costanzo	nm0000345	protagonist	major
tt0091875	Julio Gonzales	nm0001751	antagonist	major
tt0091875	Snake	nm0001592	antagonist	minor
tt0091877	Barbara Stone	nm0000541	protagonist	major
tt0091877	Ken Kessler	nm0001662	protagonist	major
tt0091877	Sandy Kessler	nm0000644	protagonist	major
tt0091877	Sam Stone	nm0000362	antagonist	major
tt0091877	Carol	nm0606360	antagonist	minor
tt0091877	Earl	nm0000597	antagonist	minor
tt0091877	Bedroom Killer	nm0293422	antagonist	minor
tt0091949	Number 5 (voice)	nm0087456	protagonist	major
tt0091949	Stephanie Speck	nm0000639	protagonist	major
tt0091949	Newton Crosby	nm0000430	protagonist	major
tt0091949	Skroeder	nm0047265	antagonist	major
tt0091949	Howard Marner	nm0671721	antagonist	major
tt0091949	Frank	nm0573658	antagonist	minor
tt0091991	Mark Watson	nm0001367	protagonist	major
tt0092005	Gordie Lachance	nm0000696	protagonist	major
tt0092005	Chris Chambers	nm0000203	protagonist	major
tt0092005	Teddy Duchamp	nm0000397	protagonist	major
tt0092005	Vern Tessio	nm0005278	protagonist	major
tt0092005	Ace Merrill	nm0000662	antagonist	major
tt0092005	Eyeball Chambers	nm0339562	antagonist	minor
tt0092005	Milo Pressman	nm0111401	antagonist	minor
tt0092007	Admiral James T. Kirk	nm0000638	protagonist	major
tt0092007	Spock	nm0000559	protagonist	major
tt0092007	Dr. Leonard McCoy	nm0001420	protagonist	minor
tt0092007	Montgomery Scott	nm0001150	protagonist	minor
tt0092007	Sulu	nm0001786	protagonist	minor
tt0092007	Pavel Chekov	nm0000479	protagonist	minor
tt0092007	Nyota Uhura	nm0629667	protagonist	minor
tt0092007	Gillian	nm0382819	protagonist	minor
tt0092086	Lucky Day	nm0000188	protagonist	major
tt0092086	Dusty Bottoms	nm0000331	protagonist	major
tt0092086	Ned Nederlander	nm0001737	protagonist	major
tt0092086	El Guapo	nm0000778	antagonist	major
tt0092086	German	nm0943280	antagonist	minor
tt0092099	Maverick	nm0000129	protagonist	major
tt0092099	Ice	nm0000174	antagonist	major
tt0092099	Mig Pilot (uncredited)	nm2351090	antagonist	minor
tt0092105	Harry Doyle	nm0000044	protagonist	major
tt0092105	Archie Long	nm0000018	protagonist	major
tt0092105	Leon B. Little	nm0908919	antagonist	major
tt0092105	Deke Yablonski	nm0001164	antagonist	major
tt0092214	Molly	nm0000443	protagonist	major
tt0092493	Mick 'Crocodile' Dundee	nm0001357	protagonist	major
tt0092493	Sue Charlton	nm0468957	protagonist	major
tt0092493	Luis Rico	nm0879652	antagonist	major
tt0092493	Miguel (as Juan Fernandez)	nm0273592	antagonist	major
tt0092513	Chris	nm0000223	protagonist	major
tt0092513	Sara	nm0108315	protagonist	major
tt0092513	Brad	nm0176861	protagonist	major
tt0092513	Daryl	nm0710829	protagonist	major
tt0092513	Bleak (as John Chandler)	nm0151405	antagonist	major
tt0092513	Graydon	nm0133474	antagonist	major
tt0092605	J.C. Wiatt	nm0000473	protagonist	major
tt0092605	Fritz Curtis	nm0910737	antagonist	major
tt0092605	Ken Arrenberg	nm0000652	antagonist	minor
tt0092644	Axel Foley	nm0000552	protagonist	major
tt0092644	Billy Rosewood	nm0001662	protagonist	major
tt0092644	John Taggart	nm0039226	protagonist	major
tt0092644	Maxwell Dent	nm0001638	antagonist	major
tt0092644	Karla Fry	nm0000557	antagonist	major
tt0092644	Harold Lutz	nm0307255	antagonist	minor
tt0092644	Chip Cain	nm0001777	antagonist	minor
tt0092644	Nikos Thomopolis	nm0002117	antagonist	minor
tt0092666	Walter Davis	nm0000246	protagonist	major
tt0092666	Nadia Gates	nm0000107	protagonist	major
tt0092666	David Bedford	nm0488662	antagonist	major
tt0092699	Jane Craig	nm0000456	protagonist	major
tt0092699	Aaron Altman	nm0000983	protagonist	major
tt0092699	Tom Grunick	nm0000458	antagonist	major
tt0092718	Ronald Miller	nm0001131	protagonist	major
tt0092718	Cindy Mancini	nm0000584	protagonist	major
tt0092718	Quint	nm0006607	antagonist	minor
tt0092798	Kevin	nm0001640	protagonist	major
tt0092890	Baby Houseman	nm0000426	protagonist	major
tt0092890	Johnny Castle	nm0000664	protagonist	major
tt0092890	Jake Houseman	nm0001583	antagonist	major
tt0092890	Robbie Gould	nm0134674	antagonist	minor
tt0092890	Vivian Pressman	nm0308449	antagonist	minor
tt0092890	Max Kellerman	nm0922967	antagonist	minor
tt0092925	Friday	nm0000101	protagonist	major
tt0092925	Streebek	nm0000158	protagonist	major
tt0092925	Whirley	nm0001626	antagonist	major
tt0092925	Jane Kirkpatrick	nm0039051	antagonist	minor
tt0092925	Emil Muzz	nm0641172	antagonist	minor
tt0092974	Ernest P. Worrell	nm0001815	protagonist	major
tt0092974	Sherman Krader	nm0006893	antagonist	major
tt0092974	Bronk Stinson (Foreman)	nm0023668	antagonist	minor
tt0092974	Counselor Stennis	nm0776621	antagonist	minor
tt0092974	Pennington	nm0941008	antagonist	minor
tt0093010	Dan Gallagher	nm0000140	protagonist	major
tt0093010	Beth Gallagher	nm0000271	protagonist	minor
tt0093010	Alex Forrest	nm0000335	antagonist	major
tt0093058	Pvt. Joker	nm0000546	protagonist	major
tt0093058	Pvt. Pyle	nm0000352	protagonist	major
tt0093058	Gny. Sgt. Hartman (as Lee Ermey)	nm0000388	antagonist	major
tt0093058	VC Sniper	nm0494707	antagonist	minor
tt0093105	Adrian Cronauer	nm0000245	protagonist	major
tt0093105	Sgt. Major Dickerson	nm0000687	antagonist	major
tt0093105	Lt. Steven Hauk	nm0456124	antagonist	minor
tt0093148	George Henderson	nm0001475	protagonist	major
tt0093148	Harry	nm0001310	protagonist	major
tt0093148	Dr. Wallace Wrightwood	nm0000747	protagonist	minor
tt0093148	Jacques Lafleur	nm0837064	antagonist	major
tt0093175	Lucy Chadman	nm0001480	protagonist	major
tt0093175	Zelda	nm0412382	protagonist	minor
tt0093175	Kim Lacey	nm0000688	antagonist	major
tt0093260	Lt. Tuck Pendleton	nm0000598	protagonist	major
tt0093260	Jack Putter	nm0001737	protagonist	major
tt0093260	Lydia Maxwell	nm0000212	protagonist	major
tt0093260	Victor Scrimshaw	nm0002994	antagonist	major
tt0093260	Mr. Igoe	nm0920460	antagonist	major
tt0093260	The Cowboy	nm0000585	antagonist	minor
tt0093260	Dr. Margaret Canker	nm0507187	antagonist	minor
tt0093300	Ellen Brody	nm0308882	protagonist	major
tt0093300	Michael Brody	nm0346411	protagonist	major
tt0093300	Jake	nm0005522	protagonist	minor
tt0093300	Hoagie	nm0000323	protagonist	minor
tt0093300	Shark (uncredited)	nm12179114	antagonist	major
tt0093378	Ritchie Valens	nm0001617	protagonist	major
tt0093378	Bob Morales	nm0005246	antagonist	major
tt0093378	Mr. Ludwig	nm0027402	antagonist	minor
tt0093389	Pu Yi (Adult)	nm0518821	protagonist	major
tt0093389	Pu Yi (3 years)	nm0904484	protagonist	minor
tt0093389	Pu Yi (8 years) (as Tijger Tsou)	nm0863118	protagonist	minor
tt0093389	Pu Yi (15 years) (as Wu Tao)	nm0943174	protagonist	minor
tt0093389	Interrogator	nm0949521	antagonist	minor
tt0093409	Martin Riggs	nm0000154	protagonist	major
tt0093409	Roger Murtaugh	nm0000418	protagonist	major
tt0093409	The General	nm0752751	antagonist	major
tt0093409	Joshua	nm0000997	antagonist	major
tt0093418	Dr. Jack Hammond	nm0001545	protagonist	major
tt0093418	Chris Hammond	nm0131647	protagonist	major
tt0093418	Dr. Jack Hammond	nm0131647	protagonist	major
tt0093418	Chris Hammond	nm0001545	protagonist	major
tt0093418	Rick Anderson	nm0335562	antagonist	minor
tt0093418	Dr. Armbruster	nm0641929	antagonist	minor
tt0093428	James Bond	nm0001096	protagonist	major
tt0093428	Kara Milovy	nm0001881	protagonist	major
tt0093428	General Georgi Koskov	nm0469103	antagonist	major
tt0093428	Brad Whitaker	nm0000833	antagonist	major
tt0093428	Necros	nm0936591	antagonist	minor
tt0093437	Michael	nm0000574	protagonist	major
tt0093437	Sam	nm0000433	protagonist	major
tt0093437	Edgar Frog	nm0000397	protagonist	minor
tt0093437	Alan Frog	nm0627961	protagonist	minor
tt0093437	David	nm0000662	antagonist	major
tt0093437	Max (as Ed Herrmann)	nm0001346	antagonist	major
tt0093437	Paul	nm0565029	antagonist	minor
tt0093437	Dwayne	nm0936198	antagonist	minor
tt0093437	Marko (as Alexander Winter)	nm0935664	antagonist	minor
tt0093493	Jonathan Switcher	nm0000530	protagonist	major
tt0093493	Emmy	nm0000326	protagonist	major
tt0093493	B.J. Wert (as Stephen Vinovich)	nm0899079	antagonist	major
tt0093493	Richards	nm0000652	antagonist	major
tt0093493	Felix (as G. W. Bailey)	nm0047265	antagonist	minor
tt0093493	Roxie	nm0204316	antagonist	minor
tt0093565	Loretta Castorini	nm0000333	protagonist	major
tt0093565	Ronny Cammareri	nm0000115	protagonist	major
tt0093629	Kristen Parker	nm0000099	protagonist	major
tt0093629	Nancy Thompson	nm0000486	protagonist	major
tt0093629	Neil Gordon	nm0913738	protagonist	major
tt0093629	Kincaid	nm0756209	protagonist	minor
tt0093629	Joey	nm0247672	protagonist	minor
tt0093629	Taryn	nm0748075	protagonist	minor
tt0093629	Phillip	nm0339562	protagonist	minor
tt0093629	Will	nm0373934	protagonist	minor
tt0093629	Jennifer	nm0837238	protagonist	minor
tt0093629	Freddy Krueger	nm0000387	antagonist	major
tt0093640	Tom Farrell	nm0000126	protagonist	major
tt0093640	David Brice	nm0000432	antagonist	major
tt0093640	Scott Pritchard	nm0001599	antagonist	major
tt0093660	Claudia Draper	nm0000659	protagonist	major
tt0093660	Aaron Levinsky	nm0000377	protagonist	major
tt0093660	Arthur Kirk	nm0001500	antagonist	major
tt0093660	Rose Kirk	nm0822972	antagonist	major
tt0093660	Dr. Herbert A. Morrison	nm0908919	antagonist	minor
tt0093660	Allen Green	nm0000558	antagonist	minor
tt0093690	Lauren	nm0001480	protagonist	major
tt0093690	Sandy	nm0000541	protagonist	major
tt0093690	Michael	nm0001075	antagonist	major
tt0093690	Stanislav Korzenowski	nm0698764	antagonist	minor
tt0093748	Neal Page	nm0000188	protagonist	major
tt0093748	Del Griffith	nm0001006	protagonist	major
tt0093756	Mahoney	nm0000430	protagonist	major
tt0093756	Commandant Lassard	nm0310960	protagonist	minor
tt0093756	Zed	nm0001281	protagonist	minor
tt0093756	Hightower	nm0807571	protagonist	minor
tt0093756	Tackleberry	nm0333701	protagonist	minor
tt0093756	Jones	nm0935498	protagonist	minor
tt0093756	Capt. Harris	nm0047265	antagonist	major
tt0093756	Proctor	nm0455886	antagonist	minor
tt0093773	Dutch	nm0000216	protagonist	major
tt0093773	The Predator	nm0001310	antagonist	major
tt0093779	Westley	nm0000144	protagonist	major
tt0093779	The Princess Bride	nm0000705	protagonist	major
tt0093779	Iñigo Montoya	nm0001597	protagonist	minor
tt0093779	Prince Humperdinck	nm0001697	antagonist	major
tt0093779	Count Rugen	nm0001302	antagonist	minor
tt0093779	Vizzini	nm0001728	antagonist	minor
tt0093822	H.I. McDunnough	nm0000115	protagonist	major
tt0093822	Ed	nm0000456	protagonist	major
tt0093822	Leonard Smalls	nm0002012	antagonist	major
tt0093822	Gale	nm0000422	antagonist	minor
tt0093822	Evelle	nm0001235	antagonist	minor
tt0093822	Glen	nm0573481	antagonist	minor
tt0093857	Lewis	nm0001019	protagonist	major
tt0093857	Booger	nm0035664	protagonist	minor
tt0093857	Lamar	nm0779467	protagonist	minor
tt0093857	Poindexter	nm0124079	protagonist	minor
tt0093857	Wormser	nm0144119	protagonist	minor
tt0093857	Roger	nm0925966	antagonist	major
tt0093857	Buzz	nm0491590	antagonist	minor
tt0093857	Ogre	nm0316455	antagonist	minor
tt0093870	Alex Murphy	nm0000693	protagonist	major
tt0093870	RoboCop	nm0000693	protagonist	major
tt0093870	Anne Lewis	nm0000262	protagonist	minor
tt0093870	Dick Jones	nm0001074	antagonist	major
tt0093870	Clarence Boddicker	nm0001748	antagonist	major
tt0093870	Emil Antonowsky	nm0005204	antagonist	minor
tt0093870	Leon Nash	nm0936403	antagonist	minor
tt0093870	Joe Cox (as Jesse Goins)	nm0324795	antagonist	minor
tt0093870	Steve Minh	nm0432517	antagonist	minor
tt0093886	C. D. Bales	nm0000188	protagonist	major
tt0093886	Roxanne	nm0000435	protagonist	major
tt0093894	Ben Richards	nm0000216	protagonist	major
tt0093894	Amber Mendez	nm0000744	protagonist	major
tt0093894	Laughlin	nm0001433	protagonist	minor
tt0093894	Weiss	nm0570793	protagonist	minor
tt0093894	Mic	nm0281450	protagonist	minor
tt0093894	Damon Killian	nm0206241	antagonist	major
tt0093894	Subzero	nm0849048	antagonist	minor
tt0093894	Buzzsaw	nm0720523	antagonist	minor
tt0093894	Dynamo (as Erland Van Lidth)	nm0887419	antagonist	minor
tt0093894	Fireball	nm0000987	antagonist	minor
tt0093936	Brantley Foster	nm0000150	protagonist	major
tt0093936	Christy Wills	nm0000644	protagonist	minor
tt0093936	Howard Prescott	nm0430151	antagonist	major
tt0093936	Donald Davenport	nm0001304	antagonist	minor
tt0093936	Art Thomas	nm0051482	antagonist	minor
tt0094012	Lone Starr	nm0000597	protagonist	major
tt0094012	Princess Vespa	nm0001879	protagonist	major
tt0094012	Barf	nm0001006	protagonist	major
tt0094012	Dot Matrix (voice)	nm0001672	protagonist	minor
tt0094012	Dot Matrix (as Lorene Yarnell)	nm0946489	protagonist	minor
tt0094012	Dark Helmet	nm0001548	antagonist	major
tt0094012	President Skroob	nm0000316	antagonist	major
tt0094012	Colonel Sandurz	nm0943927	antagonist	minor
tt0094012	Pizza the Hutt (voice)	nm0001123	antagonist	minor
tt0094012	Pizza the Hutt	nm0493989	antagonist	minor
tt0094025	Chris Lecce	nm0000377	protagonist	major
tt0094025	Bill Reimers	nm0000389	protagonist	major
tt0094025	Richard 'Stick' Montgomery	nm0001644	antagonist	major
tt0094025	Caylor Reese	nm0870439	antagonist	minor
tt0094025	B.C.	nm0538387	antagonist	minor
tt0094072	Freddy Shoop	nm0001319	protagonist	major
tt0094072	Vice Principal Phil Gills	nm0859450	antagonist	major
tt0094137	Peter	nm0000633	protagonist	major
tt0094137	Michael	nm0000430	protagonist	major
tt0094137	Jack	nm0001101	protagonist	major
tt0094137	Vince	nm0002117	antagonist	major
tt0094137	Satch	nm0385561	antagonist	major
tt0094142	Larry	nm0000345	protagonist	major
tt0094142	Owen	nm0000362	protagonist	major
tt0094142	Momma	nm0001649	antagonist	major
tt0094142	Margaret	nm0000550	antagonist	minor
tt0094155	BB	nm0000377	antagonist	major
tt0094155	Tilley	nm0000362	antagonist	major
tt0094226	Eliot Ness	nm0000126	protagonist	major
tt0094226	Jim Malone	nm0000125	protagonist	major
tt0094226	Oscar Wallace	nm0001747	protagonist	minor
tt0094226	George Stone	nm0000412	protagonist	minor
tt0094226	Al Capone	nm0000134	antagonist	major
tt0094226	Nitti	nm0236711	antagonist	major
tt0094291	Bud Fox	nm0000221	protagonist	major
tt0094291	Gordon Gekko	nm0000140	antagonist	major
tt0094332	Alexandra Medford	nm0000333	protagonist	major
tt0094332	Jane Spofford	nm0000215	protagonist	major
tt0094332	Sukie Ridgemont	nm0000201	protagonist	major
tt0094332	Daryl Van Horne	nm0000197	antagonist	major
tt0094332	Felicia Alden	nm0001021	antagonist	minor
tt0094606	Macon Leary	nm0000458	protagonist	major
tt0094608	Sarah Tobias	nm0000149	protagonist	major
tt0094608	Kathryn Murphy	nm0000534	protagonist	major
tt0094612	'Action' Jackson	nm0001835	protagonist	major
tt0094612	Sydney Ash	nm0889152	protagonist	minor
tt0094612	Peter Dellaplane	nm0005266	antagonist	major
tt0094631	Matthew Sykes	nm0001001	protagonist	major
tt0094631	Sam Francisco	nm0001597	protagonist	major
tt0094631	William Harcourt	nm0000654	antagonist	major
tt0094631	Rudyard Kipling	nm0397441	antagonist	minor
tt0094715	CC Bloom	nm0000541	protagonist	major
tt0094715	Hillary Whitney Essex	nm0001347	protagonist	major
tt0094721	Adam	nm0000285	protagonist	major
tt0094721	Barbara	nm0000133	protagonist	major
tt0094721	Lydia	nm0000213	protagonist	major
tt0094721	Betelgeuse	nm0000474	antagonist	major
tt0094721	Otho	nm0787187	antagonist	minor
tt0094721	Charles	nm0000470	antagonist	minor
tt0094721	Delia	nm0001573	antagonist	minor
tt0094731	Cathy Weaver	nm0000700	protagonist	major
tt0094731	Katie Phillips	nm0000700	protagonist	major
tt0094731	Gary Simmons	nm0000297	antagonist	major
tt0094737	Josh	nm0000158	protagonist	major
tt0094737	Young Josh	nm0608378	protagonist	minor
tt0094737	Paul	nm0001334	antagonist	minor
tt0094739	Rose Ratliff	nm0005499	protagonist	major
tt0094739	Sadie Ratliff	nm0000541	protagonist	major
tt0094739	Rose Shelton	nm0005499	protagonist	major
tt0094739	Sadie Shelton	nm0000541	antagonist	major
tt0094739	Fabio Alberici	nm0686375	antagonist	minor
tt0094739	Graham Sherbourne	nm0001346	antagonist	minor
tt0094739	Chuck	nm0314776	antagonist	minor
tt0094746	Eugene Morris Jerome	nm0000111	protagonist	major
tt0094746	Sgt. Toomey	nm0000686	antagonist	major
tt0094746	Joseph Wykowski	nm0611827	antagonist	minor
tt0094812	Crash Davis	nm0000126	protagonist	major
tt0094812	Annie Savoy	nm0000215	protagonist	major
tt0094812	Ebby Calvin 'Nuke' LaLoosh	nm0000209	protagonist	major
tt0094862	Andy Barclay	nm0898571	protagonist	major
tt0094862	Karen Barclay	nm0382819	protagonist	major
tt0094862	Mike Norris	nm0001697	protagonist	major
tt0094862	Charles Lee Ray	nm0000374	antagonist	major
tt0094862	Chucky (voice)	nm0000374	antagonist	major
tt0094889	Brian Flanagan	nm0000129	protagonist	major
tt0094889	Doug Coughlin	nm0000986	antagonist	major
tt0094889	Mr. Mooney	nm0524743	antagonist	minor
tt0094894	Danny McGavin	nm0000576	protagonist	major
tt0094894	Bob Hodges	nm0000380	protagonist	major
tt0094894	Rocket	nm0000332	antagonist	major
tt0094894	Frog	nm0798534	antagonist	major
tt0094894	Bird	nm0577226	antagonist	minor
tt0094894	High Top	nm0687625	antagonist	minor
tt0094898	Prince Akeem	nm0000552	protagonist	major
tt0094898	Lisa McDowell	nm0372191	protagonist	major
tt0094898	Semmi	nm0002119	protagonist	minor
tt0094898	King Jaffe Joffer	nm0000469	antagonist	major
tt0094898	Darryl Jenks	nm0005113	antagonist	minor
tt0094947	Marquise de Merteuil	nm0000335	antagonist	major
tt0094947	Vicomte de Valmont	nm0000518	protagonist	major
tt0094947	Chevalier Danceny	nm0000206	antagonist	minor
tt0094963	Harry Callahan	nm0000142	protagonist	major
tt0094963	Al Quan	nm0453447	protagonist	minor
tt0094963	Samantha Walker	nm0165101	protagonist	minor
tt0094963	Harlan Rook	nm0402408	antagonist	major
tt0094963	Lou Janero	nm0153394	antagonist	minor
tt0095016	John McClane	nm0000246	protagonist	major
tt0095016	Hans Gruber	nm0000614	antagonist	major
tt0095016	Karl	nm0324231	antagonist	minor
tt0095016	Tony	nm0936591	antagonist	minor
tt0095016	Theo	nm0319739	antagonist	minor
tt0095031	Lawrence Jamieson	nm0000323	protagonist	major
tt0095031	Freddy Benson	nm0000188	protagonist	major
tt0095031	Janet Colgate	nm0000444	antagonist	major
tt0095107	Ernest P. Worrell	nm0001815	protagonist	major
tt0095107	Santa	nm0780528	protagonist	major
tt0095107	Harmony (as Noëlle Parker)	nm0662523	protagonist	minor
tt0095107	Joe Carruthers	nm0164339	protagonist	minor
tt0095107	Marty Brock	nm0504342	antagonist	major
tt0095159	Wanda	nm0000130	protagonist	major
tt0095159	Archie	nm0000092	protagonist	major
tt0095159	Otto	nm0000177	antagonist	major
tt0095159	George	nm0313702	antagonist	minor
tt0095179	Tina (as Lar Park Lincoln)	nm0661983	protagonist	major
tt0095179	Nick (as Kevin Blair)	nm0819099	protagonist	minor
tt0095179	Jason	nm0387987	antagonist	major
tt0095179	Dr. Crews	nm0435218	antagonist	minor
tt0095188	Andy Farmer	nm0000331	protagonist	major
tt0095188	Elizabeth Farmer (as Madolyn Smith)	nm0001750	protagonist	major
tt0095243	Dian Fossey	nm0000244	protagonist	major
tt0095243	Claude Van Veeten	nm0018909	antagonist	minor
tt0095253	Chet Ripley	nm0001006	protagonist	major
tt0095253	Roman Craig	nm0000101	antagonist	major
tt0095253	The Bald-Headed Bear	nm1075976	antagonist	minor
tt0095519	Les Anderson	nm0000433	protagonist	major
tt0095519	Mercedes Lane	nm0001287	protagonist	minor
tt0095519	Dean	nm0000397	protagonist	minor
tt0095519	Charles	nm0541308	protagonist	minor
tt0095593	Angela de Marco	nm0000201	protagonist	major
tt0095593	Mike Downey	nm0000546	protagonist	major
tt0095593	Tony 'The Tiger' Russo	nm0001777	antagonist	major
tt0095593	Connie Russo	nm0001689	antagonist	major
tt0095631	Jack Walsh	nm0000134	protagonist	major
tt0095631	Jonathan Mardukas	nm0001301	protagonist	major
tt0095631	Jimmy Serrano	nm0001199	antagonist	major
tt0095631	Marvin Dorfler	nm0039226	antagonist	minor
tt0095631	Alonzo Mosely	nm0001433	antagonist	minor
tt0095647	Anderson	nm0000432	protagonist	major
tt0095647	Ward	nm0000353	protagonist	major
tt0095647	Deputy Clinton Pell	nm0000374	antagonist	major
tt0095647	Sheriff Ray Stuckey	nm0765605	antagonist	major
tt0095647	Mayor Tilman	nm0000388	antagonist	minor
tt0095647	Lester Cowens	nm0898546	antagonist	minor
tt0095647	Judge (as Tom Mason)	nm0556977	antagonist	minor
tt0095705	Frank Drebin	nm0000558	protagonist	major
tt0095705	Jane Spencer	nm0001636	protagonist	major
tt0095705	Nordberg	nm0001740	protagonist	minor
tt0095705	Ed Hocken	nm0001421	protagonist	minor
tt0095705	Vincent Ludwig	nm0001544	antagonist	major
tt0095705	Pahpshmir	nm0083541	antagonist	minor
tt0095742	Alice	nm0928244	protagonist	major
tt0095742	Kristen	nm0461110	protagonist	minor
tt0095742	Freddy Krueger	nm0000387	antagonist	major
tt0095800	The Bear Cub	nm1212486	protagonist	major
tt0095800	The Kodiak Bear	nm1075976	protagonist	major
tt0095800	Tom	nm0001409	antagonist	major
tt0095800	Bill	nm0908685	antagonist	major
tt0095800	Le chasseur aux chiens	nm0480185	antagonist	minor
tt0095882	Lassard	nm0310960	protagonist	major
tt0095882	Nick	nm0566783	protagonist	major
tt0095882	Hightower	nm0807571	protagonist	minor
tt0095882	Tackleberry	nm0333701	protagonist	minor
tt0095882	Jones	nm0935498	protagonist	minor
tt0095882	Callahan	nm0247579	protagonist	minor
tt0095882	Hooks	nm0709034	protagonist	minor
tt0095882	House	nm0856834	protagonist	minor
tt0095882	Harris	nm0047265	antagonist	major
tt0095882	Tony	nm0041281	antagonist	minor
tt0095882	Proctor	nm0455886	antagonist	minor
tt0095897	Jay Austin	nm0001319	protagonist	major
tt0095897	Lt. Col. Alan Caldwell	nm0000125	protagonist	major
tt0095897	Arthur Peale	nm0089685	antagonist	major
tt0095897	Col. Paul Lawrence	nm0321630	antagonist	minor
tt0095897	George Spota	nm0721765	antagonist	minor
tt0095927	Steven Gold	nm0000158	protagonist	major
tt0095927	Lilah Krytsick	nm0000398	protagonist	major
tt0095953	Charlie Babbitt	nm0000129	protagonist	major
tt0095953	Raymond Babbitt	nm0000163	protagonist	major
tt0095953	Dr. Bruner (as Jerry Molen)	nm0596520	antagonist	major
tt0095956	Rambo	nm0000230	protagonist	major
tt0095956	Trautman	nm0001077	protagonist	minor
tt0095956	Zaysen	nm0209030	antagonist	major
tt0095956	Kourov	nm0710003	antagonist	minor
tt0095963	Ivan Danko	nm0000216	protagonist	major
tt0095963	Art Ridzik (as James Belushi)	nm0000902	protagonist	major
tt0095963	Viktor Rostavili	nm0642522	antagonist	major
tt0095963	Abdul Elijah	nm0421116	antagonist	minor
tt0096061	Frank Cross	nm0000195	protagonist	major
tt0096061	Brice Cummings	nm0001278	antagonist	minor
tt0096061	Eliot Loudermilk	nm0001281	antagonist	minor
tt0096071	Dennis Alan	nm0000597	protagonist	major
tt0096071	Dargent Peytraud	nm0596310	antagonist	major
tt0096098	Warren Stantin	nm0001627	protagonist	major
tt0096098	Jonathan Knox	nm0000297	protagonist	major
tt0096098	Steve	nm0000317	antagonist	major
tt0096101	Ben Jahveri	nm0001770	protagonist	major
tt0096101	Johnny 5 (voice)	nm0087456	protagonist	major
tt0096101	Fred Ritter	nm0571106	protagonist	major
tt0096101	Sandy Banatoni	nm0001269	protagonist	minor
tt0096101	Oscar Baldwin	nm0922967	antagonist	major
tt0096101	Saunders	nm0564523	antagonist	minor
tt0096101	Jones	nm0375959	antagonist	minor
tt0096244	Dale McKussic	nm0000154	protagonist	major
tt0096244	Nick Frescia	nm0000621	protagonist	major
tt0096244	Jo Ann Vallenari	nm0000201	protagonist	major
tt0096244	Carlos	nm0000471	antagonist	major
tt0096244	Escalante	nm0000471	antagonist	major
tt0096244	Hal Maguire	nm0000687	antagonist	major
tt0096316	Preston Tucker	nm0000313	protagonist	major
tt0096316	Bennington	nm0329052	antagonist	major
tt0096316	Sen. Homer Ferguson (uncredited)	nm0000978	antagonist	major
tt0096320	Julius Benedict	nm0000216	protagonist	major
tt0096320	Vincent Benedict	nm0000362	protagonist	major
tt0096320	Webster	nm0068382	antagonist	major
tt0096446	Willow	nm0001116	protagonist	major
tt0096446	Madmartigan	nm0000174	protagonist	major
tt0096446	Raziel	nm0371175	protagonist	minor
tt0096446	Airk	nm0641398	protagonist	minor
tt0096446	Queen Bavmorda	nm0550577	antagonist	major
tt0096446	Kael	nm0730053	antagonist	major
tt0096446	Sorsha	nm0000695	antagonist	minor
tt0096463	Tess McGill	nm0000429	protagonist	major
tt0096463	Jack Trainer	nm0000148	protagonist	major
tt0096463	Katharine Parker	nm0000244	antagonist	major
tt0096487	William H. Bonney	nm0000389	protagonist	major
tt0096487	Doc Scurlock	nm0000662	protagonist	major
tt0096487	Chavez y Chavez	nm0001617	protagonist	major
tt0096487	Dick Brewer	nm0000221	protagonist	minor
tt0096487	Dirty Steve Stephens	nm0000551	protagonist	minor
tt0096487	Charley Bowdre	nm0797150	protagonist	minor
tt0096487	L. G. Murphy	nm0001588	antagonist	major
tt0096487	J. McCloskey	nm0086553	antagonist	minor
tt0096487	Buckshot Roberts	nm0001417	antagonist	minor
tt0096487	Sheriff Brady (as Daniel Kamin)	nm0436663	antagonist	minor
tt0096487	John Kinney (as Allen Robert Keller)	nm0445576	antagonist	minor
tt0096734	Ray Peterson	nm0000158	protagonist	major
tt0096734	Art Weingartner	nm0239958	protagonist	minor
tt0096734	Mark Rumsfield	nm0001136	protagonist	minor
tt0096734	Dr. Werner Klopek	nm0002099	antagonist	major
tt0096734	Hans Klopek	nm0301381	antagonist	minor
tt0096734	Reuben Klopek (as Brother Theodore)	nm0857475	antagonist	minor
tt0096754	Bud Brigman	nm0000438	protagonist	major
tt0096754	Lindsey Brigman	nm0001512	protagonist	major
tt0096754	Lt. Coffey	nm0000299	antagonist	major
tt0096794	Pete Sandich	nm0000377	protagonist	major
tt0096794	Dorinda Durston	nm0000456	protagonist	major
tt0096874	Marty McFly	nm0000150	protagonist	major
tt0096874	Dr. Emmett Brown	nm0000502	protagonist	major
tt0096874	Biff Tannen	nm0001855	antagonist	major
tt0096874	Griff (as Thomas F. Wilson)	nm0001855	antagonist	minor
tt0096895	Batman	nm0000474	protagonist	major
tt0096895	Bruce Wayne	nm0000474	protagonist	major
tt0096895	Vicki Vale	nm0000107	protagonist	minor
tt0096895	Joker	nm0000197	antagonist	major
tt0096895	Jack Napier	nm0000197	antagonist	major
tt0096895	Grissom	nm0001588	antagonist	minor
tt0096895	Eckhardt	nm0393853	antagonist	minor
tt0096928	Ted 'Theodore' Logan	nm0000206	protagonist	major
tt0096928	Bill S. Preston	nm0935664	protagonist	major
tt0096928	Rufus	nm0137506	protagonist	minor
tt0096928	Captain Logan	nm0484900	antagonist	major
tt0096933	Nick Conklin	nm0000140	protagonist	major
tt0096933	Masahiro	nm0847264	protagonist	major
tt0096933	Charlie Vincent	nm0000412	protagonist	minor
tt0096933	Sato	nm0557929	antagonist	major
tt0096933	Sugai	nm0423663	antagonist	minor
tt0096969	Ron Kovic	nm0000129	protagonist	major
tt0096969	Young Ron	nm0488267	protagonist	minor
tt0097142	John Tremont	nm0001101	protagonist	major
tt0097142	Jake Tremont	nm0000493	protagonist	major
tt0097142	Bette Tremont	nm0001156	antagonist	minor
tt0097142	Dr. Santana	nm0000687	antagonist	minor
tt0097165	John Keating	nm0000245	protagonist	major
tt0097165	Todd Anderson	nm0000160	protagonist	major
tt0097165	Neil Perry	nm0000494	protagonist	major
tt0097165	Charlie Dalton	nm0360796	protagonist	minor
tt0097165	Knox Overstreet	nm0001038	protagonist	minor
tt0097165	Mr. Nolan	nm0516093	antagonist	major
tt0097165	Mr. Perry	nm0001748	antagonist	major
tt0097165	Richard Cameron	nm0476378	antagonist	minor
tt0097216	Mookie	nm0000490	protagonist	major
tt0097216	Buggin Out	nm0002064	protagonist	minor
tt0097216	Radio Raheem	nm0638056	protagonist	minor
tt0097216	Sal	nm0000732	antagonist	major
tt0097216	Pino	nm0001806	antagonist	minor
tt0097216	Officer Long	nm0014519	antagonist	minor
tt0097235	Billy Caufield	nm0000474	protagonist	major
tt0097235	Henry Sikorsky	nm0000502	protagonist	major
tt0097235	Jack McDermott	nm0001967	protagonist	major
tt0097235	Albert Ianuzzi	nm0299122	protagonist	major
tt0097235	Dr. Weitzman	nm0100381	protagonist	minor
tt0097239	Daisy Werthan	nm0001788	protagonist	major
tt0097239	Hoke Colburn	nm0000151	protagonist	major
tt0097351	Ray Kinsella	nm0000126	protagonist	major
tt0097351	Mark	nm0124079	antagonist	minor
tt0097366	Fletch	nm0000331	protagonist	major
tt0097366	Ham Johnson	nm0001358	antagonist	major
tt0097366	Ben Dover	nm0002012	antagonist	minor
tt0097428	Dr. Peter Venkman	nm0000195	protagonist	major
tt0097428	Dr. Raymond Stantz	nm0000101	protagonist	major
tt0097428	Dr. Egon Spengler	nm0000601	protagonist	major
tt0097428	Winston Zeddemore	nm0001368	protagonist	major
tt0097428	Dana Barrett	nm0000244	protagonist	minor
tt0097428	Vigo	nm0902455	antagonist	major
tt0097428	Dr. Janosz Poha	nm0001493	antagonist	major
tt0097428	Hardemeyer	nm0298281	antagonist	minor
tt0097441	Col. Robert Gould Shaw	nm0000111	protagonist	major
tt0097441	Pvt. Trip	nm0000243	protagonist	major
tt0097441	Maj. Cabot Forbes	nm0000144	protagonist	minor
tt0097441	Sgt. Maj. John Rawlins	nm0000151	protagonist	minor
tt0097441	Cpl. Thomas Searles	nm0105672	protagonist	minor
tt0097441	Pvt. Jupiter Sharts	nm0448097	protagonist	minor
tt0097441	Quartermaster	nm0726223	antagonist	minor
tt0097441	Gen. Charles Garrison Harker	nm0348409	antagonist	minor
tt0097441	Col. James M. Montgomery (as Cliff DeYoung)	nm0002037	antagonist	minor
tt0097481	Sugar Ray	nm0001640	protagonist	major
tt0097481	Quick	nm0000552	protagonist	major
tt0097481	Bugsy Calhoune	nm0503627	antagonist	major
tt0097481	Phil Cantone	nm0000732	antagonist	minor
tt0097481	Dominique La Rue	nm0004982	antagonist	minor
tt0097523	Wayne Szalinski	nm0001548	protagonist	major
tt0097523	Little Russ Thompson (as Thomas Brown)	nm0114787	protagonist	major
tt0097523	Ron Thompson	nm0750758	protagonist	major
tt0097523	Amy Szalinski	nm0642091	protagonist	major
tt0097523	Nick Szalinski	nm0647084	protagonist	major
tt0097523	Diane Szalinski	nm0833519	protagonist	minor
tt0097523	Big Russ Thompson	nm0001242	protagonist	minor
tt0097576	Indiana Jones	nm0000148	protagonist	major
tt0097576	Professor Henry Jones	nm0000125	protagonist	major
tt0097576	Marcus Brody	nm0001186	protagonist	minor
tt0097576	Sallah	nm0722636	protagonist	minor
tt0097576	Young Indy	nm0000203	protagonist	minor
tt0097576	Walter Donovan	nm0002103	antagonist	major
tt0097576	Elsa	nm0233145	antagonist	major
tt0097576	Vogel	nm0126250	antagonist	minor
tt0097637	Dooley (as James Belushi)	nm0000902	protagonist	major
tt0097637	Jerry Lee (as Jerry Lee)	nm0990529	protagonist	major
tt0097637	Lyman	nm0001798	antagonist	major
tt0097637	Dillon	nm0397603	antagonist	minor
tt0097637	Halstead	nm0204425	antagonist	minor
tt0097647	Daniel	nm0001494	protagonist	major
tt0097647	Mr. Miyagi (as Noriyuki 'Pat' Morita)	nm0001552	protagonist	major
tt0097647	Terry Silver	nm0001299	antagonist	major
tt0097647	Mike Barnes	nm0437088	antagonist	major
tt0097647	Kreese	nm0184392	antagonist	minor
tt0097647	Snake	nm0043168	antagonist	minor
tt0097647	Dennis (as Christopher Paul Ford)	nm0285563	antagonist	minor
tt0097722	Principal Joe Clark	nm0000151	protagonist	major
tt0097722	Leonna Barrett	nm0858106	antagonist	major
tt0097722	Fire Chief Gaines	nm0727543	antagonist	minor
tt0097733	Martin Riggs	nm0000154	protagonist	major
tt0097733	Roger Murtaugh	nm0000418	protagonist	major
tt0097733	Leo Getz	nm0000582	protagonist	minor
tt0097733	Arjen Rudd	nm0000722	antagonist	major
tt0097733	Pieter Vorstedt	nm0640299	antagonist	major
tt0097742	James Bond	nm0001096	protagonist	major
tt0097742	Pam Bouvier	nm0000508	protagonist	minor
tt0097742	Felix Leiter	nm0373314	protagonist	minor
tt0097742	Franz Sanchez	nm0001108	antagonist	major
tt0097742	Dario	nm0001125	antagonist	minor
tt0097742	Milton Krest	nm0001875	antagonist	minor
tt0097742	Killifer	nm0569239	antagonist	minor
tt0097770	Frank	nm0000230	protagonist	major
tt0097770	Warden Drumgoole	nm0000661	antagonist	major
tt0097770	Chink	nm0484739	antagonist	minor
tt0097778	Mollie	nm0000263	protagonist	major
tt0097778	James	nm0000237	protagonist	major
tt0097778	Mikey (voice)	nm0000246	protagonist	major
tt0097778	Albert	nm0001719	antagonist	major
tt0097815	Jake Taylor	nm0000297	protagonist	major
tt0097815	Ricky Vaughn	nm0000221	protagonist	major
tt0097815	Lou Brown	nm0304000	protagonist	major
tt0097815	Willie Mays Hayes	nm0000648	protagonist	minor
tt0097815	Roger Dorn	nm0000929	protagonist	minor
tt0097815	Pedro Cerrano	nm0371660	protagonist	minor
tt0097815	Eddie Harris	nm0743304	protagonist	minor
tt0097815	Rachel Phelps	nm0926592	antagonist	major
tt0097815	Haywood	nm0904233	antagonist	minor
tt0097958	Clark	nm0000331	protagonist	major
tt0097958	Frank Shirley (as Brian Doyle Murray)	nm0236519	antagonist	minor
tt0097981	Alice	nm0928244	protagonist	major
tt0097981	Jacob (as Whitby Hertford)	nm0381035	protagonist	minor
tt0097981	Yvonne	nm0591702	protagonist	minor
tt0097981	Mark	nm0781618	protagonist	minor
tt0097981	Amanda Krueger	nm0091297	protagonist	minor
tt0097981	Freddy Krueger	nm0000387	antagonist	major
tt0097981	Super Freddy (as Mike Smith)	nm0809344	antagonist	minor
tt0098067	Gil	nm0000188	protagonist	major
tt0098067	Helen	nm0001848	protagonist	major
tt0098067	Susan (as Harley Kozak)	nm0468772	protagonist	major
tt0098067	Larry	nm0001371	protagonist	major
tt0098067	Frank	nm0001673	protagonist	minor
tt0098084	Louis Creed	nm0001535	protagonist	major
tt0098084	Gage Creed	nm0400816	antagonist	major
tt0098084	Rachel Creed	nm0000344	antagonist	minor
tt0098206	Dalton	nm0000664	protagonist	major
tt0098206	Brad Wesley	nm0001262	antagonist	major
tt0098206	Jimmy (as Marshall Teague)	nm0853549	antagonist	minor
tt0098206	Pat McGurn	nm0230335	antagonist	minor
tt0098273	Frank Keller	nm0000199	protagonist	major
tt0098273	Helen	nm0000289	protagonist	major
tt0098273	Sherman	nm0000422	protagonist	minor
tt0098273	Terry	nm0740264	antagonist	major
tt0098282	Dave	nm0000698	protagonist	major
tt0098282	Wally	nm0001640	protagonist	major
tt0098282	Eve	nm0000220	antagonist	major
tt0098282	Kirgo	nm0000228	antagonist	major
tt0098282	Sutherland	nm0001875	antagonist	minor
tt0098282	Braddock	nm0635978	antagonist	minor
tt0098382	Kirk	nm0000638	protagonist	major
tt0098382	Spock	nm0000559	protagonist	major
tt0098382	McCoy	nm0001420	protagonist	major
tt0098382	Sybok	nm0524743	antagonist	major
tt0098382	God	nm0613787	antagonist	major
tt0098382	Captain Klaa	nm0117245	antagonist	minor
tt0098384	M'Lynn Eatenton	nm0000398	protagonist	major
tt0098384	Shelby Eatenton Latcherie	nm0000210	protagonist	major
tt0098384	Annelle Dupuy Desoto	nm0000435	protagonist	minor
tt0098384	Truvy Jones	nm0000573	protagonist	minor
tt0098384	Ouiser Boudreaux	nm0000511	protagonist	minor
tt0098384	Clairee Belcher	nm0001156	protagonist	minor
tt0098439	Tango	nm0000230	protagonist	major
tt0098439	Cash	nm0000621	protagonist	major
tt0098439	Yves Perret	nm0001588	antagonist	major
tt0098439	Requin	nm0001397	antagonist	minor
tt0098439	Wyler	nm0000794	antagonist	minor
tt0098439	Skinner	nm0005052	antagonist	minor
tt0098471	Lucas	nm0000560	protagonist	major
tt0098471	Ned Perry	nm0001737	protagonist	major
tt0098471	Meg Perry	nm0233956	protagonist	minor
tt0098471	Dugan	nm0000469	antagonist	major
tt0098536	Scott Turner	nm0000158	protagonist	major
tt0098536	Hooch (as Beasley)	nm1212798	protagonist	major
tt0098536	Chief Hyde	nm0005266	antagonist	major
tt0098536	Walter Boyett	nm0703862	antagonist	major
tt0098536	Zack Gregory	nm0667182	antagonist	minor
tt0098554	Buck Russell	nm0001006	protagonist	major
tt0098554	Tia Russell	nm0446465	antagonist	major
tt0098554	Bug	nm0001809	antagonist	minor
tt0098621	Oliver Rose	nm0000140	antagonist	major
tt0098621	Barbara Rose	nm0000678	antagonist	major
tt0098627	Larry Wilson	nm0000530	protagonist	major
tt0098627	Richard Parker	nm0001738	protagonist	major
tt0098627	Paulie, Vito's Hit Man	nm0129883	antagonist	major
tt0098627	Bernie Lomax	nm0435218	antagonist	major
tt0098627	Vito	nm0316080	antagonist	minor
tt0098635	Harry Burns	nm0000345	protagonist	major
tt0098635	Sally Albright	nm0000212	protagonist	major
tt0098724	Ann	nm0000510	protagonist	major
tt0098724	Graham	nm0000652	protagonist	major
tt0098724	John	nm0001251	antagonist	major
tt0098724	Cynthia	nm0000624	antagonist	minor
tt0098966	Peter	nm0000633	protagonist	major
tt0098966	Michael	nm0000430	protagonist	major
tt0098966	Jack	nm0001101	protagonist	major
tt0098966	Sylvia	nm0001802	protagonist	major
tt0098966	Mary	nm0918871	protagonist	minor
tt0098966	Edward	nm0147392	antagonist	major
tt0099005	Billy	nm0000375	protagonist	major
tt0099005	Gene	nm0000154	protagonist	major
tt0099005	Major Donald Lemond	nm0420898	antagonist	major
tt0099005	Rob Diehl	nm0335344	antagonist	major
tt0099005	General Lu Soong	nm0477297	antagonist	major
tt0099044	Jack Cates	nm0000560	protagonist	major
tt0099044	Reggie Hammond	nm0000552	protagonist	major
tt0099044	Ben Kehoe	nm0001397	antagonist	major
tt0099044	Cherry Ganz	nm0228678	antagonist	major
tt0099044	Willie Hickok	nm0550830	antagonist	minor
tt0099044	Frank Cruise	nm0642522	antagonist	minor
tt0099044	Blake Wilson	nm0001798	antagonist	minor
tt0099052	Ross Jennings	nm0001099	protagonist	major
tt0099052	Dr. James Atherton	nm0001696	protagonist	minor
tt0099052	Chris Collins	nm0573658	protagonist	minor
tt0099052	Delbert McClintock	nm0000422	protagonist	minor
tt0099077	Dr. Malcolm Sayer	nm0000245	protagonist	major
tt0099077	Leonard Lowe	nm0000134	protagonist	major
tt0099088	Marty McFly	nm0000150	protagonist	major
tt0099088	Dr. Emmett Brown	nm0000502	protagonist	major
tt0099088	Buford 'Mad Dog' Tannen	nm0001855	antagonist	major
tt0099088	Needles	nm0281359	antagonist	minor
tt0099141	Rick Jarmin	nm0000154	protagonist	major
tt0099141	Marianne Graves	nm0000443	protagonist	major
tt0099141	Eugene Sorenson	nm0001016	antagonist	major
tt0099141	Albert Diggs	nm0004886	antagonist	major
tt0099141	Joe Weyburn	nm0864997	antagonist	minor
tt0099204	Joey O'Brien	nm0000245	protagonist	major
tt0099204	Larry	nm0000209	antagonist	major
tt0099204	Tony Dipino	nm0379200	antagonist	minor
tt0099253	Andy Barclay	nm0898571	protagonist	major
tt0099253	Kyle	nm0253705	protagonist	major
tt0099253	Chucky (voice)	nm0000374	antagonist	major
tt0099348	Lieutenant Dunbar	nm0000126	protagonist	major
tt0099365	Peyton Westlake	nm0000553	protagonist	major
tt0099365	Darkman	nm0000553	protagonist	major
tt0099365	Julie Hastings	nm0000531	protagonist	major
tt0099365	Louis Strack Jr.	nm0295506	antagonist	major
tt0099365	Robert G. Durant	nm0236952	antagonist	major
tt0099365	Rick (as Theodore Raimi)	nm0001646	antagonist	minor
tt0099365	Pauly	nm0006431	antagonist	minor
tt0099371	Cole Trickle	nm0000129	protagonist	major
tt0099371	Harry Hogge	nm0000380	protagonist	major
tt0099371	Russ Wheeler	nm0000144	antagonist	major
tt0099371	Rowdy Burns	nm0740264	antagonist	minor
tt0099422	Dick Tracy	nm0000886	protagonist	major
tt0099422	Kid	nm0001432	protagonist	minor
tt0099422	Big Boy Caprice	nm0000199	antagonist	major
tt0099422	Breathless Mahoney	nm0000187	antagonist	major
tt0099422	Flattop	nm0001235	antagonist	minor
tt0099422	Itchy	nm0642522	antagonist	minor
tt0099422	88 Keys	nm0001597	antagonist	minor
tt0099422	D.A. Fletcher	nm0001813	antagonist	minor
tt0099423	John McClane	nm0000246	protagonist	major
tt0099423	Holly McClane	nm0000889	protagonist	minor
tt0099423	Stuart	nm0006669	antagonist	major
tt0099423	Esperanza	nm0626259	antagonist	major
tt0099423	Grant	nm0025309	antagonist	major
tt0099487	Edward Scissorhands	nm0000136	protagonist	major
tt0099487	Kim	nm0000213	protagonist	major
tt0099487	Peg	nm0001848	protagonist	minor
tt0099487	Jim	nm0001309	antagonist	major
tt0099487	Joyce	nm0000834	antagonist	minor
tt0099528	Kinderman	nm0001715	protagonist	major
tt0099528	Sergeant Atkins	nm0005598	protagonist	minor
tt0099528	Father Morning	nm0932116	protagonist	minor
tt0099528	The Gemini Killer	nm0000374	antagonist	major
tt0099528	Patient X	nm0588553	antagonist	minor
tt0099582	Nelson Wright	nm0000662	protagonist	major
tt0099582	David Labraccio	nm0000102	protagonist	major
tt0099582	Dr. Rachel Mannus	nm0000210	protagonist	major
tt0099582	Joe Hurley	nm0000287	protagonist	major
tt0099582	Randy Steckle	nm0001624	protagonist	minor
tt0099582	Billy Mahoney	nm0749017	antagonist	major
tt0099582	Winnie Hicks	nm0779451	antagonist	minor
tt0099653	Sam Wheat	nm0000664	protagonist	major
tt0099653	Molly Jensen	nm0000193	protagonist	major
tt0099653	Oda Mae Brown	nm0000155	protagonist	major
tt0099653	Carl Bruner	nm0001282	antagonist	major
tt0099653	Willie Lopez	nm0043173	antagonist	minor
tt0099674	Michael Corleone	nm0000199	protagonist	major
tt0099674	Vincent Mancini	nm0000412	protagonist	major
tt0099674	Don Altobello	nm0908919	antagonist	major
tt0099674	Licio Lucchesi	nm0733508	antagonist	major
tt0099674	Archbishop Gilday	nm0232703	antagonist	major
tt0099674	Joey Zasa	nm0001505	antagonist	minor
tt0099674	Frederick Keinszig	nm0000918	antagonist	minor
tt0099674	Mosca	nm0232291	antagonist	minor
tt0099685	Henry Hill	nm0000501	protagonist	major
tt0099685	Karen Hill	nm0000966	protagonist	minor
tt0099685	Tommy DeVito	nm0000582	protagonist	minor
tt0099685	James Conway	nm0000134	antagonist	major
tt0099685	Paul Cicero	nm0000649	antagonist	major
tt0099685	Billy Batts	nm0898634	antagonist	minor
tt0099699	Brontë	nm0000510	protagonist	major
tt0099699	Georges	nm0000367	protagonist	major
tt0099700	Billy Peltzer	nm0002090	protagonist	major
tt0099700	Gizmo (voice)	nm0005177	protagonist	major
tt0099700	Kate Beringer	nm0000121	protagonist	minor
tt0099700	Mohawk (voice)	nm0919798	antagonist	major
tt0099700	Brain Gremlin (voice)	nm0709704	antagonist	major
tt0099700	Doctor Catheter	nm0000489	antagonist	minor
tt0099739	Mason Storm	nm0000219	protagonist	major
tt0099739	Andy Stewart (as Kelly Le Brock)	nm0001456	protagonist	minor
tt0099739	Lt. Kevin O'Malley	nm0168918	protagonist	minor
tt0099739	Senator Vernon Trent (as Bill Sadler)	nm0006669	antagonist	major
tt0099739	Jack Axel	nm0098332	antagonist	minor
tt0099739	Max Quentero	nm0725079	antagonist	minor
tt0099739	Capt. Dan Hulland	nm0088594	antagonist	minor
tt0099739	Nolan	nm0228445	antagonist	minor
tt0099785	Kevin	nm0000346	protagonist	major
tt0099785	Kate	nm0001573	protagonist	minor
tt0099785	Harry	nm0000582	antagonist	major
tt0099785	Marv	nm0827663	antagonist	major
tt0099800	Kid	nm0717212	protagonist	major
tt0099800	Play	nm0552086	protagonist	major
tt0099800	Stab	nm0030976	antagonist	major
tt0099800	Pee-Wee	nm0101193	antagonist	minor
tt0099800	Zilla	nm0044573	antagonist	minor
tt0099800	Pop	nm0365264	antagonist	minor
tt0099810	Jack Ryan	nm0000285	protagonist	major
tt0099810	Marko Ramius	nm0000125	protagonist	major
tt0099810	Captain Tupolev	nm0001745	antagonist	minor
tt0099810	Loginov (Cook) - Red October	nm0032962	antagonist	minor
tt0099810	Ivan Putin	nm0278752	antagonist	minor
tt0099850	Raymond Avilla	nm0000412	protagonist	major
tt0099850	Amy Wallace	nm0582418	protagonist	minor
tt0099850	Dennis Peck	nm0000152	antagonist	major
tt0099871	Jacob	nm0000209	protagonist	major
tt0099871	Jacob's Assailant	nm0485878	antagonist	minor
tt0099892	Joe	nm0000158	protagonist	major
tt0099892	Patricia	nm0000212	protagonist	major
tt0099892	Graynamore	nm0000978	antagonist	major
tt0099892	Dr. Ellison	nm0821041	antagonist	minor
tt0099938	Kimble	nm0000216	protagonist	major
tt0099938	Phoebe	nm0715622	protagonist	minor
tt0099938	Crisp	nm0879186	antagonist	major
tt0099938	Eleanor Crisp	nm0004647	antagonist	major
tt0100114	John Hatcher	nm0000219	protagonist	major
tt0100114	Max	nm0202966	protagonist	minor
tt0100114	Charles	nm0942875	protagonist	minor
tt0100114	Screwface	nm0908534	antagonist	major
tt0100114	Hector	nm0001803	antagonist	minor
tt0100133	Capt. Dennis Dearborn	nm0000546	protagonist	major
tt0100133	"Sgt. Danny ""Danny Boy"" Daly"	nm0000655	protagonist	minor
tt0100133	1st Lt. Luke Sinclair	nm0004883	protagonist	minor
tt0100133	Lt. Phil Lowenthal	nm0000665	protagonist	minor
tt0100133	"Lt. Val ""Valentine"" Kozlowski"	nm0000708	protagonist	minor
tt0100133	"Sgt. Richard ""Rascal"" Moore"	nm0000276	protagonist	minor
tt0100133	Sgt. Clay Busby	nm0001065	protagonist	minor
tt0100133	Sgt. Virgil Hoogesteger (as Reed Edward Diamond)	nm0224703	protagonist	minor
tt0100133	Sgt. Eugene McVey	nm0301381	protagonist	minor
tt0100133	Sgt. Jack Bocci	nm0321358	protagonist	minor
tt0100157	Paul Sheldon	nm0001001	protagonist	major
tt0100157	Annie Wilkes	nm0000870	antagonist	major
tt0100232	Lt. Dale Hawkins	nm0000221	protagonist	major
tt0100232	Lt. James Curran	nm0000299	protagonist	major
tt0100232	Claire Varrens (as Joanne Whalley-Kilmer)	nm0000695	protagonist	minor
tt0100232	Graham	nm0371660	protagonist	minor
tt0100232	Leary	nm0001685	protagonist	minor
tt0100232	Rexer	nm0642429	protagonist	minor
tt0100232	Dane	nm0000200	protagonist	minor
tt0100232	Ramos	nm0584052	protagonist	minor
tt0100232	Ben Shaheed	nm0252832	antagonist	major
tt0100318	Patty Palmer	nm0000429	protagonist	major
tt0100318	Drake Goodman	nm0000546	protagonist	major
tt0100318	Carter Hayes	nm0000474	antagonist	major
tt0100318	James Danforth	nm0000474	antagonist	major
tt0100395	Suzanne Vale	nm0000658	protagonist	major
tt0100395	Doris Mann	nm0000511	antagonist	major
tt0100395	Jack Faulkner	nm0000598	antagonist	minor
tt0100395	Marty Wiener	nm0607979	antagonist	minor
tt0100403	Lieutenant Mike Harrigan	nm0000418	protagonist	major
tt0100403	Danny Archuleta (as Ruben Blades)	nm0001952	protagonist	minor
tt0100403	Leona Cantrell	nm0000744	protagonist	minor
tt0100403	Jerry Lambert	nm0000200	protagonist	minor
tt0100403	The Predator	nm0001310	antagonist	major
tt0100403	Peter Keyes	nm0000997	antagonist	minor
tt0100404	Rusty Sabich	nm0000148	protagonist	major
tt0100404	Nico Della Guardia	nm0546306	antagonist	major
tt0100404	Tommy Molto	nm0341055	antagonist	major
tt0100404	Barbara Sabich	nm0000889	antagonist	major
tt0100404	Raymond Horgan	nm0001133	antagonist	minor
tt0100405	Vivian Ward	nm0000210	protagonist	major
tt0100405	Edward Lewis	nm0000152	protagonist	major
tt0100405	Philip Stuckey	nm0004517	antagonist	major
tt0100419	Ben Healy	nm0000615	protagonist	major
tt0100419	Junior Healy	nm0646943	protagonist	major
tt0100419	Martin Beck	nm0724245	antagonist	major
tt0100419	Big Ben Healy	nm0912001	antagonist	minor
tt0100419	Flo Healy	nm0001865	antagonist	minor
tt0100502	Robocop	nm0000693	protagonist	major
tt0100502	Anne Lewis	nm0000262	protagonist	minor
tt0100502	Cain	nm0006888	antagonist	major
tt0100502	Juliette Faxx	nm0000873	antagonist	major
tt0100502	Hob	nm0198925	antagonist	minor
tt0100507	Rocky	nm0000230	protagonist	major
tt0100507	Tommy	nm0607338	antagonist	major
tt0100507	George W. Duke	nm0304579	antagonist	major
tt0100758	Leonardo	nm0286335	protagonist	major
tt0100758	Donatello	nm0863208	protagonist	major
tt0100758	Michaelangelo	nm0803145	protagonist	major
tt0100758	Raphael (voice)	nm0656929	protagonist	major
tt0100758	April O'Neil	nm0387432	protagonist	major
tt0100758	Casey Jones	nm0000480	protagonist	minor
tt0100758	Splinter (voice)	nm0165159	protagonist	minor
tt0100758	The Shredder	nm0756839	antagonist	major
tt0100758	Tatsu	nm0643164	antagonist	minor
tt0100802	Quaid	nm0000216	protagonist	major
tt0100802	Melina	nm0001797	protagonist	major
tt0100802	Cohaagen	nm0001074	antagonist	major
tt0100802	Richter	nm0000461	antagonist	major
tt0100802	Lori	nm0000232	antagonist	minor
tt0100802	Benny	nm0424436	antagonist	minor
tt0100994	William H. Bonney	nm0000389	protagonist	major
tt0100994	Doc Scurlock	nm0000662	protagonist	minor
tt0100994	Chavez y Chavez	nm0001617	protagonist	minor
tt0100994	Arkansas Dave Rudabaugh	nm0000225	protagonist	minor
tt0100994	Pat Garrett	nm0676973	antagonist	major
tt0100994	Governor Lewis Wallace	nm0934113	antagonist	minor
tt0100994	John Chisum	nm0000336	antagonist	minor
tt0101272	Gomez Addams	nm0000471	protagonist	major
tt0101272	Morticia Addams	nm0001378	protagonist	major
tt0101272	Uncle Fester Addams	nm0000502	protagonist	major
tt0101272	Wednesday Addams	nm0000207	protagonist	minor
tt0101272	Pugsley Addams	nm0941469	protagonist	minor
tt0101272	Thing	nm0366205	protagonist	minor
tt0101272	Abigail Craven	nm0933361	antagonist	major
tt0101272	Tully Alford	nm0000445	antagonist	major
tt0101272	Judge Womack	nm0070801	antagonist	minor
tt0101393	Brian McCaffrey	nm0000287	protagonist	major
tt0101393	Stephen McCaffrey	nm0000621	protagonist	major
tt0101393	Donald Rimgale	nm0000134	protagonist	minor
tt0101393	John Adcox	nm0001277	antagonist	major
tt0101393	Marty Swayzak	nm0000687	antagonist	major
tt0101452	Bill	nm0935664	protagonist	major
tt0101452	Ted	nm0000206	protagonist	major
tt0101452	De Nomolos	nm0000722	antagonist	major
tt0101452	The Devil	nm0919798	antagonist	minor
tt0101452	Grim Reaper	nm0006669	antagonist	minor
tt0101507	Tre Styles	nm0000421	protagonist	major
tt0101507	Doughboy	nm0001084	protagonist	major
tt0101507	Ricky Baker	nm0004820	protagonist	major
tt0101507	Ferris	nm0877818	antagonist	major
tt0101516	Bugsy Siegel	nm0000886	protagonist	major
tt0101516	Virginia Hill	nm0000906	protagonist	major
tt0101516	Jack Dragna (as Richard Sarafian)	nm0764781	antagonist	minor
tt0101516	Meyer Lansky	nm0001426	antagonist	minor
tt0101540	Sam Bowden	nm0000560	protagonist	major
tt0101540	Leigh Bowden	nm0001448	protagonist	minor
tt0101540	Danielle Bowden	nm0000496	protagonist	minor
tt0101540	Max Cady	nm0000134	antagonist	major
tt0101587	Mitch Robbins	nm0000345	protagonist	major
tt0101587	Phil Berquist	nm0827663	protagonist	major
tt0101587	Ed Furillo	nm0456124	protagonist	major
tt0101587	Jeff	nm0001717	antagonist	minor
tt0101587	T.R.	nm0356698	antagonist	minor
tt0101635	Bill Dancer (as James Belushi)	nm0000902	protagonist	major
tt0101635	Curly Sue	nm0692018	protagonist	major
tt0101635	Grey Ellison	nm0001488	protagonist	major
tt0101635	Walker McCormick	nm0315288	antagonist	major
tt0101635	Drifter	nm0285160	antagonist	minor
tt0101669	Mike Church	nm0000110	protagonist	major
tt0101669	Grace	nm0000668	protagonist	major
tt0101669	Roman Strauss	nm0000110	protagonist	minor
tt0101669	Margaret Strauss	nm0000668	protagonist	minor
tt0101669	Franklyn Madson	nm0001394	antagonist	major
tt0101669	Frankie	nm0381563	antagonist	minor
tt0101669	Doug	nm0001714	antagonist	minor
tt0101694	Adrienne Saunders	nm0000443	protagonist	major
tt0101694	Jack Saunders	nm0001334	antagonist	major
tt0101745	Ben Stone	nm0000150	protagonist	major
tt0101746	Jack	nm0000458	protagonist	major
tt0101746	Leslie Abbott	nm0187724	antagonist	minor
tt0101761	Jim Morrison	nm0000174	protagonist	major
tt0101761	Pamela Courson	nm0000212	protagonist	minor
tt0101761	Ray Manzarek	nm0001492	protagonist	minor
tt0101761	Robby Krieger	nm0001844	protagonist	minor
tt0101761	John Densmore	nm0001143	protagonist	minor
tt0101764	Alex	nm0000241	protagonist	major
tt0101764	Chad Wagner	nm0000241	protagonist	major
tt0101764	Frank Avery	nm0507212	protagonist	minor
tt0101764	Danielle Wilde	nm0789585	protagonist	minor
tt0101764	Nigel Griffith	nm0769154	antagonist	major
tt0101764	Raymond Zhang	nm0151068	antagonist	major
tt0101764	Kara	nm0263691	antagonist	minor
tt0101764	Moon	nm0001866	antagonist	minor
tt0101787	Hilary O'Neil	nm0000210	protagonist	major
tt0101787	Victor Geddes	nm0001714	protagonist	major
tt0101862	George Banks	nm0000188	protagonist	major
tt0101889	Jack	nm0000313	protagonist	major
tt0101889	Parry	nm0000245	protagonist	major
tt0101889	Red Knight	nm0397949	antagonist	major
tt0101889	First Punk	nm0058983	antagonist	minor
tt0101889	Second Punk	nm0001246	antagonist	minor
tt0101889	Edwin	nm0166061	antagonist	minor
tt0101917	Maggie Burroughs	nm0005571	protagonist	major
tt0101917	John Doe	nm0338625	protagonist	minor
tt0101917	Tracy	nm0213034	protagonist	minor
tt0101917	Freddy Krueger	nm0000387	antagonist	major
tt0101921	Evelyn Couch	nm0000870	protagonist	major
tt0101921	Idgie Threadgoode	nm0000524	protagonist	major
tt0101921	Ruth Jamison	nm0000571	protagonist	major
tt0101921	Ninny Threadgoode	nm0001788	protagonist	major
tt0101921	Frank Bennett	nm0780678	antagonist	major
tt0101921	Sheriff Curtis Smoote	nm1807200	antagonist	minor
tt0101921	Grady Kilgore	nm0059630	antagonist	minor
tt0101969	Mack	nm0000177	protagonist	major
tt0101969	Simon	nm0000418	protagonist	major
tt0101969	Claire	nm0001521	protagonist	major
tt0101969	Davis	nm0000188	protagonist	major
tt0102004	Nick Lang	nm0000150	protagonist	major
tt0102004	John Moss	nm0000249	protagonist	major
tt0102004	Party Crasher	nm0002332	antagonist	major
tt0102057	Peter Banning	nm0000245	protagonist	major
tt0102057	Captain Hook	nm0000163	antagonist	major
tt0102057	Smee	nm0001364	antagonist	minor
tt0102059	Topper Harley	nm0000221	protagonist	major
tt0102059	Wilson	nm0956544	antagonist	major
tt0102059	Lt. Cmdr. Block	nm0242656	antagonist	minor
tt0102059	Kent Gregory	nm0000144	antagonist	minor
tt0102059	Saddam Hussein (as Jerry Halera)	nm0355062	antagonist	minor
tt0102138	Jim Garrison	nm0000126	protagonist	major
tt0102138	Clay Shaw	nm0000169	antagonist	major
tt0102138	Bill Broussard	nm0740264	antagonist	minor
tt0102138	David Ferrie	nm0000582	antagonist	minor
tt0102175	Flipper Purify	nm0000648	protagonist	major
tt0102175	Angie Tucci	nm0001711	protagonist	major
tt0102175	Paulie Carbone	nm0001806	protagonist	minor
tt0102175	Mike Tucci	nm0898634	antagonist	minor
tt0102175	Gator Purify	nm0000168	antagonist	minor
tt0102216	Ralph	nm0000422	protagonist	major
tt0102216	Lord Percival Graves	nm0000457	antagonist	major
tt0102250	Harris K. Telemacher	nm0000188	protagonist	major
tt0102250	Sara McDowel	nm0005481	protagonist	minor
tt0102266	Joe Hallenbeck	nm0000246	protagonist	major
tt0102266	Jimmy Dix	nm0001834	protagonist	major
tt0102266	Sheldon Marcone	nm0932244	antagonist	major
tt0102266	Milo	nm0624510	antagonist	major
tt0102492	Vada Sultenfuss	nm0001043	protagonist	major
tt0102510	Lt. Frank Drebin	nm0000558	protagonist	major
tt0102510	Jane Spencer	nm0001636	protagonist	major
tt0102510	Ed Hocken	nm0001421	protagonist	minor
tt0102510	Nordberg	nm0001740	protagonist	minor
tt0102510	Quentin Hapsburg	nm0332587	antagonist	major
tt0102510	Hector Savage	nm0416279	antagonist	minor
tt0102510	Earl Hacker	nm0341743	antagonist	minor
tt0102517	Paul Blake	nm0000836	protagonist	major
tt0102517	Coach Ed Gennero	nm0001185	protagonist	major
tt0102517	Coach Wally Rig	nm0005162	protagonist	minor
tt0102517	Andre Krimm	nm0005435	protagonist	minor
tt0102517	Lucy Draper	nm0001387	protagonist	minor
tt0102517	Charlie Banks (as Andrew Lauer)	nm0490774	protagonist	minor
tt0102517	Dean Phillip Elias	nm0588777	antagonist	major
tt0102526	Scotty Appleton (as Ice T)	nm0001384	protagonist	major
tt0102526	Nick Peretti	nm0000555	protagonist	minor
tt0102526	Pookie	nm0001674	protagonist	minor
tt0102526	Nino Brown	nm0000648	antagonist	major
tt0102526	Gee Money	nm0005300	antagonist	minor
tt0102526	Duh Duh Duh Man	nm0638056	antagonist	minor
tt0102526	Kareem Akbar	nm0930279	antagonist	minor
tt0102609	Lawrence Garfield	nm0000362	protagonist	major
tt0102609	Andrew Jorgenson	nm0000060	antagonist	major
tt0102609	Kate Sullivan	nm0000542	antagonist	major
tt0102614	Gino Felino	nm0000219	protagonist	major
tt0102614	Richie Madano	nm0001235	antagonist	major
tt0102685	Johnny Utah	nm0000206	protagonist	major
tt0102685	Pappas	nm0000997	protagonist	minor
tt0102685	Tyler	nm0001614	protagonist	minor
tt0102685	Bodhi	nm0000664	antagonist	major
tt0102685	Roach	nm0001457	antagonist	minor
tt0102685	Nathanial	nm0679904	antagonist	minor
tt0102685	Grommet	nm0160541	antagonist	minor
tt0102685	Rosie	nm0855564	antagonist	minor
tt0102713	Tom Wingo	nm0000560	protagonist	major
tt0102713	Susan Lowenstein	nm0000659	protagonist	major
tt0102713	Savannah Wingo	nm0227039	protagonist	minor
tt0102713	Herbert Woodruff	nm0469103	antagonist	minor
tt0102713	Henry Wingo	nm0837976	antagonist	minor
tt0102713	Lila Wingo Newbury	nm0625075	antagonist	minor
tt0102713	Rapist #1 (as Max Maxwell)	nm0561782	antagonist	minor
tt0102713	Rapist #2	nm0649245	antagonist	minor
tt0102768	Henry Turner	nm0000148	protagonist	major
tt0102768	Sarah Turner	nm0000906	protagonist	major
tt0102798	Robin of Locksley	nm0000126	protagonist	major
tt0102798	Azeem	nm0000151	protagonist	major
tt0102798	Marian	nm0001512	protagonist	minor
tt0102798	Sheriff of Nottingham	nm0000614	antagonist	major
tt0102798	Mortianna	nm0568603	antagonist	minor
tt0102798	Guy of Gisborne	nm0000699	antagonist	minor
tt0102798	Bishop	nm0409205	antagonist	minor
tt0102803	Cliff (as Bill Campbell)	nm0001004	protagonist	major
tt0102803	Jenny	nm0000124	protagonist	major
tt0102803	Peevy	nm0000273	protagonist	minor
tt0102803	Neville Sinclair	nm0001096	antagonist	major
tt0102803	Lothar	nm0864096	antagonist	minor
tt0102803	Eddie Valentine	nm0000649	antagonist	minor
tt0102926	Clarice Starling	nm0000149	protagonist	major
tt0102926	Jame Gumb	nm0505971	antagonist	major
tt0102926	Dr. Hannibal Lecter	nm0000164	antagonist	major
tt0102926	Dr. Frederick Chilton	nm0372217	antagonist	minor
tt0102945	Laura	nm0000210	protagonist	major
tt0102945	Martin	nm0000920	antagonist	major
tt0102951	Celeste Talbert	nm0000398	protagonist	major
tt0102951	Montana Moorehead	nm0001550	antagonist	major
tt0102951	David Barnes	nm0000375	antagonist	major
tt0102975	Captain James T. Kirk	nm0000638	protagonist	major
tt0102975	Spock	nm0000559	protagonist	major
tt0102975	Dr. Leonard McCoy	nm0001420	protagonist	minor
tt0102975	Chang	nm0001626	antagonist	major
tt0102975	Lt. Valeris	nm0000326	antagonist	minor
tt0102975	Martia	nm0408081	antagonist	minor
tt0103060	Leonardo	nm0143791	protagonist	major
tt0103060	Raphael (as Kenn Troum)	nm0003702	protagonist	major
tt0103060	Donatello	nm0863208	protagonist	major
tt0103060	Michelangelo	nm0803145	protagonist	major
tt0103060	Splinter	nm0165159	protagonist	minor
tt0103060	Keno	nm0721205	protagonist	minor
tt0103060	Shredder (as Francois Chau)	nm0154236	antagonist	major
tt0103060	Tokka	nm0116972	antagonist	minor
tt0103060	Rahzar	nm0320169	antagonist	minor
tt0103060	Super Shredder	nm0621760	antagonist	minor
tt0103060	Tatsu	nm0643164	antagonist	minor
tt0103064	Sarah Connor	nm0000157	protagonist	major
tt0103064	John Connor	nm0000411	protagonist	major
tt0103064	The Terminator	nm0000216	protagonist	major
tt0103064	T-1000	nm0001598	antagonist	major
tt0103074	Thelma	nm0000133	protagonist	major
tt0103074	Louise	nm0000215	protagonist	major
tt0103074	Hal	nm0000172	antagonist	major
tt0103074	Harlan	nm0137114	antagonist	minor
tt0103074	Darryl	nm0001520	antagonist	minor
tt0103074	J.D.	nm0000093	antagonist	minor
tt0103241	Bob Wiley	nm0000195	protagonist	major
tt0103241	Dr. Leo Marvin	nm0000377	antagonist	major
tt0103247	Jack	nm0000160	protagonist	major
tt0103247	White Fang	nm1058600	protagonist	major
tt0103247	Alex	nm0001970	protagonist	minor
tt0103247	Beauty	nm0001664	antagonist	major
tt0103247	Luke	nm0608405	antagonist	minor
tt0103247	Tinker (as Clint B. Youngreen)	nm0950275	antagonist	minor
tt0103596	Rocky	nm0871590	protagonist	major
tt0103596	Colt	nm0805189	protagonist	major
tt0103596	Tum Tum	nm0694379	protagonist	major
tt0103596	Grandpa	nm0939378	protagonist	major
tt0103596	Snyder	nm0455545	antagonist	major
tt0103596	Fester	nm0479779	antagonist	minor
tt0103596	Hammer	nm0362121	antagonist	minor
tt0103596	Marcus	nm0625677	antagonist	minor
tt0103596	Rushmore (as Toru Tanaka)	nm0849048	antagonist	minor
tt0103644	Ellen Ripley	nm0000244	protagonist	major
tt0103644	Leonard Dillon	nm0001165	protagonist	minor
tt0103644	Lead Alien (uncredited)	nm0940430	antagonist	major
tt0103644	Bishop II	nm0000448	antagonist	minor
tt0103772	Det. Nick Curran	nm0000140	protagonist	major
tt0103772	Catherine Tramell	nm0000232	antagonist	major
tt0103772	Roxy Hardy	nm0765048	antagonist	minor
tt0103776	Bruce Wayne	nm0000474	protagonist	major
tt0103776	Batman	nm0000474	protagonist	major
tt0103776	Alfred	nm0001284	protagonist	minor
tt0103776	Penguin	nm0000362	antagonist	major
tt0103776	Max Shreck	nm0000686	antagonist	major
tt0103776	Catwoman	nm0000201	antagonist	major
tt0103776	Selina	nm0000201	antagonist	major
tt0103786	Beethoven	nm5698535	protagonist	major
tt0103786	George Newton	nm0001301	protagonist	major
tt0103786	Alice Newton	nm0001372	protagonist	minor
tt0103786	Emily	nm0440082	protagonist	minor
tt0103786	Ryce	nm0005497	protagonist	minor
tt0103786	Ted	nm0144938	protagonist	minor
tt0103786	Dr. Varnick	nm0427894	antagonist	major
tt0103786	Harvey	nm0001624	antagonist	minor
tt0103786	Vernon	nm0001804	antagonist	minor
tt0103855	Frank Farmer	nm0000126	protagonist	major
tt0103855	Rachel Marron	nm0001365	protagonist	major
tt0103855	Portman	nm0032962	antagonist	major
tt0103855	Nicki	nm0724247	antagonist	minor
tt0103855	Dan	nm0682490	antagonist	minor
tt0103859	Marcus	nm0000552	protagonist	major
tt0103859	Jacqueline	nm0002101	antagonist	major
tt0103874	Mina Murray	nm0000213	protagonist	major
tt0103874	Jonathan Harker	nm0000206	protagonist	major
tt0103874	Professor Abraham Van Helsing	nm0000164	protagonist	major
tt0103874	Dr. Jack Seward	nm0001290	protagonist	minor
tt0103874	Lord Arthur Holmwood	nm0000144	protagonist	minor
tt0103874	Quincey P. Morris (as Bill Campbell)	nm0001004	protagonist	minor
tt0103874	Dracula	nm0000198	antagonist	major
tt0103874	Dracula's Bride	nm0000899	antagonist	minor
tt0103874	Dracula's Bride	nm0073404	antagonist	minor
tt0103874	Dracula's Bride	nm0447706	antagonist	minor
tt0104036	Fergus	nm0001653	protagonist	major
tt0104036	Jude	nm0001669	antagonist	major
tt0104070	Madeline Ashton Menville	nm0000658	protagonist	major
tt0104070	Dr. Ernest Menville	nm0000246	protagonist	major
tt0104070	Helen Sharp	nm0000443	antagonist	major
tt0104070	Lisle Von Rhuman	nm0000618	antagonist	minor
tt0104114	Thomas Jefferson Johnson	nm0000552	protagonist	major
tt0104114	Dick Dodge	nm0809031	antagonist	major
tt0104187	Dave Morgan	nm0000276	protagonist	major
tt0104187	Stoney Brown	nm0001736	protagonist	major
tt0104187	Link	nm0000409	protagonist	major
tt0104187	Matt	nm0217937	antagonist	major
tt0104231	Joseph Donnelly	nm0000129	protagonist	major
tt0104231	Shannon Christie	nm0000173	protagonist	major
tt0104231	Stephen Chase	nm0004959	antagonist	major
tt0104231	Kelly	nm0000538	antagonist	minor
tt0104257	Lt. Daniel Kaffee	nm0000129	protagonist	major
tt0104257	Lt. Cdr. JoAnne Galloway	nm0000193	protagonist	major
tt0104257	Lance Cpl. Harold W. Dawson	nm0090981	protagonist	minor
tt0104257	Pfc. Louden Downey	nm0338614	protagonist	minor
tt0104257	Col. Nathan R. Jessup	nm0000197	antagonist	major
tt0104257	Capt. Jack Ross	nm0000102	antagonist	minor
tt0104257	2nd. Lt. Jonathan Kendrick	nm0000662	antagonist	minor
tt0104265	Isaac Barr	nm0000152	protagonist	major
tt0104265	Heather Evans	nm0000107	antagonist	major
tt0104265	Diana Baylor	nm0000235	antagonist	minor
tt0104291	Capt. Daniel McCormick	nm0000154	protagonist	major
tt0104291	Nat Cooper	nm0000704	protagonist	major
tt0104291	Claire Cooper	nm0000130	protagonist	minor
tt0104291	Fred	nm0682597	antagonist	minor
tt0104389	Claire Bartel	nm0001711	protagonist	major
tt0104389	Peyton Flanders	nm0000360	antagonist	major
tt0104389	Dr. Victor Mott	nm0209496	antagonist	minor
tt0104431	Kevin	nm0000346	protagonist	major
tt0104431	Harry	nm0000582	antagonist	major
tt0104431	Marv	nm0827663	antagonist	major
tt0104437	Wayne	nm0001548	protagonist	major
tt0104437	Diane	nm0833519	protagonist	major
tt0104437	Nick	nm0647084	protagonist	minor
tt0104437	Hendrickson	nm0790291	antagonist	major
tt0104438	Jack Singer	nm0000115	protagonist	major
tt0104438	Betsy Nolan	nm0000572	protagonist	major
tt0104438	Tommy Korman	nm0001001	antagonist	major
tt0104452	Davis	nm0000188	protagonist	major
tt0104452	Gwen	nm0000443	protagonist	major
tt0104691	Hawkeye (Nathaniel Poe)	nm0000358	protagonist	major
tt0104691	Cora Munro	nm0000656	protagonist	major
tt0104691	Chingachgook	nm0575184	protagonist	major
tt0104691	Uncas	nm0777760	protagonist	major
tt0104691	Magua	nm0836071	antagonist	major
tt0104691	Gen Montcalm	nm0161717	antagonist	minor
tt0104692	Lawrence Angelo	nm0000112	protagonist	major
tt0104692	Jobe Smith	nm0001194	antagonist	major
tt0104692	Sebastian Timms	nm0109517	antagonist	minor
tt0104694	Dottie Hinson - Catcher	nm0000133	protagonist	major
tt0104694	Jimmy Dugan	nm0000158	protagonist	major
tt0104694	Kit Keller - Pitcher	nm0001614	antagonist	major
tt0104694	Walter Harvey	nm0005190	antagonist	minor
tt0104714	Martin Riggs	nm0000154	protagonist	major
tt0104714	Roger Murtaugh	nm0000418	protagonist	major
tt0104714	Lorna Cole	nm0000623	protagonist	major
tt0104714	Leo Getz	nm0000582	protagonist	minor
tt0104714	Jack Travis	nm0934179	antagonist	major
tt0104714	Tyrone	nm0587670	antagonist	minor
tt0104797	Malcolm X	nm0000243	protagonist	major
tt0104797	Elijah Muhammad	nm0293272	antagonist	major
tt0104797	West Indian Archie	nm0005148	antagonist	minor
tt0104839	Dr. Robert Campbell	nm0000125	protagonist	major
tt0104839	Dr. Rae Crane	nm0000966	protagonist	major
tt0104868	Gordon Bombay	nm0000389	protagonist	major
tt0104868	Charlie Conway	nm0005045	protagonist	minor
tt0104868	Coach Reilly	nm0809031	antagonist	major
tt0104868	Gerald Ducksworth	nm0813977	antagonist	minor
tt0104897	Johnny Stewart	nm0001834	protagonist	major
tt0104897	Seymour Stewart	nm0005541	protagonist	minor
tt0104897	Keith Heading	nm0225963	antagonist	major
tt0104952	Vinny Gambini	nm0000582	protagonist	major
tt0104952	Mona Lisa Vito	nm0000673	protagonist	major
tt0104952	Bill Gambini	nm0001494	protagonist	minor
tt0104952	Stan Rothenstein	nm0925943	protagonist	minor
tt0104952	Jim Trotter III	nm0809031	antagonist	major
tt0104952	Judge Chamberlain Haller	nm0001304	antagonist	major
tt0105104	John Cutter	nm0000648	protagonist	major
tt0105104	Marti Slayton	nm0202131	protagonist	minor
tt0105104	Charles Rane	nm0668271	antagonist	major
tt0105104	Allen	nm0795065	antagonist	minor
tt0105104	Vincent	nm0531333	antagonist	minor
tt0105104	Forget	nm0395398	antagonist	minor
tt0105104	Matthew (as Cameron Roberts)	nm0731683	antagonist	minor
tt0105104	Sabrina Ritchie	nm0000167	antagonist	minor
tt0105112	Jack Ryan	nm0000148	protagonist	major
tt0105112	Sean Miller	nm0000293	antagonist	major
tt0105112	Kevin O'Donnell	nm0000920	antagonist	major
tt0105112	Annette	nm0908116	antagonist	minor
tt0105112	Watkins	nm0292140	antagonist	minor
tt0105265	Norman Maclean	nm0001729	protagonist	major
tt0105265	Paul Maclean	nm0000093	protagonist	major
tt0105323	Charlie Simms	nm0000563	protagonist	major
tt0105323	Lt. Col. Frank Slade	nm0000199	protagonist	major
tt0105323	Mr. Trask	nm0714310	antagonist	major
tt0105414	Allison Jones	nm0000403	protagonist	major
tt0105414	Hedra Carlson	nm0000492	antagonist	major
tt0105414	Mitchell Myerson	nm0864997	antagonist	minor
tt0105417	Deloris	nm0000155	protagonist	major
tt0105417	Vince LaRocca	nm0000172	antagonist	major
tt0105428	Tanya Robertson	nm0000749	protagonist	major
tt0105428	Clovis	nm3159636	protagonist	minor
tt0105428	Charles Brady	nm0470182	antagonist	major
tt0105428	Mary Brady	nm0000481	antagonist	major
tt0105435	Bishop	nm0000602	protagonist	major
tt0105435	Crease	nm0001627	protagonist	minor
tt0105435	Whistler	nm0000657	protagonist	minor
tt0105435	Mother	nm0000101	protagonist	minor
tt0105435	Carl	nm0000203	protagonist	minor
tt0105435	Liz	nm0001521	protagonist	minor
tt0105435	Cosmo	nm0001426	antagonist	major
tt0105435	Mr. Bernard Abbott	nm0000469	antagonist	minor
tt0105477	Joe Bomowski	nm0000230	protagonist	major
tt0105477	Tutti	nm0001268	protagonist	major
tt0105477	Parnell	nm0715953	antagonist	major
tt0105477	Paulie	nm0274684	antagonist	minor
tt0105477	Munroe	nm0765605	antagonist	minor
tt0105690	Casey Ryback	nm0000219	protagonist	major
tt0105690	Jordan Tate	nm0000143	protagonist	minor
tt0105690	Calaway	nm0911832	protagonist	minor
tt0105690	William Strannix	nm0000169	antagonist	major
tt0105690	Commander Krill	nm0000997	antagonist	major
tt0105695	Bill Munny	nm0000142	protagonist	major
tt0105695	Ned Logan	nm0000151	protagonist	minor
tt0105695	The 'Schofield Kid'	nm0941316	protagonist	minor
tt0105695	Little Bill Daggett	nm0000432	antagonist	major
tt0105695	Quick Mike	nm0610820	antagonist	minor
tt0105695	Davey Bunting	nm0132808	antagonist	minor
tt0105698	Luc Deveraux	nm0000241	protagonist	major
tt0105698	Veronica Roberts	nm0001824	protagonist	major
tt0105698	Andrew Scott	nm0000185	antagonist	major
tt0105698	Colonel Perry	nm0642522	antagonist	minor
tt0105698	GR76 (as Ralph Moeller)	nm0005241	antagonist	minor
tt0105699	Michael Carr	nm0000621	protagonist	major
tt0105699	Karen Carr	nm0000656	protagonist	major
tt0105699	Officer Pete Davis	nm0000501	antagonist	major
tt0105793	Wayne Campbell	nm0000196	protagonist	major
tt0105793	Garth Algar	nm0001022	protagonist	major
tt0105793	Benjamin Oliver	nm0000507	antagonist	major
tt0105812	Billy Hoyle	nm0000437	protagonist	major
tt0105812	Sidney Deane	nm0000648	protagonist	major
tt0105812	Gloria Clemente	nm0001609	protagonist	minor
tt0105812	Tony Stucci	nm0142746	antagonist	minor
tt0105812	Frank Stucci	nm0744186	antagonist	minor
tt0105812	Duck Johnson	nm0930612	antagonist	minor
tt0105812	Eddie 'The King' Faroo	nm0697018	antagonist	minor
tt0106220	Wednesday Addams	nm0000207	protagonist	major
tt0106220	Uncle Fester Addams	nm0000502	protagonist	major
tt0106220	Gomez Addams	nm0000471	protagonist	minor
tt0106220	Morticia Addams	nm0001378	protagonist	minor
tt0106220	Pugsley Addams	nm0941469	protagonist	minor
tt0106220	Debbie Jellinsky	nm0000349	antagonist	major
tt0106220	Gary Granger	nm0001493	antagonist	minor
tt0106220	Becky Martin-Granger	nm0004724	antagonist	minor
tt0106220	Amanda Buckman	nm0573523	antagonist	minor
tt0106226	Newland Archer	nm0000358	protagonist	major
tt0106226	Ellen Olenska	nm0000201	protagonist	major
tt0106226	May Welland	nm0000213	antagonist	major
tt0106246	Nando Parrado	nm0000160	protagonist	major
tt0106246	Roberto Canessa	nm0357979	protagonist	major
tt0106246	Antonio Balbi	nm0001759	protagonist	major
tt0106246	Carlitos Páez	nm0708873	protagonist	minor
tt0106375	Beethoven (uncredited)	nm5698535	protagonist	major
tt0106375	George Newton	nm0001301	protagonist	major
tt0106375	Ryce Newton	nm0005497	protagonist	major
tt0106375	Ted Newton	nm0144938	protagonist	major
tt0106375	Emily Newton	nm0440082	protagonist	major
tt0106375	Regina	nm0000529	antagonist	major
tt0106375	Floyd	nm0001606	antagonist	major
tt0106375	Taylor Devereaux	nm0357742	antagonist	minor
tt0106400	Jed Clampett	nm0001815	protagonist	major
tt0106400	Granny	nm0001458	protagonist	major
tt0106400	Miss Jane Hathaway	nm0005499	protagonist	major
tt0106400	Elly May Clampett	nm0000143	protagonist	minor
tt0106400	Jethro Bodine#Jethrine Bodine	nm0046033	protagonist	minor
tt0106400	Woodrow Tyler	nm0001705	antagonist	major
tt0106400	Laura Jackson	nm0000670	antagonist	major
tt0106519	Carlito	nm0000199	protagonist	major
tt0106519	Gail	nm0000542	protagonist	minor
tt0106519	Kleinfeld	nm0000576	antagonist	major
tt0106519	Benny Blanco	nm0000491	antagonist	major
tt0106519	Vinnie Taglialucci	nm0802759	antagonist	major
tt0106582	Gabe Walker	nm0000230	protagonist	major
tt0106582	Hal Tucker	nm0740264	protagonist	major
tt0106582	Jessie Deighan	nm0005508	protagonist	major
tt0106582	Eric Qualen	nm0001475	antagonist	major
tt0106582	Richard Travers	nm0513010	antagonist	major
tt0106582	Kristel - Jet Pilot	nm0328751	antagonist	minor
tt0106582	Kynette	nm0502442	antagonist	minor
tt0106582	Delmar	nm0265492	antagonist	minor
tt0106582	Ryan	nm0192003	antagonist	minor
tt0106582	Heldon	nm0286111	antagonist	minor
tt0106611	Derice Bannock	nm0502442	protagonist	major
tt0106611	Sanka Coffie	nm0234791	protagonist	major
tt0106611	Junior Bevil	nm0507644	protagonist	major
tt0106611	Yul Brenner	nm0948272	protagonist	major
tt0106611	Irv	nm0001006	protagonist	major
tt0106611	Josef Grool	nm0653660	antagonist	minor
tt0106611	Kurt Hemphill	nm0000855	antagonist	minor
tt0106611	Coolidge	nm0831687	antagonist	minor
tt0106613	Devon Butler	nm0325382	protagonist	major
tt0106613	Nick McKenna	nm0000608	protagonist	major
tt0106673	Dave Kovic	nm0000177	protagonist	major
tt0106673	Ellen Mitchell	nm0000244	protagonist	major
tt0106673	Bob Alexander	nm0001449	antagonist	major
tt0106697	John Spartan	nm0000230	protagonist	major
tt0106697	Lenina Huxley	nm0000113	protagonist	major
tt0106697	Simon Phoenix	nm0000648	antagonist	major
tt0106697	Dr. Raymond Cocteau	nm0001329	antagonist	major
tt0106701	Dennis Mitchell	nm0001253	protagonist	major
tt0106701	Mr. Wilson	nm0000527	protagonist	major
tt0106701	Switchblade Sam	nm0000502	antagonist	major
tt0106770	Bruce Lee	nm0001462	protagonist	major
tt0106770	Linda Lee	nm0000452	protagonist	major
tt0106770	The Demon	nm0861752	antagonist	major
tt0106770	Johnny Sun (as Johnny Cheung)	nm0155578	antagonist	major
tt0106770	Bill Krieger	nm0001822	antagonist	minor
tt0106770	Luke Sun	nm0814521	antagonist	minor
tt0106856	D-Fens	nm0000140	protagonist	major
tt0106856	Prendergast	nm0000380	antagonist	major
tt0106856	Beth	nm0001347	antagonist	minor
tt0106856	Sandra	nm0001797	antagonist	minor
tt0106856	Surplus Store Owner	nm0002078	antagonist	minor
tt0106918	Mitch McDeere	nm0000129	protagonist	major
tt0106918	Abby McDeere	nm0000675	protagonist	minor
tt0106918	William Devasher	nm0000979	antagonist	major
tt0106965	Jesse	nm0725284	protagonist	major
tt0106965	Willy	nm1430748	protagonist	major
tt0106965	Dial	nm0000461	antagonist	major
tt0106965	Wade	nm0726223	antagonist	minor
tt0106977	Dr. Richard Kimble	nm0000148	protagonist	major
tt0106977	Samuel Gerard	nm0000169	antagonist	major
tt0106977	Dr. Charles Nichols (as Jeroen Krabbe)	nm0469103	antagonist	major
tt0106977	Sykes	nm0441537	antagonist	minor
tt0107034	Mark	nm0000704	protagonist	major
tt0107034	Susan	nm0187724	protagonist	minor
tt0107034	Henry	nm0000346	antagonist	major
tt0107048	Phil	nm0000195	protagonist	major
tt0107050	John Gustafson	nm0000493	protagonist	major
tt0107050	Max Goldman	nm0000527	protagonist	major
tt0107050	Snyder	nm0377750	antagonist	minor
tt0107076	Chance Boudreaux	nm0000241	protagonist	major
tt0107076	Natasha 'Nat' Binder	nm0000319	protagonist	major
tt0107076	Emil Fouchon	nm0000448	antagonist	major
tt0107076	Pik van Cleaf	nm0903677	antagonist	major
tt0107076	Mr. Lopacki (as Bob Apisa)	nm0032050	antagonist	minor
tt0107076	Stephan (as Sven Thorsen)	nm0861752	antagonist	minor
tt0107076	Peterson	nm0843230	antagonist	minor
tt0107120	Max	nm0441814	protagonist	major
tt0107120	Dani	nm0000301	protagonist	major
tt0107120	Allison	nm0005416	protagonist	major
tt0107120	Thackery Binx (voice)	nm0005189	protagonist	major
tt0107120	Winifred	nm0000541	antagonist	major
tt0107120	Sarah	nm0000572	antagonist	major
tt0107120	Mary	nm0001562	antagonist	major
tt0107131	Chance (voice)	nm0000150	protagonist	major
tt0107131	Shadow (voice)	nm0000747	protagonist	major
tt0107131	Sassy (voice)	nm0000398	protagonist	major
tt0107144	Topper Harley	nm0000221	protagonist	major
tt0107144	Ramada Rodham Hayman	nm0000420	protagonist	major
tt0107144	Tug Benson	nm0000978	protagonist	minor
tt0107144	Saddam Hussein	nm0355062	antagonist	major
tt0107144	Michelle Rodham Huddleston	nm0000283	antagonist	minor
tt0107206	Frank Horrigan	nm0000142	protagonist	major
tt0107206	Lilly Raines	nm0000623	protagonist	minor
tt0107206	Al D'Andrea	nm0001518	protagonist	minor
tt0107206	Mitch Leary	nm0000518	antagonist	major
tt0107211	Diana Murphy	nm0000193	protagonist	major
tt0107211	David Murphy	nm0000437	protagonist	major
tt0107211	John	nm0000602	antagonist	major
tt0107282	Suyuan - The Mother	nm0157905	protagonist	major
tt0107282	Lindo - The Mother	nm0157796	protagonist	major
tt0107282	Ying-Ying - The Mother	nm0638395	protagonist	major
tt0107282	An-Mei - The Mother	nm0523734	protagonist	major
tt0107282	June - The Daughter	nm0001840	protagonist	major
tt0107282	Waverly - The Daughter	nm0000674	protagonist	major
tt0107282	Lena - The Daughter	nm0866300	protagonist	major
tt0107282	Rose - The Daughter	nm0001034	protagonist	major
tt0107282	Huang Tai Tai	nm0157746	antagonist	minor
tt0107282	Tyan Yu	nm0327314	antagonist	minor
tt0107282	Lin Xiao	nm0005568	antagonist	minor
tt0107282	Harold	nm0151033	antagonist	minor
tt0107282	Ted	nm0000530	antagonist	minor
tt0107282	Mrs. Jordan	nm0000832	antagonist	minor
tt0107282	Wu Tsing (as Tian Ming Wu)	nm0943177	antagonist	minor
tt0107282	Second Wife	nm0839287	antagonist	minor
tt0107290	Grant	nm0000554	protagonist	major
tt0107290	Ellie	nm0000368	protagonist	major
tt0107290	Malcolm	nm0000156	protagonist	minor
tt0107290	Hammond	nm0000277	protagonist	minor
tt0107290	Lex	nm0000611	protagonist	minor
tt0107290	Tim	nm0001515	protagonist	minor
tt0107290	Nedry	nm0001431	antagonist	major
tt0107290	Dodgson	nm0861151	antagonist	minor
tt0107362	Danny	nm0639432	protagonist	major
tt0107362	Jack Slater	nm0000216	protagonist	major
tt0107362	Benedict	nm0001097	antagonist	major
tt0107362	Vivaldi	nm0000063	antagonist	major
tt0107362	John Practice	nm0000719	antagonist	minor
tt0107362	Ripper	nm0006888	antagonist	minor
tt0107478	Zora Mathews	nm0000505	protagonist	major
tt0107478	Sarah Mathews	nm0000155	protagonist	major
tt0107478	Hal Jackson	nm0001101	protagonist	major
tt0107497	Andy	nm0000597	protagonist	major
tt0107497	Tracy	nm0000173	antagonist	major
tt0107497	Jed	nm0000285	antagonist	major
tt0107497	Earl Leemus	nm0068551	antagonist	minor
tt0107614	Daniel Hillard	nm0000245	protagonist	major
tt0107614	Mrs. Doubtfire	nm0000245	protagonist	major
tt0107614	Miranda Hillard	nm0000398	antagonist	major
tt0107614	Stu Dunmeyer	nm0000112	antagonist	minor
tt0107614	Judge	nm0063502	antagonist	minor
tt0107798	Darby Shaw	nm0000210	protagonist	major
tt0107798	Gray Grantham	nm0000243	protagonist	major
tt0107798	Khamel	nm0001804	antagonist	major
tt0107818	Andrew Beckett	nm0000158	protagonist	major
tt0107818	Joe Miller	nm0000243	protagonist	major
tt0107818	Walter Kenton	nm0725894	antagonist	major
tt0107818	Charles Wheeler	nm0001673	antagonist	major
tt0107818	Bob Seidman	nm0891381	antagonist	minor
tt0107969	Webster Smith	nm0000648	protagonist	major
tt0107969	John Connor	nm0000125	protagonist	major
tt0107969	Jingo Asakuma	nm0000119	protagonist	minor
tt0107969	Ishihara	nm0003986	antagonist	major
tt0107969	Bob Richmond	nm0000754	antagonist	minor
tt0107977	Robin Hood	nm0000144	protagonist	major
tt0107977	Prince John	nm0507659	antagonist	major
tt0107977	Sheriff of Rottingham	nm0715953	antagonist	major
tt0107977	Don Giovanni	nm0001123	antagonist	minor
tt0107985	Henry Rowengartner	nm0005272	protagonist	major
tt0107985	Chet Steadman	nm0000997	protagonist	minor
tt0107985	Jack Bradfield	nm0022883	antagonist	major
tt0107985	Larry 'Fish' Fisher	nm0000445	antagonist	minor
tt0107985	Heddo	nm0586882	antagonist	minor
tt0108037	Scotty Smalls	nm0347509	protagonist	major
tt0108037	Benjamin Franklin Rodriguez	nm0899953	protagonist	major
tt0108037	Hamilton 'Ham' Porter	nm0719606	protagonist	minor
tt0108037	Michael 'Squints' Palledorous	nm0503140	protagonist	minor
tt0108037	Alan 'Yeah-Yeah' McClennan	nm0948742	protagonist	minor
tt0108037	Kenny DeNunez (as Brandon Adams)	nm0010781	protagonist	minor
tt0108037	Bertram Grover Weeks	nm0312521	protagonist	minor
tt0108037	Tommy 'Repeat' Timmons	nm0643184	protagonist	minor
tt0108037	Timmy Timmons	nm0227224	protagonist	minor
tt0108052	Oskar Schindler	nm0000553	protagonist	major
tt0108052	Itzhak Stern	nm0001426	protagonist	major
tt0108052	Amon Goeth	nm0000146	antagonist	major
tt0108052	Rudolph Hoss (as Hans Michael Rehberg)	nm0716795	antagonist	minor
tt0108071	Mary Lennox	nm0531069	protagonist	major
tt0108071	Colin Craven	nm0699117	protagonist	minor
tt0108071	Dickon	nm0461409	protagonist	minor
tt0108071	Mrs. Medlock	nm0001749	antagonist	minor
tt0108101	Jack Lewis	nm0000164	protagonist	major
tt0108101	Joy Gresham	nm0000700	protagonist	major
tt0108147	Deloris	nm0000155	protagonist	major
tt0108147	Rita Watson	nm0005012	protagonist	minor
tt0108147	Mr. Crisp	nm0000336	antagonist	major
tt0108147	Florence Watson	nm0005336	antagonist	minor
tt0108160	Sam Baldwin	nm0000158	protagonist	major
tt0108160	Annie Reed	nm0000212	protagonist	major
tt0108160	Jonah Baldwin	nm0539678	protagonist	major
tt0108162	Carly Norris	nm0000232	protagonist	major
tt0108162	Jack Landsford	nm0000297	antagonist	major
tt0108162	Zeke Hawkins	nm0000287	antagonist	major
tt0108185	Jack	nm0000152	protagonist	major
tt0108185	Laurel	nm0000149	protagonist	major
tt0108185	Orin	nm0000597	antagonist	major
tt0108186	Rebecca Warner	nm0001303	protagonist	major
tt0108186	Crawl	nm0001736	protagonist	major
tt0108186	Travis	nm0310248	antagonist	major
tt0108186	Theo	nm0122036	antagonist	minor
tt0108308	Leonardo	nm0143791	protagonist	major
tt0108308	Raphael	nm0384503	protagonist	major
tt0108308	Donatello	nm0710796	protagonist	major
tt0108308	Michaelangelo	nm0292098	protagonist	major
tt0108308	April O'Neil	nm0876958	protagonist	minor
tt0108308	Lord Norinaga	nm0793634	antagonist	major
tt0108308	Walker	nm0934179	antagonist	major
tt0108308	Whit	nm0000480	antagonist	minor
tt0108333	D'Artagnan	nm0000563	protagonist	major
tt0108333	Athos	nm0000662	protagonist	major
tt0108333	Porthos	nm0001624	protagonist	major
tt0108333	Aramis	nm0000221	protagonist	major
tt0108333	Cardinal Richelieu	nm0000347	antagonist	major
tt0108333	Rochefort	nm0000699	antagonist	major
tt0108333	Milady	nm0000360	antagonist	major
tt0108333	Girard	nm0001524	antagonist	minor
tt0108358	Wyatt Earp	nm0000621	protagonist	major
tt0108358	Doc Holliday	nm0000174	protagonist	major
tt0108358	Virgil Earp	nm0000385	protagonist	minor
tt0108358	Morgan Earp	nm0000200	protagonist	minor
tt0108358	Curly Bill Brocius	nm0000959	antagonist	major
tt0108358	Johnny Ringo	nm0000299	antagonist	major
tt0108358	Ike Clanton	nm0002332	antagonist	minor
tt0108525	Wayne Campbell	nm0000196	protagonist	major
tt0108525	Garth Algar	nm0001022	protagonist	major
tt0108525	Bobby Cahn	nm0000686	antagonist	major
tt0108525	Honey Horneé	nm0000107	antagonist	minor
tt0108551	Tina Turner	nm0000291	protagonist	major
tt0108551	Young Anna Mae (as Rae'Ven Kelly)	nm0446805	protagonist	minor
tt0108551	Ike Turner	nm0000401	antagonist	major
tt0109040	Ace Ventura	nm0000120	protagonist	major
tt0109040	Melissa	nm0001073	protagonist	minor
tt0109040	Einhorn	nm0000707	antagonist	major
tt0109127	Roger Bowman	nm0330687	protagonist	major
tt0109127	George Knox	nm0000418	protagonist	major
tt0109127	J.P.	nm0204112	protagonist	minor
tt0109127	Ranch Wilder	nm0761587	antagonist	major
tt0109127	Mr. Bomman - Roger's Dad	nm0000551	antagonist	minor
tt0109254	Axel Foley	nm0000552	protagonist	major
tt0109254	Billy Rosewood	nm0001662	protagonist	minor
tt0109254	Jon Flint	nm0001185	protagonist	minor
tt0109254	Ellis De Wald	nm0137114	antagonist	major
tt0109254	Orrin Sanderson	nm0768334	antagonist	minor
tt0109254	Steve Fulbright	nm0565569	antagonist	minor
tt0109287	Preston Waters	nm0095176	protagonist	major
tt0109287	Quigley	nm0001208	antagonist	major
tt0109287	Biderman	nm0503627	antagonist	minor
tt0109287	Juice	nm0005159	antagonist	minor
tt0109303	Dove	nm0000313	protagonist	major
tt0109303	Franklin	nm0001845	protagonist	minor
tt0109303	Max	nm0000978	protagonist	minor
tt0109303	Gaerity	nm0000169	antagonist	major
tt0109439	Mitch Robbins	nm0000345	protagonist	major
tt0109439	Phil Berquist	nm0827663	protagonist	major
tt0109439	Glen Robbins	nm0001484	protagonist	major
tt0109439	Duke	nm0001588	protagonist	major
tt0109439	Bud	nm0898546	antagonist	minor
tt0109439	Matt	nm0571853	antagonist	minor
tt0109444	Jack Ryan	nm0000148	protagonist	major
tt0109444	Clark	nm0000353	protagonist	minor
tt0109444	Felix Cortez	nm0021835	antagonist	major
tt0109444	James Cutter	nm0950867	antagonist	major
tt0109444	Robert Ritter	nm0001089	antagonist	minor
tt0109444	Ernesto Escobedo	nm0762153	antagonist	minor
tt0109444	President Bennett	nm0595567	antagonist	minor
tt0109446	Mark Sway	nm0000605	protagonist	major
tt0109446	Reggie Love	nm0000215	protagonist	major
tt0109446	Barry Muldano	nm0001439	antagonist	major
tt0109446	Roy Foltrigg	nm0000169	antagonist	major
tt0109446	Johnny Sulari	nm0212939	antagonist	minor
tt0109446	Paul Gronke	nm0167649	antagonist	minor
tt0109506	Eric	nm0000488	protagonist	major
tt0109506	Sarah	nm0205373	protagonist	minor
tt0109506	Albrecht	nm0001368	protagonist	minor
tt0109506	Top Dollar	nm0000699	antagonist	major
tt0109506	Myca	nm0000499	antagonist	minor
tt0109506	Grange	nm0865302	antagonist	minor
tt0109506	T-Bird	nm0446314	antagonist	minor
tt0109506	Skank	nm0202819	antagonist	minor
tt0109506	Tin Tin	nm0556808	antagonist	minor
tt0109506	Funboy	nm0557219	antagonist	minor
tt0109520	Gordon Bombay	nm0000389	protagonist	major
tt0109520	Charlie	nm0005045	protagonist	major
tt0109520	Banks (as Vincent A. Larusso)	nm0489364	protagonist	minor
tt0109520	Russ	nm0860380	protagonist	minor
tt0109520	Julie (as Colombe Jacobsen)	nm0414789	protagonist	minor
tt0109520	Wolf	nm0635297	antagonist	major
tt0109520	Gunnar	nm0926697	antagonist	minor
tt0109635	Tom Sanders	nm0000140	protagonist	major
tt0109635	Meredith Johnson	nm0000193	antagonist	major
tt0109635	Philip Blackburn	nm0048414	antagonist	minor
tt0109686	Lloyd	nm0000120	protagonist	major
tt0109686	Harry	nm0001099	protagonist	major
tt0109686	Nicholas Andre	nm0734236	antagonist	major
tt0109686	Joe Mentalino	nm0823563	antagonist	minor
tt0109686	J.P. Shay	nm0240565	antagonist	minor
tt0109686	Sea Bass	nm0624202	antagonist	minor
tt0109813	Fred Flintstone	nm0000422	protagonist	major
tt0109813	Barney Rubble	nm0001548	protagonist	major
tt0109813	Wilma Flintstone	nm0001610	protagonist	minor
tt0109813	Betty Rubble	nm0005280	protagonist	minor
tt0109813	Cliff Vandercave	nm0001492	antagonist	major
tt0109813	Miss Stone	nm0000932	antagonist	minor
tt0109830	Forrest Gump	nm0000158	protagonist	major
tt0109831	Charles - Wedding One	nm0000424	protagonist	major
tt0109831	Carrie - Wedding One (as Andie Macdowell)	nm0000510	protagonist	major
tt0109951	Doug Chesnic	nm0000115	protagonist	major
tt0109951	Tess Carlisle	nm0000511	protagonist	major
tt0109951	Earl Fowler	nm0671721	antagonist	major
tt0109951	Kidnapper	nm0063903	antagonist	minor
tt0109951	Kidnapper	nm0300013	antagonist	minor
tt0110093	Peter Brackett	nm0000560	protagonist	major
tt0110093	Sabrina Peterson	nm0000210	protagonist	major
tt0110093	Wilson Chess	nm0124873	antagonist	major
tt0110093	Sam Smotherman	nm0007210	antagonist	minor
tt0110093	The Thin Man	nm0714310	antagonist	minor
tt0110123	Bones Conway	nm0001736	protagonist	major
tt0110123	Jack Kaufman	nm0004873	protagonist	major
tt0110123	Christine Jones	nm0001614	protagonist	minor
tt0110123	Fred Ostroff	nm0004979	protagonist	minor
tt0110148	Louis	nm0000093	protagonist	major
tt0110148	Claudia	nm0000379	protagonist	major
tt0110148	Lestat	nm0000129	antagonist	major
tt0110148	Santiago	nm0001653	antagonist	minor
tt0110148	Armand	nm0000104	antagonist	minor
tt0110167	Charlie Lang	nm0000115	protagonist	major
tt0110167	Yvonne Biasi	nm0000403	protagonist	major
tt0110167	Muriel Lang	nm0001609	antagonist	major
tt0110167	Eddie Biasi	nm0001804	antagonist	minor
tt0110216	Dr. Alex Hesse	nm0000216	protagonist	major
tt0110216	Dr. Larry Arbogast	nm0000362	protagonist	major
tt0110216	Dr. Diana Reddin	nm0000668	protagonist	major
tt0110216	Noah Banes	nm0001449	antagonist	major
tt0110322	Tristan Ludlow	nm0000093	protagonist	major
tt0110322	Alfred Ludlow	nm0001644	protagonist	minor
tt0110322	Colonel William Ludlow	nm0000164	protagonist	minor
tt0110322	Susannah Fincannon-Ludlow	nm0000566	protagonist	minor
tt0110322	Samuel Ludlow	nm0001794	protagonist	minor
tt0110322	John T. O'Banion	nm0936288	antagonist	minor
tt0110322	James O'Banion (as John Novack)	nm0636868	antagonist	minor
tt0110322	Sheriff Tynert	nm0920564	antagonist	minor
tt0110366	Spanky	nm0853779	protagonist	major
tt0110366	Alfalfa	nm0355379	protagonist	major
tt0110366	Butch	nm0758150	antagonist	major
tt0110366	Waldo (as Blake McIver Ewing)	nm13615596	antagonist	major
tt0110366	Woim (as Blake Jeremy Collins)	nm0172171	antagonist	minor
tt0110367	Jo March	nm0000213	protagonist	major
tt0110367	Meg March	nm0000746	protagonist	major
tt0110367	Beth March	nm0000132	protagonist	major
tt0110367	Older Amy March	nm0000526	protagonist	major
tt0110367	Younger Amy March	nm0000379	protagonist	major
tt0110399	Shame	nm0005540	protagonist	major
tt0110399	Peaches (as Jada Pinkett)	nm0000586	protagonist	minor
tt0110399	Mendoza	nm0228678	antagonist	major
tt0110399	Rothmiller	nm0001165	antagonist	major
tt0110399	Angela (as Salli Richardson)	nm0724757	antagonist	minor
tt0110399	Luis (as Gary Cervantes)	nm0148869	antagonist	minor
tt0110442	Rick 'Wild Thing' Vaughn	nm0000221	protagonist	major
tt0110442	Jake Taylor	nm0000297	protagonist	major
tt0110442	Willie Mays Hayes	nm0004898	protagonist	minor
tt0110442	Pedro Cerrano	nm0371660	protagonist	minor
tt0110442	Rube Baker	nm0116717	protagonist	minor
tt0110442	Lou Brown	nm0304000	protagonist	minor
tt0110442	Roger Dorn	nm0000929	protagonist	minor
tt0110442	Rachel Phelps	nm0926592	antagonist	major
tt0110442	Jack Parkman	nm0001418	antagonist	major
tt0110475	Stanley Ipkiss	nm0000120	protagonist	major
tt0110475	The Mask	nm0000120	protagonist	major
tt0110475	Dorian	nm0338886	antagonist	major
tt0110475	Lt. Mitch Kellaway	nm0726200	antagonist	minor
tt0110478	Bret Maverick	nm0000154	protagonist	major
tt0110478	Annabelle Bransford	nm0000149	protagonist	major
tt0110478	Marshal Zane Cooper	nm0001258	protagonist	major
tt0110478	Angel	nm0000547	antagonist	major
tt0110478	Commodore Duvall	nm0000336	antagonist	major
tt0110622	Lt. Frank Drebin	nm0000558	protagonist	major
tt0110622	Jane Spencer	nm0001636	protagonist	major
tt0110622	Ed Hocken	nm0001421	protagonist	minor
tt0110622	Nordberg	nm0001740	protagonist	minor
tt0110622	Rocco	nm0911542	antagonist	major
tt0110622	Muriel	nm0293466	antagonist	minor
tt0110622	Tanya	nm0000645	antagonist	minor
tt0110622	Papshmir	nm0083541	antagonist	minor
tt0110632	Mickey Knox	nm0000437	protagonist	major
tt0110632	Mallory Knox	nm0000496	protagonist	major
tt0110632	Det. Jack Scagnetti	nm0001744	antagonist	major
tt0110632	Wayne Gale	nm0000375	antagonist	major
tt0110632	Warden Dwight McClusky	nm0000169	antagonist	minor
tt0110632	Ed Wilson, Mallory's Dad	nm0001098	antagonist	minor
tt0110684	Sully	nm0000056	protagonist	major
tt0110684	Carl Roebuck	nm0000246	antagonist	major
tt0110684	Clive Peoples, Jr.	nm0813977	antagonist	minor
tt0110725	Forrest Taft	nm0000219	protagonist	major
tt0110725	Masu	nm0001040	protagonist	minor
tt0110725	Michael Jennings	nm0000323	antagonist	major
tt0110725	MacGruder	nm0001525	antagonist	major
tt0110725	Otto (as Swen-Ole Thorsen)	nm0861752	antagonist	minor
tt0110725	Stone	nm0000388	antagonist	minor
tt0110771	Henry Hackett	nm0000474	protagonist	major
tt0110771	Michael McDougal	nm0001642	protagonist	minor
tt0110771	Martha Hackett	nm0000673	protagonist	minor
tt0110771	Alicia Clark	nm0000335	antagonist	major
tt0110912	Vincent Vega	nm0000237	protagonist	major
tt0110912	Jules Winnfield	nm0000168	protagonist	major
tt0110912	Butch Coolidge	nm0000246	protagonist	major
tt0110912	Marsellus Wallace	nm0000609	antagonist	major
tt0110912	Pumpkin	nm0000619	antagonist	minor
tt0110912	Honey Bunny	nm0001625	antagonist	minor
tt0110912	Maynard	nm0924261	antagonist	minor
tt0110912	Zed	nm0338886	antagonist	minor
tt0110997	Gail Hartman	nm0000658	protagonist	major
tt0110997	Tom	nm0000657	protagonist	major
tt0110997	Roarke Hartman	nm0001515	protagonist	minor
tt0110997	Wade	nm0000102	antagonist	major
tt0110997	Terry	nm0000604	antagonist	major
tt0111070	Scott Calvin	nm0000741	protagonist	major
tt0111070	Charlie	nm0005156	protagonist	major
tt0111070	Laura	nm0187724	antagonist	major
tt0111070	Neal	nm0001662	antagonist	major
tt0111143	Lamont Cranston	nm0000285	protagonist	major
tt0111143	The Shadow	nm0000285	protagonist	major
tt0111143	Margo Lane	nm0000542	protagonist	minor
tt0111143	Shiwan Khan	nm0518821	antagonist	major
tt0111143	Farley Claymore	nm0000347	antagonist	minor
tt0111255	Ray Quick	nm0000230	protagonist	major
tt0111255	May Munro	nm0000232	protagonist	major
tt0111255	Ned Trent	nm0000249	antagonist	major
tt0111255	Joe Leon	nm0001768	antagonist	major
tt0111255	Tomas Leon	nm0000616	antagonist	minor
tt0111257	Jack Traven	nm0000206	protagonist	major
tt0111257	Annie	nm0000113	protagonist	major
tt0111257	Harry	nm0001099	protagonist	minor
tt0111257	Howard Payne	nm0000454	antagonist	major
tt0111280	Picard	nm0001772	protagonist	major
tt0111280	Kirk	nm0000638	protagonist	major
tt0111280	Data	nm0000653	protagonist	minor
tt0111280	Geordi	nm0000996	protagonist	minor
tt0111280	Riker	nm0000408	protagonist	minor
tt0111280	Worf	nm0000373	protagonist	minor
tt0111280	Soran	nm0000532	antagonist	major
tt0111280	Lursa	nm0545277	antagonist	minor
tt0111280	B'Etor	nm0909657	antagonist	minor
tt0111282	Dr. Daniel Jackson	nm0000652	protagonist	major
tt0111282	Colonel Jonathan 'Jack' O'Neil	nm0000621	protagonist	major
tt0111282	Ra	nm0001109	antagonist	major
tt0111282	Anubis	nm0490707	antagonist	minor
tt0111438	Walker	nm0000241	protagonist	major
tt0111438	McComb	nm0798779	antagonist	major
tt0111438	Fielding	nm0005349	antagonist	minor
tt0111438	Atwood	nm0774721	antagonist	minor
tt0111503	Harry	nm0000216	protagonist	major
tt0111503	Helen	nm0000130	protagonist	major
tt0111503	Gib	nm0000792	protagonist	minor
tt0111503	Faisil	nm0381416	protagonist	minor
tt0111503	Dana	nm0244630	protagonist	minor
tt0111503	Aziz	nm0539562	antagonist	major
tt0111503	Juno Skinner	nm0000119	antagonist	major
tt0111503	Simon	nm0000200	antagonist	minor
tt0111693	Alice Green	nm0000212	protagonist	major
tt0111693	Michael Green	nm0000412	protagonist	major
tt0111742	Will Randall	nm0000197	protagonist	major
tt0111742	Laura Alden	nm0000201	protagonist	major
tt0111742	Stewart Swinton	nm0000652	antagonist	major
tt0111742	Raymond Alden	nm0001626	antagonist	minor
tt0112281	Ace Ventura	nm0000120	protagonist	major
tt0112281	Vincent Cadby	nm0001003	antagonist	major
tt0112346	Andrew Shepherd	nm0000140	protagonist	major
tt0112346	Sydney Ellen Wade	nm0000906	protagonist	major
tt0112346	A.J. MacInerney	nm0000640	protagonist	minor
tt0112346	Senator Rumson	nm0000377	antagonist	major
tt0112384	Jim Lovell	nm0000158	protagonist	major
tt0112384	Fred Haise	nm0000200	protagonist	major
tt0112384	Jack Swigert	nm0000102	protagonist	major
tt0112384	Gene Kranz	nm0000438	protagonist	major
tt0112384	Ken Mattingly	nm0000641	protagonist	minor
tt0112431	Babe (voice)	nm0004815	protagonist	major
tt0112431	Farmer Hoggett	nm0000342	protagonist	major
tt0112431	Rex (voice)	nm0915989	antagonist	minor
tt0112431	Cat (voice) (as Russie Taylor)	nm0853122	antagonist	minor
tt0112431	Sheep Rustler	nm0509244	antagonist	minor
tt0112442	Mike Lowrey	nm0000226	protagonist	major
tt0112442	Marcus Burnett	nm0001454	protagonist	major
tt0112442	Fouchet (as Tcheky Karyo)	nm0001409	antagonist	major
tt0112442	Noah Trafficante	nm0531333	antagonist	minor
tt0112442	Casper	nm0400606	antagonist	minor
tt0112442	Ferguson	nm0543195	antagonist	minor
tt0112462	Bruce Wayne	nm0000174	protagonist	major
tt0112462	Batman	nm0000174	protagonist	major
tt0112462	Dick Grayson	nm0000563	protagonist	major
tt0112462	Robin	nm0000563	protagonist	major
tt0112462	Dr. Chase Meridian	nm0000173	protagonist	minor
tt0112462	Alfred Pennyworth	nm0001284	protagonist	minor
tt0112462	Edward Nygma	nm0000120	antagonist	major
tt0112462	Riddler	nm0000120	antagonist	major
tt0112462	Harvey Two-Face	nm0000169	antagonist	major
tt0112462	Harvey Dent	nm0000169	antagonist	minor
tt0112462	Crime Boss Moroni	nm0657315	antagonist	minor
tt0112572	Carol Brady	nm0001480	protagonist	major
tt0112572	Mike Brady	nm0170550	protagonist	major
tt0112572	Marcia Brady	nm0852132	protagonist	major
tt0112572	Greg Brady	nm0055549	protagonist	major
tt0112572	Jan Brady	nm0185078	protagonist	major
tt0112572	Peter Brady	nm0840032	protagonist	major
tt0112572	Cindy Brady	nm0352374	protagonist	major
tt0112572	Bobby Brady (as Jesse Lee)	nm0497522	protagonist	major
tt0112572	Mr. Larry Dittmeyer	nm0571106	antagonist	major
tt0112572	Eric Dittmeyer	nm0005276	antagonist	minor
tt0112573	William Wallace	nm0000154	protagonist	major
tt0112573	Robert the Bruce (as Angus McFadyen)	nm0005171	protagonist	minor
tt0112573	Longshanks - King Edward I	nm0001526	antagonist	major
tt0112573	Prince Edward	nm0360165	antagonist	minor
tt0112573	Mornay	nm0035605	antagonist	minor
tt0112573	Lochlan	nm0615419	antagonist	minor
tt0112579	Francesca Johnson	nm0000658	protagonist	major
tt0112579	Robert Kincaid	nm0000142	protagonist	major
tt0112579	Carolyn Johnson	nm0179960	protagonist	minor
tt0112579	Michael Johnson	nm0805789	protagonist	minor
tt0112641	Sam 'Ace' Rothstein	nm0000134	protagonist	major
tt0112641	Nicky Santoro	nm0000582	antagonist	major
tt0112641	Ginger McKenna	nm0000232	antagonist	major
tt0112641	Lester Diamond	nm0000249	antagonist	minor
tt0112641	Pat Webb	nm0428618	antagonist	minor
tt0112641	Remo Gaggi	nm0129127	antagonist	minor
tt0112642	Casper (voice)	nm0669326	protagonist	major
tt0112642	Kat	nm0000207	protagonist	major
tt0112642	Dr. Harvey	nm0000597	protagonist	major
tt0112642	Carrigan	nm0001550	antagonist	major
tt0112642	Dibs	nm0001385	antagonist	major
tt0112642	Amber	nm0921884	antagonist	minor
tt0112642	Vic	nm0378207	antagonist	minor
tt0112697	Cher	nm0000224	protagonist	major
tt0112715	Dr. Karen Ross	nm0001473	protagonist	major
tt0112715	Dr. Peter Elliot	nm0909620	protagonist	major
tt0112715	Captain Monroe Kelly	nm0001368	protagonist	major
tt0112715	Amy the Gorilla	nm0741103	protagonist	major
tt0112715	Herkermer Homolka	nm0000347	protagonist	minor
tt0112715	R.B. Travis	nm0000833	antagonist	minor
tt0112740	Hunter	nm0000243	protagonist	major
tt0112740	Ramsey	nm0000432	antagonist	major
tt0112740	Vladimir Radchenko	nm0901926	antagonist	minor
tt0112792	Louanne Johnson	nm0000201	protagonist	major
tt0112792	Mr. George Grandey	nm0005524	antagonist	minor
tt0112792	Mrs. Carla Nichols	nm0000862	antagonist	minor
tt0112818	Sister Helen Prejean	nm0000215	protagonist	major
tt0112818	Matthew Poncelet	nm0000576	protagonist	major
tt0112818	Earl Delacroix	nm0000855	antagonist	minor
tt0112818	Clyde Percy	nm0000388	antagonist	minor
tt0112818	Mary Beth Percy	nm0922927	antagonist	minor
tt0112864	John McClane	nm0000246	protagonist	major
tt0112864	Zeus	nm0000168	protagonist	major
tt0112864	Simon	nm0000460	antagonist	major
tt0112864	Katya	nm0680767	antagonist	minor
tt0113041	George Banks	nm0000188	protagonist	major
tt0113041	Nina Banks	nm0000473	protagonist	major
tt0113041	Annie Banks-MacKenzie (as Kimberly Williams)	nm0931090	protagonist	minor
tt0113041	Mr. Habib	nm0506405	antagonist	minor
tt0113071	Lancelot	nm0000152	protagonist	major
tt0113071	King Arthur	nm0000125	protagonist	major
tt0113071	Guinevere	nm0000566	protagonist	major
tt0113071	Prince Malagant	nm0002027	antagonist	major
tt0113097	Mickey	nm0000345	protagonist	major
tt0113097	Ellen	nm0000700	protagonist	major
tt0113117	Kate	nm0000212	protagonist	major
tt0113117	Luc Teyssier	nm0000177	protagonist	major
tt0113117	Charlie	nm0000459	antagonist	minor
tt0113117	Inspector Jean-Paul Cardon	nm0000606	antagonist	minor
tt0113161	Chili Palmer	nm0000237	protagonist	major
tt0113161	Ray 'Bones' Barboni	nm0001199	antagonist	major
tt0113161	Bo Catlett	nm0005148	antagonist	major
tt0113161	Bear	nm0001254	antagonist	minor
tt0113189	James Bond	nm0000112	protagonist	major
tt0113189	Natalya Simonova	nm0001713	protagonist	major
tt0113189	Alec Trevelyan	nm0000293	antagonist	major
tt0113189	Xenia Onatopp	nm0000463	antagonist	minor
tt0113189	Colonel Ourumov	nm0424167	antagonist	minor
tt0113189	Boris Grishenko	nm0001086	antagonist	minor
tt0113228	Max Goldman	nm0000527	protagonist	major
tt0113228	John Gustafson	nm0000493	protagonist	major
tt0113277	Neil McCauley	nm0000134	protagonist	major
tt0113277	Lt. Vincent Hanna	nm0000199	protagonist	major
tt0113277	Chris Shiherlis	nm0000174	protagonist	minor
tt0113277	Waingro	nm0300824	antagonist	major
tt0113277	Roger Van Zant	nm0001209	antagonist	minor
tt0113305	Malik Williams	nm0004898	protagonist	major
tt0113305	Kristen Connor	nm0001785	protagonist	major
tt0113305	Remy	nm0001650	antagonist	major
tt0113305	Scott Moss	nm0369513	antagonist	minor
tt0113305	Billy (as Jay Ferguson)	nm0272474	antagonist	minor
tt0113326	Keung	nm0000329	protagonist	major
tt0113326	White Tiger	nm0520457	antagonist	major
tt0113326	Tony	nm0015224	antagonist	minor
tt0113326	Angelo	nm0189162	antagonist	minor
tt0113419	Omri	nm0769136	protagonist	major
tt0113419	Little Bear	nm0514342	protagonist	major
tt0113419	Patrick	nm0080284	protagonist	minor
tt0113419	Boone	nm0001418	protagonist	minor
tt0113492	Judge Dredd	nm0000230	protagonist	major
tt0113492	Judge Hershey	nm0000178	protagonist	minor
tt0113492	Fergie	nm0001705	protagonist	minor
tt0113492	Judge Fargo	nm0001884	protagonist	minor
tt0113492	Rico	nm0000800	antagonist	major
tt0113492	Judge Griffin (as Jurgen Prochnow)	nm0001638	antagonist	major
tt0113497	Alan Parrish	nm0000245	protagonist	major
tt0113497	Judy Shepherd	nm0000379	protagonist	major
tt0113497	Peter Shepherd	nm0682300	protagonist	major
tt0113497	Sarah Whittle	nm0001372	protagonist	major
tt0113497	Young Alan	nm0002123	protagonist	minor
tt0113497	Young Sarah	nm0120410	protagonist	minor
tt0113497	Van Pelt	nm0404993	antagonist	major
tt0113501	Paul Armstrong	nm0000125	protagonist	major
tt0113501	Bobby Earl	nm0005516	antagonist	major
tt0113501	Blair Sullivan	nm0000438	antagonist	minor
tt0113627	Ben Sanderson	nm0000115	protagonist	major
tt0113627	Sera	nm0000223	protagonist	major
tt0113627	Yuri	nm0001696	antagonist	minor
tt0113627	College Boy #1 (as Michael Goorjian)	nm0329640	antagonist	minor
tt0113627	College Boy #2	nm0430005	antagonist	minor
tt0113627	College Boy #3	nm0932735	antagonist	minor
tt0113755	Ben Archer	nm0001795	protagonist	major
tt0113755	Jack Sturges	nm0000331	protagonist	major
tt0113755	Joey Renda	nm0692466	antagonist	major
tt0113755	Frank Renda	nm0340032	antagonist	minor
tt0113755	Murray	nm0286561	antagonist	minor
tt0113755	Tony	nm0032216	antagonist	minor
tt0113820	Aisha	nm0039074	protagonist	major
tt0113820	Rocky	nm0136399	protagonist	major
tt0113820	Billy	nm0949128	protagonist	major
tt0113820	Kimberly	nm0005057	protagonist	major
tt0113820	Adam	nm0097765	protagonist	major
tt0113820	Tommy	nm0290969	protagonist	major
tt0113820	Fred Kelman	nm0188471	protagonist	minor
tt0113820	Ivan Ooze	nm0293550	antagonist	major
tt0113820	Lord Zedd	nm0320169	antagonist	minor
tt0113820	Rita Repulsa	nm0181372	antagonist	minor
tt0113820	Goldar	nm0143462	antagonist	minor
tt0113820	Mordant	nm0068268	antagonist	minor
tt0113845	John	nm0000648	protagonist	major
tt0113845	Charlie Robinson	nm0000437	protagonist	major
tt0113845	Donald Patterson	nm0086706	antagonist	major
tt0113845	Mr. Brown	nm0816375	antagonist	minor
tt0113845	Torch	nm0177933	antagonist	minor
tt0113855	Liu Kang	nm0795225	protagonist	major
tt0113855	Johnny Cage	nm0000798	protagonist	major
tt0113855	Sonya Blade (as Bridgette Wilson)	nm0933098	protagonist	major
tt0113855	Lord Raiden	nm0000483	protagonist	minor
tt0113855	Shang Tsung	nm0846480	antagonist	major
tt0113855	Kano	nm0323845	antagonist	minor
tt0113855	Scorpion	nm0142876	antagonist	minor
tt0113855	Sub-Zero	nm0677562	antagonist	minor
tt0113855	Reptile (as Keith H. Cooke)	nm0177455	antagonist	minor
tt0113862	Glenn Holland	nm0000377	protagonist	major
tt0113862	Vice Principal Wolters (as W.H. Macy)	nm0000513	antagonist	major
tt0113957	Angela Bennett	nm0000113	protagonist	major
tt0113957	Jack Devlin	nm0000562	antagonist	major
tt0113957	Jeff Gregg	nm0076954	antagonist	major
tt0113957	Imposter	nm0311092	antagonist	minor
tt0113986	Samuel Faulkner	nm0000424	protagonist	major
tt0113986	Rebecca Taylor	nm0000194	protagonist	major
tt0114069	Sam Daniels	nm0000163	protagonist	major
tt0114069	Robby Keough	nm0000623	protagonist	minor
tt0114069	Major Salt	nm0000421	protagonist	minor
tt0114069	Casey Schuler	nm0000228	protagonist	minor
tt0114069	General Donald McClintock	nm0000661	antagonist	major
tt0114069	General Billy Ford	nm0000151	antagonist	minor
tt0114369	Somerset	nm0000151	protagonist	major
tt0114369	Mills	nm0000093	protagonist	major
tt0114369	John Doe	nm0000228	antagonist	major
tt0114388	Elinor Dashwood	nm0000668	protagonist	major
tt0114388	Marianne Dashwood	nm0000701	protagonist	major
tt0114388	John Willoughby	nm0936353	antagonist	major
tt0114388	Fanny Dashwood	nm0910040	antagonist	minor
tt0114388	Lucy Steele	nm0835916	antagonist	minor
tt0114496	Grace King Bichon	nm0000210	protagonist	major
tt0114496	Eddie Bichon	nm0000598	antagonist	major
tt0114496	Wyly King	nm0000380	antagonist	minor
tt0114508	Xavier Fitch	nm0001426	protagonist	major
tt0114508	Preston Lennox	nm0000514	protagonist	major
tt0114508	Dr. Stephen Arden	nm0000547	protagonist	major
tt0114508	Dan Smithson	nm0001845	protagonist	major
tt0114508	Dr. Laura Baker	nm0001339	protagonist	major
tt0114508	Sil	nm0000449	antagonist	major
tt0114508	Young Sil	nm0931329	antagonist	minor
tt0114682	Noxeema	nm0000648	protagonist	major
tt0114682	Vida	nm0000664	protagonist	major
tt0114682	Chi-Chi	nm0000491	protagonist	major
tt0114682	Sheriff Dollard	nm0001606	antagonist	major
tt0114682	Virgil	nm0397124	antagonist	minor
tt0114694	Tommy	nm0000394	protagonist	major
tt0114694	Richard	nm0005450	protagonist	major
tt0114694	Michelle	nm0000689	protagonist	minor
tt0114694	Beverly	nm0000137	antagonist	major
tt0114694	Paul Barish (uncredited)	nm0000507	antagonist	major
tt0114694	Zalinsky	nm0000101	antagonist	major
tt0114746	James Cole	nm0000246	protagonist	major
tt0114746	Kathryn Railly	nm0000656	protagonist	major
tt0114746	Dr. Peters	nm0001556	antagonist	major
tt0114746	Jeffrey Goines	nm0000093	antagonist	minor
tt0114781	Casey Ryback	nm0000219	protagonist	major
tt0114781	Bobby Zachs	nm0004820	protagonist	minor
tt0114781	Sarah Ryback	nm0001337	protagonist	minor
tt0114781	Travis Dane	nm0091899	antagonist	major
tt0114781	Marcus Penn	nm0569239	antagonist	major
tt0114885	Savannah	nm0001365	protagonist	major
tt0114885	Bernadine	nm0000291	protagonist	major
tt0114885	Gloria	nm0222643	protagonist	major
tt0114885	Robin	nm0005375	protagonist	major
tt0114885	John, Sr.	nm0004729	antagonist	major
tt0114885	Kenneth	nm0371660	antagonist	minor
tt0114885	Russell	nm0502442	antagonist	minor
tt0114887	Paul Sutton	nm0000206	protagonist	major
tt0114887	Victoria Aragon (as Aitana Sanchez-Gijon)	nm0845209	protagonist	major
tt0114887	Alberto Aragon	nm0316284	antagonist	major
tt0114887	Lout #1	nm0426665	antagonist	minor
tt0114887	Lout #2 (as Joseph Lindsey)	nm0512371	antagonist	minor
tt0114898	Mariner	nm0000126	protagonist	major
tt0114898	Helen	nm0000675	protagonist	major
tt0114898	Enola	nm0001499	protagonist	major
tt0114898	Old Gregor	nm0005052	protagonist	minor
tt0114898	Deacon	nm0000454	antagonist	major
tt0114924	Lucy	nm0000113	protagonist	major
tt0114924	Jack	nm0000597	protagonist	major
tt0114924	Ashley Bacon	nm0001824	antagonist	minor
tt0115433	Roger	nm0001099	protagonist	major
tt0115433	Anita	nm0000613	protagonist	major
tt0115433	Pongo	nm0919798	protagonist	major
tt0115433	Cruella DeVil	nm0000335	antagonist	major
tt0115433	Jasper	nm0491402	antagonist	minor
tt0115433	Horace	nm0931247	antagonist	minor
tt0115433	Skinner	nm0795344	antagonist	minor
tt0115685	Armand Goldman	nm0000245	protagonist	major
tt0115685	Albert	nm0001447	protagonist	major
tt0115685	Val Goldman	nm0001246	protagonist	minor
tt0115685	Senator Keeley	nm0000432	antagonist	major
tt0115685	Harry Radman	nm0569711	antagonist	minor
tt0115697	Mike Donnelly	nm0000394	protagonist	major
tt0115697	Steve Dodds	nm0005450	protagonist	major
tt0115697	Al Donnelly	nm0001513	protagonist	minor
tt0115697	Governor Tracy	nm0002056	antagonist	major
tt0115697	Roger Kovary	nm0137114	antagonist	minor
tt0115759	Riley Hale	nm0000225	protagonist	major
tt0115759	Terry Carmichael	nm0000526	protagonist	major
tt0115759	Vic Deakins	nm0000237	antagonist	major
tt0115759	Kelly	nm0518989	antagonist	minor
tt0115759	Pritchett	nm0348409	antagonist	minor
tt0115798	Steven M. Kovacs	nm0000111	protagonist	major
tt0115798	The Cable Guy	nm0000120	antagonist	major
tt0115956	Nat Serling	nm0000243	protagonist	major
tt0115956	Monfriez	nm0001617	antagonist	major
tt0115956	General Hershberg	nm0605363	antagonist	minor
tt0116136	Bowen	nm0000598	protagonist	major
tt0116136	Draco (voice)	nm0000125	protagonist	major
tt0116136	Kara	nm0000539	protagonist	major
tt0116136	Gilbert	nm0000592	protagonist	minor
tt0116136	Einon	nm0000667	antagonist	major
tt0116168	Eddie	nm0000155	protagonist	major
tt0116168	Coach Bailey	nm0001199	antagonist	major
tt0116168	Wild Bill Burgess	nm0001449	antagonist	major
tt0116209	Almásy	nm0000146	protagonist	major
tt0116209	Hana	nm0000300	protagonist	major
tt0116209	Geoffrey Clifton	nm0000147	antagonist	major
tt0116209	Caravaggio	nm0000353	antagonist	minor
tt0116213	Eraser	nm0000216	protagonist	major
tt0116213	Lee	nm0001853	protagonist	major
tt0116213	DeGuerin	nm0001001	antagonist	major
tt0116213	Harper	nm0738850	antagonist	minor
tt0116213	Morehart	nm0065418	antagonist	minor
tt0116213	Sergei	nm0472762	antagonist	minor
tt0116250	Eva Perón	nm0000187	protagonist	major
tt0116250	Juan Perón	nm0000596	protagonist	minor
tt0116250	Ché	nm0000104	antagonist	major
tt0116253	David Grant	nm0000621	protagonist	major
tt0116253	Jean	nm0000932	protagonist	minor
tt0116253	Lt. Col. Austin Travis	nm0000219	protagonist	minor
tt0116253	Nagi Hassan	nm0837064	antagonist	major
tt0116253	Jean-Paul Demou	nm0032050	antagonist	minor
tt0116253	El-Sayed Jaffa	nm0441537	antagonist	minor
tt0116313	Elise Elliot Atchison	nm0000443	protagonist	major
tt0116313	Brenda Morelli Cushman	nm0000541	protagonist	major
tt0116313	Annie MacDuggan Paradis	nm0000473	protagonist	major
tt0116313	Bill Atchison	nm0001255	antagonist	major
tt0116313	Morton Cushman	nm0000445	antagonist	major
tt0116313	Aaron Paradis	nm0004834	antagonist	major
tt0116313	Shelly Stewart	nm0000572	antagonist	minor
tt0116313	Phoebe LaVelle	nm0000924	antagonist	minor
tt0116313	Dr. Leslie Rosen	nm0001315	antagonist	minor
tt0116409	Col. John Henry Patterson	nm0000174	protagonist	major
tt0116409	Charles Remington	nm0000140	protagonist	major
tt0116409	Samuel	nm0434712	protagonist	minor
tt0116409	Lion (uncredited)	nm1838327	antagonist	major
tt0116409	Robert Beaumont	nm0929489	antagonist	minor
tt0116483	Happy Gilmore	nm0001191	protagonist	major
tt0116483	Shooter McGavin	nm0001520	antagonist	major
tt0116552	Chance (voice)	nm0000150	protagonist	major
tt0116552	Shadow (voice)	nm0906627	protagonist	major
tt0116552	Sassy (voice)	nm0000398	protagonist	major
tt0116552	Ashcan (voice)	nm0689237	antagonist	minor
tt0116552	Pete (voice)	nm0004965	antagonist	minor
tt0116629	Capt. Steven Hiller	nm0000226	protagonist	major
tt0116629	David Levinson	nm0000156	protagonist	major
tt0116629	President Thomas J. Whitmore	nm0000597	protagonist	major
tt0116629	Russell Casse	nm0001642	protagonist	minor
tt0116629	Jasmine Dubrow	nm0000407	protagonist	minor
tt0116669	Jack Powell	nm0000245	protagonist	major
tt0116695	Jerry Maguire	nm0000129	protagonist	major
tt0116695	Dorothy Boyd (as Renee Zellweger)	nm0000250	protagonist	major
tt0116695	Rod Tidwell	nm0000421	protagonist	major
tt0116695	Bob Sugar	nm0001542	antagonist	major
tt0116695	Frank Cushman	nm0005278	antagonist	minor
tt0116695	Keith Cushman	nm0807426	antagonist	minor
tt0116705	Howard Langston	nm0000216	protagonist	major
tt0116705	Myron Larabee	nm0005435	antagonist	major
tt0116705	Ted Maltin	nm0367005	antagonist	minor
tt0116908	Samantha Caine (Charly)	nm0000133	protagonist	major
tt0116908	Mitch Henessey	nm0000168	protagonist	major
tt0116908	Timothy	nm0081572	antagonist	major
tt0116908	Perkins	nm0538869	antagonist	major
tt0116908	Luke	nm0001556	antagonist	minor
tt0116908	One-Eyed Jack	nm0571375	antagonist	minor
tt0117008	Matilda	nm0933798	protagonist	major
tt0117008	Trunchbull	nm0274913	antagonist	major
tt0117008	Mr. Wormwood	nm0000362	antagonist	minor
tt0117008	Mrs. Wormwood	nm0674231	antagonist	minor
tt0117038	Michael	nm0000237	protagonist	major
tt0117038	Frank Quinlan	nm0000458	protagonist	major
tt0117038	Dorothy Winters	nm0000510	protagonist	major
tt0117038	Huey Driscoll	nm0665123	protagonist	minor
tt0117057	Rose Morgan	nm0000659	protagonist	major
tt0117057	Gregory Larkin	nm0000313	protagonist	major
tt0117060	Ethan Hunt	nm0000129	protagonist	major
tt0117060	Jim Phelps	nm0000685	antagonist	major
tt0117060	Claire (as Emmanuelle Beart)	nm0000322	antagonist	minor
tt0117060	Kittridge	nm0001089	antagonist	minor
tt0117060	Krieger	nm0000606	antagonist	minor
tt0117060	Max	nm0000603	antagonist	minor
tt0117110	Jim Hawkins	nm0084107	protagonist	major
tt0117110	Kermit the Frog	nm0926209	protagonist	major
tt0117110	The Great Gonzo	nm0324397	protagonist	minor
tt0117110	Rizzo the Rat	nm0926209	protagonist	minor
tt0117110	Long John Silver	nm0000347	antagonist	major
tt0117110	Blind Pew	nm0625456	antagonist	minor
tt0117218	Sherman Klump	nm0000552	protagonist	major
tt0117218	Buddy Love	nm0000552	antagonist	major
tt0117218	Reggie Warrington	nm0152638	antagonist	minor
tt0117333	George Malley	nm0000237	protagonist	major
tt0117333	Dr. Wellin	nm0453006	antagonist	minor
tt0117381	Martin Vail	nm0000152	protagonist	major
tt0117381	Aaron	nm0001570	antagonist	major
tt0117381	Shaughnessy	nm0001498	antagonist	minor
tt0117381	Janet Venable	nm0001473	antagonist	minor
tt0117438	Tom Mullen	nm0000154	protagonist	major
tt0117438	Kate Mullen	nm0000623	protagonist	minor
tt0117438	Det. Jimmy Shaker	nm0000641	antagonist	major
tt0117438	Maris Conner	nm0000666	antagonist	minor
tt0117438	Clark Barnes	nm0000630	antagonist	minor
tt0117438	Cubby Barnes	nm0005531	antagonist	minor
tt0117438	Miles Roberts	nm0359577	antagonist	minor
tt0117500	Stanley Goodspeed	nm0000115	protagonist	major
tt0117500	John Patrick Mason	nm0000125	protagonist	major
tt0117500	General Francis X. Hummel	nm0000438	antagonist	major
tt0117500	Captain Frye	nm0819440	antagonist	minor
tt0117500	Captain Darrow	nm0865302	antagonist	minor
tt0117500	Major Tom Baxter	nm0001556	antagonist	minor
tt0117509	Romeo	nm0000138	protagonist	major
tt0117509	Juliet	nm0000132	protagonist	major
tt0117509	Tybalt	nm0000491	antagonist	major
tt0117509	Fulgencio Capulet	nm0000649	antagonist	major
tt0117509	Gloria Capulet	nm0893204	antagonist	minor
tt0117509	Ted Montague	nm0001133	antagonist	minor
tt0117509	Caroline Montague	nm0681943	antagonist	minor
tt0117571	Sidney	nm0000117	protagonist	major
tt0117571	Billy	nm0000240	antagonist	major
tt0117571	Stuart	nm0000498	antagonist	major
tt0117571	Phone Voice (voice)	nm0413996	antagonist	minor
tt0117603	Frankie	nm0000407	protagonist	major
tt0117603	Stony (as Jada Pinkett)	nm0000586	protagonist	major
tt0117603	Cleo	nm0001451	protagonist	major
tt0117603	Tisean	nm0253708	protagonist	major
tt0117603	Detective Strode	nm0001525	antagonist	major
tt0117603	Luther (as Thom Byrd)	nm0126070	antagonist	minor
tt0117665	Shakes	nm0000574	protagonist	major
tt0117665	Michael	nm0000093	protagonist	major
tt0117665	John	nm0253035	protagonist	major
tt0117665	Tommy	nm0001082	protagonist	major
tt0117665	Young Shakes	nm0674786	protagonist	major
tt0117665	Young Michael	nm0000605	protagonist	major
tt0117665	Young John	nm0927727	protagonist	major
tt0117665	Young Tommy	nm0006958	protagonist	major
tt0117665	Nokes	nm0000102	antagonist	major
tt0117665	Ferguson	nm0455767	antagonist	minor
tt0117665	Addison	nm0232998	antagonist	minor
tt0117665	Styler	nm0517448	antagonist	minor
tt0117731	Picard	nm0001772	protagonist	major
tt0117731	Data	nm0000653	protagonist	major
tt0117731	Riker	nm0000408	protagonist	minor
tt0117731	Worf	nm0000373	protagonist	minor
tt0117731	Lily	nm0005569	protagonist	minor
tt0117731	Zefram Cochrane	nm0000342	protagonist	minor
tt0117731	Borg Queen	nm0000481	antagonist	major
tt0117765	Erin Grant	nm0000193	protagonist	major
tt0117765	Congressman David Dilbeck	nm0000608	antagonist	major
tt0117765	Malcolm Moldovsky	nm0002117	antagonist	major
tt0117765	Darrell Grant	nm0001598	antagonist	major
tt0117891	Darnell Wright	nm0001454	protagonist	major
tt0117891	Brandi Web	nm0005551	antagonist	major
tt0117913	Jake Tyler Brigance	nm0000190	protagonist	major
tt0117913	Carl Lee Hailey	nm0000168	protagonist	major
tt0117913	Ellen Roark	nm0000113	protagonist	minor
tt0117913	Harry Rex Vonner	nm0001624	protagonist	minor
tt0117913	Lucien Wilbanks	nm0000661	protagonist	minor
tt0117913	D.A. Rufus Buckley	nm0000228	antagonist	major
tt0117913	Freddie Lee Cobb	nm0000662	antagonist	major
tt0117913	Stump Sisson	nm0001748	antagonist	minor
tt0117913	Billy Ray Cobb	nm0441588	antagonist	minor
tt0117913	James Louis 'Pete' Willard	nm0006535	antagonist	minor
tt0117918	Roy McAvoy	nm0000126	protagonist	major
tt0117918	Dr. Molly Griswold	nm0000623	protagonist	minor
tt0117918	Romeo Posar	nm0001507	protagonist	minor
tt0117918	David Simms	nm0000467	antagonist	major
tt0117979	Abby	nm0000413	protagonist	major
tt0117979	Brian	nm0001035	protagonist	major
tt0117979	Noelle	nm0000235	protagonist	major
tt0117998	Dr. Jo Harding	nm0000166	protagonist	major
tt0117998	Bill Harding	nm0000200	protagonist	major
tt0117998	Dr. Jonas Miller	nm0000144	antagonist	major
tt0118055	Tally Atwater	nm0000201	protagonist	major
tt0118055	Warren Justice	nm0000602	protagonist	major
tt0118055	Marcia McGrath	nm0000330	antagonist	minor
tt0118548	Luther Whitney	nm0000142	protagonist	major
tt0118548	President Richmond	nm0000432	antagonist	major
tt0118548	Tim Collin	nm0371660	antagonist	minor
tt0118548	Bill Burton	nm0001277	antagonist	minor
tt0118548	Gloria Russell	nm0001114	antagonist	minor
tt0118571	President James Marshall	nm0000148	protagonist	major
tt0118571	Ivan Korshunov	nm0000198	antagonist	major
tt0118571	Agent Gibbs	nm0075359	antagonist	minor
tt0118571	General Alexander Radek (as Jurgen Prochnow)	nm0001638	antagonist	minor
tt0118583	Ripley	nm0000244	protagonist	major
tt0118583	Call	nm0000213	protagonist	major
tt0118583	Johner	nm0000579	protagonist	minor
tt0118583	Vriess	nm0684500	protagonist	minor
tt0118583	Dr. Wren	nm0293422	antagonist	major
tt0118583	Lead Alien	nm0940430	antagonist	major
tt0118583	General Perez	nm0000445	antagonist	minor
tt0118583	Gediman	nm0000374	antagonist	minor
tt0118615	Terri Flores	nm0000182	protagonist	major
tt0118615	Danny Rich	nm0001084	protagonist	major
tt0118615	Dr. Steven Cale	nm0000655	protagonist	minor
tt0118615	Paul Serone	nm0000685	antagonist	major
tt0118615	Anaconda (voice)	nm0919798	antagonist	major
tt0118655	Austin Powers	nm0000196	protagonist	major
tt0118655	Vanessa Kensington	nm0000167	protagonist	major
tt0118655	Dr. Evil	nm0000196	antagonist	major
tt0118655	Number Two	nm0001822	antagonist	minor
tt0118655	Alotta Fagina	nm0007197	antagonist	minor
tt0118655	Random Task	nm0814176	antagonist	minor
tt0118688	Batman	nm0000123	protagonist	major
tt0118688	Robin	nm0000563	protagonist	major
tt0118688	Batgirl	nm0000224	protagonist	minor
tt0118688	Mr. Freeze	nm0000216	antagonist	major
tt0118688	Poison Ivy	nm0000235	antagonist	major
tt0118688	Doctor Jason Woodrue	nm0001278	antagonist	minor
tt0118688	Bane	nm0842422	antagonist	minor
tt0118689	Mr. Bean	nm0000100	protagonist	major
tt0118689	David Langley	nm0001493	protagonist	major
tt0118771	Jeff Taylor	nm0000621	protagonist	major
tt0118771	Amy Taylor	nm0000599	protagonist	minor
tt0118771	Red Barr	nm0000687	antagonist	major
tt0118771	Earl	nm0301370	antagonist	minor
tt0118771	Billy	nm0005276	antagonist	minor
tt0118771	Al	nm0109620	antagonist	minor
tt0118799	Guido	nm0000905	protagonist	major
tt0118799	Dora	nm0000971	protagonist	major
tt0118799	Giosué	nm0134493	protagonist	major
tt0118799	Rodolfo	nm0284997	antagonist	minor
tt0118880	Cameron Poe	nm0000115	protagonist	major
tt0118880	Agent Vince Larkin	nm0000131	protagonist	major
tt0118880	'Baby-O' O'Dell	nm0932112	protagonist	minor
tt0118880	Cyrus 'The Virus' Grissom	nm0000518	antagonist	major
tt0118880	Nathan 'Diamond Dog' Jones	nm0000609	antagonist	minor
tt0118880	Francisco Cindino	nm0001963	antagonist	minor
tt0118880	William 'Billy Bedlam' Bedford	nm0157915	antagonist	minor
tt0118883	Jerry Fletcher	nm0000154	protagonist	major
tt0118883	Alice Sutton	nm0000210	protagonist	major
tt0118883	Dr. Jonas	nm0001772	antagonist	major
tt0118884	Eleanor Arroway	nm0000149	protagonist	major
tt0118884	David Drumlin	nm0000643	antagonist	major
tt0118884	Michael Kitz	nm0000249	antagonist	major
tt0118887	Freddy Heflin	nm0000230	protagonist	major
tt0118887	Ray Donlan	nm0000172	antagonist	major
tt0118887	Jack Rucker	nm0001598	antagonist	minor
tt0118887	Frank Lagonda (as Arthur Nascarella)	nm0621597	antagonist	minor
tt0118887	Leo Crasky	nm0817983	antagonist	minor
tt0118928	Harry Dalton	nm0000112	protagonist	major
tt0118928	Rachel Wando	nm0000157	protagonist	major
tt0118928	Paul Dreyfus	nm0356251	antagonist	minor
tt0118971	Kevin Lomax	nm0000206	protagonist	major
tt0118971	John Milton	nm0000199	antagonist	major
tt0118972	Tom O'Meara	nm0000148	protagonist	major
tt0118972	Rory Devaney	nm0000093	protagonist	major
tt0118972	Billy Burke	nm0001852	antagonist	major
tt0118998	Dr. John Dolittle	nm0000552	protagonist	major
tt0118998	Lucky (voice)	nm0005172	protagonist	minor
tt0118998	Dr. Mark Weller	nm0001624	antagonist	major
tt0119008	Donnie	nm0000136	protagonist	major
tt0119008	Lefty	nm0000199	protagonist	major
tt0119008	Sonny	nm0000514	antagonist	major
tt0119008	Sonny Red	nm0583951	antagonist	minor
tt0119094	Sean Archer	nm0000237	protagonist	major
tt0119094	Castor Troy	nm0000115	antagonist	major
tt0119094	Pollux Troy	nm0005273	antagonist	minor
tt0119116	Korben Dallas	nm0000246	protagonist	major
tt0119116	Leeloo	nm0000170	protagonist	major
tt0119116	Cornelius	nm0000453	protagonist	minor
tt0119116	Ruby Rhod	nm0000676	protagonist	minor
tt0119116	Zorg	nm0000198	antagonist	major
tt0119137	Professor Philip Brainard	nm0000245	protagonist	major
tt0119137	Dr. Sara Jean Reynolds	nm0001315	protagonist	major
tt0119137	Weebo (voice)	nm0072533	protagonist	minor
tt0119137	Chester Hoenicker (as Raymond Barry)	nm0000855	antagonist	major
tt0119137	Wilson Croft	nm0001520	antagonist	major
tt0119137	Bennett Hoenicker	nm0000696	antagonist	minor
tt0119137	Smith	nm0000317	antagonist	minor
tt0119137	Wesson	nm0505971	antagonist	minor
tt0119173	Jordan O'Neill	nm0000193	protagonist	major
tt0119173	Lillian DeHaven	nm0000843	antagonist	major
tt0119173	Master Chief John James Urgayle	nm0001557	antagonist	major
tt0119174	Nicholas Van Orton	nm0000140	protagonist	major
tt0119174	Christine	nm0000679	antagonist	major
tt0119174	Conrad	nm0000576	antagonist	major
tt0119174	Jim Feingold	nm0714310	antagonist	minor
tt0119190	George	nm0000409	protagonist	major
tt0119190	Ursula Stanhope	nm0005182	protagonist	major
tt0119190	Lyle Van de Groot	nm0002006	antagonist	major
tt0119190	Max	nm0190208	antagonist	minor
tt0119190	Thor	nm0072344	antagonist	minor
tt0119190	Beatrice Stanhope	nm0852466	antagonist	minor
tt0119217	Will	nm0000354	protagonist	major
tt0119217	Sean	nm0000245	protagonist	major
tt0119313	Birdee Pruitt	nm0000113	protagonist	major
tt0119313	Bernice Pruitt	nm0926165	protagonist	minor
tt0119313	Bill Pruitt	nm0001595	antagonist	major
tt0119313	Toni Post	nm0001562	antagonist	minor
tt0119313	Connie Phillips (uncredited)	nm0000275	antagonist	minor
tt0119314	Annie MacLean	nm0000218	protagonist	major
tt0119314	Grace MacLean	nm0424060	protagonist	major
tt0119314	Tom Booker	nm0000602	protagonist	major
tt0119345	Julie James	nm0001349	protagonist	major
tt0119345	Helen Shivers	nm0001264	protagonist	major
tt0119345	Barry Cox	nm0000202	protagonist	major
tt0119345	Ray Bronson	nm0005327	protagonist	major
tt0119345	Benjamin Willis	nm0002901	antagonist	major
tt0119345	Fisherman	nm0002901	antagonist	major
tt0119360	Howard Brackett	nm0000177	protagonist	major
tt0119360	Tom Halliwell	nm0627878	antagonist	minor
tt0119395	Declan Mulqueen	nm0000152	protagonist	major
tt0119395	Preston	nm0001627	protagonist	major
tt0119395	Valentina Koslova	nm0893204	protagonist	minor
tt0119395	Isabella	nm0000528	protagonist	minor
tt0119395	The Jackal	nm0000246	antagonist	major
tt0119395	Terek Murad	nm0371342	antagonist	minor
tt0119432	Michael Cromwell	nm0000741	protagonist	major
tt0119432	Mimi-Siku	nm0403134	protagonist	major
tt0119432	Alexei Jovanovic	nm0001773	antagonist	major
tt0119468	Dr. Alex Cross	nm0000151	protagonist	major
tt0119468	Kate Mctiernan	nm0000171	protagonist	major
tt0119468	Nick Ruskin	nm0000144	antagonist	major
tt0119468	Will Rudolph	nm0001282	antagonist	major
tt0119528	Fletcher Reede	nm0000120	protagonist	major
tt0119528	Max Reede	nm0178176	protagonist	minor
tt0119528	Miranda	nm0000372	antagonist	minor
tt0119528	Samantha Cole	nm0000236	antagonist	minor
tt0119567	Ian Malcolm	nm0000156	protagonist	major
tt0119567	Sarah Harding	nm0000194	protagonist	major
tt0119567	Nick Van Owen	nm0000681	protagonist	minor
tt0119567	Kelly Curtis (as Vanessa Lee Chester)	nm0156345	protagonist	minor
tt0119567	Peter Ludlow	nm0397124	antagonist	major
tt0119567	Roland Tembo	nm0000592	antagonist	minor
tt0119643	Joe Black	nm0000093	protagonist	major
tt0119643	William Parrish	nm0000164	protagonist	major
tt0119643	Susan Parrish	nm0001231	protagonist	major
tt0119643	Drew	nm0916617	antagonist	major
tt0119654	Jay	nm0000226	protagonist	major
tt0119654	Kay	nm0000169	protagonist	major
tt0119654	Laurel	nm0000400	protagonist	minor
tt0119654	Edgar	nm0000352	antagonist	major
tt0119654	Arquillian	nm0835393	antagonist	minor
tt0119654	Mikey	nm0018515	antagonist	minor
tt0119738	Julianne Potter	nm0000210	protagonist	major
tt0119738	Kimberly Wallace	nm0000139	antagonist	major
tt0119807	Nick Beam	nm0000209	protagonist	major
tt0119807	Terrance Paul Davidson	nm0001454	protagonist	major
tt0119807	Davis 'Rig' Lanlow	nm0001525	antagonist	major
tt0119807	Charlie Dunt	nm0002064	antagonist	major
tt0119822	Melvin Udall	nm0000197	protagonist	major
tt0119822	Carol Connelly	nm0000166	protagonist	major
tt0119822	Simon Bishop	nm0001427	protagonist	major
tt0119822	Vincent	nm0000240	antagonist	minor
tt0119942	Henry Burton	nm0504412	protagonist	major
tt0119942	Governor Jack Stanton	nm0000237	protagonist	major
tt0119942	Lawrence Harris	nm0004668	antagonist	minor
tt0119942	Gov. Fred Picker	nm0001306	antagonist	minor
tt0119978	Rudy Baylor	nm0000354	protagonist	major
tt0119978	Deck Shifflet	nm0000362	protagonist	minor
tt0119978	Leo F. Drummond	nm0000685	antagonist	major
tt0119978	Wilfred Keeley	nm0001702	antagonist	major
tt0119978	Cliff Riker	nm0795576	antagonist	minor
tt0120053	Simon Templar	nm0000174	protagonist	major
tt0120053	Dr. Emma Russell	nm0000223	protagonist	major
tt0120053	Ivan Tretiak	nm0784884	antagonist	major
tt0120053	Ilya Tretiak (as Valery Nikolaev)	nm0631792	antagonist	minor
tt0120082	Sidney Prescott	nm0000117	protagonist	major
tt0120082	Gale Weathers	nm0001073	protagonist	major
tt0120082	Dewey Riley	nm0000274	protagonist	major
tt0120082	Randy Meeks	nm0005085	protagonist	minor
tt0120082	Cotton Weary	nm0000630	protagonist	minor
tt0120082	Mickey	nm0648249	antagonist	major
tt0120082	Debbie Salt	nm0582418	antagonist	major
tt0120169	Ahmad	nm0358650	protagonist	major
tt0120169	Teri (as Vanessa L. Williams)	nm0001853	protagonist	major
tt0120169	Maxine	nm0000407	protagonist	major
tt0120169	Bird	nm0000505	protagonist	major
tt0120177	Al Simmons	nm0925220	protagonist	major
tt0120177	Spawn	nm0925220	protagonist	major
tt0120177	Jason Wynn	nm0000640	antagonist	major
tt0120177	Violator	nm0000491	antagonist	major
tt0120177	The Devil Malebolgia (voice)	nm0919798	antagonist	major
tt0120177	Jessica Priest	nm0164918	antagonist	minor
tt0120179	Officer Alex Shaw	nm0000574	protagonist	major
tt0120179	Annie	nm0000113	protagonist	major
tt0120179	John Geiger	nm0000353	antagonist	major
tt0120184	Norman	nm0000163	protagonist	major
tt0120184	Beth	nm0000232	protagonist	major
tt0120184	Harry	nm0000168	protagonist	major
tt0120184	Barnes	nm0001075	protagonist	minor
tt0120184	Ted	nm0000630	protagonist	minor
tt0120188	Archie Gates	nm0000123	protagonist	major
tt0120188	Troy Barlow	nm0000242	protagonist	major
tt0120188	Chief Elgin	nm0001084	protagonist	major
tt0120188	Conrad Vig	nm0005069	protagonist	major
tt0120188	Captain Said (as Said Taghmaoui)	nm0846548	antagonist	major
tt0120201	Johnny Rico	nm0000680	protagonist	major
tt0120201	Carmen Ibanez	nm0000612	protagonist	major
tt0120201	Dizzy Flores	nm0000539	protagonist	minor
tt0120201	Carl Jenkins	nm0000439	protagonist	minor
tt0120338	Rose Dewitt Bukater	nm0000701	protagonist	major
tt0120338	Jack Dawson	nm0000138	protagonist	major
tt0120338	Old Rose	nm0001784	protagonist	minor
tt0120338	Cal Hockley	nm0000708	antagonist	major
tt0120338	Ruth Dewitt Bukater	nm0004920	antagonist	minor
tt0120338	Spicer Lovejoy	nm0001831	antagonist	minor
tt0120347	James Bond	nm0000112	protagonist	major
tt0120347	Wai Lin	nm0000706	protagonist	minor
tt0120347	Elliot Carver	nm0000596	antagonist	major
tt0120347	Stamper	nm0653248	antagonist	major
tt0120347	Henry Gupta	nm0419633	antagonist	minor
tt0120347	Dr. Kaufman	nm0001704	antagonist	minor
tt0120382	Truman Burbank	nm0000120	protagonist	major
tt0120382	Christof	nm0000438	antagonist	major
tt0120382	Meryl Burbank	nm0001473	antagonist	minor
tt0120382	Marlon	nm0001187	antagonist	minor
tt0120461	Mike Roark	nm0000169	protagonist	major
tt0120461	Dr. Amy Barnes	nm0000162	protagonist	major
tt0120484	Bobby Boucher	nm0001191	protagonist	major
tt0120484	Coach Klein	nm0001857	protagonist	minor
tt0120484	Vicki Vallencourt	nm0000103	protagonist	minor
tt0120484	Red Beaulieu	nm0715274	antagonist	major
tt0120484	Mama Boucher	nm0000870	antagonist	major
tt0120484	Greg Meaney	nm0390845	antagonist	minor
tt0120484	Roberto	nm0178997	antagonist	minor
tt0120591	Harry S. Stamper	nm0000246	protagonist	major
tt0120591	A.J. Frost	nm0000255	protagonist	major
tt0120591	Grace Stamper	nm0000239	protagonist	minor
tt0120591	Colonel Willie Sharp	nm0001209	protagonist	minor
tt0120591	Chick	nm0001599	protagonist	minor
tt0120591	Lev Andropov	nm0001780	protagonist	minor
tt0120591	Bear	nm0003817	protagonist	minor
tt0120591	Max (as Ken Campbell)	nm0132637	protagonist	minor
tt0120591	Oscar	nm0005562	protagonist	minor
tt0120591	Rockhound	nm0000114	protagonist	minor
tt0120591	Noonan (as Clark Brolly)	nm0111272	protagonist	minor
tt0120591	President	nm0027454	antagonist	minor
tt0120611	Blade	nm0000648	protagonist	major
tt0120611	Karen	nm0942668	protagonist	minor
tt0120611	Whistler	nm0001434	protagonist	minor
tt0120611	Deacon Frost	nm0001151	antagonist	major
tt0120611	Krieger	nm0909384	antagonist	minor
tt0120611	Vanessa	nm0005125	antagonist	minor
tt0120616	Rick O'Connell	nm0000409	protagonist	major
tt0120616	Evelyn Carnahan	nm0001838	protagonist	major
tt0120616	Jonathan Carnahan	nm0001314	protagonist	major
tt0120616	Imhotep	nm0903677	antagonist	major
tt0120616	Beni Gabor	nm0640413	antagonist	minor
tt0120616	Anck Su Namun	nm0892383	antagonist	minor
tt0120631	Danielle	nm0000106	protagonist	major
tt0120631	Prince Henry	nm0779084	protagonist	major
tt0120631	Rodmilla	nm0001378	antagonist	major
tt0120631	Marguerite	nm0230155	antagonist	major
tt0120631	Pierre Le Pieu	nm0639782	antagonist	minor
tt0120632	Seth	nm0000115	protagonist	major
tt0120632	Dr. Maggie Rice	nm0000212	protagonist	major
tt0120633	Jan Schlichtmann	nm0000237	protagonist	major
tt0120633	Anne Anderson	nm0000599	protagonist	minor
tt0120633	Jerome Facher	nm0000380	antagonist	major
tt0120647	Jenny Lerner	nm0000495	protagonist	major
tt0120647	Leo Biederman	nm0000704	protagonist	major
tt0120647	President Beck	nm0000151	protagonist	major
tt0120647	Oren Monash	nm0253035	protagonist	minor
tt0120647	Gus Partenza	nm0269463	protagonist	minor
tt0120660	Robert Clayton Dean	nm0000226	protagonist	major
tt0120660	Edward Lyle	nm0000432	protagonist	major
tt0120660	Thomas Brian Reynolds	nm0000685	antagonist	major
tt0120663	Dr. William Harford	nm0000129	protagonist	major
tt0120663	Alice Harford	nm0000173	protagonist	major
tt0120663	Victor Ziegler	nm0001628	antagonist	major
tt0120663	Red Cloak	nm0899920	antagonist	minor
tt0120667	Reed Richards	nm0344435	protagonist	major
tt0120667	Sue Storm	nm0004695	protagonist	major
tt0120667	Johnny Storm	nm0262635	protagonist	major
tt0120667	Ben Grimm	nm0004821	protagonist	major
tt0120667	Victor Von Doom	nm0573037	antagonist	major
tt0120685	Dr. Niko Tatopoulos	nm0000111	protagonist	major
tt0120685	Philippe Roaché	nm0000606	protagonist	major
tt0120685	Audrey Timmonds	nm0001623	protagonist	major
tt0120685	Victor 'Animal' Palotti	nm0000279	protagonist	minor
tt0120685	Charles Caiman	nm0733427	antagonist	minor
tt0120686	Isabel Kelly	nm0000210	protagonist	major
tt0120686	Jackie Harrison	nm0000215	protagonist	major
tt0120689	Paul Edgecomb	nm0000158	protagonist	major
tt0120689	John Coffey	nm0003817	protagonist	major
tt0120689	Percy Wetmore	nm0006535	antagonist	major
tt0120689	'Wild Bill' Wharton	nm0005377	antagonist	minor
tt0120694	Laurie Strode	nm0000130	protagonist	major
tt0120694	John	nm0001326	protagonist	minor
tt0120694	Michael	nm0243768	antagonist	major
tt0120703	Stella Payne	nm0000291	protagonist	major
tt0120703	Winston Shakespeare	nm0004875	protagonist	major
tt0120737	Frodo	nm0000704	protagonist	major
tt0120737	Gandalf	nm0005212	protagonist	major
tt0120737	Aragorn	nm0001557	protagonist	major
tt0120737	Sam	nm0000276	protagonist	major
tt0120737	Merry	nm0597480	protagonist	minor
tt0120737	Pippin	nm0101710	protagonist	minor
tt0120737	Legolas	nm0089217	protagonist	minor
tt0120737	Gimli	nm0722636	protagonist	minor
tt0120737	Boromir	nm0000293	protagonist	minor
tt0120737	Sauron	nm1019674	antagonist	major
tt0120737	Saruman	nm0000489	antagonist	major
tt0120737	Lurtz	nm0538692	antagonist	minor
tt0120737	Gollum (voice)	nm0785227	antagonist	minor
tt0120738	John Robinson	nm0000458	protagonist	major
tt0120738	Will Robinson	nm0425270	protagonist	major
tt0120738	Don West	nm0001455	protagonist	major
tt0120738	Older Will	nm0364813	protagonist	minor
tt0120738	Maureen Robinson	nm0000211	protagonist	minor
tt0120738	Penny Robinson	nm0000327	protagonist	minor
tt0120738	Judy Robinson	nm0001287	protagonist	minor
tt0120738	Dr. Smith	nm0000198	antagonist	major
tt0120738	Spider Smith	nm0000198	antagonist	major
tt0120744	Aramis	nm0000460	protagonist	major
tt0120744	Athos	nm0000518	protagonist	major
tt0120744	Porthos (as Gerard Depardieu)	nm0000367	protagonist	major
tt0120744	Phillippe	nm0000138	protagonist	major
tt0120744	D'Artagnan	nm0000321	protagonist	major
tt0120744	King Louis	nm0000138	antagonist	major
tt0120746	Alejandro Murrieta	nm0000104	protagonist	major
tt0120746	Don Diego de la Vega	nm0000164	protagonist	major
tt0120746	Elena	nm0001876	protagonist	minor
tt0120746	Don Rafael Montero	nm0934179	antagonist	major
tt0120746	Capt. Harrison Love	nm0504762	antagonist	major
tt0120755	Ethan Hunt	nm0000129	protagonist	major
tt0120755	Nyah Hall (as Thandie Newton)	nm0628601	protagonist	major
tt0120755	Luther Strickell	nm0000609	protagonist	minor
tt0120755	Billy Baird	nm0689852	protagonist	minor
tt0120755	Sean Ambrose	nm0779084	antagonist	major
tt0120755	Hugh Stamp	nm0746896	antagonist	minor
tt0120755	McCloy	nm0322407	antagonist	minor
tt0120764	Tim O'Hara	nm0001099	protagonist	major
tt0120764	Uncle Martin	nm0000502	protagonist	major
tt0120764	Lizzie	nm0000435	protagonist	minor
tt0120764	Zoot, Martin's Talking Space Suit (voice) (uncredited)	nm0001431	protagonist	minor
tt0120764	Coleye	nm0001728	antagonist	major
tt0120764	Brace Channing	nm0000167	antagonist	minor
tt0120768	Danny Roman	nm0000168	protagonist	major
tt0120768	Chris Sabian	nm0000228	protagonist	major
tt0120768	Grant Frost	nm0726492	antagonist	major
tt0120768	Terence Niebaum	nm0000687	antagonist	minor
tt0120768	Allen (as Leonard Thomas)	nm0859150	antagonist	minor
tt0120768	Hellman	nm0785594	antagonist	minor
tt0120768	Argento	nm0445551	antagonist	minor
tt0120780	Jack Foley	nm0000123	protagonist	major
tt0120780	Karen Sisco	nm0000182	protagonist	major
tt0120780	Buddy Bragg	nm0000609	protagonist	minor
tt0120780	Maurice Miller	nm0000332	antagonist	major
tt0120780	Kenneth	nm0913460	antagonist	minor
tt0120780	White Boy Bob	nm0518828	antagonist	minor
tt0120783	Hallie Parker	nm0517820	protagonist	major
tt0120783	Annie James	nm0517820	protagonist	major
tt0120783	Meredith Blake	nm0005006	antagonist	major
tt0120784	Porter	nm0000154	protagonist	major
tt0120784	Rosie	nm0004742	protagonist	minor
tt0120784	Val Resnick	nm0001344	antagonist	major
tt0120784	Bronson	nm0001434	antagonist	major
tt0120784	Carter	nm0001137	antagonist	minor
tt0120784	Det. Hicks	nm0004886	antagonist	minor
tt0120784	Det. Leary	nm0174780	antagonist	minor
tt0120787	Emily Bradford Taylor	nm0000569	protagonist	major
tt0120787	Steven Taylor	nm0000140	antagonist	major
tt0120787	David Shaw	nm0001557	antagonist	major
tt0120789	David	nm0001497	protagonist	major
tt0120789	Jennifer	nm0000702	protagonist	major
tt0120789	Big Bob	nm0000687	antagonist	major
tt0120789	TV Repairman	nm0461455	antagonist	minor
tt0120791	Sally Owens	nm0000113	protagonist	major
tt0120791	Gillian Owens	nm0000173	protagonist	major
tt0120791	Jimmy Angelov	nm0899681	antagonist	major
tt0120812	Lee	nm0000329	protagonist	major
tt0120812	Carter	nm0000676	protagonist	major
tt0120812	Griffin	nm0929489	antagonist	major
tt0120812	Juntao	nm0929489	antagonist	major
tt0120812	Sang	nm0504962	antagonist	major
tt0120815	Captain Miller	nm0000158	protagonist	major
tt0120815	Private Ryan	nm0000354	protagonist	minor
tt0120815	Sergeant Horvath	nm0001744	protagonist	minor
tt0120815	Private Reiben	nm0122653	protagonist	minor
tt0120815	Corporal Upham	nm0001111	protagonist	minor
tt0120815	4 Medic Wade	nm0000610	protagonist	minor
tt0120815	Private Jackson	nm0001608	protagonist	minor
tt0120815	Private Mellish	nm0004965	protagonist	minor
tt0120815	Private Caparzo	nm0004874	protagonist	minor
tt0120815	Steamboat Willie	nm0821152	antagonist	minor
tt0120828	Robin Monroe	nm0000162	protagonist	major
tt0120828	Quinn Harris	nm0000148	protagonist	major
tt0120828	Pirate	nm0629050	antagonist	minor
tt0120828	Pirate	nm0269847	antagonist	minor
tt0120828	Pirate	nm0468697	antagonist	minor
tt0120828	Pirate (as Jen Sung Outerbridge)	nm0653658	antagonist	minor
tt0120832	Rick Santoro	nm0000115	protagonist	major
tt0120832	Julia Costello	nm0001303	protagonist	major
tt0120832	Commander Kevin Dunne	nm0000641	antagonist	major
tt0120832	Lincoln Tyler	nm0789976	antagonist	minor
tt0120832	Rabat (Assassin)	nm0398508	antagonist	minor
tt0120844	Picard	nm0001772	protagonist	major
tt0120844	Data	nm0000653	protagonist	minor
tt0120844	Riker	nm0000408	protagonist	minor
tt0120844	Ru'afo	nm0000719	antagonist	major
tt0120844	Dougherty	nm0001875	antagonist	major
tt0120873	Samuel Gerard	nm0000169	protagonist	major
tt0120873	Sheridan	nm0000648	protagonist	major
tt0120873	Royce	nm0000375	antagonist	major
tt0120873	Chen	nm0151033	antagonist	minor
tt0120873	Barrows	nm0811541	antagonist	minor
tt0120885	Conrad Brean	nm0000134	protagonist	major
tt0120885	Stanley Motss	nm0000163	protagonist	major
tt0120885	Winifred Ames	nm0000162	protagonist	minor
tt0120885	Mr. Young	nm0000513	antagonist	minor
tt0120888	Robbie Hart	nm0001191	protagonist	major
tt0120888	Julia Sullivan	nm0000106	protagonist	major
tt0120888	Glenn Guglia	nm0322182	antagonist	major
tt0120888	Linda	nm0004911	antagonist	minor
tt0120889	Chris Nielsen	nm0000245	protagonist	major
tt0120891	James West	nm0000226	protagonist	major
tt0120891	Artemus Gordon	nm0000177	protagonist	major
tt0120891	Dr. Arliss Loveless	nm0000110	antagonist	major
tt0120891	General McGrath	nm0505971	antagonist	minor
tt0120902	Agent Fox Mulder	nm0000141	protagonist	major
tt0120902	Agent Dana Scully	nm0000096	protagonist	major
tt0120902	The Cigarette-Smoking Man	nm0205657	antagonist	major
tt0120902	Michaud	nm0642368	antagonist	minor
tt0120902	Strughold	nm0000090	antagonist	minor
tt0120903	Logan	nm0413168	protagonist	major
tt0120903	Rogue	nm0001593	protagonist	major
tt0120903	Professor Charles Xavier	nm0001772	protagonist	major
tt0120903	Cyclops	nm0005188	protagonist	minor
tt0120903	Storm	nm0000932	protagonist	minor
tt0120903	Jean Grey	nm0000463	protagonist	minor
tt0120903	Magneto	nm0005212	antagonist	major
tt0120903	Mystique (as Rebecca Romijn-Stamos)	nm0005381	antagonist	major
tt0120903	Sabretooth	nm0541932	antagonist	minor
tt0120903	Toad	nm0661917	antagonist	minor
tt0120912	Jay	nm0000226	protagonist	major
tt0120912	Kay	nm0000169	protagonist	major
tt0120912	Serleena	nm0001223	antagonist	major
tt0120912	Scrad	nm0424216	antagonist	minor
tt0120912	Charlie	nm0424216	antagonist	minor
tt0120915	Qui-Gon Jinn	nm0000553	protagonist	major
tt0120915	Obi-Wan Kenobi	nm0000191	protagonist	major
tt0120915	Queen Amidala	nm0000204	protagonist	major
tt0120915	Padmé	nm0000204	protagonist	major
tt0120915	Anakin Skywalker	nm0005157	protagonist	major
tt0120915	Jar Jar Binks	nm0078886	protagonist	minor
tt0120915	Nute Gunray	nm0141324	antagonist	major
tt0120915	Darth Maul	nm0661917	antagonist	major
tt0121765	Obi-Wan Kenobi	nm0000191	protagonist	major
tt0121765	Anakin Skywalker	nm0159789	protagonist	major
tt0121765	Padmé	nm0000204	protagonist	major
tt0121765	Yoda (voice)	nm0000568	protagonist	minor
tt0121765	Mace Windu	nm0000168	protagonist	minor
tt0121765	Count Dooku	nm0000489	antagonist	major
tt0121765	Jango Fett	nm0607325	antagonist	minor
tt0121765	Zam Wesell	nm0909944	antagonist	minor
tt0121765	Viceroy Nute Gunray	nm0141324	antagonist	minor
tt0121766	Anakin Skywalker	nm0159789	protagonist	major
tt0121766	Obi-Wan Kenobi	nm0000191	protagonist	major
tt0121766	Padmé	nm0000204	protagonist	major
tt0121766	Yoda (voice)	nm0000568	protagonist	minor
tt0121766	Mace Windu	nm0000168	protagonist	minor
tt0121766	Supreme Chancellor Palpatine	nm0001519	antagonist	major
tt0121766	General Grievous (voice)	nm0003214	antagonist	minor
tt0121766	Count Dooku	nm0000489	antagonist	minor
tt0122151	Martin Riggs	nm0000154	protagonist	major
tt0122151	Roger Murtaugh	nm0000418	protagonist	major
tt0122151	Lorna Cole	nm0000623	protagonist	minor
tt0122151	Lee Butters	nm0001674	protagonist	minor
tt0122151	Leo Getz	nm0000582	protagonist	minor
tt0122151	Wah Sing Ku	nm0001472	antagonist	major
tt0122151	Uncle Benny	nm0150976	antagonist	minor
tt0122151	General	nm0497086	antagonist	minor
tt0122690	Sam	nm0000134	protagonist	major
tt0122690	Vincent	nm0000606	protagonist	major
tt0122690	Seamus O'Rourke	nm0000596	antagonist	major
tt0122690	Gregor	nm0001745	antagonist	major
tt0122690	Mikhi	nm0040545	antagonist	minor
tt0122718	Alan Abernathy	nm0808376	protagonist	major
tt0122718	Archer (voice)	nm0001449	protagonist	major
tt0122718	Christy Fimple	nm0000379	protagonist	minor
tt0122718	Chip Hazard (voice)	nm0000169	antagonist	major
tt0122718	Gil Mars	nm0001459	antagonist	minor
tt0122718	Gwendy Doll (voice)	nm0001264	antagonist	minor
tt0122933	Paul Vitti	nm0000134	protagonist	major
tt0122933	Dr. Ben Sobel	nm0000345	protagonist	major
tt0122933	Primo Sidone	nm0001590	antagonist	major
tt0123964	Rayford Gibson	nm0000552	protagonist	major
tt0123964	Claude Banks	nm0001454	protagonist	major
tt0123964	Young Sheriff Pike	nm0891224	antagonist	major
tt0123964	Older Sheriff Pike	nm0000388	antagonist	major
tt0123964	Sgt. Dillard	nm0001024	antagonist	minor
tt0124315	Homer Wells	nm0001497	protagonist	major
tt0125439	William Thacker	nm0000424	protagonist	major
tt0125439	Anna Scott	nm0000210	protagonist	major
tt0125439	Jeff King (uncredited)	nm0000285	antagonist	minor
tt0128853	Kathleen Kelly	nm0000212	protagonist	major
tt0128853	Joe Fox	nm0000158	protagonist	major
tt0129290	Patch Adams	nm0000245	protagonist	major
tt0129290	Dean Walcott	nm0348409	antagonist	major
tt0129290	Larry	nm0731044	antagonist	minor
tt0129387	Ted	nm0001774	protagonist	major
tt0129387	Mary	nm0000139	protagonist	major
tt0129387	Healy	nm0000369	antagonist	major
tt0129387	Tucker	nm0262968	antagonist	major
tt0129387	Dom	nm0254402	antagonist	major
tt0130018	Julie James	nm0001349	protagonist	major
tt0130018	Ray Bronson	nm0005327	protagonist	major
tt0130018	Karla Wilson (as Brandy)	nm0005275	protagonist	minor
tt0130018	Ben	nm0002901	antagonist	major
tt0130018	Will Benson	nm0786136	antagonist	major
tt0131325	Bowfinger	nm0000188	protagonist	major
tt0131325	Terry Stricter	nm0000654	antagonist	major
tt0131325	Kit Ramsey	nm0000552	antagonist	minor
tt0133093	Neo	nm0000206	protagonist	major
tt0133093	Morpheus	nm0000401	protagonist	major
tt0133093	Trinity	nm0005251	protagonist	major
tt0133093	Agent Smith	nm0915989	antagonist	major
tt0133093	Cypher	nm0001592	antagonist	minor
tt0133152	Captain Leo Davidson	nm0000242	protagonist	major
tt0133152	Ari	nm0000307	protagonist	minor
tt0133152	Thade	nm0000619	antagonist	major
tt0133152	Attar	nm0003817	antagonist	minor
tt0133952	Anthony Hubbard	nm0000243	protagonist	major
tt0133952	Frank Haddad	nm0001724	protagonist	major
tt0133952	Elise Kraft	nm0000906	protagonist	major
tt0133952	Sharon Bridger	nm0000906	protagonist	major
tt0133952	General William Devereaux	nm0000246	antagonist	major
tt0133952	Samir Nazhde	nm0098793	antagonist	major
tt0134084	Sidney Prescott	nm0000117	protagonist	major
tt0134084	Gale Weathers (as Courteney Cox Arquette)	nm0001073	protagonist	major
tt0134084	Dewey Riley	nm0000274	protagonist	major
tt0134084	Roman Bridger	nm0004930	antagonist	major
tt0134119	Tom Ripley	nm0000354	protagonist	major
tt0134119	Dickie Greenleaf	nm0000179	antagonist	major
tt0134119	Marge Sherwood	nm0000569	antagonist	major
tt0134119	Freddie Miles	nm0000450	antagonist	minor
tt0134273	Tom Welles	nm0000115	protagonist	major
tt0134273	Max California	nm0001618	protagonist	minor
tt0134273	Longdale	nm0372217	antagonist	major
tt0134273	Dino Velvet	nm0001780	antagonist	major
tt0134273	Machine	nm0061777	antagonist	major
tt0134273	Eddie Poole	nm0001254	antagonist	minor
tt0137494	Gin	nm0001876	protagonist	major
tt0137494	Mac	nm0000125	protagonist	major
tt0137494	Cruz	nm0001599	antagonist	major
tt0137494	Thibadeaux	nm0000609	antagonist	minor
tt0138097	Will Shakespeare	nm0001212	protagonist	major
tt0138097	Viola De Lesseps	nm0000569	protagonist	major
tt0138097	Lord Wessex	nm0000147	antagonist	major
tt0138097	Tilney, Master of the Revels	nm0001003	antagonist	minor
tt0138097	John Webster	nm0731248	antagonist	minor
tt0139134	Sebastian Valmont	nm0000202	protagonist	major
tt0139134	Annette Hargrove	nm0000702	protagonist	major
tt0139134	Kathryn Merteuil	nm0001264	antagonist	major
tt0139134	Ronald Clifford	nm0859503	antagonist	minor
tt0139462	Theresa (as Robin Wright Penn)	nm0000705	protagonist	major
tt0139462	Garret	nm0000126	protagonist	major
tt0139654	Jake	nm0000160	protagonist	major
tt0139654	Alonzo	nm0000243	antagonist	major
tt0139654	Smiley	nm0193295	antagonist	minor
tt0139699	Mox	nm0004735	protagonist	major
tt0139699	Coach Kilmer	nm0000685	antagonist	major
tt0139699	Sam Moxon (as Thomas Duffy)	nm0240622	antagonist	minor
tt0141098	Ben	nm0000255	protagonist	major
tt0141098	Sarah	nm0000113	protagonist	major
tt0141369	John Brown	nm0000111	protagonist	major
tt0141369	Inspector Gadget	nm0000111	protagonist	major
tt0141369	Brenda	nm0004921	protagonist	major
tt0141369	Penny	nm0005502	protagonist	minor
tt0141369	Gadgetmobile (voice)	nm0401018	protagonist	minor
tt0141369	Brain (voice)	nm0010915	protagonist	minor
tt0141369	Sanford Scolex	nm0000391	antagonist	major
tt0141369	Robo Gadget	nm0000111	antagonist	major
tt0141369	Sikes (as Michael G. Hagerty)	nm0002235	antagonist	minor
tt0141926	Tyler	nm0000190	protagonist	major
tt0141926	Wassner	nm0470981	antagonist	major
tt0142342	Sonny Koufax	nm0001191	protagonist	major
tt0142342	Arthur Brooks	nm0609215	antagonist	major
tt0143145	James Bond	nm0000112	protagonist	major
tt0143145	Dr. Christmas Jones	nm0000612	protagonist	major
tt0143145	Valentin Zukovsky	nm0001059	protagonist	minor
tt0143145	Elektra King	nm0000521	antagonist	major
tt0143145	Renard	nm0001015	antagonist	major
tt0143145	Davidov	nm0860947	antagonist	minor
tt0143145	Bull	nm0325635	antagonist	minor
tt0144214	Paul Brenner	nm0000237	protagonist	major
tt0144214	Sara Sunhill	nm0000656	protagonist	major
tt0144214	Colonel Kent	nm0000459	antagonist	major
tt0144214	General Campbell	nm0000342	antagonist	major
tt0144214	Colonel Fowler	nm0929934	antagonist	minor
tt0144214	Captain Elby	nm0005089	antagonist	minor
tt0144528	Sherman Klump	nm0000552	protagonist	major
tt0144528	Denise	nm0001390	protagonist	minor
tt0144528	Buddy Love	nm0000552	antagonist	major
tt0145487	Peter Parker	nm0001497	protagonist	major
tt0145487	Spider-Man	nm0001497	protagonist	major
tt0145487	Norman Osborn	nm0000353	antagonist	major
tt0145487	Green Goblin	nm0000353	antagonist	major
tt0145487	Carjacker	nm0660244	antagonist	minor
tt0145531	Frankie Paige	nm0000099	protagonist	major
tt0145531	Father Andrew Kiernan	nm0000321	protagonist	major
tt0145531	Cardinal Daniel Houseman	nm0000596	antagonist	major
tt0145531	Father Dario	nm0170186	antagonist	minor
tt0145660	Austin Powers	nm0000196	protagonist	major
tt0145660	Felicity Shagwell	nm0001287	protagonist	major
tt0145660	Dr. Evil	nm0000196	antagonist	major
tt0145660	Fat Bastard	nm0000196	antagonist	minor
tt0145660	Mini-Me (as Verne J. Troyer)	nm0873942	antagonist	minor
tt0145660	Mustafa	nm0002071	antagonist	minor
tt0145681	Lincoln Rhyme	nm0000243	protagonist	major
tt0145681	Amelia Donaghy	nm0001401	protagonist	major
tt0145681	Richard Thompson	nm0650702	antagonist	major
tt0145681	Captain Howard Cheney	nm0740264	antagonist	minor
tt0146316	Lara Croft	nm0001401	protagonist	major
tt0146316	Manfred Powell	nm0322513	antagonist	major
tt0146336	Natalie Simon	nm0001860	protagonist	major
tt0146336	Paul Gardener	nm0001467	protagonist	major
tt0146336	Brenda Bates	nm0001261	antagonist	major
tt0146675	Jericho	nm0000216	protagonist	major
tt0146675	Christine	nm0000677	protagonist	major
tt0146675	Chicago	nm0001629	protagonist	minor
tt0146675	Thomas Aquinas	nm0640299	protagonist	minor
tt0146675	Father Kovak	nm0001768	protagonist	minor
tt0146675	Mabel	nm0546816	antagonist	minor
tt0146675	Cardinal	nm0641149	antagonist	minor
tt0147800	Kat Stratford	nm0005466	protagonist	major
tt0147800	Patrick Verona	nm0005132	protagonist	major
tt0147800	Cameron James (as Joseph-Gordon Levitt)	nm0330687	protagonist	major
tt0147800	Bianca Stratford	nm0646351	protagonist	major
tt0147800	Joey Donner	nm0005080	antagonist	major
tt0149261	Carter Blake	nm0005048	protagonist	major
tt0149261	Dr. Susan McAlester	nm0004787	protagonist	major
tt0149261	Preacher	nm0005112	protagonist	major
tt0149261	Tom Scoggins	nm0001650	protagonist	minor
tt0149261	Janice Higgins	nm0571537	protagonist	minor
tt0149261	Russell Franklin	nm0000168	protagonist	minor
tt0150377	Libby	nm0000171	protagonist	major
tt0150377	Travis	nm0000169	protagonist	major
tt0150377	Nick	nm0339304	antagonist	major
tt0150377	Angie	nm0001272	antagonist	minor
tt0151738	Josie Geller	nm0000106	protagonist	major
tt0151738	Kirsten	nm0004695	antagonist	major
tt0151738	Kristin	nm0005420	antagonist	major
tt0151738	Gibby	nm0480465	antagonist	major
tt0151738	Billy Prince	nm0456799	antagonist	minor
tt0151738	Guy Perkins	nm0430005	antagonist	minor
tt0155267	Thomas Crown	nm0000112	protagonist	major
tt0155267	Catherine Banning	nm0000623	protagonist	major
tt0155267	Michael McCann	nm0001459	antagonist	major
tt0159273	Burnett	nm0005562	protagonist	major
tt0159273	Reigart	nm0000432	protagonist	minor
tt0159273	Lokar	nm0472762	antagonist	major
tt0159273	Bazda	nm0407258	antagonist	minor
tt0159273	Piquet (as Joaquim De Almeida)	nm0021835	antagonist	minor
tt0159365	Inman	nm0000179	protagonist	major
tt0159365	Ada Monroe	nm0000173	protagonist	major
tt0159365	Ruby Thewes	nm0000250	protagonist	minor
tt0159365	Teague	nm0935653	antagonist	major
tt0159365	Bosie	nm0402271	antagonist	minor
tt0159365	Junior	nm0000610	antagonist	minor
tt0160127	Natalie	nm0000139	protagonist	major
tt0160127	Dylan	nm0000106	protagonist	major
tt0160127	Alex	nm0005154	protagonist	major
tt0160127	Bosley	nm0000195	protagonist	minor
tt0160127	Charlie (voice)	nm0001234	protagonist	minor
tt0160127	Eric Knox	nm0005377	antagonist	major
tt0160127	Vivian Wood	nm0001488	antagonist	minor
tt0160127	Thin Man	nm0000417	antagonist	minor
tt0160797	Colonel Hayes Hodges	nm0000169	protagonist	major
tt0160797	Colonel Terry Childers	nm0000168	protagonist	major
tt0160797	Bill Sokal	nm0339304	antagonist	major
tt0160797	Major Biggs	nm0001602	antagonist	minor
tt0160797	Mourain	nm0001426	antagonist	minor
tt0160862	Zack Siler	nm0005327	protagonist	major
tt0160862	Laney Boggs	nm0000337	protagonist	major
tt0160862	Dean Sampson	nm0908094	antagonist	major
tt0160862	Taylor Vaughan	nm0005281	antagonist	major
tt0161081	Claire Spencer	nm0000201	protagonist	major
tt0161081	Norman Spencer	nm0000148	antagonist	major
tt0161081	Madison Elizabeth Frank	nm0005520	antagonist	minor
tt0162222	Chuck Noland	nm0000158	protagonist	major
tt0162650	John Shaft	nm0000168	protagonist	major
tt0162650	Walter Wade, Jr.	nm0000288	antagonist	major
tt0162650	Peoples Hernandez	nm0942482	antagonist	major
tt0162650	Jack Roselli	nm0000445	antagonist	minor
tt0162650	Jimmy Groves	nm0763650	antagonist	minor
tt0162661	Ichabod Crane	nm0000136	protagonist	major
tt0162661	Katrina Van Tassel	nm0000207	protagonist	minor
tt0162661	Young Masbath	nm0681844	protagonist	minor
tt0162661	Lady Van Tassel	nm0001669	antagonist	major
tt0162661	Hessian Horseman	nm0000686	antagonist	major
tt0163025	Dr. Alan Grant	nm0000554	protagonist	major
tt0163025	Paul Kirby	nm0000513	protagonist	major
tt0163025	Amanda Kirby	nm0000495	protagonist	major
tt0163025	Billy Brennan	nm0005273	protagonist	major
tt0163025	Eric Kirby	nm0605080	protagonist	minor
tt0163187	Maggie Carpenter	nm0000210	protagonist	major
tt0163187	Ike Graham	nm0000152	protagonist	major
tt0163651	Jim	nm0004755	protagonist	major
tt0163651	Oz	nm0005098	protagonist	major
tt0163651	Finch	nm0858776	protagonist	major
tt0163651	Kevin	nm0005272	protagonist	major
tt0163651	Stifler (as Seann W. Scott)	nm0005405	antagonist	major
tt0164052	Linda McKay	nm0000223	protagonist	major
tt0164052	Matthew Kensington	nm0000982	protagonist	major
tt0164052	Sebastian Caine	nm0000102	antagonist	major
tt0164184	Jack Ryan	nm0000255	protagonist	major
tt0164184	DCI William Cabot	nm0000151	protagonist	minor
tt0164184	John Clark	nm0000630	protagonist	minor
tt0164184	Richard Dressler	nm0000869	antagonist	major
tt0164184	Olson	nm0272173	antagonist	minor
tt0164334	Alex Cross	nm0000151	protagonist	major
tt0164334	Jezzie Flannigan	nm0005321	antagonist	major
tt0164334	Gary Soneji	nm0000699	antagonist	major
tt0164334	Ben Devine	nm0121605	antagonist	minor
tt0164912	Stuart Little (voice)	nm0000150	protagonist	major
tt0164912	George Little	nm0005151	protagonist	minor
tt0164912	Snowbell (voice)	nm0001447	antagonist	major
tt0164912	Smokey (voice)	nm0001590	antagonist	major
tt0164912	Monty (voice)	nm0001872	antagonist	minor
tt0164912	Mr. Stout (voice)	nm0456124	antagonist	minor
tt0164912	Mrs. Stout (voice)	nm0000236	antagonist	minor
tt0165929	Han Sing	nm0001472	protagonist	major
tt0165929	Trish O'Day	nm0004691	protagonist	major
tt0165929	Ch'u Sing	nm0642912	antagonist	major
tt0165929	Mac	nm0913460	antagonist	major
tt0165929	Kai	nm0005568	antagonist	minor
tt0167190	Hellboy	nm0000579	protagonist	major
tt0167190	John Myers	nm1140344	protagonist	minor
tt0167190	Liz Sherman	nm0004757	protagonist	minor
tt0167190	Abe Sapien	nm0427964	protagonist	minor
tt0167190	"Trevor ""Broom"" Bruttenholm"	nm0000457	protagonist	minor
tt0167190	Grigori Rasputin	nm0734558	antagonist	major
tt0167190	Karl Ruprecht Kroenen	nm0073231	antagonist	minor
tt0167190	Ilsa Haupstein (as Bridget Hodson)	nm0388336	antagonist	minor
tt0167190	Sammael	nm0824498	antagonist	minor
tt0167260	Frodo	nm0000704	protagonist	major
tt0167260	Sam	nm0000276	protagonist	major
tt0167260	Aragorn	nm0001557	protagonist	major
tt0167260	Gandalf	nm0005212	protagonist	major
tt0167260	Pippin	nm0101710	protagonist	minor
tt0167260	Merry	nm0597480	protagonist	minor
tt0167260	Legolas	nm0089217	protagonist	minor
tt0167260	Gimli	nm0722636	protagonist	minor
tt0167260	Theoden	nm0384060	protagonist	minor
tt0167260	Eowyn	nm0001584	protagonist	minor
tt0167260	Gollum	nm0785227	antagonist	major
tt0167260	Witchking	nm0538692	antagonist	major
tt0167260	Denethor	nm0633604	antagonist	minor
tt0167261	Frodo	nm0000704	protagonist	major
tt0167261	Sam	nm0000276	protagonist	major
tt0167261	Aragorn	nm0001557	protagonist	major
tt0167261	Gandalf	nm0005212	protagonist	major
tt0167261	Legolas	nm0089217	protagonist	minor
tt0167261	Gimli	nm0722636	protagonist	minor
tt0167261	Merry	nm0597480	protagonist	minor
tt0167261	Pippin	nm0101710	protagonist	minor
tt0167261	Saruman	nm0000489	antagonist	major
tt0167261	Wormtongue	nm0000374	antagonist	minor
tt0167261	Gollum	nm0785227	antagonist	minor
tt0167404	Malcolm Crowe	nm0000246	protagonist	major
tt0167404	Cole Sear	nm0005286	protagonist	major
tt0167404	Vincent Gray	nm0005531	antagonist	minor
tt0167404	Mrs. Collins (as Angelica Torn)	nm0868125	antagonist	minor
tt0169547	Lester Burnham	nm0000228	protagonist	major
tt0169547	Jane Burnham	nm0000301	protagonist	minor
tt0169547	Ricky Fitts	nm0004747	protagonist	minor
tt0169547	Colonel Fitts	nm0177933	antagonist	major
tt0169547	Carolyn Burnham	nm0000906	antagonist	major
tt0170016	Grinch	nm0000120	protagonist	major
tt0170016	Cindy Lou Who	nm0597410	protagonist	major
tt0170016	Mayor Augustus Maywho	nm0001787	antagonist	major
tt0170016	Whobris	nm0397212	antagonist	minor
tt0171363	Nell	nm0000666	protagonist	major
tt0171363	Dr. David Marrow	nm0000553	protagonist	minor
tt0171363	Theo	nm0001876	protagonist	minor
tt0171363	Luke Sanderson	nm0005562	protagonist	minor
tt0171363	Hugh Crain	nm0348304	antagonist	major
tt0172156	Detective Mike Lowrey	nm0000226	protagonist	major
tt0172156	Detective Marcus Burnett	nm0001454	protagonist	major
tt0172156	Syd	nm0005517	protagonist	minor
tt0172156	Hector Juan Carlos 'Johnny' Tapia	nm0003244	antagonist	major
tt0172156	Alexei	nm0001780	antagonist	minor
tt0172156	Klan Leader	nm0954642	antagonist	minor
tt0172495	Maximus	nm0000128	protagonist	major
tt0172495	Commodus	nm0001618	antagonist	major
tt0172495	Quintus	nm0032962	antagonist	minor
tt0172495	Tigris	nm0861752	antagonist	minor
tt0174856	Rubin Carter	nm0000243	protagonist	major
tt0174856	Lesra (as Vicellous Reon Shannon)	nm0788370	protagonist	major
tt0174856	John Artis	nm0926405	protagonist	minor
tt0174856	Alfred Bello	nm0665114	antagonist	major
tt0174856	Arthur Bradley (uncredited)	nm0017774	antagonist	minor
tt0175142	Cindy	nm0267506	protagonist	major
tt0175142	The Killer	nm0792156	antagonist	major
tt0175142	Doofy	nm0792156	antagonist	major
tt0175142	Bobby	nm0009016	antagonist	minor
tt0175142	Ray	nm0915465	antagonist	minor
tt0177789	Jason Nesmith	nm0000741	protagonist	major
tt0177789	Gwen DeMarco	nm0000244	protagonist	major
tt0177789	Alexander Dane	nm0000614	protagonist	major
tt0177789	Fred Kwan	nm0001724	protagonist	major
tt0177789	Tommy Webber	nm0593258	protagonist	major
tt0177789	Guy Fleegman	nm0005377	protagonist	minor
tt0177789	Brandon	nm0519043	protagonist	minor
tt0177789	Sarris	nm0755179	antagonist	major
tt0177971	Billy Tyne	nm0000123	protagonist	major
tt0177971	Bobby Shatford	nm0000242	protagonist	major
tt0177971	Bob Brown	nm0000461	antagonist	minor
tt0181316	Miles Logan	nm0001454	protagonist	major
tt0181316	Carlson	nm0005561	protagonist	minor
tt0181316	Deacon	nm0338886	antagonist	major
tt0181689	Chief John Anderton	nm0000129	protagonist	major
tt0181689	Director Lamar Burgess	nm0001884	antagonist	major
tt0181689	Danny Witwer	nm0268199	antagonist	minor
tt0181689	Fletcher	nm0568180	antagonist	minor
tt0181852	John Connor	nm0001763	protagonist	major
tt0181852	Kate Brewster	nm0000132	protagonist	major
tt0181852	Terminator	nm0000216	protagonist	major
tt0181852	T-X	nm0518085	antagonist	major
tt0181865	Javier Rodriguez	nm0001125	protagonist	major
tt0181865	Robert Wakefield	nm0000140	protagonist	major
tt0181865	Montel Gordon	nm0000332	protagonist	major
tt0181865	Helena Ayala	nm0001876	protagonist	major
tt0181865	Manolo Sanchez	nm0889846	protagonist	minor
tt0181865	Ray Castro (as Luis Guzman)	nm0350079	protagonist	minor
tt0181865	General Arturo Salazar	nm0587401	antagonist	major
tt0181865	Carlos Ayala	nm0000874	antagonist	major
tt0181865	Arnie Metzger	nm0000598	antagonist	minor
tt0181865	Francisco Flores	nm0004286	antagonist	minor
tt0183505	Charlie	nm0000120	protagonist	major
tt0183505	Hank	nm0000120	protagonist	major
tt0183505	Irene	nm0000250	protagonist	major
tt0183505	Dickie Thurman	nm0338715	antagonist	major
tt0183505	Lieutenant Gerke	nm0177933	antagonist	minor
tt0183505	Agent Boshane	nm0420955	antagonist	minor
tt0183523	Jim McConnell	nm0000641	protagonist	major
tt0183523	Luke Graham	nm0000332	protagonist	major
tt0183523	Woody Blake	nm0000209	protagonist	minor
tt0183523	Terri Fisher	nm0001567	protagonist	minor
tt0183523	Phil Ohlmyer	nm0005278	protagonist	minor
tt0183790	William Thatcher	nm0005132	protagonist	major
tt0183790	Count Adhemar	nm0001722	antagonist	major
tt0183790	Simon the Summoner (as Steve O'Donnell)	nm0640838	antagonist	minor
tt0183790	Peter the Pardoner	nm0805872	antagonist	minor
tt0184894	Chon Wang	nm0000329	protagonist	major
tt0184894	Roy O'Bannon	nm0005562	protagonist	major
tt0184894	Princess Pei Pei	nm0005154	protagonist	minor
tt0184894	Lo Fong	nm0950619	antagonist	major
tt0184894	Van Cleef	nm0075359	antagonist	major
tt0184894	Wallace	nm0324658	antagonist	minor
tt0184907	Hal Brandston	nm0916406	protagonist	major
tt0184907	Natalie Brandston	nm0340720	protagonist	major
tt0184907	Tom Brandston	nm0000331	protagonist	minor
tt0184907	Snowplowman	nm0254402	antagonist	major
tt0184907	Chad Symmonz	nm0773884	antagonist	minor
tt0184907	Chuck Wheeler	nm0655959	antagonist	minor
tt0185371	Sara	nm0005123	protagonist	major
tt0185371	Eddie	nm0004875	protagonist	major
tt0185371	Stephen Price	nm0001691	protagonist	major
tt0185371	Pritchett	nm0441592	protagonist	minor
tt0185371	Evelyn	nm0000463	antagonist	major
tt0185371	Dr. Vannacutt	nm0001062	antagonist	major
tt0185371	Blackburn	nm0001251	antagonist	minor
tt0185937	Heather Donahue	nm0231946	protagonist	major
tt0185937	Joshua 'Josh' Leonard	nm0502671	protagonist	major
tt0185937	Michael 'Mike' Williams (as Michael Williams)	nm0931321	protagonist	major
tt0186151	John Sullivan	nm0001029	protagonist	major
tt0186151	Frank Sullivan	nm0000598	protagonist	major
tt0186151	Jack Shepard	nm0236495	antagonist	major
tt0186566	Frank Corvin	nm0000142	protagonist	major
tt0186566	Hawk Hawkins	nm0000169	protagonist	major
tt0186566	Jerry O'Neill	nm0000661	protagonist	major
tt0186566	Tank Sullivan	nm0001258	protagonist	major
tt0186566	Bob Gerson	nm0000342	antagonist	major
tt0186566	Ethan Glance	nm0000363	antagonist	minor
tt0187078	Memphis Raines	nm0000115	protagonist	major
tt0187078	Kip Raines	nm0000610	protagonist	minor
tt0187078	Raymond Calitri	nm0001172	antagonist	major
tt0187078	Det. Roland Castlebeck	nm0005148	antagonist	major
tt0187078	Detective Drycoff	nm0648249	antagonist	minor
tt0187393	Benjamin Martin	nm0000154	protagonist	major
tt0187393	Gabriel Martin	nm0005132	protagonist	major
tt0187393	Col. William Tavington	nm0005042	antagonist	major
tt0187393	Gen. Lord Charles Cornwallis	nm0929489	antagonist	major
tt0187393	Capt. Wilkins	nm0000284	antagonist	minor
tt0187738	Blade	nm0000648	protagonist	major
tt0187738	Whistler	nm0001434	protagonist	minor
tt0187738	Nyssa	nm0007237	protagonist	minor
tt0187738	Damaskinos	nm0470981	antagonist	major
tt0187738	Nomak	nm0331577	antagonist	major
tt0187738	Reinhardt	nm0000579	antagonist	minor
tt0187738	Scud	nm0005342	antagonist	minor
tt0190138	Oz Oseransky	nm0001612	protagonist	major
tt0190138	Jimmy Tudeski	nm0000246	protagonist	major
tt0190138	Janni Gogolak	nm0001629	antagonist	major
tt0190138	Sophie	nm0000275	antagonist	major
tt0190138	Frankie Figs	nm0003817	antagonist	minor
tt0190332	Master Li Mu Bai (as Chow Yun Fat)	nm0000334	protagonist	major
tt0190332	Yu Shu Lien	nm0000706	protagonist	major
tt0190332	Jen (as Zhang Ziyi)	nm0955471	protagonist	major
tt0190332	Lo	nm0151654	protagonist	minor
tt0190332	Jade Fox (as Cheng Pei-Pei)	nm0155607	antagonist	major
tt0190865	Peter Garrett	nm0000563	protagonist	major
tt0190865	Annie Garrett	nm0000677	protagonist	major
tt0190865	Elliot Vaughn	nm0000200	antagonist	major
tt0191397	Shane Falco	nm0000206	protagonist	major
tt0191397	Jimmy McGinty	nm0000432	protagonist	major
tt0191397	Annabelle Farrell	nm0486728	protagonist	minor
tt0191397	Nigel Gruff	nm0406975	protagonist	minor
tt0191397	Brian Murphy	nm0219292	protagonist	minor
tt0191397	Eddie Martel	nm0191442	antagonist	major
tt0191397	Edward O'Neil	nm0912001	antagonist	minor
tt0195685	Erin Brockovich	nm0000210	protagonist	major
tt0195685	Ed Masry	nm0001215	protagonist	major
tt0195685	PG&E Lawyer	nm0811031	antagonist	minor
tt0195685	PG&E Lawyer	nm0787834	antagonist	minor
tt0195714	Alex Browning	nm0001701	protagonist	major
tt0195714	Clear Rivers	nm0005123	protagonist	major
tt0195714	Agent Weine	nm0736263	antagonist	minor
tt0195714	Agent Schreck	nm0809793	antagonist	minor
tt0195945	Craig Jones	nm0001084	protagonist	major
tt0195945	Day-Day	nm0258402	protagonist	major
tt0195945	Roach	nm0682399	protagonist	minor
tt0195945	Deebo (as Tommy 'Tiny' Lister Jr.)	nm0001474	antagonist	major
tt0195945	Joker	nm0889846	antagonist	major
tt0195945	Tyrone (as Kirk Jones)	nm0277727	antagonist	minor
tt0195945	Baby Joker	nm0596789	antagonist	minor
tt0195945	Lil Joker	nm0780957	antagonist	minor
tt0200550	Violet Sanford	nm0005305	protagonist	major
tt0200550	Kevin O'Donnell	nm0305081	protagonist	minor
tt0203009	Christian	nm0000191	protagonist	major
tt0203009	Satine	nm0000173	protagonist	major
tt0203009	The Duke	nm0746896	antagonist	major
tt0203019	Chief Carl Brashear	nm0000421	protagonist	major
tt0203019	Master Chief Billy Sunday	nm0000134	protagonist	major
tt0203019	'Mr. Pappy'	nm0001358	antagonist	major
tt0203019	MM1 Dylan Rourke	nm0564697	antagonist	minor
tt0203019	Capt. Hanks	nm0175633	antagonist	minor
tt0204946	Torrance Shipman	nm0000379	protagonist	major
tt0204946	Isis	nm0005517	antagonist	major
tt0204946	Big Red	nm0005441	antagonist	minor
tt0204946	Aaron	nm0385076	antagonist	minor
tt0204946	Sparky Polastri	nm0731168	antagonist	minor
tt0205000	Deuce Bigalow	nm0001705	protagonist	major
tt0205000	Antoine Laconte	nm0004912	antagonist	major
tt0205000	Detective Chuck Fowler	nm0001235	antagonist	major
tt0206275	Sara	nm0005466	protagonist	major
tt0206275	Derek	nm0859503	protagonist	major
tt0206275	Nikki	nm0493161	antagonist	minor
tt0206275	Malakai	nm0823507	antagonist	minor
tt0207201	Nick Marshall	nm0000154	protagonist	major
tt0207201	Darcy Maguire	nm0000166	antagonist	major
tt0207201	Cameron	nm0050156	antagonist	minor
tt0208003	Malcolm Turner	nm0001454	protagonist	major
tt0208003	John	nm0316079	protagonist	minor
tt0208003	Lester Vesco (as Terrence Dashon Howard)	nm0005024	antagonist	major
tt0209163	Rick O'Connell	nm0000409	protagonist	major
tt0209163	Evelyn Carnahan	nm0001838	protagonist	major
tt0209163	Alex	nm0090222	protagonist	minor
tt0209163	Jonathan	nm0001314	protagonist	minor
tt0209163	Ardeth Bay	nm0004912	protagonist	minor
tt0209163	Izzy	nm0662744	protagonist	minor
tt0209163	Imhotep	nm0903677	antagonist	major
tt0209163	The Scorpion King (as The Rock)	nm0425005	antagonist	major
tt0209163	Mr. Hafez	nm0035605	antagonist	minor
tt0209163	Meela	nm0892383	antagonist	minor
tt0209163	Anck-Su-Namun	nm0892383	antagonist	minor
tt0209163	Lock-Nah	nm0015382	antagonist	minor
tt0209475	Mary Fiore	nm0000182	protagonist	major
tt0209475	Steve Edison	nm0000190	protagonist	major
tt0209958	Catherine Deane	nm0000182	protagonist	major
tt0209958	Peter Novak	nm0000681	protagonist	major
tt0209958	Carl Stargher	nm0000352	antagonist	major
tt0210945	Coach Herman Boone	nm0000243	protagonist	major
tt0210945	Coach Bill Yoast	nm0001599	protagonist	major
tt0210945	Gerry Bertier	nm0403652	protagonist	minor
tt0210945	Julius Campbell	nm0365445	protagonist	minor
tt0210945	Executive Director	nm0272459	antagonist	minor
tt0210945	Crooked Official	nm0363477	antagonist	minor
tt0211181	Chloe Simon	nm0262521	protagonist	major
tt0211181	Kevin Sheperd	nm0344435	protagonist	major
tt0211181	Waddlesworth (voice)	nm0001385	protagonist	minor
tt0211181	Cruella de Vil	nm0000335	antagonist	major
tt0211181	Jean-Pierre Le Pelt (as Gerard Depardieu)	nm0000367	antagonist	major
tt0212338	Greg Focker	nm0001774	protagonist	major
tt0212338	Jack Byrnes	nm0000134	antagonist	major
tt0212346	Gracie Hart	nm0000113	protagonist	major
tt0212346	Eric Matthews	nm0000973	protagonist	minor
tt0212346	Kathy Morningside	nm0000298	antagonist	major
tt0212346	Frank Tobin	nm0598569	antagonist	minor
tt0212720	David	nm0005286	protagonist	major
tt0212720	Gigolo Joe	nm0000179	protagonist	minor
tt0212720	Teddy (voice)	nm0029460	protagonist	minor
tt0212720	Martin Swinton	nm0858969	antagonist	minor
tt0212985	Clarice Starling	nm0000194	protagonist	major
tt0212985	Hannibal Lecter	nm0000164	protagonist	major
tt0212985	Mason Verger	nm0000198	antagonist	major
tt0212985	Paul Krendler	nm0000501	antagonist	minor
tt0212985	Pazzi	nm0316284	antagonist	minor
tt0213149	Rafe McCawley	nm0000255	protagonist	major
tt0213149	Danny Walker	nm0001326	protagonist	major
tt0213149	Evelyn Johnson	nm0000295	protagonist	major
tt0215129	Josh	nm0005227	protagonist	major
tt0215129	E. L.	nm0005405	protagonist	minor
tt0215129	Rubin	nm0182455	protagonist	minor
tt0215129	Kyle	nm0702809	protagonist	minor
tt0215129	Earl Edwards	nm0911542	antagonist	minor
tt0215129	Jacob	nm0710829	antagonist	minor
tt0215750	Vassili	nm0000179	protagonist	major
tt0215750	Commisar Danilov	nm0001212	protagonist	major
tt0215750	Tania Chernova	nm0001838	protagonist	minor
tt0215750	Sacha Filipov (as Gabriel Marshall-Thomson)	nm0861003	protagonist	minor
tt0215750	Major König	nm0000438	antagonist	major
tt0217869	David Dunn	nm0000246	protagonist	major
tt0217869	Elijah Price	nm0000168	antagonist	major
tt0219854	Russ Duritz	nm0000246	protagonist	major
tt0219854	Rusty Duritz	nm0107748	protagonist	major
tt0221027	George Jung	nm0000136	protagonist	major
tt0221027	Mirtha Jung (as Penelope Cruz)	nm0004851	antagonist	major
tt0221027	Diego Delgado (as Jordi Molla)	nm0003244	antagonist	minor
tt0221027	Ermine Jung	nm0341737	antagonist	minor
tt0221027	Derek Foreal	nm0000607	antagonist	minor
tt0221027	Kevin Dulli	nm0001611	antagonist	minor
tt0227445	Nick	nm0000134	protagonist	major
tt0227445	Jack	nm0001570	antagonist	major
tt0227538	Carmen Cortez (as Alexa Vega)	nm0891786	protagonist	major
tt0227538	Juni Cortez	nm0754512	protagonist	major
tt0227538	Gregorio Cortez	nm0000104	protagonist	minor
tt0227538	Ingrid Cortez	nm0001303	protagonist	minor
tt0227538	Fegan Floop	nm0001086	antagonist	major
tt0227538	Alexander Minion	nm0001724	antagonist	major
tt0227538	Mr. Lisp	nm0001598	antagonist	minor
tt0227538	Ms. Gradenko	nm0000159	antagonist	minor
tt0230600	Grace	nm0000173	protagonist	major
tt0230600	Anne	nm0542635	protagonist	minor
tt0230600	Nicholas	nm0972848	protagonist	minor
tt0230600	Mrs. Mills	nm0001217	antagonist	minor
tt0230600	Victor	nm1019987	antagonist	minor
tt0230600	Old Lady	nm0038914	antagonist	minor
tt0231775	Lance Barton	nm0001674	protagonist	major
tt0231775	Sklar	nm0314524	antagonist	major
tt0231775	Mrs. Wellington	nm0177639	antagonist	minor
tt0232500	Brian O'Conner	nm0908094	protagonist	major
tt0232500	Dominic Toretto	nm0004874	protagonist	major
tt0232500	Johnny Tran	nm0950935	antagonist	major
tt0232500	Lance Nguyen	nm0498046	antagonist	minor
tt0234215	Neo	nm0000206	protagonist	major
tt0234215	Trinity	nm0005251	protagonist	major
tt0234215	Morpheus	nm0000401	protagonist	major
tt0234215	The Keymaker	nm0453641	protagonist	minor
tt0234215	Agent Smith	nm0915989	antagonist	major
tt0234215	Bane	nm0088513	antagonist	minor
tt0234215	Merovingian	nm0933727	antagonist	minor
tt0234215	The Architect	nm0048127	antagonist	minor
tt0234215	Agent Thompson	nm0566157	antagonist	minor
tt0234215	Agent Johnson	nm0076780	antagonist	minor
tt0234215	Twin #1	nm1207495	antagonist	minor
tt0234215	Twin #2	nm1207494	antagonist	minor
tt0236493	Jerry Welbach	nm0000093	protagonist	major
tt0236493	Samantha Barzel	nm0000210	protagonist	major
tt0236493	Bernie Nayman	nm0000837	antagonist	major
tt0236493	Leroy	nm0001254	antagonist	major
tt0236493	Well Dressed Black Man	nm0041978	antagonist	minor
tt0236493	Ted Slocum	nm0799777	antagonist	minor
tt0239395	Lou (voice)	nm0001497	protagonist	major
tt0239395	Butch (voice)	nm0000285	protagonist	major
tt0239395	Mr. Tinkles (voice)	nm0005003	antagonist	major
tt0239395	Calico (voice)	nm0001484	antagonist	minor
tt0240462	Dr. John Dolittle	nm0000552	protagonist	major
tt0240462	Archie (voice)	nm0001872	protagonist	major
tt0240462	Charisse Dolittle	nm0712368	protagonist	minor
tt0240462	Joe Potter	nm0000470	antagonist	major
tt0240462	Riley	nm0001629	antagonist	major
tt0240462	Sonny (voice) (as Michael E. Epps)	nm0258402	antagonist	minor
tt0240772	Danny Ocean	nm0000123	protagonist	major
tt0240772	Rusty Ryan	nm0000093	protagonist	major
tt0240772	Reuben Tishkoff	nm0001285	protagonist	minor
tt0240772	Linus Caldwell	nm0000354	protagonist	minor
tt0240772	Frank Catton	nm0005170	protagonist	minor
tt0240772	Saul Bloom	nm0005348	protagonist	minor
tt0240772	Virgil Malloy	nm0000729	protagonist	minor
tt0240772	Turk Malloy	nm0004790	protagonist	minor
tt0240772	Basher Tarr (uncredited)	nm0000332	protagonist	minor
tt0240772	Livingston Dell	nm0420646	protagonist	minor
tt0240772	Yen	nm0702660	protagonist	minor
tt0240772	Terry Benedict	nm0000412	antagonist	major
tt0240890	Jonathan Trager	nm0000131	protagonist	major
tt0240890	Sara Thomas	nm0000295	protagonist	major
tt0241303	Vianne	nm0000300	protagonist	major
tt0241303	Comte de Reynaud	nm0000547	antagonist	major
tt0241303	Serge Muscat	nm0001780	antagonist	minor
tt0241527	Harry Potter	nm0705356	protagonist	major
tt0241527	Ron Weasley	nm0342488	protagonist	major
tt0241527	Hermione Granger	nm0914612	protagonist	major
tt0241527	Voldemort	nm0001324	antagonist	major
tt0241527	Professor Quirrell	nm0001324	antagonist	major
tt0242445	Orin Boyd	nm0000219	protagonist	major
tt0242445	Latrell Walker	nm0229422	protagonist	major
tt0242445	Frank Daniels	nm0569226	antagonist	major
tt0242445	Lewis Strutt	nm0925220	antagonist	major
tt0242445	Matt Montini	nm0883008	antagonist	minor
tt0242445	Useldinger	nm0007092	antagonist	minor
tt0242653	Neo	nm0000206	protagonist	major
tt0242653	Trinity	nm0005251	protagonist	major
tt0242653	Morpheus	nm0000401	protagonist	minor
tt0242653	Niobe	nm0000586	protagonist	minor
tt0242653	Agent Smith	nm0915989	antagonist	major
tt0242653	Bane	nm0088513	antagonist	minor
tt0242653	Merovingian	nm0933727	antagonist	minor
tt0242653	Trainman	nm0817748	antagonist	minor
tt0243155	Bridget Jones	nm0000250	protagonist	major
tt0243155	Daniel Cleaver	nm0000424	antagonist	major
tt0243155	Natasha	nm0001110	antagonist	minor
tt0244244	Stanley	nm0413168	protagonist	major
tt0244244	Gabriel	nm0000237	antagonist	major
tt0244244	Ginger	nm0000932	antagonist	minor
tt0245844	Edmond	nm0001029	protagonist	major
tt0245844	Fernand	nm0001602	antagonist	major
tt0245844	Villefort	nm0289656	antagonist	major
tt0245844	Danglars	nm0940327	antagonist	minor
tt0245844	Dorleac	nm0000699	antagonist	minor
tt0246460	James Bond	nm0000112	protagonist	major
tt0246460	Jinx Johnson	nm0000932	protagonist	major
tt0246460	Gustav Graves	nm0827170	antagonist	major
tt0246460	Colonel Moon	nm0498449	antagonist	major
tt0246460	Miranda Frost	nm0683253	antagonist	major
tt0246460	Zao	nm0950935	antagonist	major
tt0247638	Mia Thermopolis	nm0004266	protagonist	major
tt0247638	Lana Thomas	nm0601553	antagonist	minor
tt0247638	Student Josh Bryant (as Erik Von Detten)	nm0902184	antagonist	minor
tt0250494	Elle Woods	nm0000702	protagonist	major
tt0250494	Warner	nm0205127	antagonist	major
tt0250494	Professor Callahan	nm0001255	antagonist	major
tt0250494	Chutney	nm0004802	antagonist	minor
tt0250687	Nick Schaffer	nm0005227	protagonist	major
tt0250687	Owen Templeton	nm0000421	protagonist	major
tt0250687	Duane Cody	nm0001293	protagonist	major
tt0250687	Blaine Cody	nm0896735	protagonist	major
tt0250687	Merrill Jennings (as Lanai Chapman)	nm0152435	protagonist	major
tt0250687	Vera Baker	nm0000155	protagonist	major
tt0250687	Randy Pear	nm0001484	protagonist	major
tt0250687	Enrico Pollini	nm0000100	protagonist	major
tt0250687	Tracy Faucet	nm0005442	protagonist	minor
tt0250687	Donald P. Sinclair	nm0000092	antagonist	major
tt0250687	Harold Grisham	nm0858686	antagonist	minor
tt0250687	Zack Mallozzi	nm0001431	antagonist	minor
tt0250687	Vicky	nm0496555	antagonist	minor
tt0250797	Connie Sumner	nm0000178	protagonist	major
tt0250797	Edward Sumner	nm0000152	protagonist	major
tt0250797	Paul Martel	nm0553648	antagonist	major
tt0251127	Andie	nm0005028	protagonist	major
tt0251127	Ben	nm0000190	protagonist	major
tt0251127	Spears	nm0005230	antagonist	minor
tt0251127	Green	nm0363371	antagonist	minor
tt0251160	John Quincy Archibald	nm0000243	protagonist	major
tt0251160	Denise Archibald	nm0253708	protagonist	minor
tt0251160	Michael 'Mike' Archibald	nm0807826	protagonist	minor
tt0251160	Rebecca Payne	nm0000162	antagonist	major
tt0251160	Chief Gus Monroe	nm0000501	antagonist	major
tt0252076	Marisa Ventura	nm0000182	protagonist	major
tt0252076	Christopher Marshall	nm0000146	protagonist	major
tt0252076	Caroline Lane	nm0001670	antagonist	minor
tt0252866	Jim Levenstein	nm0004755	protagonist	major
tt0252866	Kevin Myers	nm0005272	protagonist	major
tt0252866	Oz	nm0005098	protagonist	major
tt0252866	Finch	nm0858776	protagonist	major
tt0252866	Stifler	nm0005405	protagonist	major
tt0253556	Quinn Abercromby	nm0000288	protagonist	major
tt0253556	Denton Van Zan	nm0000190	protagonist	major
tt0253556	Alex Jensen	nm0001713	protagonist	major
tt0253556	Creedy	nm0124930	protagonist	minor
tt0253556	Jared Wilke (as Scott James Moutter)	nm0610187	protagonist	minor
tt0255798	Marvin	nm0001705	protagonist	major
tt0255798	Sgt. Sisk	nm0001525	antagonist	major
tt0256380	Hal	nm0085312	protagonist	major
tt0256380	Rosemary	nm0000569	protagonist	major
tt0256380	Mauricio	nm0004517	antagonist	major
tt0256415	Melanie Smooter	nm0000702	protagonist	major
tt0256415	Jake Perry	nm0524197	protagonist	major
tt0256415	Mayor Kate Hennings	nm0000298	antagonist	major
tt0256415	Barry Lowenstein	nm0839934	antagonist	minor
tt0257044	Michael Sullivan	nm0000158	protagonist	major
tt0257044	Michael Sullivan Jr.	nm0388382	protagonist	major
tt0257044	Connor Rooney	nm0185819	antagonist	major
tt0257044	Maguire	nm0000179	antagonist	major
tt0257044	John Rooney	nm0000056	antagonist	major
tt0257044	Frank Nitti	nm0001804	antagonist	minor
tt0257076	Jim Street	nm0268199	protagonist	major
tt0257076	Sgt. Dan 'Hondo' Harrelson	nm0000168	protagonist	major
tt0257076	Chris Sanchez	nm0735442	protagonist	minor
tt0257076	Deacon 'Deke' Kaye (as James Todd Smith aka LL Cool J)	nm0005112	protagonist	minor
tt0257076	Michael Boxer	nm0887144	protagonist	minor
tt0257076	Brian Gamble	nm0719637	antagonist	major
tt0257076	Alex Montel	nm0553648	antagonist	major
tt0257076	T.J. McCabe	nm0001038	antagonist	minor
tt0257106	Cindy	nm0267506	protagonist	major
tt0257106	Shorty	nm0005541	protagonist	major
tt0257106	Brenda	nm0356021	protagonist	major
tt0257106	Ray	nm0915465	protagonist	major
tt0257106	Buddy (as Chris Masterson)	nm0557733	protagonist	minor
tt0257106	Hell House Ghost	nm0596959	antagonist	major
tt0257106	Professor	nm0000347	antagonist	minor
tt0257106	Hanson	nm0254402	antagonist	minor
tt0257360	Warren Schmidt	nm0000197	protagonist	major
tt0257360	Jeannie Schmidt	nm0204706	antagonist	minor
tt0257360	Randall Hertzel	nm0000551	antagonist	minor
tt0257568	Charlie Carbone	nm0005278	protagonist	major
tt0257568	Louis Booker	nm0026364	protagonist	major
tt0257568	Jessie	nm0005535	protagonist	minor
tt0257568	Sal Maggio	nm0000686	antagonist	major
tt0257568	Frankie Lombardo	nm0788335	antagonist	major
tt0257568	Mr. Smith	nm0190744	antagonist	minor
tt0257756	Claire Kubik	nm0000171	protagonist	major
tt0257756	Charles W. Grimes	nm0000151	protagonist	minor
tt0257756	Tom Kubik	nm0001029	antagonist	major
tt0257756	Brig. Gen. Bill Marks	nm0001117	antagonist	minor
tt0257756	Maj. James Hernandez	nm0380022	antagonist	minor
tt0258000	Meg Altman	nm0000149	protagonist	major
tt0258000	Sarah Altman	nm0829576	protagonist	minor
tt0258000	Burnham	nm0001845	antagonist	major
tt0258000	Raoul	nm0948267	antagonist	major
tt0258000	Junior	nm0001467	antagonist	major
tt0258463	Bourne	nm0000354	protagonist	major
tt0258463	Marie	nm0004376	protagonist	major
tt0258463	Conklin	nm0177933	antagonist	major
tt0258463	Ward Abbott	nm0004051	antagonist	major
tt0258463	The Professor	nm0654110	antagonist	minor
tt0258463	Castel (as Nicky Naude)	nm0622505	antagonist	minor
tt0258463	Manheim (as Russel Levy)	nm1197341	antagonist	minor
tt0258463	Wombosi	nm0015382	antagonist	minor
tt0259324	Johnny Blaze	nm0000115	protagonist	major
tt0259324	Ghost Rider	nm0000115	protagonist	major
tt0259324	Young Johnny Blaze	nm1668265	protagonist	minor
tt0259324	Blackheart	nm0004747	antagonist	major
tt0259324	Mephistopheles	nm0001228	antagonist	major
tt0259324	Gressil	nm0108068	antagonist	minor
tt0259324	Abigor	nm1187896	antagonist	minor
tt0259324	Wallow	nm1318889	antagonist	minor
tt0259446	Toula Portokalos	nm0889522	protagonist	major
tt0259446	Ian Miller	nm0179173	protagonist	major
tt0259446	Gus Portokalos	nm0176073	antagonist	major
tt0259711	David Aames	nm0000129	protagonist	major
tt0259711	Julie Gianni	nm0000139	antagonist	major
tt0260866	Nathan Conrad	nm0000140	protagonist	major
tt0260866	Elisabeth Burrows	nm0005261	protagonist	major
tt0260866	Patrick Koster	nm0000293	antagonist	major
tt0264464	Frank Abagnale Jr.	nm0000138	protagonist	major
tt0264464	Carl Hanratty	nm0000158	antagonist	major
tt0264472	Gavin Banek	nm0000255	antagonist	major
tt0264472	Doyle Gipson	nm0000168	antagonist	major
tt0265029	Lee Phillips	nm0000345	protagonist	major
tt0265029	Eddie Thomas	nm0000131	protagonist	major
tt0265029	Kiki Harrison	nm0000210	protagonist	major
tt0265029	Gwen Harrison	nm0001876	antagonist	major
tt0265029	Hector	nm0000279	antagonist	minor
tt0265086	Eversmann	nm0001326	protagonist	major
tt0265086	Garrison	nm0001731	protagonist	major
tt0265086	McKnight	nm0001744	protagonist	minor
tt0265086	Durant	nm0253035	protagonist	minor
tt0265086	Shughart	nm0835001	protagonist	minor
tt0265086	Gordon	nm0182666	protagonist	minor
tt0265086	Steele	nm0005042	protagonist	minor
tt0265086	Struecker	nm0887144	protagonist	minor
tt0265086	Grimes	nm0000191	protagonist	minor
tt0265086	Atto	nm0364711	antagonist	minor
tt0265298	Jason Shepherd	nm0005260	protagonist	major
tt0265298	Kaylee	nm0004789	protagonist	minor
tt0265298	Marty Wolf	nm0316079	antagonist	major
tt0265662	Jimmy Morris	nm0000598	protagonist	major
tt0265662	Jim Morris Sr.	nm0004051	antagonist	minor
tt0265666	Royal Tenenbaum	nm0000432	protagonist	major
tt0265666	Chas Tenenbaum	nm0001774	protagonist	major
tt0265666	Margot Tenenbaum	nm0000569	protagonist	major
tt0265666	Richie Tenenbaum	nm0005561	protagonist	major
tt0265666	Henry Sherman	nm0000418	antagonist	major
tt0265666	Eli Cash	nm0005562	antagonist	minor
tt0266697	The Bride	nm0000235	protagonist	major
tt0266697	Bill	nm0001016	antagonist	major
tt0266697	O-Ren Ishii	nm0005154	antagonist	major
tt0266697	Vernita Green	nm0000407	antagonist	minor
tt0266697	Elle Driver	nm0000435	antagonist	minor
tt0266697	Sofie Fatale	nm0237838	antagonist	minor
tt0266697	Gogo Yubari	nm0475752	antagonist	minor
tt0266915	Lee	nm0000329	protagonist	major
tt0266915	Carter	nm0000676	protagonist	major
tt0266915	Ricky Tan	nm0518821	antagonist	major
tt0266915	Steven Reign	nm0454418	antagonist	major
tt0266915	Hu Li (as Zhang Ziyi)	nm0955471	antagonist	major
tt0266987	Nathan Muir	nm0000602	protagonist	major
tt0266987	Tom Bishop	nm0000093	protagonist	major
tt0266987	Charles Harker	nm0226820	antagonist	major
tt0267913	Fred	nm0005327	protagonist	major
tt0267913	Daphne	nm0001264	protagonist	major
tt0267913	Shaggy	nm0000498	protagonist	major
tt0267913	Velma	nm0004802	protagonist	major
tt0267913	Scooby (voice)	nm1035356	protagonist	major
tt0267913	Scrappy (voice)	nm0409186	antagonist	major
tt0267913	Mondavarious	nm0000100	antagonist	major
tt0267913	Zarkos	nm0337514	antagonist	minor
tt0268695	Alexander Hartdegen	nm0001602	protagonist	major
tt0268695	Mara	nm0612571	protagonist	minor
tt0268695	Über-Morlock	nm0000460	antagonist	major
tt0268978	John Nash	nm0000128	protagonist	major
tt0268978	Alicia Nash	nm0000124	protagonist	major
tt0268978	Parcher	nm0000438	antagonist	major
tt0268978	Charles	nm0079273	antagonist	minor
tt0268978	Marcee	nm1055187	antagonist	minor
tt0272152	Prot	nm0000228	protagonist	major
tt0272152	Dr. Mark Powell	nm0000313	protagonist	major
tt0276751	Will Freeman	nm0000424	protagonist	major
tt0276751	Marcus Brewer	nm0396558	protagonist	major
tt0277296	Mathayus (as The Rock)	nm0425005	protagonist	major
tt0277296	The Sorceress	nm0005026	protagonist	major
tt0277296	Balthazar	nm0003817	protagonist	minor
tt0277296	Arpid	nm0381416	protagonist	minor
tt0277296	Philos	nm0384060	protagonist	minor
tt0277296	Memnon	nm0104526	antagonist	major
tt0277296	Thorak	nm0005241	antagonist	minor
tt0277296	Takmet	nm0004906	antagonist	minor
tt0277434	Lt. Col. Hal Moore	nm0000154	protagonist	major
tt0277434	Julie Moore	nm0000656	protagonist	minor
tt0277434	Sgt. Ernie Savage	nm0403652	protagonist	minor
tt0277434	2nd Lt. Henry Herrick	nm0089456	protagonist	minor
tt0277434	1st Lt. Charlie Hastings	nm0046768	protagonist	minor
tt0277434	Maj. Bruce Crandall	nm0001427	protagonist	minor
tt0277434	Lt. Col. Nguyen Huu An	nm0243121	antagonist	major
tt0278504	Will Dormer	nm0000199	protagonist	major
tt0278504	Ellie Burr	nm0005476	protagonist	minor
tt0278504	Walter Finch	nm0000245	antagonist	major
tt0279778	Sidda	nm0000113	protagonist	major
tt0279778	Vivi	nm0000995	protagonist	major
tt0279778	Buggy	nm0427728	antagonist	minor
tt0280590	Longfellow Deeds	nm0001191	protagonist	major
tt0280590	Babe Bennett	nm0000213	protagonist	major
tt0280590	Chuck Cedar	nm0001251	antagonist	major
tt0280590	Marty	nm0184445	antagonist	minor
tt0281373	Ted Brooks	nm0000421	protagonist	major
tt0281373	Thunder Jack	nm0000336	antagonist	major
tt0285823	El Mariachi	nm0000104	protagonist	major
tt0285823	Sands	nm0000136	protagonist	major
tt0285823	Jorge FBI	nm0001952	protagonist	major
tt0285823	Barillo	nm0000353	antagonist	major
tt0285823	Marquez	nm0896963	antagonist	major
tt0285823	Ajedrez	nm0578949	antagonist	minor
tt0286106	Graham Hess	nm0000154	protagonist	major
tt0286106	Merrill Hess	nm0001618	protagonist	minor
tt0286106	Morgan Hess	nm0191412	protagonist	minor
tt0286106	Bo Hess	nm1113550	protagonist	minor
tt0286106	Alien on the roof (uncredited)	nm0575216	antagonist	major
tt0286716	Bruce Banner	nm0051509	protagonist	major
tt0286716	Betty Ross	nm0000124	protagonist	major
tt0286716	Father	nm0000560	antagonist	major
tt0286716	Ross	nm0000385	antagonist	major
tt0286716	Talbot	nm0524197	antagonist	minor
tt0287717	Carmen Cortez (as Alexa Vega)	nm0891786	protagonist	major
tt0287717	Juni Cortez	nm0754512	protagonist	major
tt0287717	Donnagon	nm0431918	antagonist	major
tt0287717	Gary Giggles	nm0641610	antagonist	minor
tt0287717	Head Magna Man	nm0240113	antagonist	minor
tt0287978	Matt Murdock	nm0000255	protagonist	major
tt0287978	Daredevil	nm0000255	protagonist	major
tt0287978	Elektra Natchios	nm0004950	protagonist	minor
tt0287978	Wilson Fisk	nm0003817	antagonist	major
tt0287978	The Kingpin	nm0003817	antagonist	major
tt0287978	Bullseye	nm0268199	antagonist	major
tt0287978	Fallon (uncredited)	nm0546797	antagonist	minor
tt0289765	Will Graham	nm0001570	protagonist	major
tt0289765	Francis Dolarhyde	nm0000146	antagonist	major
tt0289765	Hannibal Lecter	nm0000164	antagonist	major
tt0289879	Evan	nm0005110	protagonist	major
tt0289879	Tommy	nm0005406	antagonist	major
tt0289879	Mr. Miller	nm0000655	antagonist	major
tt0290002	Greg Focker	nm0001774	protagonist	major
tt0290002	Pam Byrnes	nm0001632	protagonist	minor
tt0290002	Jack Byrnes	nm0000134	antagonist	major
tt0290095	Jimmy Tong	nm0000329	protagonist	major
tt0290095	Del Blaine	nm0001349	protagonist	major
tt0290095	Diedrich Banning	nm0182662	antagonist	major
tt0290334	Logan	nm0413168	protagonist	major
tt0290334	Professor Charles Xavier	nm0001772	protagonist	major
tt0290334	Jean Grey	nm0000463	protagonist	major
tt0290334	Storm	nm0000932	protagonist	major
tt0290334	Nightcrawler	nm0001086	protagonist	minor
tt0290334	Rogue	nm0001593	protagonist	minor
tt0290334	Cyclops	nm0005188	protagonist	minor
tt0290334	William Stryker	nm0004051	antagonist	major
tt0290334	Magneto	nm0005212	antagonist	major
tt0290334	Mystique	nm0005381	antagonist	minor
tt0290334	Yuriko Oyama	nm0005026	antagonist	minor
tt0290334	Jason 143	nm0533197	antagonist	minor
tt0293429	Cole Young	nm1167985	protagonist	major
tt0293429	Sonya Blade	nm2537621	protagonist	major
tt0293429	Jax	nm1419635	protagonist	minor
tt0293429	Liu Kang	nm3485108	protagonist	minor
tt0293429	Kung Lao	nm4089208	protagonist	minor
tt0293429	Lord Raiden	nm0038355	protagonist	minor
tt0293429	Shang Tsung	nm1977856	antagonist	major
tt0293429	Sub-Zero	nm3029144	antagonist	major
tt0293429	Bi-Han	nm3029144	antagonist	major
tt0293429	Kano	nm0493257	antagonist	minor
tt0293429	Kabal	nm4260641	antagonist	minor
tt0293429	Goro (voice)	nm0760151	antagonist	minor
tt0293564	Lee	nm0000329	protagonist	major
tt0293564	Carter	nm0000676	protagonist	major
tt0293564	George	nm0040939	protagonist	minor
tt0293564	Kenji	nm0760796	antagonist	major
tt0293564	Reynard	nm0001884	antagonist	major
tt0295178	Austin Powers	nm0000196	protagonist	major
tt0295178	Foxxy Cleopatra (as Beyoncé Knowles)	nm0461498	protagonist	major
tt0295178	Mini Me	nm0873942	protagonist	minor
tt0295178	Dr. Evil	nm0000196	antagonist	major
tt0295178	Goldmember	nm0000196	antagonist	major
tt0295178	Scott Evil	nm0001293	antagonist	minor
tt0295178	Fat Bastard	nm0000196	antagonist	minor
tt0295178	Mr. Roboto	nm0559458	antagonist	minor
tt0295297	Harry Potter	nm0705356	protagonist	major
tt0295297	Ron Weasley	nm0342488	protagonist	major
tt0295297	Hermione Granger	nm0914612	protagonist	major
tt0295297	Tom Riddle	nm0183469	antagonist	major
tt0295297	Lucius Malfoy	nm0005042	antagonist	major
tt0295297	Gilderoy Lockhart	nm0000110	antagonist	minor
tt0295297	Draco Malfoy	nm0271657	antagonist	minor
tt0295701	Xander Cage	nm0004874	protagonist	major
tt0295701	Yelena	nm0000782	protagonist	major
tt0295701	Agent Augustus Gibbons	nm0000168	protagonist	minor
tt0295701	Yorgi	nm0190744	antagonist	major
tt0295701	Milan Sova	nm0618291	antagonist	minor
tt0296572	Riddick	nm0004874	protagonist	major
tt0296572	Kyra	nm1111968	protagonist	minor
tt0296572	Lord Marshal	nm0272173	antagonist	major
tt0296572	Vaako	nm0881631	antagonist	minor
tt0296572	Toombs	nm0157915	antagonist	minor
tt0298130	Rachel	nm0915208	protagonist	major
tt0298130	Noah	nm0376540	protagonist	major
tt0298130	Aidan	nm0233562	protagonist	minor
tt0298130	Samara	nm0153738	antagonist	major
tt0298203	Jimmy	nm0004896	protagonist	major
tt0298203	Papa Doc	nm1107001	antagonist	major
tt0298203	Wink	nm0126021	antagonist	major
tt0298203	Greg Buehl	nm0788335	antagonist	minor
tt0299658	Roxie Hart	nm0000250	protagonist	major
tt0299658	Velma Kelly	nm0001876	protagonist	major
tt0299658	Harrison	nm0272173	antagonist	major
tt0299658	Fred Casely	nm0922035	antagonist	minor
tt0300471	Chon Wang	nm0000329	protagonist	major
tt0300471	Roy O'Bannon	nm0005562	protagonist	major
tt0300471	Chon Lin	nm0939056	protagonist	major
tt0300471	Charlie (as Aaron Johnson)	nm1093951	protagonist	minor
tt0300471	Artie Doyle	nm1433660	protagonist	minor
tt0300471	Rathbone	nm0318821	antagonist	major
tt0300471	Wu Chow	nm0947447	antagonist	major
tt0302886	Mitch	nm0005561	protagonist	major
tt0302886	Frank	nm0002071	protagonist	major
tt0302886	Pritchard	nm0005315	antagonist	major
tt0302886	Mark	nm0452929	antagonist	minor
tt0303714	Calvin Palmer	nm0001084	protagonist	major
tt0303714	Ricky Nash	nm1013003	protagonist	minor
tt0303714	Lester Wallace	nm0202966	antagonist	major
tt0303714	J.D.	nm0026364	antagonist	minor
tt0303714	Billy (as Lahmard Tate)	nm0851159	antagonist	minor
tt0303714	Monk (as Kevin Morrow)	nm0607515	antagonist	minor
tt0304141	Harry Potter	nm0705356	protagonist	major
tt0304141	Hermione Granger	nm0914612	protagonist	major
tt0304141	Ron Weasley	nm0342488	protagonist	major
tt0304141	Peter Pettigrew	nm0001758	antagonist	major
tt0304141	Draco Malfoy	nm0271657	antagonist	minor
tt0304669	Scott Calvin	nm0000741	protagonist	major
tt0304669	Toy Santa	nm0000741	antagonist	major
tt0305224	Dave Buznik	nm0001191	protagonist	major
tt0305224	Dr. Buddy Rydell	nm0000197	antagonist	major
tt0305224	Andrew	nm0184445	antagonist	minor
tt0305224	Frank Head	nm0298281	antagonist	minor
tt0305357	Natalie Cook	nm0000139	protagonist	major
tt0305357	Dylan Sanders	nm0000106	protagonist	major
tt0305357	Alex Munday	nm0005154	protagonist	major
tt0305357	Jimmy Bosley	nm0005170	protagonist	minor
tt0305357	Madison Lee	nm0000193	antagonist	major
tt0305357	Seamus O'Grady	nm0857620	antagonist	major
tt0305357	Ray Carter	nm0001598	antagonist	minor
tt0305357	Randy Emmers	nm0763928	antagonist	minor
tt0305669	Peter Sanderson	nm0000188	protagonist	major
tt0305669	Charlene Morton	nm0001451	protagonist	major
tt0305669	Widow	nm0004996	antagonist	major
tt0305711	Tom	nm0005110	protagonist	major
tt0305711	Sarah	nm0005261	protagonist	major
tt0305711	Peter Prentiss	nm0437283	antagonist	major
tt0305711	Wendy (as Valeria)	nm0028888	antagonist	minor
tt0306047	Cindy	nm0267506	protagonist	major
tt0306047	George	nm0005350	protagonist	major
tt0306047	Tom	nm0000221	protagonist	major
tt0306047	Tabitha	nm0256988	antagonist	major
tt0308506	Calvin (as Lil Bow Wow)	nm0510168	protagonist	major
tt0308506	Tracy Reynolds	nm0004820	protagonist	major
tt0308506	Murph	nm0005151	protagonist	minor
tt0308506	Reg Stevens	nm0814259	protagonist	minor
tt0308506	Stan Bittleman	nm0000417	antagonist	major
tt0308506	Ox	nm0687146	antagonist	minor
tt0311113	Capt. Jack Aubrey	nm0000128	protagonist	major
tt0311113	Dr. Stephen Maturin, Surgeon	nm0079273	protagonist	major
tt0311113	French Captain	nm1372002	antagonist	major
tt0311289	Stanley	nm0479471	protagonist	major
tt0311289	Zero	nm1169490	protagonist	major
tt0311289	The Warden	nm0000244	antagonist	major
tt0311289	Mr. Sir	nm0000685	antagonist	minor
tt0311289	Dr. Pendanski	nm0625789	antagonist	minor
tt0311289	Trout Walker	nm0686568	antagonist	minor
tt0311429	Allan Quatermain	nm0000125	protagonist	major
tt0311429	Captain Nemo	nm0787462	protagonist	major
tt0311429	Mina Harker	nm0933959	protagonist	major
tt0311429	Rodney Skinner	nm0192889	protagonist	major
tt0311429	Tom Sawyer	nm0922342	protagonist	major
tt0311429	Dr. Henry Jekyll	nm0002076	protagonist	major
tt0311429	Edward Hyde	nm0002076	protagonist	major
tt0311429	M	nm0746896	antagonist	major
tt0311429	Dorian Gray	nm0870204	antagonist	major
tt0311429	Sanderson Reed	nm0329259	antagonist	minor
tt0311429	Dante	nm1043075	antagonist	minor
tt0312528	The Cat	nm0000196	protagonist	major
tt0312528	Conrad	nm0107748	protagonist	major
tt0312528	Sally	nm0266824	protagonist	major
tt0312528	Quinn	nm0000285	antagonist	major
tt0313737	Lucy Kelson	nm0000113	protagonist	major
tt0313737	George Wade	nm0000424	protagonist	major
tt0313737	June Carver	nm0001860	antagonist	minor
tt0314331	Billy Mack	nm0631490	protagonist	major
tt0314331	Jamie	nm0000147	protagonist	major
tt0314331	The Prime Minister	nm0000424	protagonist	major
tt0314331	Harry	nm0000614	protagonist	major
tt0314331	Karen	nm0000668	protagonist	major
tt0314331	Daniel	nm0000553	protagonist	major
tt0314331	Sam (as Thomas Sangster)	nm1032473	protagonist	major
tt0314331	Sarah	nm0001473	protagonist	major
tt0314331	Mark	nm0511088	protagonist	major
tt0314331	Juliet	nm0461136	protagonist	major
tt0314331	Colin Frissell	nm0550994	protagonist	minor
tt0314331	John	nm0293509	protagonist	minor
tt0314331	Just Judy	nm0656215	protagonist	minor
tt0314331	Mia	nm0538443	antagonist	minor
tt0314331	The US President	nm0000671	antagonist	minor
tt0314331	Jamie's Girlfriend	nm0347149	antagonist	minor
tt0314331	Jamie's Bad Brother	nm0292744	antagonist	minor
tt0315327	Bruce Nolan	nm0000120	protagonist	major
tt0315327	Evan Baxter (as Steven Carell)	nm0136797	antagonist	minor
tt0316356	Boss Spearman	nm0000380	protagonist	major
tt0316356	Charley Waite	nm0000126	protagonist	major
tt0316356	Denton Baxter	nm0002091	antagonist	major
tt0316356	Sheriff Poole	nm0751638	antagonist	minor
tt0316356	Butler	nm0167649	antagonist	minor
tt0316654	Peter Parker	nm0001497	protagonist	major
tt0316654	Spider-Man	nm0001497	protagonist	major
tt0316654	Dr. Otto Octavius	nm0000547	antagonist	major
tt0316654	Harry Osborn	nm0290556	antagonist	minor
tt0317303	Charlie Hinton	nm0000552	protagonist	major
tt0317303	Phil	nm0307531	protagonist	major
tt0317303	Mrs. Gwyneth Harridan	nm0001378	antagonist	major
tt0317648	Frank Hopkins	nm0001557	protagonist	major
tt0317648	Hidalgo - Horse (uncredited)	nm1577965	protagonist	major
tt0317648	Lady Anne Davenport	nm0518321	antagonist	major
tt0317648	Katib	nm0141324	antagonist	major
tt0317648	Prince Bin Al Reeh	nm0846548	antagonist	minor
tt0317648	Aziz	nm0018956	antagonist	minor
tt0317740	Charlie Croker	nm0000242	protagonist	major
tt0317740	Stella Bridger	nm0000234	protagonist	major
tt0317740	Handsome Rob	nm0005458	protagonist	minor
tt0317740	Lyle	nm0001293	protagonist	minor
tt0317740	Left Ear (as Mos Def)	nm0080049	protagonist	minor
tt0317740	Steve	nm0001570	antagonist	major
tt0317919	Ethan Hunt	nm0000129	protagonist	major
tt0317919	Julia	nm1157358	protagonist	minor
tt0317919	Luther	nm0000609	protagonist	minor
tt0317919	Declan	nm0001667	protagonist	minor
tt0317919	Zhen	nm0702572	protagonist	minor
tt0317919	Benji	nm0670408	protagonist	minor
tt0317919	Owen Davian	nm0000450	antagonist	major
tt0317919	Musgrave	nm0001082	antagonist	major
tt0318649	Dirk Pitt	nm0000190	protagonist	major
tt0318649	Eva Rojas (as Penelope Cruz)	nm0004851	protagonist	major
tt0318649	Al Giordino	nm0001872	protagonist	major
tt0318649	General Zateb Kazim	nm0416694	antagonist	major
tt0318649	Yves Massarde	nm0933727	antagonist	major
tt0318649	Zakara	nm0497856	antagonist	minor
tt0319061	Ed Bloom (young)	nm0000191	protagonist	major
tt0319061	Ed Bloom (senior)	nm0001215	protagonist	major
tt0319061	Will Bloom	nm0001082	protagonist	major
tt0319061	Don Price - Age 18-22	nm0219292	antagonist	minor
tt0319262	Jack Hall	nm0000598	protagonist	major
tt0319262	Sam Hall	nm0350453	protagonist	major
tt0319262	Laura Chapman	nm0002536	protagonist	minor
tt0319262	Jason Evans	nm0005231	protagonist	minor
tt0319262	Frank Harris	nm0761587	protagonist	minor
tt0319262	Terry Rapson	nm0000453	protagonist	minor
tt0319262	Vice President Becker	nm0920564	antagonist	minor
tt0319343	Buddy	nm0002071	protagonist	major
tt0319343	Walter	nm0001001	protagonist	major
tt0319343	Michael	nm1307735	protagonist	minor
tt0319343	Jovie	nm0221046	protagonist	minor
tt0319343	Santa	nm0000799	protagonist	minor
tt0319343	Fulton	nm0503627	antagonist	minor
tt0319343	Miles Finch	nm0227759	antagonist	minor
tt0319343	Gimbel's Santa	nm0005119	antagonist	minor
tt0322259	Brian O'Conner	nm0908094	protagonist	major
tt0322259	Roman Pearce (as Tyrese)	nm0879085	protagonist	major
tt0322259	Carter Verone	nm0369513	antagonist	major
tt0322259	Enrique (as Matt Gallini)	nm0302956	antagonist	minor
tt0322259	Roberto	nm1273864	antagonist	minor
tt0322330	Tess Coleman	nm0000130	protagonist	major
tt0322330	Anna Coleman	nm0517820	protagonist	major
tt0322330	Stacey Hinkhouse	nm1194672	antagonist	minor
tt0322330	Mr. Bates	nm0864997	antagonist	minor
tt0324216	Erin	nm0004754	protagonist	major
tt0324216	Morgan	nm0006958	protagonist	minor
tt0324216	Andy	nm1036181	protagonist	minor
tt0324216	Kemper	nm0050156	protagonist	minor
tt0324216	Pepper	nm0498713	protagonist	minor
tt0324216	Thomas Hewitt (Leatherface)	nm0117420	antagonist	major
tt0324216	Sheriff Hoyt	nm0000388	antagonist	major
tt0324216	Old Monty	nm0263254	antagonist	minor
tt0324216	Luda May	nm0547174	antagonist	minor
tt0324216	Henrietta	nm0434526	antagonist	minor
tt0324216	Tea Lady in Trailer	nm0483541	antagonist	minor
tt0325703	Lara Croft	nm0001401	protagonist	major
tt0325703	Terry Sheridan	nm0124930	protagonist	major
tt0325703	Jonathan Reiss	nm0001354	antagonist	major
tt0325703	Chen Lo	nm0945189	antagonist	minor
tt0325703	Xien	nm0948045	antagonist	minor
tt0325710	Nathan Algren	nm0000129	protagonist	major
tt0325710	Katsumoto	nm0913822	protagonist	major
tt0325710	Omura	nm0361735	antagonist	major
tt0325710	Colonel Bagley	nm0001282	antagonist	major
tt0325980	Jack Sparrow	nm0000136	protagonist	major
tt0325980	Will Turner	nm0089217	protagonist	major
tt0325980	Elizabeth Swann	nm0461136	protagonist	major
tt0325980	Joshamee Gibbs (as Kevin R. McNally)	nm0573618	protagonist	minor
tt0325980	Barbossa	nm0001691	antagonist	major
tt0325980	Norrington	nm0202603	antagonist	minor
tt0327162	Joanna Eberhart	nm0000173	protagonist	major
tt0327162	Walter Kresby	nm0000111	protagonist	major
tt0327162	Bobbie Markowitz	nm0000541	protagonist	minor
tt0327162	Roger Bannister	nm0058372	protagonist	minor
tt0327162	Claire Wellington	nm0000335	antagonist	major
tt0327162	Mike Wellington	nm0000686	antagonist	major
tt0328107	John W. Creasy	nm0000243	protagonist	major
tt0328107	Daniel Sanchez	nm0554929	antagonist	major
tt0328107	Victor Fuentes	nm0643740	antagonist	minor
tt0328107	Samuel Ramos	nm0004711	antagonist	minor
tt0328107	Jordan Kalfus	nm0000620	antagonist	minor
tt0328828	Jim Levenstein	nm0004755	protagonist	major
tt0328828	Michelle Flaherty	nm0004989	protagonist	major
tt0328828	Steve Stifler	nm0005405	protagonist	major
tt0328828	Paul Finch	nm0858776	protagonist	minor
tt0328828	Kevin Myers	nm0005272	protagonist	minor
tt0329101	Lori Campbell	nm0444621	protagonist	major
tt0329101	Will Rollins	nm0728762	protagonist	major
tt0329101	Kia Waterson	nm0746714	protagonist	minor
tt0329101	Charlie Linderman (as Christopher George Marquette)	nm0549815	protagonist	minor
tt0329101	Bill Freeburg	nm0479526	protagonist	minor
tt0329101	Freddy Krueger	nm0000387	antagonist	major
tt0329101	Jason Voorhees	nm0457090	antagonist	major
tt0329575	Red Pollard	nm0001497	protagonist	major
tt0329575	Charles Howard	nm0000313	protagonist	major
tt0329575	Tom Smith	nm0177933	protagonist	major
tt0329575	George Woolf	nm1230841	protagonist	minor
tt0329575	Samuel Riddle	nm0428008	antagonist	minor
tt0330373	Harry Potter	nm0705356	protagonist	major
tt0330373	Ron Weasley	nm0342488	protagonist	minor
tt0330373	Hermione Granger	nm0914612	protagonist	minor
tt0330373	Lord Voldemort	nm0000146	antagonist	major
tt0330373	Barty Crouch Junior	nm0855039	antagonist	major
tt0331632	Scooby-Doo (voice)	nm1035356	protagonist	major
tt0331632	Shaggy	nm0000498	protagonist	major
tt0331632	Fred	nm0005327	protagonist	major
tt0331632	Daphne	nm0001264	protagonist	major
tt0331632	Velma	nm0004802	protagonist	major
tt0331632	Jacobo	nm0625789	antagonist	major
tt0331632	Heather	nm0000224	antagonist	major
tt0331632	Evil Masked Figure	nm0573926	antagonist	major
tt0331632	Black Knight Ghost	nm0243806	antagonist	minor
tt0331632	Tar Monster	nm0815040	antagonist	minor
tt0332280	Noah	nm0331516	protagonist	major
tt0332280	Allie	nm1046097	protagonist	major
tt0332280	Duke	nm0001258	protagonist	major
tt0332280	Allie Calhoun	nm0001687	protagonist	major
tt0332280	Anne Hamilton	nm0000260	antagonist	major
tt0332280	Lon Hammond	nm0005188	antagonist	minor
tt0332379	Dewey Finn	nm0085312	protagonist	major
tt0332379	Patty Di Marco	nm0798971	antagonist	major
tt0332379	Zack's Father	nm0394434	antagonist	minor
tt0332452	Achilles	nm0000093	protagonist	major
tt0332452	Hector	nm0051509	protagonist	major
tt0332452	Agamemnon	nm0004051	antagonist	major
tt0332452	Paris	nm0089217	antagonist	minor
tt0332452	Menelaus	nm0322407	antagonist	minor
tt0333780	Elle Woods	nm0000702	protagonist	major
tt0333780	Congresswoman Rudd	nm0000398	antagonist	major
tt0335345	Jesus	nm0001029	protagonist	major
tt0335345	Caiphas	nm0768641	antagonist	major
tt0335345	Pontius Pilate (as Hristo Naumov Shopov)	nm0794885	antagonist	major
tt0335345	Judas	nm0513352	antagonist	minor
tt0335345	Satan	nm0147988	antagonist	minor
tt0335438	David Starsky	nm0001774	protagonist	major
tt0335438	Ken Hutchinson	nm0005562	protagonist	major
tt0335438	Reese Feldman	nm0000681	antagonist	major
tt0335438	Kevin	nm0000867	antagonist	minor
tt0335438	Kitty	nm0000496	antagonist	minor
tt0337563	Jenna Rink	nm0004950	protagonist	major
tt0337563	Matt Flamhaff	nm0749263	protagonist	major
tt0337563	Young Jenna	nm1568512	protagonist	minor
tt0337563	Young Matt	nm0549826	protagonist	minor
tt0337563	Lucy Wyman	nm0339460	antagonist	major
tt0337563	Young Tom-Tom	nm0477363	antagonist	minor
tt0337579	Calvin	nm0001084	protagonist	major
tt0337579	Quentin Leroux	nm0502015	antagonist	major
tt0337579	Alderman Brown	nm0936298	antagonist	major
tt0337741	Harry Sanborn	nm0000197	protagonist	major
tt0337741	Erica Barry	nm0000473	protagonist	major
tt0337978	John McClane	nm0000246	protagonist	major
tt0337978	Matt Farrell	nm0519043	protagonist	major
tt0337978	Thomas Gabriel	nm0648249	antagonist	major
tt0337978	Mai	nm0702572	antagonist	minor
tt0337978	Emerson	nm0182139	antagonist	minor
tt0338094	Jim Evers	nm0000552	protagonist	major
tt0338094	Sara Evers	nm0859720	protagonist	major
tt0338094	Michael	nm0420384	protagonist	minor
tt0338094	Megan	nm1307327	protagonist	minor
tt0338094	Ramsley	nm0000654	antagonist	major
tt0338094	Master Gracey	nm0662511	antagonist	minor
tt0338459	Juni Cortez	nm0754512	protagonist	major
tt0338459	Carmen Cortez (as Alexa Vega)	nm0891786	protagonist	minor
tt0338459	Grandfather	nm0001544	protagonist	minor
tt0338459	Toymaker	nm0000230	antagonist	major
tt0338459	Demetra	nm0423111	antagonist	minor
tt0338526	Van Helsing	nm0413168	protagonist	major
tt0338526	Anna Valerious	nm0000295	protagonist	major
tt0338526	Carl	nm0920992	protagonist	minor
tt0338526	Frankenstein's Monster	nm0378175	protagonist	minor
tt0338526	Count Vladislaus Dracula	nm0746896	antagonist	major
tt0338526	Aleera	nm0025745	antagonist	minor
tt0338526	Verona	nm1278926	antagonist	minor
tt0338526	Marishka	nm1036691	antagonist	minor
tt0338526	Velkan	nm0962261	antagonist	minor
tt0338526	Igor	nm0640413	antagonist	minor
tt0338751	Howard Hughes	nm0000138	protagonist	major
tt0338751	Juan Trippe	nm0000285	antagonist	major
tt0338751	Senator Ralph Owen Brewster	nm0000257	antagonist	major
tt0339291	Violet	nm0115161	protagonist	major
tt0339291	Klaus	nm0014582	protagonist	major
tt0339291	Sunny	nm1495616	protagonist	major
tt0339291	Sunny	nm1492999	protagonist	major
tt0339291	Count Olaf	nm0000120	antagonist	major
tt0343135	Reuben Feffer	nm0001774	protagonist	major
tt0343135	Polly Prince	nm0000098	protagonist	major
tt0343135	Lisa Kramer	nm0005226	antagonist	minor
tt0343135	Claude	nm0000279	antagonist	minor
tt0343660	Henry Roth	nm0001191	protagonist	major
tt0343660	Lucy Whitmore	nm0000106	protagonist	major
tt0343818	Del Spooner	nm0000226	protagonist	major
tt0343818	Susan Calvin	nm0005256	protagonist	major
tt0343818	Sonny	nm0876138	protagonist	major
tt0343818	V.I.K.I.	nm0389524	antagonist	major
tt0343818	Lawrence Robertson	nm0339304	antagonist	minor
tt0348150	Superman	nm0746125	protagonist	major
tt0348150	Clark Kent	nm0746125	protagonist	major
tt0348150	Lois Lane	nm0098378	protagonist	major
tt0348150	Richard White	nm0005188	protagonist	minor
tt0348150	Lex Luthor	nm0000228	antagonist	major
tt0348150	Kitty Kowalski	nm0000205	antagonist	minor
tt0348836	Miranda Grey	nm0000932	protagonist	major
tt0348836	Dr. Douglas Grey	nm0001165	antagonist	major
tt0348836	Sheriff Ryan	nm0002253	antagonist	major
tt0349205	Tom Baker	nm0000188	protagonist	major
tt0349205	Kate Baker	nm0001372	protagonist	major
tt0349205	Hank (uncredited)	nm0005110	antagonist	minor
tt0349710	Jack Morrison	nm0001618	protagonist	major
tt0349710	Captain Mike Kennedy	nm0000237	protagonist	major
tt0349825	Herb Brooks	nm0000621	protagonist	major
tt0349825	Mike Eruzione	nm1379739	protagonist	minor
tt0349825	Jim Craig	nm0128655	protagonist	minor
tt0349825	Jack O'Callahan	nm1372838	protagonist	minor
tt0349825	Rob McClanahan	nm0922263	protagonist	minor
tt0349825	Mark Johnson	nm1371703	protagonist	minor
tt0349903	Danny Ocean	nm0000123	protagonist	major
tt0349903	Rusty Ryan	nm0000093	protagonist	major
tt0349903	Linus Caldwell	nm0000354	protagonist	minor
tt0349903	François Toulour	nm0001993	antagonist	major
tt0349903	Isabel Lahiri	nm0001876	antagonist	major
tt0349903	Terry Benedict	nm0000412	antagonist	minor
tt0350258	Ray Charles	nm0004937	protagonist	major
tt0350258	Young Ray Robinson	nm1468486	protagonist	minor
tt0352248	Jim Braddock	nm0000128	protagonist	major
tt0352248	Mae Braddock	nm0000250	protagonist	minor
tt0352248	Joe Gould	nm0316079	protagonist	minor
tt0352248	Max Baer	nm0081572	antagonist	major
tt0352248	Corn Griffin	nm1736874	antagonist	minor
tt0352248	John Henry Lewis	nm1920144	antagonist	minor
tt0352248	Art Lasky	nm0799838	antagonist	minor
tt0356618	Telly	nm0000194	protagonist	major
tt0356618	Ash	nm0922035	protagonist	major
tt0356618	Dr. Jack Munce	nm0000641	antagonist	minor
tt0356618	NSA Agent (uncredited)	nm1986835	antagonist	minor
tt0356910	John Smith	nm0000093	protagonist	major
tt0356910	Jane Smith	nm0001401	protagonist	major
tt0357413	Ron Burgundy	nm0002071	protagonist	major
tt0357413	Veronica Corningstone	nm0000775	protagonist	major
tt0357413	Brian Fantana	nm0748620	protagonist	minor
tt0357413	Brick Tamland	nm0136797	protagonist	minor
tt0357413	Champ Kind	nm0462712	protagonist	minor
tt0357413	Wes Mantooth (uncredited)	nm0000681	antagonist	minor
tt0357413	Motorcyclist	nm0085312	antagonist	minor
tt0358273	John R. Cash	nm0001618	protagonist	major
tt0358273	June Carter	nm0000702	protagonist	major
tt0358273	Ray Cash	nm0001598	antagonist	major
tt0360486	John Constantine	nm0000206	protagonist	major
tt0360486	Angela Dodson	nm0001838	protagonist	major
tt0360486	Chas	nm0479471	protagonist	minor
tt0360486	Gabriel	nm0842770	antagonist	major
tt0360486	Balthazar	nm0569962	antagonist	minor
tt0360486	Satan	nm0001780	antagonist	minor
tt0360717	Ann Darrow	nm0915208	protagonist	major
tt0360717	Jack Driscoll	nm0004778	protagonist	major
tt0360717	Kong	nm0785227	protagonist	major
tt0360717	Captain Englehorn	nm0470981	protagonist	minor
tt0360717	Carl Denham	nm0085312	antagonist	major
tt0361748	Lt. Aldo Raine	nm0000093	protagonist	major
tt0361748	Shosanna	nm0491259	protagonist	major
tt0361748	Bridget von Hammersmark	nm1208167	protagonist	minor
tt0361748	Sgt. Donny Donowitz	nm0744834	protagonist	minor
tt0361748	Lt. Archie Hicox	nm1055413	protagonist	minor
tt0361748	Col. Hans Landa	nm0910607	antagonist	major
tt0361748	Fredrick Zoller	nm0117709	antagonist	minor
tt0361748	Hitler	nm0943487	antagonist	minor
tt0361748	Joseph Goebbels	nm0343857	antagonist	minor
tt0361748	Major Hellstrom	nm0225944	antagonist	minor
tt0362120	Cindy	nm0267506	protagonist	major
tt0362120	Tom	nm0081572	protagonist	major
tt0362120	Brenda	nm0356021	protagonist	minor
tt0362120	Saw Villain - Alien	nm0201970	antagonist	major
tt0362120	Saw Villain (voice)	nm0563301	antagonist	major
tt0362120	Henry Hale	nm0000597	antagonist	minor
tt0362227	Viktor Navorski	nm0000158	protagonist	major
tt0362227	Frank Dixon	nm0001804	antagonist	major
tt0363547	Ana	nm0001631	protagonist	major
tt0363547	Kenneth	nm0000609	protagonist	major
tt0363547	Michael	nm0916617	protagonist	major
tt0363547	CJ	nm0446672	protagonist	major
tt0363547	Luis (as Justin Louis)	nm0274371	antagonist	minor
tt0363547	Andre	nm0001616	antagonist	minor
tt0363547	Andy	nm0092118	antagonist	minor
tt0363547	Steve	nm0123092	antagonist	minor
tt0363771	Lucy Pevensie	nm1670137	protagonist	major
tt0363771	Edmund Pevensie	nm1342727	protagonist	major
tt0363771	Peter Pevensie	nm0608440	protagonist	major
tt0363771	Susan Pevensie	nm0691600	protagonist	major
tt0363771	Aslan (voice)	nm0000553	protagonist	major
tt0363771	White Witch	nm0842770	antagonist	major
tt0363771	Ginarrbrik	nm0787449	antagonist	minor
tt0363771	Maugrim (voice) (uncredited)	nm0000514	antagonist	minor
tt0364725	Peter La Fleur	nm0000681	protagonist	major
tt0364725	Kate Veatch	nm0852132	protagonist	minor
tt0364725	Patches O'Houlihan	nm0001800	protagonist	minor
tt0364725	Justin	nm0519043	protagonist	minor
tt0364725	Gordon	nm0740535	protagonist	minor
tt0364725	Owen	nm0601376	protagonist	minor
tt0364725	Dwight	nm0930282	protagonist	minor
tt0364725	Steve the Pirate	nm0876138	protagonist	minor
tt0364725	White Goodman	nm0001774	antagonist	major
tt0364751	Jerry Conlaine	nm0000498	protagonist	major
tt0364751	Dan Mott	nm0001293	protagonist	major
tt0364751	Tom Marshall	nm1009277	protagonist	major
tt0364751	Dennis	nm0072344	antagonist	major
tt0364751	Elwood	nm0839486	antagonist	major
tt0364751	Sheriff Briggs	nm0048844	antagonist	minor
tt0367594	Charlie Bucket	nm0383603	protagonist	major
tt0367594	Willy Wonka	nm0000136	protagonist	major
tt0367594	Grandpa Joe	nm0446303	protagonist	minor
tt0367594	Augustus Gloop	nm1640118	antagonist	minor
tt0367594	Veruca Salt	nm1601297	antagonist	minor
tt0367594	Violet Beauregarde (as Annasophia Robb)	nm1455681	antagonist	minor
tt0367594	Mike Teavee	nm1627748	antagonist	minor
tt0367594	Dr. Wonka	nm0000489	antagonist	minor
tt0367882	Indiana Jones	nm0000148	protagonist	major
tt0367882	Mutt Williams	nm0479471	protagonist	major
tt0367882	Marion Ravenwood	nm0000261	protagonist	minor
tt0367882	Professor Oxley	nm0000457	protagonist	minor
tt0367882	Irina Spalko	nm0000949	antagonist	major
tt0367882	'Mac' George Michale	nm0935653	antagonist	minor
tt0368008	Ben Marco	nm0000243	protagonist	major
tt0368008	Raymond Shaw	nm0000630	protagonist	major
tt0368008	Rosie	nm0253708	protagonist	minor
tt0368008	Eleanor Shaw	nm0000658	antagonist	major
tt0368008	Atticus Noyle	nm0564402	antagonist	minor
tt0368447	Ivy Walker	nm0397171	protagonist	major
tt0368447	Lucius Hunt	nm0001618	protagonist	major
tt0368447	Noah Percy	nm0004778	antagonist	major
tt0368447	Edward Walker	nm0000458	antagonist	major
tt0368447	Those We Don't Speak Of	nm0025739	antagonist	minor
tt0368578	Nick Persons	nm0001084	protagonist	major
tt0368578	Lindsey Kingston	nm0020248	antagonist	major
tt0368578	Kevin Kingston (as Philip Daniel Bolden)	nm0092774	antagonist	major
tt0368578	Al	nm0301370	antagonist	minor
tt0368891	Benjamin Franklin Gates	nm0000115	protagonist	major
tt0368891	Abigail Chase	nm1208167	protagonist	minor
tt0368891	Riley Poole	nm0058581	protagonist	minor
tt0368891	Ian Howe	nm0000293	antagonist	major
tt0368891	Sadusky	nm0000172	antagonist	minor
tt0368933	Mia Thermopolis	nm0004266	protagonist	major
tt0368933	Viscount Mabrey	nm0722636	antagonist	major
tt0368933	Nicholas Devereaux	nm1517976	antagonist	minor
tt0369339	Max	nm0004937	protagonist	major
tt0369339	Vincent	nm0000129	antagonist	major
tt0369339	Felix	nm0000849	antagonist	minor
tt0369436	Brad	nm0000681	protagonist	major
tt0369436	Kate	nm0000702	protagonist	major
tt0369441	Dick Harper	nm0000120	protagonist	major
tt0369441	Jane Harper	nm0000495	protagonist	major
tt0369441	Jack McCallister	nm0000285	antagonist	major
tt0369610	Owen Grady	nm0695435	protagonist	major
tt0369610	Claire Dearing	nm0397171	protagonist	major
tt0369610	Zach	nm3538718	protagonist	minor
tt0369610	Gray	nm1339223	protagonist	minor
tt0369610	Vic Hoskins	nm0000352	antagonist	major
tt0369610	Dr. Henry Wu	nm0000703	antagonist	minor
tt0369735	Charlie	nm0000182	protagonist	major
tt0369735	Viola Fields	nm0000404	antagonist	major
tt0369735	Fiona	nm0005195	antagonist	minor
tt0370263	Alexa Woods	nm0005125	protagonist	major
tt0370263	Scar	nm1613839	protagonist	major
tt0370263	Sebastian de Rosa	nm0100556	protagonist	minor
tt0370263	Charles Bishop Weyland	nm0000448	protagonist	minor
tt0370263	Grid	nm0940430	antagonist	major
tt0371724	Arthur Dent	nm0293509	protagonist	major
tt0371724	Ford Prefect (as Mos Def)	nm0080049	protagonist	major
tt0371724	Zaphod Beeblebrox	nm0005377	protagonist	major
tt0371724	Trillian	nm0221046	protagonist	major
tt0371724	Marvin	nm0001116	protagonist	minor
tt0371724	Marvin (voice)	nm0000614	protagonist	minor
tt0371724	Questular Rontok	nm0151250	antagonist	major
tt0371724	Humma Kavula	nm0000518	antagonist	minor
tt0371724	Frankie Mouse (voice) (uncredited)	nm1134029	antagonist	minor
tt0371724	Benjy Mouse (voice) (uncredited)	nm2383774	antagonist	minor
tt0371746	Tony Stark	nm0000375	protagonist	major
tt0371746	Obadiah Stane	nm0000313	antagonist	major
tt0371746	Raza	nm0846687	antagonist	minor
tt0372183	Jason Bourne	nm0000354	protagonist	major
tt0372183	Marie	nm0004376	protagonist	minor
tt0372183	Ward Abbott	nm0004051	antagonist	major
tt0372183	Kirill	nm0881631	antagonist	major
tt0372183	Gretkov	nm0734558	antagonist	minor
tt0372183	Jarda	nm0190744	antagonist	minor
tt0372237	Simon Green	nm0005110	protagonist	major
tt0372237	Theresa Jones (as Zoë Saldaña)	nm0757855	protagonist	major
tt0372237	Percy Jones	nm0005170	antagonist	major
tt0372237	Reggie (as Ronreaco Lee)	nm0498165	antagonist	minor
tt0372784	Bruce Wayne	nm0000288	protagonist	major
tt0372784	Batman	nm0000288	protagonist	major
tt0372784	Ducard	nm0000553	antagonist	major
tt0372784	Dr. Jonathan Crane	nm0614165	antagonist	major
tt0372784	Carmine Falcone	nm0929489	antagonist	minor
tt0372784	Earle	nm0000442	antagonist	minor
tt0372784	Ra's Al Ghul	nm0913822	antagonist	minor
tt0372784	Joe Chill	nm0104114	antagonist	minor
tt0373051	Trevor Anderson	nm0000409	protagonist	major
tt0373051	Sean Anderson	nm1242688	protagonist	major
tt0373051	Hannah Ásgeirsson	nm1715194	protagonist	major
tt0373883	Laurie Strode	nm0174021	protagonist	major
tt0373883	Dr. Samuel Loomis	nm0000532	protagonist	major
tt0373883	Michael Myers	nm0541932	antagonist	major
tt0373883	Michael Myers, age 10	nm1698761	antagonist	minor
tt0373889	Harry Potter	nm0705356	protagonist	major
tt0373889	Hermione Granger	nm0914612	protagonist	minor
tt0373889	Ron Weasley	nm0342488	protagonist	minor
tt0373889	Lord Voldemort	nm0000146	antagonist	major
tt0373889	Dolores Umbridge	nm0001767	antagonist	major
tt0373889	Cornelius Fudge	nm0362735	antagonist	minor
tt0373889	Lucius Malfoy	nm0005042	antagonist	minor
tt0373889	Bellatrix Lestrange	nm0000307	antagonist	minor
tt0373926	Silvia Broome	nm0000173	protagonist	major
tt0373926	Tobin Keller	nm0000576	protagonist	major
tt0373926	Zuwanie	nm0131565	antagonist	major
tt0373926	Nils Lud	nm0159802	antagonist	minor
tt0373926	Jean Gamba	nm0882541	antagonist	minor
tt0374536	Isabel Bigelow	nm0000173	protagonist	major
tt0374536	Jack Wyatt	nm0002071	protagonist	major
tt0374536	Ritchie	nm0005403	antagonist	minor
tt0374536	Sheila Wyatt	nm0278234	antagonist	minor
tt0374536	Nigel Bigelow	nm0000323	antagonist	minor
tt0375063	Miles	nm0316079	protagonist	major
tt0375063	Jack	nm0002006	protagonist	major
tt0375210	Jonathan Rivers	nm0000474	protagonist	major
tt0375210	Presence #1	nm0003443	antagonist	major
tt0375210	Presence #2	nm1456211	antagonist	major
tt0375210	Presence #3	nm1456449	antagonist	major
tt0375210	Work Man	nm0467416	antagonist	minor
tt0375679	Graham	nm0000332	protagonist	major
tt0375679	Anthony (as Chris 'Ludacris' Bridges)	nm0524839	protagonist	major
tt0375679	Peter	nm0005478	protagonist	major
tt0375679	Cameron	nm0005024	protagonist	major
tt0375679	Christine (as Thandie Newton)	nm0628601	protagonist	major
tt0375679	Officer Hanson (as Ryan Phillipe)	nm0000202	protagonist	major
tt0375679	Rick	nm0000409	protagonist	minor
tt0375679	Jean	nm0000113	protagonist	minor
tt0375679	Officer Ryan	nm0000369	antagonist	major
tt0375679	Flanagan	nm0001209	antagonist	minor
tt0375679	Lt. Dixon	nm0202966	antagonist	minor
tt0376105	Stripes (voice)	nm0005260	protagonist	major
tt0376105	Channing Walsh	nm0659363	protagonist	major
tt0376105	Nolan Walsh	nm0339304	protagonist	minor
tt0376105	Sir Trenton (voice) (as Fred Dalton Thompson)	nm0000669	antagonist	major
tt0376105	Clara Dalrymple	nm0005176	antagonist	minor
tt0376105	Ruffshodd (voice)	nm0742146	antagonist	minor
tt0376105	Trenton's Pride (voice)	nm0005045	antagonist	minor
tt0376994	Logan	nm0413168	protagonist	major
tt0376994	Charles Xavier	nm0001772	protagonist	major
tt0376994	Storm	nm0000932	protagonist	minor
tt0376994	Dr. Henry 'Hank' McCoy	nm0001288	protagonist	minor
tt0376994	Iceman	nm0039162	protagonist	minor
tt0376994	Kitty Pryde	nm0680983	protagonist	minor
tt0376994	Magneto	nm0005212	antagonist	major
tt0376994	Jean Grey	nm0000463	antagonist	major
tt0376994	Pyro	nm0822155	antagonist	minor
tt0376994	Juggernaut	nm0005068	antagonist	minor
tt0376994	Callisto	nm1268158	antagonist	minor
tt0376994	Mystique	nm0005381	antagonist	minor
tt0376994	Multiple Man	nm0199312	antagonist	minor
tt0377092	Cady Heron	nm0517820	protagonist	major
tt0377092	Regina George	nm1046097	antagonist	major
tt0377092	Gretchen Wieners	nm0000327	antagonist	minor
tt0377092	Karen Smith	nm1086543	antagonist	minor
tt0377109	Rachel	nm0915208	protagonist	major
tt0377109	Aidan	nm0233562	protagonist	major
tt0377109	Evil Samara	nm1261587	antagonist	major
tt0377471	Chili Palmer	nm0000237	protagonist	major
tt0377471	Edie Athens	nm0000235	protagonist	minor
tt0377471	Linda Moon	nm0587396	protagonist	minor
tt0377471	Nick Carr	nm0000172	antagonist	major
tt0377471	Raji	nm0000681	antagonist	major
tt0377471	Sin LaSalle	nm0147825	antagonist	minor
tt0377471	Roman Bulkin	nm0473474	antagonist	minor
tt0377471	Joe Loop	nm0665123	antagonist	minor
tt0377818	Bo Duke	nm0005405	protagonist	major
tt0377818	Luke Duke	nm0424216	protagonist	major
tt0377818	Daisy Duke	nm0005433	protagonist	major
tt0377818	Jefferson Davis 'Boss' Hogg	nm0000608	antagonist	major
tt0377818	Sheriff Rosco P. Coltrane	nm0301370	antagonist	major
tt0377818	Billy Prickett (as James Roday)	nm0734442	antagonist	minor
tt0378194	Beatrix Kiddo aka The Bride aka Black Mamba aka Mommy	nm0000235	protagonist	major
tt0378194	Bill aka Snake Charmer	nm0001016	antagonist	major
tt0378194	Budd aka Sidewinder	nm0000514	antagonist	minor
tt0378194	Elle Driver aka California Mountain Snake	nm0000435	antagonist	minor
tt0381061	James Bond	nm0185819	protagonist	major
tt0381061	Vesper Lynd	nm1200692	protagonist	major
tt0381061	M	nm0001132	protagonist	minor
tt0381061	Felix Leiter	nm0942482	protagonist	minor
tt0381061	Le Chiffre	nm0586568	antagonist	major
tt0381061	Mr. White	nm0159802	antagonist	minor
tt0381061	Alex Dimitrios	nm0008787	antagonist	minor
tt0381061	Steven Obanno (as Isaach De Bankole)	nm0207218	antagonist	minor
tt0381061	Mollaka (as Sébastien Foucan)	nm1451951	antagonist	minor
tt0381061	Valenka	nm0587431	antagonist	minor
tt0381707	Kevin Copeland	nm0915465	protagonist	major
tt0381707	Marcus Copeland	nm0005541	protagonist	major
tt0381707	Warren Vandergeld	nm0001334	antagonist	major
tt0381707	Heather Vandergeld	nm0454809	antagonist	minor
tt0381707	Megan Vandergeld	nm0199590	antagonist	minor
tt0381707	Heath	nm1221622	antagonist	minor
tt0381707	Russ (Party Boy)	nm0337053	antagonist	minor
tt0381849	Dan Evans	nm0000288	protagonist	major
tt0381849	William Evans	nm0503567	protagonist	minor
tt0381849	Ben Wade	nm0000128	antagonist	major
tt0381849	Charlie Prince	nm0004936	antagonist	major
tt0381849	Glen Hollander	nm0517448	antagonist	minor
tt0381849	Walter Boles	nm1324890	antagonist	minor
tt0382077	David Callaway	nm0000134	antagonist	major
tt0382077	Emily Callaway	nm0266824	protagonist	major
tt0382077	Katherine	nm0000463	protagonist	minor
tt0382077	Charlie (uncredited)	nm0564548	antagonist	major
tt0382625	Robert Langdon	nm0000158	protagonist	major
tt0382625	Sophie Neveu	nm0851582	protagonist	major
tt0382625	Sir Leigh Teabing	nm0005212	antagonist	major
tt0382625	Silas	nm0079273	antagonist	major
tt0382625	Captain Bezu Fache	nm0000606	antagonist	minor
tt0382625	Bishop Manuel Aringarosa	nm0000547	antagonist	minor
tt0382625	Remy Jean	nm0077873	antagonist	minor
tt0382625	Andre Vernet	nm0001638	antagonist	minor
tt0383216	Clouseau	nm0000188	protagonist	major
tt0383216	Ponton	nm0000606	protagonist	minor
tt0383216	Yuri	nm0001089	antagonist	major
tt0383216	Dreyfus	nm0000177	antagonist	major
tt0383574	Jack Sparrow	nm0000136	protagonist	major
tt0383574	Will Turner	nm0089217	protagonist	major
tt0383574	Elizabeth Swann	nm0461136	protagonist	major
tt0383574	Davy Jones	nm0631490	antagonist	major
tt0383574	Cutler Beckett	nm0390903	antagonist	major
tt0383574	Norrington	nm0202603	antagonist	minor
tt0384642	Phil Weston	nm0002071	protagonist	major
tt0384642	Sam Weston	nm1563653	protagonist	minor
tt0384642	Buck Weston	nm0000380	antagonist	major
tt0384806	George Lutz	nm0005351	protagonist	major
tt0384806	Kathy Lutz	nm0313534	protagonist	major
tt0384806	Billy Lutz	nm0416596	protagonist	minor
tt0384806	Michael Lutz	nm1497548	protagonist	minor
tt0384806	Chelsea Lutz	nm1631269	protagonist	minor
tt0384806	Ronald Defeo	nm1861863	antagonist	minor
tt0384806	Jodie Defeo	nm1861910	antagonist	minor
tt0385752	Lyra	nm2301950	protagonist	major
tt0385752	Pantalaimon (voice)	nm0383603	protagonist	minor
tt0385752	Iorek Byrnison (voice)	nm0005212	protagonist	minor
tt0385752	Lee Scoresby	nm0000385	protagonist	minor
tt0385752	Mrs. Coulter	nm0000173	antagonist	major
tt0385752	Ragnar Sturlusson (voice)	nm0574534	antagonist	minor
tt0386117	Max	nm2504006	protagonist	major
tt0386117	Carol (voice)	nm0001254	antagonist	major
tt0386588	Hitch	nm0000226	protagonist	major
tt0386588	Sara	nm0578949	protagonist	major
tt0386588	Albert	nm0416673	protagonist	major
tt0386588	Vance	nm0232998	antagonist	minor
tt0388419	Luther Krank	nm0000741	protagonist	major
tt0388419	Nora Krank	nm0000130	protagonist	major
tt0388419	Vic Frohmeyer	nm0000101	antagonist	major
tt0388419	Walt Scheel	nm0001826	antagonist	major
tt0388419	Spike Frohmeyer	nm0838059	antagonist	minor
tt0388795	Ennis Del Mar	nm0005132	protagonist	major
tt0388795	Jack Twist	nm0350453	protagonist	major
tt0389860	Michael Newman	nm0001191	protagonist	major
tt0389860	Morty	nm0000686	antagonist	major
tt0389860	Ammer	nm0001327	antagonist	minor
tt0390022	Coach Gary Gaines	nm0000671	protagonist	major
tt0390022	Mike Winchell	nm0085407	protagonist	major
tt0390022	Boobie Miles	nm1035682	protagonist	major
tt0390022	Don Billingsley	nm1330560	protagonist	major
tt0390022	Chris Comer	nm0949810	protagonist	minor
tt0390022	Brian Chavez	nm0379596	protagonist	minor
tt0390022	Ivory Christian	nm1430960	protagonist	minor
tt0390022	Charles Billingsley	nm0005210	antagonist	minor
tt0391198	Karen	nm0001264	protagonist	major
tt0391198	Kayako	nm1232416	antagonist	major
tt0391198	Takeo	nm0559690	antagonist	minor
tt0391198	Toshio	nm1505005	antagonist	minor
tt0393162	Coach Ken Carter	nm0000168	protagonist	major
tt0393162	Timo Cruz	nm0327779	protagonist	minor
tt0393162	Kenyon Stone	nm0114532	protagonist	minor
tt0393735	Dave Douglas	nm0000741	protagonist	major
tt0393735	Dr. Kozak	nm0000375	antagonist	major
tt0395699	Shane Wolfe	nm0004874	protagonist	major
tt0395699	Zoe Plummer	nm0811242	protagonist	minor
tt0395699	Seth Plummer	nm1302735	protagonist	minor
tt0395699	Bill Fawcett	nm0693243	antagonist	major
tt0395699	Mr. Chun	nm0015124	antagonist	major
tt0395699	Mrs. Chun	nm0875283	antagonist	minor
tt0396269	John Beckwith	nm0005562	protagonist	major
tt0396269	Jeremy Grey	nm0000681	protagonist	major
tt0396269	Sack Lodge	nm0177896	antagonist	major
tt0397313	Jerry Shepard	nm0908094	protagonist	major
tt0397313	Maya - a Dog	nm3264719	protagonist	major
tt0397313	Maya - a Dog (as Koda Bear)	nm2242265	protagonist	major
tt0397313	Max -a Dog	nm2239031	protagonist	major
tt0397313	Max - a Dog	nm3265126	protagonist	major
tt0397313	Davis McClaren	nm0339304	protagonist	minor
tt0397313	Old Jack - a Dog	nm3264991	protagonist	minor
tt0397313	Old Jack - a Dog	nm2242726	protagonist	minor
tt0397313	Shadow - a Dog	nm3265012	protagonist	minor
tt0397313	Shadow - a Dog	nm3264917	protagonist	minor
tt0397313	Buck - a Dog	nm3264853	protagonist	minor
tt0397313	Buck - a Dog	nm3265163	protagonist	minor
tt0397313	Truman - a Dog	nm3263665	protagonist	minor
tt0397313	Truman - a Dog	nm3263331	protagonist	minor
tt0397313	Dewey - a Dog	nm1782550	protagonist	minor
tt0397313	Dewey - a Dog	nm3006719	protagonist	minor
tt0397313	Shorty - a Dog	nm3263889	protagonist	minor
tt0397313	Shorty - a Dog	nm3263380	protagonist	minor
tt0398165	Paul Crewe	nm0001191	protagonist	major
tt0398165	Caretaker	nm0001674	protagonist	minor
tt0398165	Coach Nate Scarborough	nm0000608	protagonist	minor
tt0398165	Warden Hazen	nm0000342	antagonist	major
tt0398165	Captain Knauer	nm0001209	antagonist	major
tt0398165	Unger	nm0446314	antagonist	minor
tt0398808	Jess Aarons	nm1242688	protagonist	major
tt0398808	Leslie Burke	nm1455681	protagonist	major
tt0398808	Scott Hoager	nm2050051	antagonist	minor
tt0398808	Gary Fulcher	nm2091000	antagonist	minor
tt0398808	Janice Avery	nm1906863	antagonist	minor
tt0398808	Dark Master	nm2524514	antagonist	minor
tt0400497	Maggie Peyton	nm0517820	protagonist	major
tt0400497	Herbie (uncredited)	nm1888329	protagonist	major
tt0400497	Kevin	nm0519043	protagonist	minor
tt0400497	Trip Murphy	nm0000369	antagonist	major
tt0401729	John Carter	nm2018237	protagonist	major
tt0401729	Dejah Thoris	nm1211488	protagonist	major
tt0401729	Edgar Rice Burroughs	nm0754512	protagonist	minor
tt0401729	Matai Shang	nm0835016	antagonist	major
tt0401729	Sab Than	nm0922035	antagonist	major
tt0401729	Tal Hajus	nm0002006	antagonist	minor
tt0401729	Powell	nm0186505	antagonist	minor
tt0401792	Hartigan	nm0000246	protagonist	major
tt0401792	Marv	nm0000620	protagonist	major
tt0401792	Dwight	nm0654110	protagonist	major
tt0401792	Nancy	nm0004695	protagonist	minor
tt0401792	Gail	nm0206257	protagonist	minor
tt0401792	Miho	nm1226817	protagonist	minor
tt0401792	Roark Jr.	nm0001763	antagonist	major
tt0401792	Yellow Bastard	nm0001763	antagonist	major
tt0401792	Senator Roark	nm0000959	antagonist	major
tt0401792	Kevin	nm0000704	antagonist	major
tt0401792	Cardinal Roark	nm0000442	antagonist	major
tt0401792	Jackie Boy	nm0001125	antagonist	major
tt0401792	Manute	nm0003817	antagonist	major
tt0401792	Bob	nm0000514	antagonist	minor
tt0401792	Becky	nm0088127	antagonist	minor
tt0401855	Selene	nm0000295	protagonist	major
tt0401855	Michael	nm0005454	protagonist	major
tt0401855	Marcus	nm0192889	antagonist	major
tt0401855	William	nm0824498	antagonist	minor
tt0401855	Kraven	nm0111274	antagonist	minor
tt0401855	Viktor	nm0631490	antagonist	minor
tt0404032	Erin Bruner	nm0001473	protagonist	major
tt0404032	Father Moore	nm0929489	protagonist	major
tt0404032	Emily Rose	nm1358539	protagonist	major
tt0404032	Ethan Thomas	nm0001714	antagonist	major
tt0405159	Maggie Fitzgerald	nm0005476	protagonist	major
tt0405159	Frankie Dunn	nm0000142	protagonist	major
tt0405159	Eddie Scrap-Iron Dupris	nm0000151	protagonist	minor
tt0405159	Billie 'The Blue Bear'	nm0726900	antagonist	minor
tt0405325	Will Stronghold	nm0029400	protagonist	major
tt0405325	Layla	nm1263939	protagonist	minor
tt0405325	Gwen	nm0935541	antagonist	major
tt0405325	Royal Pain	nm0935541	antagonist	major
tt0405325	Speed	nm1705317	antagonist	minor
tt0405325	Lash	nm0762424	antagonist	minor
tt0405422	Andy	nm0136797	protagonist	major
tt0406816	Ben Randall	nm0000126	protagonist	major
tt0406816	Jake Fischer	nm0005110	protagonist	major
tt0407304	Ray Ferrier	nm0000129	protagonist	major
tt0407304	Rachel Ferrier	nm0266824	protagonist	minor
tt0407304	Robbie	nm0154226	protagonist	minor
tt0407304	Harlan Ogilvy	nm0000209	antagonist	minor
tt0407887	Billy	nm0000138	protagonist	major
tt0407887	Queenan	nm0000640	protagonist	minor
tt0407887	Dignam	nm0000242	protagonist	minor
tt0407887	Colin	nm0000354	antagonist	major
tt0407887	Costello	nm0000197	antagonist	major
tt0407887	Barrigan	nm0197647	antagonist	minor
tt0408790	Kyle Pratt	nm0000149	protagonist	major
tt0408790	Carson	nm0765597	antagonist	major
tt0408790	Stephanie	nm0063571	antagonist	minor
tt0408790	Mortuary Director	nm0075321	antagonist	minor
tt0409182	Dylan Johns	nm0524197	protagonist	major
tt0409182	Robert Ramsey	nm0000621	protagonist	major
tt0409182	Maggie James	nm0057150	protagonist	minor
tt0409182	Richard Nelson	nm0000377	protagonist	minor
tt0409182	Jennifer Ramsey	nm0002536	protagonist	minor
tt0409182	Christian	nm1036181	protagonist	minor
tt0409182	Conor James	nm1497548	protagonist	minor
tt0409182	Elena Morales	nm0535502	protagonist	minor
tt0409459	Rorschach	nm0355097	protagonist	major
tt0409459	Dan Dreiberg	nm0933940	protagonist	major
tt0409459	Laurie Jupiter	nm0015196	protagonist	major
tt0409459	Dr. Manhattan	nm0001082	protagonist	major
tt0409459	Adrian Veidt	nm0328828	antagonist	major
tt0409847	Jake Lonergan	nm0185819	protagonist	major
tt0409847	Ella Swenson	nm1312575	protagonist	major
tt0409847	Woodrow Dolarhyde	nm0000148	protagonist	major
tt0410297	Kate Forster	nm0000113	protagonist	major
tt0410297	Alex Wyler	nm0000206	protagonist	major
tt0411477	Hellboy	nm0000579	protagonist	major
tt0411477	Liz Sherman	nm0004757	protagonist	major
tt0411477	Abe Sapien	nm0427964	protagonist	major
tt0411477	Prince Nuada	nm0331577	antagonist	major
tt0411477	Wink	nm0824498	antagonist	minor
tt0413099	Evan Baxter	nm0136797	protagonist	major
tt0413099	Congressman Long	nm0000422	antagonist	major
tt0413300	Peter Parker	nm0001497	protagonist	major
tt0413300	Spider-Man	nm0001497	protagonist	major
tt0413300	Harry Osborn	nm0290556	antagonist	major
tt0413300	Flint Marko	nm0002006	antagonist	major
tt0413300	Sandman	nm0002006	antagonist	major
tt0413300	Eddie Brock	nm0333410	antagonist	major
tt0413300	Venom	nm0333410	antagonist	major
tt0413895	Wilbur The Spring Pig (voice)	nm1122614	protagonist	major
tt0413895	Charlotte the Spider (voice)	nm0000210	protagonist	major
tt0413895	Fern Arable	nm0266824	protagonist	major
tt0413895	Mr. Arable	nm0000754	antagonist	minor
tt0413895	Homer Zuckerman	nm0059630	antagonist	minor
tt0414982	Wendy Christensen	nm0935541	protagonist	major
tt0414982	Kevin Fischer	nm0581365	protagonist	major
tt0414982	Ian McKinley	nm0501210	antagonist	minor
tt0415306	Ricky Bobby	nm0002071	protagonist	major
tt0415306	Jean Girard	nm0056187	antagonist	major
tt0415306	Larry Dennit Jr.	nm0314524	antagonist	major
tt0416236	Jared Grace	nm0383603	protagonist	major
tt0416236	Simon Grace	nm0383603	protagonist	major
tt0416236	Mallory Grace	nm0092961	protagonist	major
tt0416236	Helen Grace	nm0000571	protagonist	minor
tt0416236	Mulgarath	nm0000560	antagonist	major
tt0416236	Red Cap (voice) (uncredited)	nm0000579	antagonist	minor
tt0416449	King Leonidas	nm0124930	protagonist	major
tt0416449	Queen Gorgo	nm0372176	protagonist	minor
tt0416449	Dilios	nm0920992	protagonist	minor
tt0416449	Xerxes	nm0763928	antagonist	major
tt0416449	Theron	nm0922035	antagonist	minor
tt0416449	Ephialtes	nm0862907	antagonist	minor
tt0417741	Harry Potter	nm0705356	protagonist	major
tt0417741	Professor Albus Dumbledore	nm0002091	protagonist	major
tt0417741	Ron Weasley	nm0342488	protagonist	minor
tt0417741	Hermione Granger	nm0914612	protagonist	minor
tt0417741	Draco Malfoy	nm0271657	antagonist	major
tt0417741	Professor Severus Snape	nm0000614	antagonist	major
tt0417741	Bellatrix Lestrange	nm0000307	antagonist	minor
tt0417741	Fenrir Greyback	nm0499270	antagonist	minor
tt0418279	Sam Witwicky	nm0479471	protagonist	major
tt0418279	Optimus Prime (voice)	nm0191520	protagonist	major
tt0418279	Mikaela Banes	nm1083271	protagonist	major
tt0418279	Bumblebee (voice)	nm0752699	protagonist	major
tt0418279	Captain Lennox	nm0241049	protagonist	minor
tt0418279	Jazz (voice)	nm0566902	protagonist	minor
tt0418279	Ratchet (voice)	nm0289343	protagonist	minor
tt0418279	Ironhide	nm0363641	protagonist	minor
tt0418279	Megatron (voice)	nm0915989	antagonist	major
tt0418279	Frenzy (voice)	nm0934008	antagonist	minor
tt0418279	Barricade (voice)	nm0363641	antagonist	minor
tt0418279	Starscream (voice)	nm0012121	antagonist	minor
tt0418279	Bonecrusher (voice) (as Jim Wood)	nm0939788	antagonist	minor
tt0418763	Anthony Swofford	nm0350453	protagonist	major
tt0418763	Alan Troy	nm0765597	protagonist	minor
tt0421239	Lisa Reisert	nm1046097	protagonist	major
tt0421239	Jackson Rippner	nm0614165	antagonist	major
tt0421239	Hit Man at Dad's House	nm0267258	antagonist	minor
tt0421715	Benjamin Button	nm0000093	protagonist	major
tt0421715	Daisy	nm0000949	protagonist	major
tt0421729	Malcolm	nm0001454	protagonist	major
tt0421729	Big Momma	nm0001454	protagonist	major
tt0421729	Casal	nm0196592	antagonist	major
tt0422093	Helen	nm0253708	protagonist	major
tt0422093	Charles	nm0004996	antagonist	major
tt0422093	Brenda	nm1478589	antagonist	minor
tt0422093	Jamison (as Gary Sturgis)	nm0836365	antagonist	minor
tt0422774	Nick Persons	nm0001084	protagonist	major
tt0422774	Chuck Mitchell, Jr.	nm0001525	antagonist	major
tt0425061	Maxwell Smart	nm0136797	protagonist	major
tt0425061	Agent 99	nm0004266	protagonist	major
tt0425061	Siegfried	nm0000654	antagonist	major
tt0425061	Agent 23	nm0425005	antagonist	major
tt0425061	Shtarker	nm0205772	antagonist	minor
tt0425061	Dalip	nm1724637	antagonist	minor
tt0425061	Krstic	nm1605085	antagonist	minor
tt0427152	Tim	nm0748620	protagonist	major
tt0427152	Barry	nm0136797	protagonist	major
tt0427152	Lance Fender	nm0339304	antagonist	major
tt0427152	Therman	nm0302108	antagonist	minor
tt0427229	Tripp	nm0000190	protagonist	major
tt0427229	Paula	nm0000572	protagonist	major
tt0427327	Tracy Turnblad	nm2284889	protagonist	major
tt0427327	Velma Von Tussle	nm0000201	antagonist	major
tt0427327	Amber Von Tussle	nm0811242	antagonist	minor
tt0427327	Prudy Pingleton	nm0005049	antagonist	minor
tt0429493	Hannibal	nm0000553	protagonist	major
tt0429493	Face	nm0177896	protagonist	major
tt0429493	B.A. Baracus	nm1961693	protagonist	major
tt0429493	Murdock	nm1663205	protagonist	major
tt0429493	Lynch	nm0933940	antagonist	major
tt0429493	Pike	nm0089141	antagonist	major
tt0429493	General Morrison	nm0574468	antagonist	major
tt0429493	General Javier Tuco (as Yul Vázquez)	nm0891485	antagonist	minor
tt0430105	Bobby Mercer	nm0000242	protagonist	major
tt0430105	Angel Mercer	nm0879085	protagonist	major
tt0430105	Jeremiah Mercer (as André Benjamin)	nm0071275	protagonist	major
tt0430105	Jack Mercer	nm1330560	protagonist	major
tt0430105	Victor Sweet	nm0252230	antagonist	major
tt0430105	Detective Fowler	nm0001038	antagonist	major
tt0430304	Calvin	nm0005541	protagonist	major
tt0430304	Darryl	nm0915465	protagonist	major
tt0430304	Vanessa	nm0913488	protagonist	minor
tt0430304	Walken	nm0001590	antagonist	major
tt0430304	Bruno (as John De Santis)	nm0220883	antagonist	minor
tt0430304	Rosco	nm0792156	antagonist	minor
tt0430357	Sonny Crockett	nm0268199	protagonist	major
tt0430357	Ricardo Tubbs	nm0004937	protagonist	major
tt0430357	Jose Yero	nm0651159	antagonist	major
tt0430357	Montoya	nm0869088	antagonist	minor
tt0430357	Neptune (as Isaach De Bankole)	nm0207218	antagonist	minor
tt0430922	Danny	nm0748620	protagonist	major
tt0430922	Wheeler	nm0005405	protagonist	major
tt0430922	Augie	nm2395586	protagonist	minor
tt0430922	Ronnie	nm1442928	protagonist	minor
tt0430922	King Argotron	nm0421822	antagonist	major
tt0431197	Ronald Fleury	nm0004937	protagonist	major
tt0431197	Colonel Faris Al Ghazi	nm1678557	protagonist	major
tt0431197	Janet Mayes	nm0004950	protagonist	minor
tt0431197	Adam Leavitt	nm0000867	protagonist	minor
tt0431197	Grant Sykes	nm0177933	protagonist	minor
tt0431197	Sergeant Haytham	nm1846124	protagonist	minor
tt0431197	Abu Hamza	nm1008513	antagonist	major
tt0431197	15-Year-Old Grandson (as Elie Georges El-Khoury)	nm2374486	antagonist	minor
tt0432021	Alice	nm0000170	protagonist	major
tt0432021	Claire	nm0005123	protagonist	minor
tt0432021	Carlos Olivera	nm0004912	protagonist	minor
tt0432021	Dr. Isaacs	nm0322513	antagonist	major
tt0432021	Albert Wesker	nm0641816	antagonist	minor
tt0432348	Eric Matthews	nm0005531	protagonist	major
tt0432348	Daniel Matthews	nm0461712	protagonist	minor
tt0432348	John	nm0068551	antagonist	major
tt0432348	Jigsaw	nm0068551	antagonist	major
tt0432348	Amanda	nm0809938	antagonist	major
tt0432348	Xavier	nm1065281	antagonist	minor
tt0433035	Charlie Kenton	nm0413168	protagonist	major
tt0433035	Max Kenton	nm2023672	protagonist	major
tt0433035	Bailey Tallet	nm1431940	protagonist	minor
tt0433035	Ricky	nm0243806	antagonist	major
tt0433035	Tak Mashido	nm1400085	antagonist	minor
tt0434409	Evey	nm0000204	protagonist	major
tt0434409	V	nm0915989	protagonist	major
tt0434409	Adam Sutler	nm0000457	antagonist	major
tt0434409	Creedy	nm0683116	antagonist	major
tt0434409	Lewis Prothero	nm0019885	antagonist	minor
tt0434409	Lilliman	nm0822062	antagonist	minor
tt0437086	Alita	nm4023073	protagonist	major
tt0437086	Hugo	nm5277107	protagonist	major
tt0437086	Dr. Dyson Ido	nm0910607	protagonist	minor
tt0437086	Vector	nm0991810	antagonist	major
tt0437086	Grewishka	nm0355097	antagonist	major
tt0437086	Zapan	nm4534098	antagonist	minor
tt0437863	Gus	nm0001705	protagonist	major
tt0437863	Richie	nm0005450	protagonist	major
tt0437863	Clark	nm1417647	protagonist	major
tt0437863	Jerry	nm0452929	antagonist	major
tt0437863	Brad	nm0758461	antagonist	minor
tt0437863	Karl	nm1665399	antagonist	minor
tt0437863	Wayne	nm0005218	antagonist	minor
tt0437863	Carlos	nm1004774	antagonist	minor
tt0437863	Troy	nm1206073	antagonist	minor
tt0437863	Kyle	nm0918135	antagonist	minor
tt0438488	John Connor	nm0000288	protagonist	major
tt0438488	Marcus Wright	nm0941777	protagonist	major
tt0438488	T-800	nm0452199	antagonist	major
tt0438488	General Ashdown	nm0000461	antagonist	minor
tt0440963	Jason Bourne	nm0000354	protagonist	major
tt0440963	Nicky Parsons	nm0005466	protagonist	minor
tt0440963	Pam Landy	nm0000260	protagonist	minor
tt0440963	Noah Vosen	nm0000657	antagonist	major
tt0440963	Paz (as Edgar Ramirez)	nm1183149	antagonist	minor
tt0440963	Desh	nm1438275	antagonist	minor
tt0440963	Dr. Albert Hirsch	nm0001215	antagonist	minor
tt0443272	Abraham Lincoln	nm0000358	protagonist	major
tt0443272	William Seward	nm0000657	protagonist	minor
tt0443272	Thaddeus Stevens	nm0000169	protagonist	minor
tt0443274	Thomas Barnes	nm0000598	protagonist	major
tt0443274	Howard Lewis	nm0001845	protagonist	minor
tt0443274	Enrique	nm0635330	protagonist	minor
tt0443274	President Ashton	nm0000458	protagonist	minor
tt0443274	Suarez	nm0846548	antagonist	major
tt0443274	Kent Taylor	nm0289142	antagonist	major
tt0443274	Veronica	nm0957909	antagonist	minor
tt0443274	Javier (as Edgar Ramirez)	nm1183149	antagonist	minor
tt0443295	Frank Beardsley	nm0000598	protagonist	major
tt0443295	Helen North	nm0000623	protagonist	major
tt0443295	William Beardsley	nm0267511	antagonist	minor
tt0443453	Borat	nm0056187	protagonist	major
tt0443453	Azamat	nm0205772	protagonist	minor
tt0443489	Effie White	nm1617685	protagonist	major
tt0443489	Deena Jones (as Beyoncé Knowles)	nm0461498	protagonist	major
tt0443489	James 'Thunder' Early	nm0000552	protagonist	minor
tt0443489	C.C. White (as Keith Robinson)	nm0732803	protagonist	minor
tt0443489	Lorrell Robinson	nm0741242	protagonist	minor
tt0443489	Curtis Taylor Jr.	nm0004937	antagonist	major
tt0443649	D'Leh	nm1711829	protagonist	major
tt0443649	Tic'Tic	nm0193295	protagonist	minor
tt0443649	Warlord (as Ben Badra)	nm1462341	antagonist	major
tt0443649	Pyramid God	nm0055291	antagonist	major
tt0445934	Chazz Michael Michaels	nm0002071	protagonist	major
tt0445934	Jimmy MacElroy	nm1417647	protagonist	major
tt0445934	Coach	nm0005266	protagonist	minor
tt0445934	Katie Van Waldenberg	nm0278979	protagonist	minor
tt0445934	Stranz Van Waldenberg	nm0004715	antagonist	major
tt0445934	Fairchild Van Waldenberg	nm0688132	antagonist	major
tt0445990	Vince Papale	nm0000242	protagonist	major
tt0445990	Dick Vermeil	nm0001427	protagonist	minor
tt0445990	Sharon Papale	nm0322164	antagonist	minor
tt0448011	John Koestler	nm0000115	protagonist	major
tt0448011	Caleb Koestler	nm2425105	protagonist	minor
tt0448011	Diana	nm0126284	protagonist	minor
tt0448115	Billy Batson	nm4755508	protagonist	major
tt0448115	Shazam	nm1157048	protagonist	major
tt0448115	Freddy Freeman	nm6244013	protagonist	minor
tt0448115	Dr. Sivana	nm0835016	antagonist	major
tt0448115	Thaddeus Sivana (1974)	nm7500354	antagonist	minor
tt0448115	Mr. Sivana	nm0001278	antagonist	minor
tt0448115	Sin (voice)	nm0089707	antagonist	minor
tt0448115	Sin (voice)	nm0210875	antagonist	minor
tt0448115	Sin (voice)	nm0851317	antagonist	minor
tt0448157	John Hancock	nm0000226	protagonist	major
tt0448157	Ray	nm0000867	protagonist	minor
tt0448157	Mary	nm0000234	protagonist	minor
tt0448157	Red	nm0550371	antagonist	major
tt0449010	Eragon	nm1968873	protagonist	major
tt0449010	Saphira (voice)	nm0001838	protagonist	major
tt0449010	Brom	nm0000460	protagonist	minor
tt0449010	Arya	nm0347149	protagonist	minor
tt0449010	Durza	nm0001015	antagonist	major
tt0449010	Galbatorix	nm0000518	antagonist	major
tt0449010	Razac #1	nm1872855	antagonist	minor
tt0449010	Razac #2	nm1539504	antagonist	minor
tt0449059	Olive	nm1113550	protagonist	major
tt0449059	Richard Hoover	nm0001427	protagonist	major
tt0449059	Sheryl	nm0001057	protagonist	major
tt0449059	Dwayne	nm0200452	protagonist	major
tt0449059	Frank	nm0136797	protagonist	major
tt0449059	Edwin Hoover	nm0000273	protagonist	major
tt0449088	Jack Sparrow	nm0000136	protagonist	major
tt0449088	Will Turner	nm0089217	protagonist	major
tt0449088	Elizabeth Swann	nm0461136	protagonist	major
tt0449088	Captain Hector Barbossa	nm0001691	protagonist	major
tt0449088	Cutler Beckett	nm0390903	antagonist	major
tt0449088	Davy Jones	nm0631490	antagonist	major
tt0449088	Captain Sao Feng	nm0000334	antagonist	minor
tt0449089	Bob Munro	nm0000245	protagonist	major
tt0449089	Jamie Munro	nm0385644	protagonist	minor
tt0449089	Cassie Munro (as Joanna 'JoJo' Levesque)	nm1685658	protagonist	minor
tt0449089	Carl Munro	nm1242688	protagonist	minor
tt0449089	Todd Mallory	nm0004715	antagonist	major
tt0450385	Mike Enslin	nm0000131	protagonist	major
tt0451279	Diana	nm2933757	protagonist	major
tt0451279	Steve Trevor	nm1517976	protagonist	major
tt0451279	Sir Patrick	nm0000667	antagonist	major
tt0451279	Ludendorff	nm0396812	antagonist	major
tt0451279	Dr. Maru	nm0025745	antagonist	minor
tt0452594	Gary Grobowski	nm0000681	protagonist	major
tt0452594	Brooke Meyers	nm0000098	protagonist	major
tt0452681	Scott Calvin	nm0000741	protagonist	major
tt0452681	Santa	nm0000741	protagonist	major
tt0452681	Lucy Miller	nm1137414	protagonist	minor
tt0452681	Jack Frost	nm0001737	antagonist	major
tt0452694	Henry	nm0051509	protagonist	major
tt0452694	Clare	nm1046097	protagonist	major
tt0453467	Doug Carlin	nm0000243	protagonist	major
tt0453467	Claire Kuchever	nm1745736	protagonist	minor
tt0453467	Carroll Oerstadt	nm0001029	antagonist	major
tt0453562	Jackie Robinson	nm1569276	protagonist	major
tt0453562	Branch Rickey	nm0000148	protagonist	major
tt0453562	Ben Chapman	nm0876138	antagonist	major
tt0453562	Enos Slaughter	nm5193650	antagonist	minor
tt0453562	Fritz Ostermueller	nm1915289	antagonist	minor
tt0453562	Dixie Walker	nm0581365	antagonist	minor
tt0454848	Detective Keith Frazier	nm0000243	protagonist	major
tt0454848	Dalton Russell	nm0654110	protagonist	major
tt0454848	Detective Bill Mitchell	nm0252230	protagonist	minor
tt0454848	Arthur Case	nm0001626	antagonist	major
tt0454848	Madeleine White	nm0000149	antagonist	major
tt0454876	Pi Patel	nm4139037	protagonist	major
tt0454876	Adult Pi Patel	nm0451234	protagonist	minor
tt0454876	Cook	nm0000367	antagonist	minor
tt0454921	Chris Gardner	nm0000226	protagonist	major
tt0454921	Christopher (as Jaden Christopher Syre Smith)	nm1535523	protagonist	minor
tt0455612	Lisa	nm1468674	protagonist	major
tt0455612	Vanessa (as Lisa Arrindell Anderson)	nm0027092	protagonist	major
tt0455612	Madea	nm1347153	protagonist	major
tt0455612	Victoria	nm0005551	antagonist	major
tt0455612	Carlos Armstrong	nm0005516	antagonist	major
tt0455944	Robert McCall	nm0000243	protagonist	major
tt0455944	Teddy	nm0190744	antagonist	major
tt0455944	Vladimir Pushkin	nm0474520	antagonist	major
tt0455944	Slavi	nm1635108	antagonist	minor
tt0457510	Nacho	nm0085312	protagonist	major
tt0457510	Esqueleto	nm0422948	protagonist	major
tt0457510	Ramses (as Cesar Gonzalez 'Silver King')	nm1101848	antagonist	major
tt0457510	Silencio	nm2280817	antagonist	minor
tt0458339	Steve Rogers	nm0262635	protagonist	major
tt0458339	Captain America	nm0262635	protagonist	major
tt0458339	Johann Schmidt	nm0915989	antagonist	major
tt0458339	Red Skull	nm0915989	antagonist	major
tt0458339	Dr. Arnim Zola	nm0429363	antagonist	minor
tt0458339	Heinz Kruger	nm0035514	antagonist	minor
tt0458352	Andy Sachs	nm0004266	protagonist	major
tt0458352	Miranda Priestly	nm0000658	antagonist	major
tt0458525	Logan	nm0413168	protagonist	major
tt0458525	Stryker	nm0396812	antagonist	major
tt0458525	Victor Creed	nm0000630	antagonist	major
tt0458525	Agent Zero	nm2024644	antagonist	minor
tt0458525	Weapon XI	nm0012078	antagonist	minor
tt0462590	Tyler Gage	nm1475594	protagonist	major
tt0462590	Nora Clark	nm1564087	protagonist	major
tt0462590	PJ	nm1913599	antagonist	minor
tt0463034	Carl	nm0000369	protagonist	major
tt0463034	Molly	nm0005028	protagonist	major
tt0463034	Dupree	nm0005562	protagonist	major
tt0463034	Mr. Thompson	nm0000140	antagonist	major
tt0463985	Sean Boswell	nm0085407	protagonist	major
tt0463985	D.K.	nm0974575	antagonist	major
tt0463985	Morimoto	nm1211344	antagonist	minor
tt0463985	Uncle Kamata (as Sonny Chiba)	nm0002002	antagonist	minor
tt0463985	Clay (as Zachery Bryan)	nm0117022	antagonist	minor
tt0465234	Ben Gates	nm0000115	protagonist	major
tt0465234	Riley Poole	nm0058581	protagonist	minor
tt0465234	Abigail Chase	nm1208167	protagonist	minor
tt0465234	Patrick Gates	nm0000685	protagonist	minor
tt0465234	Mitch Wilkinson	nm0000438	antagonist	major
tt0465234	John Wilkes Booth	nm0131235	antagonist	minor
tt0465234	Michael O'Laughlen	nm0109785	antagonist	minor
tt0466909	Robert Thorn	nm0000630	protagonist	major
tt0466909	Katherine Thorn	nm0005466	protagonist	minor
tt0466909	Keith Jennings	nm0000667	protagonist	minor
tt0466909	Damien	nm2089090	antagonist	major
tt0466909	Mrs. Baylock	nm0001201	antagonist	major
tt0467110	Underdog (voice)	nm0005134	protagonist	major
tt0467110	Jack	nm1665342	protagonist	major
tt0467110	Dan Unger	nm0000902	protagonist	minor
tt0467110	Dr. Simon Barsinister	nm0227759	antagonist	major
tt0467110	Cad	nm0911320	antagonist	major
tt0467406	Juno MacGuff (as Ellen Page)	nm0680983	protagonist	major
tt0468569	Bruce Wayne	nm0000288	protagonist	major
tt0468569	Gordon	nm0000198	protagonist	major
tt0468569	Harvey Dent	nm0001173	antagonist	major
tt0468569	Alfred	nm0000323	protagonist	minor
tt0468569	Lucius Fox	nm0000151	protagonist	minor
tt0468569	Joker	nm0005132	antagonist	major
tt0468569	Lau	nm1977856	antagonist	minor
tt0469641	John McLoughlin	nm0000115	protagonist	major
tt0469641	Will Jimeno	nm0671567	protagonist	major
tt0469641	Dominick Pezzulo	nm0379596	protagonist	minor
tt0471042	Josh Kovaks	nm0001774	protagonist	major
tt0471042	Charlie	nm0000729	protagonist	minor
tt0471042	Enrique Dev'Reaux	nm0671567	protagonist	minor
tt0471042	Mr. Fitzhugh	nm0000111	protagonist	minor
tt0471042	Slide	nm0000552	protagonist	minor
tt0471042	Odessa	nm2829737	protagonist	minor
tt0471042	Arthur Shaw	nm0000257	antagonist	major
tt0473075	Dastan	nm0350453	protagonist	major
tt0473075	Tamina	nm2605345	protagonist	major
tt0473075	Nizam	nm0001426	antagonist	major
tt0473075	Hassansin Leader	nm1458629	antagonist	minor
tt0477051	Norbit	nm0000552	protagonist	major
tt0477051	Kate Thomas (as Thandie Newton)	nm0628601	protagonist	major
tt0477051	Rasputia	nm0000552	antagonist	major
tt0477051	Deion Hughes	nm0000421	antagonist	major
tt0477051	Big Jack Latimore	nm0187719	antagonist	minor
tt0477051	Earl Latimore	nm0694066	antagonist	minor
tt0477051	Blue Latimore (as Lester 'Rasta' Speight)	nm0711529	antagonist	minor
tt0477071	Linda Hanson	nm0000113	protagonist	major
tt0477080	Frank	nm0000243	protagonist	major
tt0477080	Will	nm1517976	protagonist	major
tt0477080	Connie	nm0206257	protagonist	minor
tt0477080	Ned	nm0854702	protagonist	minor
tt0477080	Galvin	nm0242656	antagonist	major
tt0477080	Dewey	nm0839486	antagonist	minor
tt0477347	Larry Daley	nm0001774	protagonist	major
tt0477347	Cecil	nm0001813	antagonist	major
tt0477347	Gus	nm0001682	antagonist	major
tt0477347	Reginald	nm0167850	antagonist	major
tt0477348	Llewelyn Moss	nm0000982	protagonist	major
tt0477348	Ed Tom Bell	nm0000169	protagonist	major
tt0477348	Anton Chigurh	nm0000849	antagonist	major
tt0478087	Ben	nm0836343	protagonist	major
tt0478087	Micky Rosa	nm0000228	antagonist	major
tt0478087	Cole Williams	nm0000401	antagonist	major
tt0478087	Fisher	nm0686009	antagonist	minor
tt0478311	Alison Scott	nm0001337	protagonist	major
tt0478311	Ben Stone	nm0736622	protagonist	major
tt0478970	Scott Lang	nm0748620	protagonist	major
tt0478970	Dr. Hank Pym	nm0000140	protagonist	major
tt0478970	Hope Van Dyne	nm1431940	protagonist	major
tt0478970	Luis	nm0671567	protagonist	minor
tt0478970	Darren Cross	nm1015684	antagonist	major
tt0478970	Hydra Buyer	nm0356489	antagonist	minor
tt0480242	Dan	nm0136797	protagonist	major
tt0480242	Mitch	nm0176981	antagonist	minor
tt0480249	Robert Neville	nm0000226	protagonist	major
tt0480249	Anna	nm0103797	protagonist	minor
tt0480249	Ethan	nm2253071	protagonist	minor
tt0480249	Alpha Male	nm0005231	antagonist	major
tt0481141	Kate	nm0001876	protagonist	major
tt0481141	Nick	nm0001173	protagonist	major
tt0481141	Zoe	nm1113550	protagonist	minor
tt0481141	Paula	nm0165101	antagonist	major
tt0482571	Robert Angier	nm0413168	antagonist	major
tt0482571	Alfred Borden	nm0000288	antagonist	major
tt0482606	James Hoyt	nm0005454	protagonist	major
tt0482606	Kristen McKay	nm0000239	protagonist	major
tt0482606	Dollface	nm1801841	antagonist	major
tt0482606	Man in Mask	nm1399550	antagonist	major
tt0482606	Pin-Up Girl	nm1363967	antagonist	major
tt0486576	Reed Richards	nm0344435	protagonist	major
tt0486576	Susan Storm	nm0004695	protagonist	major
tt0486576	Johnny Storm	nm0262635	protagonist	major
tt0486576	Ben Grimm	nm0004821	protagonist	major
tt0486576	Victor Von Doom	nm0573037	antagonist	major
tt0486576	The Silver Surfer	nm0427964	antagonist	minor
tt0486583	Fred Claus	nm0000681	protagonist	major
tt0486583	Nick 'Santa' Claus	nm0316079	protagonist	major
tt0486583	Willie	nm0383422	protagonist	minor
tt0486583	Clyde	nm0000228	antagonist	major
tt0486822	Kale	nm0479471	protagonist	major
tt0486822	Ashley	nm2105255	protagonist	minor
tt0486822	Ronnie	nm1683094	protagonist	minor
tt0486822	Mr. Turner	nm0001556	antagonist	major
tt0486946	Woody Stevens	nm0000237	protagonist	major
tt0486946	Doug Madsen	nm0000741	protagonist	major
tt0486946	Bobby Davis	nm0001454	protagonist	major
tt0486946	Dudley Frank	nm0000513	protagonist	major
tt0486946	Jack	nm0000501	antagonist	major
tt0486946	Red	nm0243806	antagonist	minor
tt0486946	Murdock	nm0301370	antagonist	minor
tt0489099	David Rice	nm0159789	protagonist	major
tt0489099	Griffin	nm0068260	protagonist	minor
tt0489099	Roland	nm0000168	antagonist	major
tt0489270	Jeff	nm0005171	protagonist	major
tt0489270	Lynn Denlon	nm1587232	protagonist	major
tt0489270	John Kramer	nm0068551	antagonist	major
tt0489270	Jigsaw	nm0068551	antagonist	major
tt0489270	Amanda Young	nm0809938	antagonist	major
tt0490084	Daphne Wilder	nm0000473	protagonist	major
tt0490084	Milly Wilder	nm0601553	protagonist	major
tt0492044	Matt Campbell	nm0973177	protagonist	major
tt0492044	Sara Campbell	nm0000515	protagonist	major
tt0492044	Reverend Popescu	nm0000480	protagonist	minor
tt0492044	Ramsey Aickman	nm0089586	antagonist	major
tt0492956	Joe Kingman (as Dwayne 'The Rock' Johnson)	nm0425005	protagonist	major
tt0492956	Peyton Kelly	nm2202521	protagonist	major
tt0492956	Stella Peck	nm0001718	antagonist	minor
tt0493464	Wesley	nm0564215	protagonist	major
tt0493464	Sloan	nm0000151	antagonist	major
tt0493464	Cross	nm0470981	antagonist	minor
tt0496806	Danny Ocean	nm0000123	protagonist	major
tt0496806	Linus Caldwell	nm0000354	protagonist	major
tt0496806	Reuben Tishkoff	nm0001285	protagonist	minor
tt0496806	Rusty Ryan	nm0000093	protagonist	minor
tt0496806	Saul Bloom	nm0005348	protagonist	minor
tt0496806	Livingston Dell	nm0420646	protagonist	minor
tt0496806	Basher Tarr	nm0000332	protagonist	minor
tt0496806	Willy Bank	nm0000199	antagonist	major
tt0496806	Terry Benedict	nm0000412	antagonist	minor
tt0496806	François Toulour	nm0001993	antagonist	minor
tt0499448	Prince Caspian	nm1602660	protagonist	major
tt0499448	Peter Pevensie	nm0608440	protagonist	major
tt0499448	Susan Pevensie	nm0691600	protagonist	major
tt0499448	Edmund Pevensie	nm1342727	protagonist	major
tt0499448	Lucy Pevensie	nm1670137	protagonist	major
tt0499448	Miraz	nm0144812	antagonist	major
tt0499448	Lord Sopespian (as Damian Alcazar)	nm0017343	antagonist	minor
tt0499448	The White Witch	nm0842770	antagonist	minor
tt0499448	Nikabrik	nm0001116	antagonist	minor
tt0499549	Jake Sully	nm0941777	protagonist	major
tt0499549	Neytiri (as Zoë Saldana)	nm0757855	protagonist	major
tt0499549	Colonel Miles Quaritch	nm0002332	antagonist	major
tt0499549	Parker Selfridge	nm0000610	antagonist	minor
tt0758746	Clay Miller	nm0655585	protagonist	major
tt0758746	Jenna	nm1263939	protagonist	minor
tt0758746	Whitney Miller	nm1119462	protagonist	minor
tt0758746	Jason Voorhees	nm0575216	antagonist	major
tt0758746	Pamela Voorhees	nm0000684	antagonist	minor
tt0758766	Alex Fletcher	nm0000424	protagonist	major
tt0758766	Sophie Fisher	nm0000106	protagonist	major
tt0758766	Sloan Cates	nm0001714	antagonist	minor
tt0758766	Colin Thompson	nm2187603	antagonist	minor
tt0762107	Chuck Levine	nm0001191	protagonist	major
tt0762107	Larry Valentine	nm0416673	protagonist	major
tt0762107	Clint Fitzer	nm0000114	antagonist	major
tt0762107	Jim the Protestor	nm1117791	antagonist	minor
tt0762114	Sadie Jones	nm0601553	protagonist	major
tt0762114	Ben Murphy	nm1024677	protagonist	major
tt0762114	Reverend Frank	nm0000245	antagonist	major
tt0765429	Frank Lucas	nm0000243	protagonist	major
tt0765429	Richie Roberts	nm0000128	protagonist	major
tt0765429	Detective Trupo	nm0000982	antagonist	minor
tt0765429	Nicky Barnes	nm0000421	antagonist	minor
tt0770752	Finn	nm0000190	protagonist	major
tt0770752	Tess	nm0005028	protagonist	major
tt0770752	Nigel Honeycutt	nm0000661	protagonist	minor
tt0770752	Gemma Honeycutt	nm1232226	protagonist	minor
tt0770752	Moe Fitch	nm0935653	protagonist	minor
tt0770752	Bigg Bunny	nm0366389	antagonist	major
tt0770828	Clark Kent	nm0147147	protagonist	major
tt0770828	Lois Lane	nm0010736	protagonist	major
tt0770828	General Zod	nm0788335	antagonist	major
tt0770828	Jax-Ur	nm0336797	antagonist	minor
tt0775539	DJ	nm1551922	protagonist	major
tt0775539	Grant (as Darrin Henson)	nm0378200	antagonist	major
tt0775539	Dr. Palmer	nm0521854	antagonist	minor
tt0775539	Sphere	nm1381517	antagonist	minor
tt0780653	Lawrence Talbot	nm0001125	protagonist	major
tt0780653	Gwen Conliffe	nm1289434	protagonist	minor
tt0780653	Sir John Talbot	nm0000164	antagonist	major
tt0780653	Aberline	nm0915989	antagonist	minor
tt0780653	Dr. Hoenneger	nm0792029	antagonist	minor
tt0785006	Andi	nm0731075	protagonist	major
tt0785006	Bruce	nm1545471	protagonist	major
tt0785006	Friday (uncredited)	nm4814926	protagonist	minor
tt0785006	Lois Scudder	nm0001435	antagonist	major
tt0785006	Carl Scudder	nm0001143	antagonist	major
tt0795421	Sophie	nm1086543	protagonist	major
tt0795421	Donna	nm0000658	protagonist	major
tt0796366	Kirk	nm1517976	protagonist	major
tt0796366	Spock	nm0704270	protagonist	major
tt0796366	Spock Prime	nm0000559	protagonist	minor
tt0796366	Nero	nm0051509	antagonist	major
tt0799949	Lucy	nm1724323	protagonist	major
tt0799949	Edward	nm0671980	protagonist	major
tt0799949	Susan Pervertsky (as Faune Chambers)	nm0150330	protagonist	major
tt0799949	Peter Pervertsky	nm0968405	protagonist	major
tt0799949	White Bitch	nm0177639	antagonist	major
tt0799949	Silas the Monk (as David Whatley)	nm2717497	antagonist	minor
tt0799949	Willy Wonka	nm0000417	antagonist	minor
tt0800039	Peter Bretter	nm0781981	protagonist	major
tt0800039	Rachel Jansen	nm0005109	protagonist	minor
tt0800039	Sarah Marshall	nm0068338	antagonist	major
tt0800039	Aldous Snow	nm1258970	antagonist	major
tt0800080	Bruce Banner	nm0001570	protagonist	major
tt0800080	Betty Ross	nm0000239	protagonist	major
tt0800080	General 'Thunderbolt' Ross	nm0000458	antagonist	major
tt0800080	Emil Blonsky	nm0000619	antagonist	major
tt0800320	Perseus	nm0941777	protagonist	major
tt0800320	Io	nm2605345	protagonist	minor
tt0800320	Draco	nm0586568	protagonist	minor
tt0800320	Hades	nm0000146	antagonist	major
tt0800320	Calibos	nm0002076	antagonist	major
tt0800320	Acrisius	nm0002076	antagonist	minor
tt0800320	Medusa	nm1177440	antagonist	minor
tt0800320	Prokopion	nm2008435	antagonist	minor
tt0800320	Kraken (uncredited)	nm0504642	antagonist	minor
tt0800369	Thor	nm1165110	protagonist	major
tt0800369	Jane Foster	nm0000204	protagonist	minor
tt0800369	Loki	nm1089991	antagonist	major
tt0800369	King Laufey	nm0272173	antagonist	minor
tt0808151	Robert Langdon	nm0000158	protagonist	major
tt0808151	Vittoria Vetra	nm0957909	protagonist	major
tt0808151	Camerlengo Patrick McKenna	nm0000191	antagonist	major
tt0808151	Assassin	nm0509263	antagonist	major
tt0808510	Derek	nm0425005	protagonist	major
tt0808510	Lily	nm0000267	antagonist	minor
tt0810913	Jack	nm0001191	protagonist	major
tt0810913	Jill	nm0001191	protagonist	major
tt0810913	Monica	nm0005450	antagonist	minor
tt0814255	Percy Jackson	nm0503567	protagonist	major
tt0814255	Grover	nm1040365	protagonist	major
tt0814255	Annabeth	nm1275259	protagonist	major
tt0814255	Luke	nm1831976	antagonist	major
tt0814255	Hades	nm0176869	antagonist	major
tt0814255	Mrs. Dodds	nm1864017	antagonist	minor
tt0814255	Fury	nm1864017	antagonist	minor
tt0814255	Medusa	nm0000235	antagonist	minor
tt0814255	Gabe Ugliano	nm0001592	antagonist	minor
tt0816692	Cooper	nm0000190	protagonist	major
tt0816692	Murph	nm1567113	protagonist	major
tt0816692	Brand	nm0004266	protagonist	major
tt0816692	Mann	nm0000354	antagonist	major
tt0816692	Professor Brand	nm0000323	antagonist	minor
tt0816711	Gerry Lane	nm0000093	protagonist	major
tt0816711	Segen	nm2020146	protagonist	minor
tt0816711	Karin Lane	nm0257969	protagonist	minor
tt0817230	Reed Bennett	nm0005110	protagonist	major
tt0817230	Julia Fitzpatrick	nm0004950	protagonist	major
tt0817230	Captain Kate Hazeltine	nm0000210	protagonist	major
tt0817230	Holden	nm0177896	protagonist	major
tt0817230	Kara Monahan	nm0004754	protagonist	major
tt0817230	Kelvin Moore	nm0004937	protagonist	major
tt0817230	Sean Jackson	nm0199312	protagonist	major
tt0817230	Grace	nm0731075	protagonist	major
tt0817230	Alex	nm1334396	protagonist	major
tt0817230	Edgar	nm0001185	protagonist	major
tt0817230	Estelle	nm0000511	protagonist	major
tt0817230	Liz	nm0004266	protagonist	major
tt0817230	Jason	nm0333410	protagonist	major
tt0817230	Edison	nm2258865	protagonist	major
tt0817230	Dr. Harrison Copeland	nm0001131	antagonist	minor
tt0821640	Connor Mead	nm0000190	protagonist	major
tt0821640	Jenny Perotti	nm0004950	protagonist	major
tt0822832	John	nm0005562	protagonist	major
tt0822832	Jenny	nm0000098	protagonist	major
tt0822854	Bob Lee Swagger	nm0000242	protagonist	major
tt0822854	Nick Memphis	nm0671567	protagonist	major
tt0822854	Sarah Fenn	nm0544718	protagonist	minor
tt0822854	Colonel Isaac Johnson	nm0000418	antagonist	major
tt0822854	Senator Charles F. Meachum	nm0000885	antagonist	major
tt0822854	Officer Stanley Timmons (as Alan C. Peterson)	nm0012586	antagonist	minor
tt0825232	Carter	nm0000151	protagonist	major
tt0825232	Edward	nm0000197	protagonist	major
tt0829150	Vlad	nm1812656	protagonist	major
tt0829150	Mirena	nm0300589	protagonist	minor
tt0829150	Ingeras	nm3280686	protagonist	minor
tt0829150	Mehmed	nm1002641	antagonist	major
tt0829150	Master Vampire	nm0001097	antagonist	minor
tt0829482	Seth	nm1706767	protagonist	major
tt0829482	Evan	nm0148418	protagonist	major
tt0829482	Fogell	nm2395586	protagonist	major
tt0830515	James Bond	nm0185819	protagonist	major
tt0830515	Camille	nm1385871	protagonist	major
tt0830515	Dominic Greene	nm0023832	antagonist	major
tt0830515	General Medrano	nm1370408	antagonist	minor
tt0830515	Mr. White	nm0159802	antagonist	minor
tt0830515	Mitchell	nm0287824	antagonist	minor
tt0830515	Yusef	nm1581285	antagonist	minor
tt0831387	Ford Brody	nm1093951	protagonist	major
tt0831387	Joe Brody	nm0186505	protagonist	minor
tt0831387	Dr. Ishiro Serizawa	nm0913822	protagonist	minor
tt0837563	Louis	nm0164809	protagonist	major
tt0837563	Ellie	nm5503448	antagonist	major
tt0837563	Rachel	nm1541272	antagonist	minor
tt0838283	Brennan Huff	nm0002071	protagonist	major
tt0838283	Dale Doback	nm0000604	protagonist	major
tt0838283	Derek	nm0004395	antagonist	major
tt0840361	Doug MacRay	nm0000255	protagonist	major
tt0840361	Claire Keesey	nm0356017	protagonist	major
tt0840361	James Coughlin	nm0719637	protagonist	major
tt0840361	Albert 'Gloansy' Magloan (as Slaine)	nm2282835	protagonist	minor
tt0840361	Desmond Elden	nm4024978	protagonist	minor
tt0840361	FBI S.A. Adam Frawley	nm0358316	antagonist	major
tt0840361	Fergus 'Fergie' Colm	nm0000592	antagonist	major
tt0848228	Tony Stark	nm0000375	protagonist	major
tt0848228	Steve Rogers	nm0262635	protagonist	major
tt0848228	Natasha Romanoff	nm0424060	protagonist	major
tt0848228	Bruce Banner	nm0749263	protagonist	major
tt0848228	The Hulk	nm0749263	protagonist	major
tt0848228	Thor	nm1165110	protagonist	major
tt0848228	Clint Barton	nm0719637	protagonist	major
tt0848228	Nick Fury	nm0000168	protagonist	major
tt0848228	Agent Phil Coulson	nm0163988	protagonist	minor
tt0848228	Loki	nm1089991	antagonist	major
tt0848228	The Other	nm0219206	antagonist	minor
tt0859163	Rick O'Connell	nm0000409	protagonist	major
tt0859163	Alex O'Connell	nm1047329	protagonist	major
tt0859163	Evelyn O'Connell	nm0004742	protagonist	major
tt0859163	Lin	nm1884816	protagonist	major
tt0859163	Jonathan Carnahan	nm0001314	protagonist	minor
tt0859163	Zi Yuan	nm0000706	protagonist	minor
tt0859163	Emperor	nm0001472	antagonist	major
tt0859163	General Yang (as Chau Sang Anthony Wong)	nm0938893	antagonist	major
tt0859163	Choi	nm0579534	antagonist	minor
tt0859163	Roger Wilson	nm0129464	antagonist	minor
tt0865556	Jason Tripitikas	nm0029400	protagonist	major
tt0865556	Lu Yan	nm0000329	protagonist	major
tt0865556	The Silent Monk	nm0001472	protagonist	major
tt0865556	Golden Sparrow	nm1703577	protagonist	major
tt0865556	The Monkey King	nm0001472	protagonist	minor
tt0865556	Jade Warlord	nm0628877	antagonist	major
tt0865556	Ni Chang (as Li Bing Bing)	nm0508356	antagonist	major
tt0865556	Lupo	nm2110810	antagonist	minor
tt0870154	Lily Houghton	nm1289434	protagonist	major
tt0870154	Frank Wolff	nm0425005	protagonist	major
tt0870154	MacGregor Houghton	nm3099754	protagonist	minor
tt0870154	Prince Joachim	nm0687146	antagonist	major
tt0870154	Aguirre	nm1183149	antagonist	major
tt0871426	Kate	nm0275486	protagonist	major
tt0871426	Angie	nm0688132	protagonist	major
tt0871426	Carl	nm1009277	antagonist	minor
tt0878804	Michael Oher	nm2466842	protagonist	major
tt0878804	Leigh Anne Tuohy	nm0000113	protagonist	major
tt0878804	Sean Tuohy	nm0005210	protagonist	minor
tt0878804	S.J. Tuohy	nm2052567	protagonist	minor
tt0878804	Collins Tuohy	nm2934314	protagonist	minor
tt0878804	Investigator Granger (as Sharon Morris)	nm2759438	antagonist	minor
tt0879870	Liz Gilbert	nm0000210	protagonist	major
tt0884732	Doug Harris	nm1265802	protagonist	major
tt0884732	Jimmy Callahan	nm0366389	protagonist	major
tt0884732	Gretchen Palmer (as Kaley Cuoco-Sweeting)	nm0192505	antagonist	major
tt0887883	Osborne Cox	nm0000518	protagonist	major
tt0887883	Harry Pfarrer	nm0000123	protagonist	major
tt0887883	Linda Litzke	nm0000531	antagonist	major
tt0887883	Chad Feldheimer	nm0000093	antagonist	major
tt0887883	Katie Cox	nm0842770	antagonist	minor
tt0889583	Brüno	nm0056187	protagonist	major
tt0889583	Lutz	nm0358390	protagonist	minor
tt0890870	Rigg	nm0072713	protagonist	major
tt0890870	Agent Strahm	nm0666398	protagonist	major
tt0890870	Agent Perez	nm1920701	protagonist	minor
tt0890870	Hoffman	nm0541908	antagonist	major
tt0890870	Jigsaw	nm0068551	antagonist	major
tt0901476	Liv	nm0005028	antagonist	major
tt0901476	Emma	nm0004266	antagonist	major
tt0901476	Fletcher	nm0695435	antagonist	minor
tt0903624	Bilbo	nm0293509	protagonist	major
tt0903624	Gandalf	nm0005212	protagonist	major
tt0903624	Thorin	nm0035514	protagonist	major
tt0903624	Azog	nm0071847	antagonist	major
tt0903624	Gollum	nm0785227	antagonist	minor
tt0903624	Great Goblin	nm0402032	antagonist	minor
tt0903624	Tom Troll	nm0456270	antagonist	minor
tt0903624	William Troll	nm0357396	antagonist	minor
tt0903624	Bert Troll	nm0352921	antagonist	minor
tt0906108	Diane	nm0495095	protagonist	major
tt0906108	Terry	nm1347153	protagonist	major
tt0906108	Angela	nm0810103	protagonist	major
tt0906108	Marcus	nm0925220	protagonist	major
tt0906108	Sheila	nm0779325	protagonist	major
tt0906108	Patricia	nm0001390	protagonist	major
tt0906108	Gavin	nm0948272	protagonist	major
tt0906108	Sheriff Troy	nm0748541	protagonist	minor
tt0906108	Mike	nm0429114	antagonist	major
tt0906108	Trina	nm1594832	antagonist	minor
tt0906108	Keisha (as Kaira Whitehead)	nm2127438	antagonist	minor
tt0910936	Dale Denton	nm0736622	protagonist	major
tt0910936	Saul Silver	nm0290556	protagonist	major
tt0910936	Red	nm1144419	protagonist	minor
tt0910936	Ted Jones	nm0170550	antagonist	major
tt0910936	Carol	nm0001609	antagonist	major
tt0910936	Budlofsky	nm0180984	antagonist	minor
tt0910936	Matheson	nm0732497	antagonist	minor
tt0918940	John Clayton	nm0002907	protagonist	major
tt0918940	George Washington Williams	nm0000168	protagonist	major
tt0918940	Jane Clayton	nm3053338	protagonist	major
tt0918940	Leon Rom	nm0910607	antagonist	major
tt0918940	Chief Mbonga	nm0005023	antagonist	minor
tt0918940	Mr. Frum	nm0750971	antagonist	minor
tt0926084	Harry Potter	nm0705356	protagonist	major
tt0926084	Hermione Granger	nm0914612	protagonist	major
tt0926084	Ron Weasley	nm0342488	protagonist	major
tt0926084	Lord Voldemort	nm0000146	antagonist	major
tt0926084	Bellatrix Lestrange	nm0000307	antagonist	minor
tt0926084	Dolores Umbridge	nm0001767	antagonist	minor
tt0926084	Professor Severus Snape	nm0000614	antagonist	minor
tt0936501	Bryan Mills	nm0000553	protagonist	major
tt0936501	Kim	nm1192254	protagonist	minor
tt0936501	Marko	nm0048076	antagonist	major
tt0936501	St-Clair	nm0914313	antagonist	major
tt0936501	Peter	nm1604999	antagonist	minor
tt0936501	Jean-Claude	nm0705005	antagonist	minor
tt0936501	Sheik Raman	nm0557112	antagonist	minor
tt0937375	Ma'Dere Whitfield	nm0222643	protagonist	major
tt0937375	Quentin Whitfield	nm0252961	protagonist	major
tt0937375	Lisa Moore	nm0005093	protagonist	major
tt0937375	Kelli Whitfield	nm0495095	protagonist	major
tt0937375	Claude Whitfield	nm1551922	protagonist	major
tt0937375	Melanie 'Mel' Whitfield	nm1988575	protagonist	major
tt0937375	Michael 'Baby' Whitfield	nm2093097	protagonist	major
tt0937375	Malcolm Moore	nm0022306	antagonist	minor
tt0937375	Mo	nm1755886	antagonist	minor
tt0937375	Dude	nm1022977	antagonist	minor
tt0938283	Aang	nm3226241	protagonist	major
tt0938283	Katara (as Nicola Peltz)	nm2443758	protagonist	major
tt0938283	Sokka	nm1717152	protagonist	major
tt0938283	Commander Zhao	nm0541902	antagonist	major
tt0938283	Prince Zuko	nm2353862	antagonist	major
tt0938283	Fire Lord Ozai	nm0193295	antagonist	minor
tt0938283	Azula	nm1974397	antagonist	minor
tt0942385	Tugg Speedman - Hot LZ	nm0001774	protagonist	major
tt0942385	Kirk Lazarus - Hot LZ	nm0000375	protagonist	major
tt0942385	Kevin Sandusky - Hot LZ	nm0059431	protagonist	major
tt0942385	Alpa Chino - Hot LZ	nm1040365	protagonist	major
tt0942385	Jeff Portnoy - Hot LZ	nm0085312	protagonist	major
tt0942385	Tran - Flaming Dragon Compound	nm1317656	antagonist	major
tt0942385	Les Grossman - Grossman's Office	nm0000129	antagonist	minor
tt0944835	Evelyn Salt	nm0001401	protagonist	major
tt0944835	Ted Winter	nm0000630	antagonist	major
tt0944835	Orlov	nm0646037	antagonist	major
tt0944835	Shnaider	nm1015684	antagonist	minor
tt0945513	Colter Stevens	nm0350453	protagonist	major
tt0945513	Derek Frost	nm2260797	antagonist	major
tt0945513	Dr. Rutledge	nm0942482	antagonist	major
tt0947798	Nina Sayers	nm0000204	protagonist	major
tt0947798	Lily	nm0005109	antagonist	major
tt0947798	Thomas Leroy	nm0001993	antagonist	major
tt0947798	Erica Sayers	nm0001347	antagonist	minor
tt0948470	Peter Parker	nm1940449	protagonist	major
tt0948470	Spider-Man	nm1940449	protagonist	major
tt0948470	Gwen Stacy	nm1297015	protagonist	major
tt0948470	Dr. Curt Connors	nm0406975	antagonist	major
tt0948470	The Lizard	nm0406975	antagonist	major
tt0948470	Captain Stacy	nm0001459	antagonist	minor
tt0948470	Rajit Ratha	nm0451234	antagonist	minor
tt0949731	Elliot Moore	nm0000242	protagonist	major
tt0949731	Alma Moore	nm0221046	protagonist	major
tt0949731	Julian	nm0000491	protagonist	minor
tt0949731	Jess	nm1496319	protagonist	minor
tt0955308	Robin Longstride	nm0000128	protagonist	major
tt0955308	Marion Loxley	nm0000949	protagonist	major
tt0955308	Little John	nm0243806	protagonist	minor
tt0955308	Will Scarlet	nm0342241	protagonist	minor
tt0955308	Allan A'Dayle	nm0236269	protagonist	minor
tt0955308	Godfrey	nm0835016	antagonist	major
tt0955308	Prince John	nm1209966	antagonist	major
tt0955308	King Philip of France	nm0951520	antagonist	minor
tt0955308	Sheriff of Nottingham	nm0532193	antagonist	minor
tt0960144	Zohan	nm0001191	protagonist	major
tt0960144	Phantom	nm0001806	antagonist	major
tt0960144	Walbridge	nm0119354	antagonist	major
tt0960144	Salim	nm0001705	antagonist	minor
tt0960731	Skeeter Bronson	nm0001191	protagonist	major
tt0960731	Kendall	nm0001602	antagonist	major
tt0962726	Troy Bolton	nm1374980	protagonist	major
tt0962726	Gabriella Montez	nm1227814	protagonist	major
tt0962726	Chad Danforth	nm0088298	protagonist	minor
tt0962726	Taylor McKessie	nm0170912	protagonist	minor
tt0962726	Ryan Evans	nm1727317	protagonist	minor
tt0962726	Sharpay Evans	nm0864308	antagonist	major
tt0962726	Tiara Gold	nm2412355	antagonist	minor
tt0963966	Dave	nm0059431	protagonist	major
tt0963966	Balthazar	nm0000115	protagonist	major
tt0963966	Horvath	nm0000547	antagonist	major
tt0963966	Morgana	nm0000481	antagonist	major
tt0963966	Drake Stone	nm1527905	antagonist	minor
tt0963966	Sun-Lok	nm3220472	antagonist	minor
tt0963966	Abigail Williams	nm2726806	antagonist	minor
tt0964517	Micky Ward	nm0000242	protagonist	major
tt0964517	Dicky Eklund	nm0000288	protagonist	major
tt0964517	Charlene Fleming	nm0010736	protagonist	minor
tt0964517	Alice Ward	nm0502425	antagonist	major
tt0964517	Mike 'Machine Gun' Mungin	nm0192423	antagonist	minor
tt0964517	Neary	nm1190376	antagonist	minor
tt0970416	Klaatu	nm0000206	protagonist	major
tt0970416	Helen Benson	nm0000124	protagonist	major
tt0970416	Jacob Benson	nm1535523	protagonist	minor
tt0970416	Regina Jackson	nm0000870	antagonist	major
tt0970866	Greg Focker	nm0001774	protagonist	major
tt0970866	Jack Byrnes	nm0000134	antagonist	major
tt0970866	Andi Garcia	nm0004695	antagonist	minor
tt0974015	Bruce Wayne	nm0000255	protagonist	major
tt0974015	Batman	nm0000255	protagonist	major
tt0974015	Diana Prince	nm2933757	protagonist	major
tt0974015	Arthur Curry	nm0597388	protagonist	major
tt0974015	Barry Allen	nm3009232	protagonist	major
tt0974015	Victor Stone	nm3570321	protagonist	major
tt0974015	Superman	nm0147147	protagonist	major
tt0974015	Clark Kent	nm0147147	protagonist	major
tt0974015	Steppenwolf (voice)	nm0001354	antagonist	major
tt0974661	Mike O'Donnell	nm1374980	protagonist	major
tt0974661	Mike O'Donnell (Adult)	nm0001612	protagonist	major
tt0974661	Stan	nm1446060	antagonist	minor
tt0980970	Edmund Pevensie	nm1342727	protagonist	major
tt0980970	Lucy Pevensie	nm1670137	protagonist	major
tt0980970	Caspian	nm1602660	protagonist	major
tt0980970	Eustace Scrubb	nm2401020	protagonist	major
tt0980970	The White Witch	nm0842770	antagonist	minor
tt0983946	Gwen Olsen	nm0702572	protagonist	major
tt0983946	Patrick Sullivan	nm3271473	protagonist	major
tt0983946	Brax Weaver	nm4497202	protagonist	major
tt0983946	Sloane Maddison	nm0234668	protagonist	major
tt0983946	JD Weaver	nm1218621	protagonist	major
tt0983946	Damon	nm0740264	protagonist	minor
tt0983946	Melanie Cole	nm1423955	antagonist	major
tt0983946	Mr. Roarke	nm0671567	antagonist	minor
tt0988045	Sherlock Holmes	nm0000375	protagonist	major
tt0988045	Dr. John Watson	nm0000179	protagonist	major
tt0988045	Irene Adler	nm1046097	protagonist	minor
tt0988045	Lord Henry Blackwood	nm0835016	antagonist	major
tt0988045	Lord Coward	nm0558548	antagonist	minor
tt0988595	Jane	nm0001337	protagonist	major
tt0988595	Kevin	nm0005188	protagonist	major
tt0988595	Tess	nm0015196	antagonist	major
tt0989757	John Tyree	nm1475594	protagonist	major
tt0989757	Savannah Curtis	nm1086543	protagonist	major
tt0990407	Britt Reid	nm0736622	protagonist	major
tt0990407	Kato	nm1727100	protagonist	major
tt0990407	Chudnofsky	nm0910607	antagonist	major
tt0990407	Scanlon	nm1092086	antagonist	major
tt0993846	Jordan Belfort	nm0000138	protagonist	major
tt0993846	Donnie Azoff	nm1706767	protagonist	minor
tt0993846	Agent Patrick Denham	nm0151419	antagonist	major
tt1000774	Carrie Bradshaw	nm0000572	protagonist	major
tt1000774	Miranda Hobbes	nm0633223	protagonist	major
tt1000774	Samantha Jones	nm0000326	protagonist	major
tt1000774	Charlotte York	nm0004862	protagonist	major
tt1000774	Mr. Big	nm0636562	antagonist	major
tt1000774	Steve Brady	nm0251678	antagonist	minor
tt1001508	Gigi	nm0329481	protagonist	major
tt1001508	Conor	nm0175305	protagonist	major
tt1001508	Alex	nm0519043	protagonist	major
tt1001508	Janine	nm0000124	protagonist	major
tt1001508	Ben	nm0177896	protagonist	major
tt1001508	Anna	nm0424060	protagonist	major
tt1001508	Mary	nm0000106	protagonist	major
tt1001508	Beth	nm0000098	protagonist	major
tt1001508	Neil	nm0000255	protagonist	major
tt10016180	Joe 'Deke' Deacon	nm0000243	protagonist	major
tt10016180	Jim Baxter	nm1785339	protagonist	major
tt10016180	Albert Sparma	nm0001467	antagonist	major
tt10059518	Rachel	nm3308569	protagonist	major
tt10059518	Kyle	nm5145655	protagonist	minor
tt10059518	Man	nm0000128	antagonist	major
tt1010048	Older Jamal	nm2353862	protagonist	major
tt1010048	Middle Jamal (as Tanay Hemant Chheda)	nm2540053	protagonist	major
tt1010048	Youngest Jamal	nm3193597	protagonist	major
tt1010048	Older Latika	nm2951768	protagonist	major
tt1010048	Middle Latika	nm3193992	protagonist	minor
tt1010048	Youngest Latika	nm3193186	protagonist	minor
tt1010048	Older Salim	nm2639934	antagonist	major
tt1010048	Middle Salim	nm3193041	antagonist	major
tt1010048	Javed	nm0542498	antagonist	major
tt1010048	Youngest Salim	nm3193259	antagonist	minor
tt1010048	Maman	nm1340178	antagonist	minor
tt1010048	Prem	nm0438463	antagonist	minor
tt1013743	June Havens	nm0000139	protagonist	major
tt1013743	Roy Miller	nm0000129	protagonist	major
tt1013743	Fitzgerald	nm0765597	antagonist	major
tt1013743	Antonio	nm0003244	antagonist	major
tt1013743	Director George	nm0205626	antagonist	minor
tt1013743	Bernhard	nm1571804	antagonist	minor
tt1013743	Naomi	nm2933757	antagonist	minor
tt1013752	Dominic Toretto	nm0004874	protagonist	major
tt1013752	Brian O'Conner	nm0908094	protagonist	major
tt1013752	Campos	nm0651159	antagonist	major
tt1013752	Fenix	nm0022306	antagonist	major
tt1014759	Alice Kingsleigh	nm1985859	protagonist	major
tt1014759	Mad Hatter	nm0000136	protagonist	minor
tt1014759	Red Queen	nm0000307	antagonist	major
tt1014759	Stayne - Knave of Hearts	nm0000417	antagonist	major
tt1014759	Jabberwocky (voice)	nm0000489	antagonist	minor
tt1014775	Chloe (voice)	nm0000106	protagonist	major
tt1014775	Delgado (voice)	nm0000412	protagonist	major
tt1014775	Rachel	nm0005305	protagonist	minor
tt1014775	Papi (voice)	nm0520064	protagonist	minor
tt1014775	El Diablo (voice)	nm0001579	antagonist	major
tt1014775	Vasquez	nm0946962	antagonist	minor
tt1020072	Dr. Martin Luther King, Jr.	nm0654648	protagonist	major
tt1020072	Coretta Scott King	nm0252238	protagonist	minor
tt1020072	Andrew Young	nm2428245	protagonist	minor
tt1020072	John Lewis	nm4150847	protagonist	minor
tt1020072	Gov. George Wallace	nm0000619	antagonist	major
tt1020072	Sheriff Jim Clark	nm3729523	antagonist	minor
tt1020072	J. Edgar Hoover	nm0048414	antagonist	minor
tt1020072	Col. Al Lingo	nm0740535	antagonist	minor
tt10223460	Kat	nm0000182	protagonist	major
tt10223460	Charlie	nm0005562	protagonist	major
tt10223460	Bastian	nm8349062	antagonist	major
tt1023481	Andie	nm0263759	protagonist	major
tt1023481	Chase	nm1382207	protagonist	major
tt1023481	Tuck	nm2624894	antagonist	major
tt1023481	Blake Collins	nm0962261	antagonist	minor
tt1024648	Tony Mendez	nm0000255	protagonist	major
tt1024648	Jack O'Donnell	nm0186505	protagonist	minor
tt1024648	Lester Siegel	nm0000273	protagonist	minor
tt1024648	John Chambers	nm0000422	protagonist	minor
tt1024648	Ken Taylor	nm0001255	protagonist	minor
tt1024648	Bazaar Shopkeeper (as Muhammed Cangoren)	nm1194026	antagonist	minor
tt1025100	Henry Brogan	nm0000226	protagonist	major
tt1025100	Danny Zakarewski	nm0935541	protagonist	major
tt1025100	Baron	nm0938950	protagonist	minor
tt1025100	Clay Verris	nm0654110	antagonist	major
tt1025100	Junior	nm0000226	antagonist	major
tt1025100	Janet Lassiter	nm0256599	antagonist	minor
tt1028576	Penny Chenery	nm0000178	protagonist	major
tt1028576	Pancho Martin	nm0785594	antagonist	major
tt1028576	Ogden Phipps	nm0000342	antagonist	minor
tt10304142	Burt Berendsen	nm0000288	protagonist	major
tt10304142	Harold Woodman	nm0913475	protagonist	major
tt10304142	Valerie Voze	nm3053338	protagonist	major
tt10304142	Tom Voze	nm1785339	antagonist	major
tt10304142	Taron Milfax	nm0648249	antagonist	major
tt10304142	Libby Voze	nm5896355	antagonist	minor
tt10304142	Mr. Belport	nm0410464	antagonist	minor
tt10304142	Mr. Nevins	nm0650702	antagonist	minor
tt10304142	Mr. Jeffers	nm3598949	antagonist	minor
tt10327252	Adela	nm0478886	protagonist	major
tt10327252	Juan	nm2204178	protagonist	major
tt10327252	Dylan Tucker	nm0524197	protagonist	major
tt10327252	T.T.	nm2338470	protagonist	minor
tt10327252	Harper Tucker	nm1628079	protagonist	minor
tt10327252	Cassidy Tucker	nm2336905	protagonist	minor
tt10327252	Chiago	nm0565647	protagonist	minor
tt1033643	Joy McNally	nm0000139	protagonist	major
tt1033643	Jack Fuller	nm0005110	protagonist	major
tt1033643	Mason	nm0837177	antagonist	minor
tt1033643	Judge Whopper	nm0588222	antagonist	minor
tt10342730	Detective Zeke Banks	nm0001674	protagonist	major
tt10342730	Detective William Schenk	nm1540404	antagonist	major
tt1037705	Eli	nm0000243	protagonist	major
tt1037705	Solara	nm0005109	protagonist	minor
tt1037705	Carnegie	nm0000198	antagonist	major
tt1037705	George	nm0002091	antagonist	minor
tt1037705	Martha (as Frances De La Tour)	nm0209428	antagonist	minor
tt1038919	Milo Boyd	nm0124930	protagonist	major
tt1038919	Nicole Hurley	nm0000098	protagonist	major
tt1038919	Earl Mahler	nm0338886	antagonist	major
tt1038919	Irene	nm0001550	antagonist	minor
tt1041829	Margaret Tate	nm0000113	protagonist	major
tt1041829	Andrew Paxton	nm0005351	protagonist	major
tt1041829	Mr. Gilbertson	nm0641354	antagonist	major
tt1041829	Joe Paxton	nm0005266	antagonist	minor
tt1045658	Pat	nm0177896	protagonist	major
tt1045658	Tiffany	nm2225369	protagonist	major
tt1046173	Duke	nm1475594	protagonist	major
tt1046173	Ripcord	nm0005541	protagonist	major
tt1046173	Snake Eyes	nm0661917	protagonist	major
tt1046173	Scarlett	nm0629697	protagonist	minor
tt1046173	Breaker	nm0846548	protagonist	minor
tt1046173	Heavy Duty	nm0015382	protagonist	minor
tt1046173	General Hawk	nm0000598	protagonist	minor
tt1046173	McCullen	nm0001172	antagonist	major
tt1046173	The Doctor	nm0330687	antagonist	major
tt1046173	Rex	nm0330687	antagonist	major
tt1046173	Baroness	nm1092227	antagonist	major
tt1046173	Storm Shadow	nm0496932	antagonist	major
tt1046173	Zartan	nm0903677	antagonist	minor
tt1051904	Zach	nm1910255	protagonist	major
tt1051904	Stine	nm0085312	protagonist	major
tt1051904	Hannah	nm3843467	protagonist	major
tt1051904	Champ	nm2619114	protagonist	minor
tt1051904	voice of Slappy	nm0085312	antagonist	major
tt1051906	Cecilia Kass	nm0005253	protagonist	major
tt1051906	Adrian Griffin	nm2719825	antagonist	major
tt1051906	Tom Griffin	nm1168915	antagonist	minor
tt1055369	Sam Witwicky	nm0479471	protagonist	major
tt1055369	Optimus Prime (voice)	nm0191520	protagonist	major
tt1055369	Mikaela Banes	nm1083271	protagonist	minor
tt1055369	Leo Spitz (as Ramon Rodriguez)	nm1913125	protagonist	minor
tt1055369	Simmons	nm0001806	protagonist	minor
tt1055369	Fallen (voice)	nm0865302	antagonist	major
tt1055369	Megatron (voice)	nm0915989	antagonist	major
tt1055369	Starscream (voice)	nm0012121	antagonist	minor
tt1055369	Soundwave	nm0919798	antagonist	minor
tt1055369	Devastator	nm0919798	antagonist	minor
tt1059786	Jerry Shaw	nm0479471	protagonist	major
tt1059786	Rachel Holloman	nm1157358	protagonist	major
tt1059786	Zoe Perez	nm0206257	protagonist	minor
tt1059786	Major William Bowman	nm1107001	protagonist	minor
tt1059786	Agent Thomas Morgan	nm0000671	protagonist	minor
tt1060277	Rob Hawkins	nm1221863	protagonist	major
tt1060277	Hud	nm2554352	protagonist	major
tt1060277	Beth McIntyre (as Odette Yustman)	nm0951148	protagonist	major
tt1060277	Lily	nm1140300	protagonist	minor
tt1060277	Marlena	nm0135221	protagonist	minor
tt1060277	Jason Hawkins	nm1036181	protagonist	minor
tt10648342	Thor	nm1165110	protagonist	major
tt10648342	Jane Foster	nm0000204	protagonist	major
tt10648342	King Valkyrie	nm1935086	protagonist	minor
tt10648342	Korg	nm0169806	protagonist	minor
tt10648342	Gorr	nm0000288	antagonist	major
tt10648342	Zeus	nm0000128	antagonist	minor
tt10648342	Rapu	nm1591353	antagonist	minor
tt10665338	Laurie Strode	nm0000130	protagonist	major
tt10665338	Karen	nm0339460	protagonist	major
tt10665338	Allyson	nm5506858	protagonist	major
tt10665338	Tommy Doyle	nm0001309	protagonist	major
tt10665338	The Shape	nm0183921	antagonist	major
tt10665338	The Shape	nm0145309	antagonist	major
tt10665342	Laurie	nm0000130	protagonist	major
tt10665342	Allyson	nm5506858	protagonist	major
tt10665342	The Shape	nm0183921	antagonist	major
tt10665342	Corey	nm3340982	antagonist	major
tt1067583	Jacob	nm1500155	protagonist	major
tt1067583	Marlena	nm0000702	protagonist	major
tt1067583	Old Jacob	nm0001358	protagonist	minor
tt1067583	August	nm0910607	antagonist	major
tt1068680	Carl	nm0000120	protagonist	major
tt1068680	Allison	nm0221046	protagonist	minor
tt10696896	Bill	nm0000354	protagonist	major
tt10696896	Allison	nm1113550	protagonist	major
tt10696896	Virginie	nm1891185	protagonist	major
tt10696896	Maya	nm11144034	protagonist	minor
tt10696896	Akim	nm9860937	antagonist	major
tt10731256	Alice	nm6073955	protagonist	major
tt10731256	Frank	nm1517976	antagonist	major
tt10731256	Jack	nm4089170	antagonist	major
tt10731256	Dr. Collins	nm3985937	antagonist	minor
tt1074638	James Bond	nm0185819	protagonist	major
tt1074638	M	nm0001132	protagonist	major
tt1074638	Silva	nm0000849	antagonist	major
tt1074638	Patrice	nm0635262	antagonist	minor
tt1075417	Jack Bruno	nm0425005	protagonist	major
tt1075417	Sara	nm1455681	protagonist	major
tt1075417	Seth	nm1573253	protagonist	major
tt1075417	Dr. Alex Friedman	nm0001303	protagonist	major
tt1075417	Dr. Donald Harlan	nm0005190	protagonist	minor
tt1075417	Burke	nm0001354	antagonist	major
tt1075417	Siphon	nm0940430	antagonist	major
tt1077368	Barnabas Collins	nm0000136	protagonist	major
tt1077368	Angelique Bouchard	nm1200692	antagonist	major
tt1077368	Dr. Julia Hoffman	nm0000307	antagonist	minor
tt1078912	Larry Daley	nm0001774	protagonist	major
tt1078912	Amelia Earhart	nm0010736	protagonist	major
tt1078912	Kahmunrah	nm0000279	antagonist	major
tt1078912	Ivan the Terrible	nm0001302	antagonist	minor
tt1078912	Napoleon Bonaparte	nm0149260	antagonist	minor
tt1078912	Al Capone	nm1256532	antagonist	minor
tt1078940	Dave	nm0000681	protagonist	major
tt1078940	Ronnie	nm0015196	protagonist	major
tt1078940	Jason Smith	nm0000867	protagonist	major
tt1078940	Cynthia	nm0068338	protagonist	major
tt1078940	Joey	nm0269463	protagonist	major
tt1078940	Lucy	nm0004862	protagonist	major
tt1078940	Shane	nm0522324	protagonist	major
tt1078940	Trudy	nm1589825	protagonist	minor
tt1078940	Marcel	nm0000606	antagonist	minor
tt1078940	Sctanley	nm0784818	antagonist	minor
tt1078940	Salvadore	nm0005317	antagonist	minor
tt10838180	Neo	nm0000206	protagonist	major
tt10838180	Trinity	nm0005251	protagonist	major
tt10838180	Bugs	nm3725055	protagonist	minor
tt10838180	Morpheus	nm5584344	protagonist	minor
tt10838180	The Analyst	nm0000439	antagonist	major
tt10838180	Smith	nm2676147	antagonist	minor
tt10838180	The Merovingian	nm0933727	antagonist	minor
tt10872600	Peter Parker	nm4043618	protagonist	major
tt10872600	MJ	nm3918035	protagonist	minor
tt10872600	Ned Leeds	nm8188622	protagonist	minor
tt10872600	Doctor Strange	nm1212722	protagonist	minor
tt10872600	Peter Parker	nm1940449	protagonist	minor
tt10872600	Peter Parker	nm0001497	protagonist	minor
tt10872600	Norman Osborn	nm0000353	antagonist	major
tt10872600	Green Goblin	nm0000353	antagonist	major
tt10872600	Dr. Otto Octavius	nm0000547	antagonist	minor
tt10872600	Max Dillon	nm0004937	antagonist	minor
tt10872600	Dr. Curt Connors	nm0406975	antagonist	minor
tt10872600	Flint Marko	nm0002006	antagonist	minor
tt1091191	Marcus Luttrell	nm0000242	protagonist	major
tt1091191	Michael Murphy	nm2018237	protagonist	major
tt1091191	Danny Dietz	nm0386472	protagonist	major
tt1091191	Matt 'Axe' Axelson	nm0004936	protagonist	major
tt1091191	Shah	nm0796325	antagonist	major
tt10919380	Millie	nm1105980	protagonist	major
tt10919380	Nyla Chones	nm9305936	protagonist	minor
tt10919380	Josh Detmer	nm8048167	protagonist	minor
tt10919380	Booker Strode	nm2722682	protagonist	minor
tt10919380	The Butcher	nm0000681	antagonist	major
tt10954652	Guy	nm0305558	protagonist	major
tt10954652	Prisca	nm3043279	protagonist	major
tt10954652	Adult Maddox	nm0001110	protagonist	major
tt10954652	Adult Trent	nm2047170	protagonist	major
tt10954652	Resort Manager	nm0358390	antagonist	major
tt10954652	Charles	nm0001722	antagonist	minor
tt10954984	OJ Haywood	nm2257207	protagonist	major
tt10954984	Emerald Haywood	nm1551130	protagonist	major
tt10954984	Angel Torres	nm5155952	protagonist	minor
tt10954984	Antlers Holst	nm0000699	protagonist	minor
tt1099212	Bella Swan	nm0829576	protagonist	major
tt1099212	Edward Cullen	nm1500155	protagonist	major
tt1099212	James	nm1544217	antagonist	major
tt1099212	Victoria	nm0498956	antagonist	minor
tt1104001	Sam Flynn	nm1330560	protagonist	major
tt1104001	Kevin Flynn	nm0000313	protagonist	major
tt1104001	Quorra	nm1312575	protagonist	major
tt1104001	Clu	nm0000313	antagonist	major
tt1104001	Rinzler	nm2832723	antagonist	minor
tt1104001	Castor	nm0790688	antagonist	minor
tt1104001	Zuse	nm0790688	antagonist	minor
tt11083552	H	nm0005458	protagonist	major
tt11083552	Jan	nm2207222	antagonist	major
tt11083552	Jackson	nm0232998	antagonist	major
tt11083552	Bullet	nm0564697	antagonist	major
tt11083552	Carlos	nm0022306	antagonist	minor
tt11083552	Sam	nm1950004	antagonist	minor
tt11083552	Brad	nm0649046	antagonist	minor
tt11083552	Tom	nm2687517	antagonist	minor
tt1109624	Paddington (voice)	nm0924210	protagonist	major
tt1109624	Henry Brown	nm0095017	protagonist	minor
tt1109624	Mary Brown	nm1020089	protagonist	minor
tt1109624	Millicent	nm0000173	antagonist	major
tt1109624	Mr Curry	nm0134922	antagonist	minor
tt1111422	Walter Garber	nm0000243	protagonist	major
tt1111422	Ryder	nm0000237	antagonist	major
tt1111422	Phil Ramos (as Luis Guzman)	nm0350079	antagonist	minor
tt1111422	Bashkin	nm2963873	antagonist	minor
tt1111422	Emri	nm2963717	antagonist	minor
tt11138512	Amleth	nm0002907	protagonist	major
tt11138512	Young Amleth	nm10861182	protagonist	minor
tt11138512	Fjölnir the Brotherless	nm0051903	antagonist	major
tt11138512	Queen Gudrún	nm0000173	antagonist	major
tt11138512	Thórir the Proud	nm6625833	antagonist	minor
tt11138512	Gunnar	nm11830110	antagonist	minor
tt1114677	Miley	nm1415323	protagonist	major
tt1114677	Hannah	nm1415323	protagonist	major
tt1114677	Oswald Granger	nm0348222	antagonist	major
tt1114677	Mr. Bradley	nm0000960	antagonist	minor
tt1114677	Lucinda	nm0139732	antagonist	minor
tt1114740	Paul Blart	nm0416673	protagonist	major
tt1114740	Veck Simms	nm1218757	antagonist	major
tt1114740	Cmdr. James Kent	nm0134072	antagonist	minor
tt1119646	Phil	nm0177896	protagonist	major
tt1119646	Stu	nm1159180	protagonist	major
tt1119646	Alan	nm0302108	protagonist	major
tt1119646	Doug	nm0058581	protagonist	minor
tt1119646	Mr. Chow	nm0421822	antagonist	major
tt1119646	Mike Tyson	nm0005512	antagonist	minor
tt11214590	Patrizia Reggiani	nm3078932	protagonist	major
tt11214590	Maurizio Gucci	nm3485845	protagonist	major
tt11214590	Aldo Gucci	nm0000199	antagonist	major
tt11214590	Paolo Gucci	nm0001467	antagonist	minor
tt11214590	Rodolfo Gucci	nm0000460	antagonist	minor
tt11229780	Doug Rawlins	nm0001029	protagonist	major
tt11229780	Liz Rawlins	nm0440286	protagonist	major
tt11245972	Sam Carpenter	nm4574440	protagonist	major
tt11245972	Tara Carpenter	nm4911194	protagonist	major
tt11245972	Sidney Prescott	nm0000117	protagonist	minor
tt11245972	Gale Weathers	nm0001073	protagonist	minor
tt11245972	Dewey Riley	nm0000274	protagonist	minor
tt11245972	Richie Kirsch	nm4425051	antagonist	major
tt11245972	Amber Freeman	nm5700898	antagonist	major
tt11252248	Jackson Briggs	nm1475594	protagonist	major
tt11252248	Lulu	nm13683442	protagonist	major
tt11252248	Lulu	nm13683443	protagonist	major
tt11252248	Lulu	nm13683444	protagonist	major
tt11271038	Gary	nm11866274	protagonist	major
tt11271038	Alana	nm6076229	protagonist	major
tt11291274	Nick Cage	nm0000115	protagonist	major
tt11291274	Javi Gutierrez	nm0050959	protagonist	major
tt11291274	Lucas Gutierrez	nm1346713	antagonist	major
tt1130884	Teddy Daniels	nm0000138	protagonist	major
tt1130884	Dr. Cawley	nm0001426	antagonist	major
tt1130884	Dr. Naehring	nm0001884	antagonist	minor
tt1132626	Agent Strahm	nm0666398	protagonist	major
tt1132626	Brit	nm0004748	protagonist	minor
tt1132626	Mallick	nm0117374	protagonist	minor
tt1132626	Mark Hoffman	nm0541908	antagonist	major
tt1133985	Hal Jordan	nm0005351	protagonist	major
tt1133985	Parallax (voice)	nm0000317	antagonist	major
tt1133985	Hector Hammond	nm0765597	antagonist	major
tt1133985	Sinestro	nm0835016	antagonist	minor
tt1135503	Julia Child	nm0000658	protagonist	major
tt1135503	Julie Powell	nm0010736	protagonist	major
tt1135503	Madame Brassart	nm0118371	antagonist	minor
tt1136608	Wikus Van De Merwe	nm1663205	protagonist	major
tt1136608	Christopher Johnson	nm2271261	protagonist	major
tt1136608	Koobus Venter	nm3107870	antagonist	major
tt1136608	Piet Smit	nm3227023	antagonist	minor
tt1136608	Obesandjo	nm3392525	antagonist	minor
tt1142800	Madea	nm1347153	protagonist	major
tt1142800	Joshua Hardaway	nm1035682	protagonist	major
tt1142800	Candace Washington	nm0700443	protagonist	major
tt1142800	Linda	nm0653887	antagonist	major
tt1142800	Arthur	nm0073170	antagonist	minor
tt1142800	Mr. Brackman	nm0907808	antagonist	minor
tt1142800	Big Sal	nm1697707	antagonist	minor
tt1142988	Abby	nm0001337	protagonist	major
tt1142988	Mike Chadway	nm0124930	protagonist	major
tt1144884	Nick	nm2092545	protagonist	major
tt1144884	Lori	nm1416900	protagonist	major
tt1144884	George	nm0932112	protagonist	minor
tt1144884	Janet	nm2251716	protagonist	minor
tt1144884	Hunt	nm1214657	protagonist	minor
tt1152836	John Dillinger	nm0000136	protagonist	major
tt1152836	Billie Frechette	nm0182839	protagonist	minor
tt1152836	Melvin Purvis	nm0000288	antagonist	major
tt1152836	J. Edgar Hoover	nm0001082	antagonist	minor
tt1152836	Charles Winstead	nm0002332	antagonist	minor
tt1155056	Peter Klaven	nm0748620	protagonist	major
tt1155056	Sydney Fife	nm0781981	protagonist	major
tt1155056	Zooey Rice	nm0429069	protagonist	minor
tt1155056	Tevin Downey	nm1097364	antagonist	minor
tt1155056	Barry	nm0269463	antagonist	minor
tt1155076	Dre Parker	nm1535523	protagonist	major
tt1155076	Mr. Han	nm0000329	protagonist	major
tt1155076	Cheng	nm3924254	antagonist	major
tt1155076	Master Li	nm0950552	antagonist	major
tt1155076	Liang	nm3924239	antagonist	minor
tt1156398	Columbus	nm0251986	protagonist	major
tt1156398	Tallahassee	nm0000437	protagonist	major
tt1156398	Wichita	nm1297015	protagonist	major
tt1156398	Little Rock	nm1113550	protagonist	major
tt1156398	Clown Zombie	nm1737393	antagonist	minor
tt11564570	Benoit Blanc	nm0185819	protagonist	major
tt11564570	Andi Brand	nm1847117	protagonist	major
tt11564570	Miles Bron	nm0001570	antagonist	major
tt1160419	Paul Atreides	nm3154303	protagonist	major
tt1160419	Lady Jessica Atreides	nm0272581	protagonist	major
tt1160419	Duke Leto Atreides	nm1209966	protagonist	major
tt1160419	Baron Vladimir Harkonnen	nm0001745	antagonist	major
tt1160419	Glossu Rabban Harkonnen	nm1176985	antagonist	minor
tt1160419	Piter de Vries	nm2810287	antagonist	minor
tt1160419	Jamis	nm2129802	antagonist	minor
tt1170358	Bilbo	nm0293509	protagonist	major
tt1170358	Thorin	nm0035514	protagonist	major
tt1170358	Gandalf	nm0005212	protagonist	major
tt1170358	Tauriel	nm1431940	protagonist	minor
tt1170358	Legolas	nm0089217	protagonist	minor
tt1170358	Bard	nm1812656	protagonist	minor
tt1170358	Smaug	nm1212722	antagonist	major
tt1170358	Necromancer (voice)	nm1212722	antagonist	major
tt1170358	Azog	nm0071847	antagonist	major
tt1170358	Bolg	nm0538692	antagonist	major
tt1170358	Thranduil	nm1195855	antagonist	minor
tt1170358	Master of Laketown	nm0000410	antagonist	minor
tt11703710	Lady Mary	nm1890784	protagonist	major
tt11703710	Robert Grantham	nm0095017	protagonist	major
tt11703710	Violet Grantham	nm0001749	protagonist	major
tt11703710	Mme de Montmirail	nm0000882	antagonist	minor
tt11729298	Kurt Warner	nm1157048	protagonist	major
tt11729298	Brenda Meoni	nm0001593	protagonist	major
tt11729298	Young Kurt (9 Yrs)	nm7418087	protagonist	minor
tt11729298	Coach Allen	nm0000284	antagonist	minor
tt11729298	Mike Martz	nm0446257	antagonist	minor
tt11729298	Ray Lewis (as Nicholas Harris)	nm3608841	antagonist	minor
tt1179056	Nancy Holbrook	nm1913734	protagonist	major
tt1179056	Quentin Smith	nm0973177	protagonist	major
tt1179056	Freddy Krueger	nm0355097	antagonist	major
tt1179904	Katie	nm2209370	protagonist	major
tt1179904	Micah	nm2913790	protagonist	major
tt1179933	Michelle	nm0935541	protagonist	major
tt1179933	Emmett	nm0302330	protagonist	minor
tt1179933	Howard	nm0000422	antagonist	major
tt1189340	Mick Haller	nm0000190	protagonist	major
tt1189340	Louis Roulet	nm0000202	antagonist	major
tt1189340	Mary Windsor	nm0004920	antagonist	minor
tt1190080	Jackson Curtis	nm0000131	protagonist	major
tt1190080	Adrian Helmsley	nm0252230	protagonist	major
tt1190080	Kate Curtis	nm0001605	protagonist	minor
tt1190080	Carl Anheuser	nm0001624	antagonist	major
tt1190080	Yuri Karpov	nm0121519	antagonist	minor
tt1194173	Aaron Cross	nm0719637	protagonist	major
tt1194173	Dr. Marta Shearing	nm0001838	protagonist	major
tt1194173	Col Eric Byer, USAF, Ret.	nm0001570	antagonist	major
tt1194173	LARX #3 (as Louis Ozawa Changchien)	nm1559194	antagonist	minor
tt11952606	Joe Valencia	nm1839922	protagonist	major
tt11952606	Junior	nm7385519	protagonist	minor
tt11952606	Dev Deluxe	nm4371284	antagonist	major
tt1196141	Greg Heffley	nm2325393	protagonist	major
tt1196141	Rowley Jefferson	nm2953573	protagonist	major
tt1197624	Nick Rice	nm0004937	protagonist	major
tt1197624	Jonas Cantrell	nm0569226	protagonist	minor
tt1197624	Detective Dunnigan	nm0000538	protagonist	minor
tt1197624	Clyde Shelton	nm0124930	antagonist	major
tt1197624	Clarence Darby	nm0831601	antagonist	minor
tt1198138	Derek	nm0252961	protagonist	major
tt1198138	Sharon (as Beyoncé Knowles)	nm0461498	protagonist	major
tt1198138	Lisa	nm0005123	antagonist	major
tt12003946	Santa	nm1092086	protagonist	major
tt12003946	Trudy	nm9538402	protagonist	minor
tt12003946	Scrooge	nm0000491	antagonist	major
tt12003946	Commander Thorp	nm0233304	antagonist	minor
tt12003946	Gingerbread (as Andre Eriksen)	nm3664153	antagonist	minor
tt12003946	Candy Cane	nm4073978	antagonist	minor
tt12003946	Frosty	nm3663916	antagonist	minor
tt12003946	Tinsel	nm4659276	antagonist	minor
tt12003946	Krampus	nm0281956	antagonist	minor
tt12003946	Sugarplum	nm1638316	antagonist	minor
tt12003946	Jingle (as Finn McCrager Higgins)	nm12068167	antagonist	minor
tt1201607	Harry Potter	nm0705356	protagonist	major
tt1201607	Ron Weasley	nm0342488	protagonist	major
tt1201607	Hermione Granger	nm0914612	protagonist	major
tt1201607	Lord Voldemort	nm0000146	antagonist	major
tt1201607	Bellatrix Lestrange	nm0000307	antagonist	minor
tt1201607	Draco Malfoy	nm0271657	antagonist	minor
tt1201607	Gregory Goyle	nm0378830	antagonist	minor
tt1201607	Blaise Zabini	nm2857909	antagonist	minor
tt1204342	Walter (voice)	nm0513285	protagonist	major
tt1204342	Gary	nm0781981	protagonist	major
tt1204342	Mary	nm0010736	protagonist	major
tt1204342	Kermit	nm0926209	protagonist	major
tt1204342	Miss Piggy	nm1129383	protagonist	minor
tt1204342	Fozzie Bear	nm1129383	protagonist	minor
tt1204342	Animal	nm1129383	protagonist	minor
tt1204342	Gonzo	nm0324397	protagonist	minor
tt1204342	Tex Richman	nm0177933	antagonist	major
tt1204342	Uncle Deadly	nm0900934	antagonist	minor
tt1204342	Bobo	nm0057321	antagonist	minor
tt1204342	Miss Poogy	nm0748843	antagonist	minor
tt1204975	Billy	nm0000140	protagonist	major
tt1204975	Paddy	nm0000134	protagonist	major
tt1204975	Archie	nm0000151	protagonist	major
tt1204975	Sam	nm0000177	protagonist	major
tt1205489	Walt Kowalski	nm0000142	protagonist	major
tt1205489	Thao	nm3057402	protagonist	major
tt1205489	Spider	nm1732080	antagonist	major
tt1210166	Billy Beane	nm0000093	protagonist	major
tt1210166	Peter Brand	nm1706767	protagonist	major
tt1210166	Art Howe	nm0000450	antagonist	major
tt1210166	Grady Fuson	nm0575850	antagonist	minor
tt1210819	John Reid (Lone Ranger)	nm2309517	protagonist	major
tt1210819	Tonto	nm0000136	protagonist	major
tt1210819	Cole	nm0929489	antagonist	major
tt1210819	Butch Cavendish	nm0001209	antagonist	major
tt1210819	Fuller	nm0001608	antagonist	minor
tt1210819	Collins	nm0728132	antagonist	minor
tt1211837	Dr. Stephen Strange	nm1212722	protagonist	major
tt1211837	The Ancient One	nm0842770	protagonist	minor
tt1211837	Mordo	nm0252230	protagonist	minor
tt1211837	Wong	nm0938950	protagonist	minor
tt1211837	Dr. Christine Palmer	nm1046097	protagonist	minor
tt1211837	Kaecilius	nm0586568	antagonist	major
tt1217613	Ssgt. Michael Nantz	nm0001173	protagonist	major
tt1217613	2nd Lt. William Martinez (as Ramon Rodriguez)	nm1913125	protagonist	minor
tt1217613	TSgt. Elena Santos	nm0735442	protagonist	minor
tt1219289	Eddie Morra	nm0177896	protagonist	major
tt1219289	Gennady	nm0397110	antagonist	major
tt1219289	Carl Van Loon	nm0000134	antagonist	major
tt1219289	Man in Tan Coat	nm0032962	antagonist	minor
tt12193804	Whitney Houston	nm7609875	protagonist	major
tt12193804	John Houston	nm0676370	antagonist	major
tt12193804	Bobby Brown	nm5480894	antagonist	major
tt1220634	Alice	nm0000170	protagonist	major
tt1220634	Claire Redfield	nm0005123	protagonist	major
tt1220634	Chris Redfield	nm0589505	protagonist	minor
tt1220634	Albert Wesker	nm0731575	antagonist	major
tt1220634	Bennett	nm0167649	antagonist	minor
tt1220634	Axeman (as Ray Olubowale)	nm4036561	antagonist	minor
tt1220634	Jill Valentine	nm0347149	antagonist	minor
tt1222817	Griffin Keyes	nm0416673	protagonist	major
tt1222817	Stephanie	nm0004753	antagonist	major
tt1222817	Gale	nm0736579	antagonist	minor
tt1222817	Shane	nm0005531	antagonist	minor
tt1226229	Aaron Green	nm1706767	protagonist	major
tt1226229	Aldous Snow	nm1258970	protagonist	major
tt1226229	Sergio (as Sean Combs)	nm0004835	antagonist	major
tt1228705	Tony Stark	nm0000375	protagonist	major
tt1228705	Lt. Col. James 'Rhodey' Rhodes	nm0000332	protagonist	minor
tt1228705	Ivan Vanko	nm0000620	antagonist	major
tt1228705	Justin Hammer	nm0005377	antagonist	major
tt1229238	Ethan Hunt	nm0000129	protagonist	major
tt1229238	Jane	nm1745736	protagonist	major
tt1229238	Benji	nm0670408	protagonist	major
tt1229238	Brandt	nm0719637	protagonist	major
tt1229238	Hendricks	nm0638824	antagonist	major
tt1229238	Wistrom	nm0249020	antagonist	minor
tt1229238	Sabine Moreau	nm2244205	antagonist	minor
tt1229238	Sidorov	nm0556343	antagonist	minor
tt1229340	Ron Burgundy	nm0002071	protagonist	major
tt1229340	Veronica Corningstone	nm0000775	protagonist	minor
tt1229340	Brick Tamland	nm0136797	protagonist	minor
tt1229340	Brian Fantana	nm0748620	protagonist	minor
tt1229340	Champ Kind	nm0462712	protagonist	minor
tt1229340	Jack Lime	nm0005188	antagonist	major
tt1230414	Jane Adler	nm0000658	protagonist	major
tt1230414	Jake Adler	nm0000285	antagonist	major
tt1231583	Peter Highman	nm0000375	protagonist	major
tt1231583	Ethan Tremblay	nm0302108	protagonist	major
tt1232829	Schmidt	nm1706767	protagonist	major
tt1232829	Jenko	nm1475594	protagonist	major
tt1232829	Mr. Walters	nm1443527	antagonist	major
tt1232829	Eric Molson	nm2002649	antagonist	major
tt1232829	Domingo	nm1154986	antagonist	minor
tt1234721	Alex Murphy	nm1172478	protagonist	major
tt1234721	RoboCop	nm1172478	protagonist	major
tt1234721	Raymond Sellars	nm0000474	antagonist	major
tt1234721	Antoine Vallon	nm0308538	antagonist	minor
tt1234721	Rick Mattox	nm0355097	antagonist	minor
tt1234721	Chief Karen Dean	nm0001399	antagonist	minor
tt12412888	Sonic (voice)	nm2355635	protagonist	major
tt12412888	Tails (voice)	nm0642601	protagonist	major
tt12412888	Tom Wachowski	nm0005188	protagonist	minor
tt12412888	Maddie Wachowski	nm1754366	protagonist	minor
tt12412888	Dr. Robotnik	nm0000120	antagonist	major
tt12412888	Knuckles (voice)	nm0252961	antagonist	major
tt12412888	Agent Stone	nm2837384	antagonist	minor
tt12412888	Randall	nm0005245	antagonist	minor
tt1245492	Jay Baruchel	nm0059431	protagonist	major
tt1245492	Seth Rogen	nm0736622	protagonist	major
tt1245492	James Franco	nm0290556	protagonist	major
tt1245492	Craig Robinson	nm0732497	protagonist	major
tt1245492	Danny McBride	nm1144419	antagonist	major
tt1245492	Jonah Hill	nm1706767	antagonist	minor
tt1245526	Frank Moses	nm0000246	protagonist	major
tt1245526	Sarah Ross	nm0000571	protagonist	major
tt1245526	Joe Matheson	nm0000151	protagonist	minor
tt1245526	Marvin Boggs	nm0000518	protagonist	minor
tt1245526	Victoria	nm0000545	protagonist	minor
tt1245526	William Cooper	nm0881631	antagonist	major
tt1245526	Alexander Dunning	nm0000377	antagonist	major
tt1245526	Cynthia Wilkes	nm0682071	antagonist	major
tt1245526	Robert Stanton	nm0573037	antagonist	minor
tt1253863	Themistokles	nm0822982	protagonist	major
tt1253863	Queen Gorgo	nm0372176	protagonist	minor
tt1253863	Aeskylos	nm0558548	protagonist	minor
tt1253863	Scyllias	nm0612534	protagonist	minor
tt1253863	Artemisia	nm1200692	antagonist	major
tt1253863	Xerxes	nm0763928	antagonist	major
tt1253863	Ephialtes	nm0862907	antagonist	minor
tt1253864	Theseus	nm0147147	protagonist	major
tt1253864	Phaedra	nm2951768	protagonist	major
tt1253864	King Hyperion	nm0000620	antagonist	major
tt1253864	Minotaur	nm0537631	antagonist	minor
tt12593682	Ladybug	nm0000093	protagonist	major
tt12593682	Kimura	nm4010671	protagonist	major
tt12593682	Lemon	nm3109964	protagonist	major
tt12593682	Tangerine	nm1093951	protagonist	major
tt12593682	The Elder	nm0760796	protagonist	minor
tt12593682	Maria	nm0000113	protagonist	minor
tt12593682	White Death	nm0788335	antagonist	major
tt12593682	Prince	nm1428821	antagonist	major
tt12593682	Wolf (as Benito A Martínez Ocasio)	nm9559545	antagonist	minor
tt12593682	The Hornet	nm5939164	antagonist	minor
tt1259571	Bella Swan	nm0829576	protagonist	major
tt1259571	Edward Cullen	nm1500155	protagonist	major
tt1259571	Jacob Black	nm1210124	protagonist	major
tt1259571	Alice Cullen	nm2230865	protagonist	minor
tt1259571	Laurent	nm1346230	antagonist	minor
tt1261945	Carrie Bradshaw	nm0000572	protagonist	major
tt1261945	Samantha Jones	nm0000326	protagonist	major
tt1261945	Charlotte York	nm0004862	protagonist	major
tt1261945	Miranda Hobbes	nm0633223	protagonist	major
tt1267297	Hercules	nm0425005	protagonist	major
tt1267297	Amphiaraus	nm0574534	protagonist	minor
tt1267297	Autolycus	nm0001722	protagonist	minor
tt1267297	Tydeus	nm0377336	protagonist	minor
tt1267297	Atalanta	nm2070336	protagonist	minor
tt1267297	Iolaus	nm2201022	protagonist	minor
tt1267297	Lord Cotys	nm0000457	antagonist	major
tt1267297	King Eurystheus	nm0001212	antagonist	minor
tt1267297	Sitacles	nm0611932	antagonist	minor
tt1270797	Eddie Brock	nm0362766	protagonist	major
tt1270797	Venom	nm0362766	protagonist	major
tt1270797	Anne Weying	nm0931329	protagonist	minor
tt1270797	Carlton Drake	nm1981893	antagonist	major
tt1270797	Riot	nm1981893	antagonist	major
tt1270797	Cletus Kasady	nm0000437	antagonist	minor
tt1270798	Charles Xavier (30 Years)	nm0564215	protagonist	major
tt1270798	Erik Lensherr	nm1055413	protagonist	major
tt1270798	Moira MacTaggert	nm0126284	protagonist	minor
tt1270798	Raven	nm2225369	protagonist	minor
tt1270798	Sebastian Shaw	nm0000102	antagonist	major
tt1270798	Emma Frost	nm0005064	antagonist	minor
tt1270798	Azazel	nm0002076	antagonist	minor
tt1270798	Riptide (as Alex González)	nm1682733	antagonist	minor
tt1272878	Bobby	nm0000243	protagonist	major
tt1272878	Stig	nm0000242	protagonist	major
tt1272878	Papi Greco	nm0001579	antagonist	major
tt1272878	Earl	nm0000200	antagonist	major
tt1272878	Quince	nm0005188	antagonist	major
tt1276104	Joe	nm0330687	protagonist	major
tt1276104	Old Joe	nm0000246	antagonist	major
tt1276104	Abe	nm0001099	antagonist	major
tt1276104	Kid Blue	nm0781913	antagonist	minor
tt1279935	Phil Foster	nm0136797	protagonist	major
tt1279935	Claire Foster	nm0275486	protagonist	major
tt1279935	Holbrooke	nm0000242	protagonist	minor
tt1279935	Collins	nm0996669	antagonist	major
tt1279935	Armstrong	nm0801051	antagonist	major
tt1279935	Joe Miletto (uncredited)	nm0000501	antagonist	minor
tt1279935	DA Frank Crenshaw	nm0001209	antagonist	minor
tt1284575	Elizabeth Halsey	nm0000139	protagonist	major
tt1284575	Amy Squirrel	nm0700577	antagonist	major
tt1285016	Mark Zuckerberg	nm0251986	protagonist	major
tt1285016	Eduardo Saverin	nm1940449	antagonist	major
tt1285016	Cameron Winklevoss	nm2309517	antagonist	major
tt1285016	Tyler Winklevoss	nm2309517	antagonist	major
tt1285016	Divya Narendra	nm1540404	antagonist	minor
tt12873562	Evie	nm2812026	protagonist	major
tt12873562	De Ville	nm6015235	antagonist	major
tt12873562	Viktoria	nm4066934	antagonist	minor
tt12873562	Oliver	nm2369260	antagonist	minor
tt1289401	Erin Gilbert	nm1325419	protagonist	major
tt1289401	Abby Yates	nm0565250	protagonist	major
tt1289401	Jillian Holtzmann	nm0571952	protagonist	major
tt1289401	Patty Tolan	nm0428656	protagonist	major
tt1289401	Rowan North	nm2654481	antagonist	major
tt1289401	Martin Heiss	nm0000195	antagonist	minor
tt1289401	Mayor Bradley	nm0000412	antagonist	minor
tt1291150	April O'Neil	nm1083271	protagonist	major
tt1291150	Raphael	nm2024927	protagonist	major
tt1291150	Michelangelo	nm0279720	protagonist	major
tt1291150	Leonardo	nm5293935	protagonist	major
tt1291150	Donatello	nm0397386	protagonist	major
tt1291150	Vern Fenwick	nm0004715	protagonist	minor
tt1291150	Splinter	nm0940173	protagonist	minor
tt1291150	Shredder	nm0556070	antagonist	major
tt1291150	Eric Sacks	nm0001209	antagonist	major
tt1294226	Ronnie Miller	nm1415323	protagonist	major
tt1294226	Steve Miller	nm0001427	protagonist	major
tt1294226	Will Blakelee	nm2955013	protagonist	major
tt1294226	Blaze	nm3361199	antagonist	minor
tt1294226	Marcus	nm1731478	antagonist	minor
tt1294226	Scott	nm1870250	antagonist	minor
tt1298650	Jack Sparrow	nm0000136	protagonist	major
tt1298650	Barbossa	nm0001691	protagonist	major
tt1298650	Gibbs (as Kevin R. McNally)	nm0573618	protagonist	minor
tt1298650	Philip	nm3510471	protagonist	minor
tt1298650	Syrena	nm2793591	protagonist	minor
tt1298650	Blackbeard	nm0574534	antagonist	major
tt1298650	Angelica	nm0004851	antagonist	major
tt1298650	The Spaniard (as Oscar Jaenada)	nm1049982	antagonist	minor
tt1300854	Tony Stark	nm0000375	protagonist	major
tt1300854	Pepper Potts	nm0000569	protagonist	minor
tt1300854	Colonel James Rhodes	nm0000332	protagonist	minor
tt1300854	JARVIS (voice)	nm0079273	protagonist	minor
tt1300854	Harley Keener	nm1339223	protagonist	minor
tt1300854	Aldrich Killian	nm0001602	antagonist	major
tt1300854	Maya Hansen	nm0356017	antagonist	minor
tt1300854	Trevor Slattery	nm0001426	antagonist	minor
tt1300854	Savin	nm0197647	antagonist	minor
tt1300854	Brandt	nm1210895	antagonist	minor
tt1300854	Vice President Rodriguez	nm0001208	antagonist	minor
tt1318514	Caesar	nm0785227	protagonist	major
tt1318514	Will Rodman	nm0290556	protagonist	major
tt1318514	Steven Jacobs	nm0654648	antagonist	major
tt1318514	Dodge Landon	nm0271657	antagonist	minor
tt1320253	Barney Ross	nm0000230	protagonist	major
tt1320253	Lee Christmas	nm0005458	protagonist	major
tt1320253	Yin Yang	nm0001472	protagonist	minor
tt1320253	Hale Caesar	nm0187719	protagonist	minor
tt1320253	Toll Road	nm1330276	protagonist	minor
tt1320253	James Munroe	nm0000616	antagonist	major
tt1320253	General Garza	nm0953882	antagonist	major
tt1320253	Gunner Jensen	nm0000185	antagonist	minor
tt1320253	Paine	nm0042524	antagonist	minor
tt1320253	The Brit	nm0199939	antagonist	minor
tt1321510	Usnavi	nm6588867	protagonist	major
tt1321510	Vanessa	nm4574440	protagonist	major
tt1321510	Nina Rosario	nm6051155	protagonist	major
tt1321510	Benny	nm3659660	protagonist	major
tt13223398	Dr. Nate Samuels	nm0252961	protagonist	major
tt13223398	Meredith Samuels	nm6681689	protagonist	minor
tt13223398	Norah Samuels	nm7122558	protagonist	minor
tt13223398	Martin Battles	nm1663205	protagonist	minor
tt13223398	Poacher Mizozi	nm2987867	antagonist	minor
tt1324999	Bella Swan	nm0829576	protagonist	major
tt1324999	Edward Cullen	nm1500155	protagonist	major
tt1324999	Jacob Black	nm1210124	protagonist	major
tt1324999	Sam Uley	nm1119726	antagonist	minor
tt1325004	Bella Swan	nm0829576	protagonist	major
tt1325004	Edward Cullen	nm1500155	protagonist	major
tt1325004	Jacob Black	nm1210124	protagonist	major
tt1325004	Victoria	nm0397171	antagonist	major
tt1325004	Riley	nm1882152	antagonist	minor
tt1327194	Logan	nm1374980	protagonist	major
tt1327194	Beth	nm2279940	protagonist	major
tt1327194	Keith Clayton	nm0272474	antagonist	major
tt1327773	Cecil Gaines	nm0001845	protagonist	major
tt1327773	Louis Gaines	nm0654648	protagonist	major
tt1327773	Thomas Westfall	nm1641117	antagonist	minor
tt13320622	Loretta Sage	nm0000113	protagonist	major
tt13320622	Alan	nm1475594	protagonist	major
tt13320622	Abigail Fairfax	nm0705356	antagonist	major
tt1340138	Sarah Connor	nm3592338	protagonist	major
tt1340138	Kyle Reese	nm2541974	protagonist	major
tt1340138	Guardian	nm0000216	protagonist	major
tt1340138	John Connor	nm0164809	antagonist	major
tt1340138	T-1000	nm0496932	antagonist	minor
tt1340138	Alex (as Matthew Smith)	nm1741002	antagonist	minor
tt1343092	Nick Carraway	nm0001497	protagonist	major
tt1343092	Jay Gatsby	nm0000138	protagonist	major
tt1343092	Tom Buchanan	nm0249291	antagonist	major
tt1343092	George Wilson	nm0164809	antagonist	minor
tt1345836	Bruce Wayne	nm0000288	protagonist	major
tt1345836	Batman	nm0000288	protagonist	major
tt1345836	Blake	nm0330687	protagonist	minor
tt1345836	Commissioner Gordon	nm0000198	protagonist	minor
tt1345836	Selina	nm0004266	protagonist	minor
tt1345836	Bane	nm0362766	antagonist	major
tt1345836	Miranda	nm0182839	antagonist	major
tt1345836	Daggett	nm0578853	antagonist	minor
tt1345836	Dr. Jonathan Crane	nm0614165	antagonist	minor
tt1351685	Jack	nm0396558	protagonist	major
tt1351685	Isabelle	nm1870434	protagonist	major
tt1351685	Elmont	nm0000191	protagonist	minor
tt1351685	Roderick	nm0001804	antagonist	major
tt1351685	General Fallon	nm0631490	antagonist	major
tt1355644	Jim Preston	nm0695435	protagonist	major
tt1355644	Aurora Lane	nm2225369	protagonist	major
tt1355683	James 'Whitey' Bulger	nm0000136	protagonist	major
tt1355683	John Connolly	nm0249291	protagonist	major
tt1355683	Fred Wyshak	nm1015684	antagonist	major
tt1355683	Gennaro Angiulo	nm7295972	antagonist	minor
tt1355683	FBI Agent Charles McGuire	nm0000102	antagonist	minor
tt1365519	Lara Croft	nm2539953	protagonist	major
tt1365519	Mathias Vogel	nm0324658	antagonist	major
tt1365519	Ana Miller	nm0000218	antagonist	minor
tt1375666	Cobb	nm0000138	protagonist	major
tt1375666	Arthur	nm0330687	protagonist	minor
tt1375666	Ariadne (as Ellen Page)	nm0680983	protagonist	minor
tt1375666	Eames	nm0362766	protagonist	minor
tt1375666	Saito	nm0913822	protagonist	minor
tt1375666	Yusuf	nm2438307	protagonist	minor
tt1375666	Mal	nm0182839	antagonist	major
tt1375670	Lenny Feder	nm0001191	protagonist	major
tt1375670	Eric Lamonsoff	nm0416673	protagonist	major
tt1375670	Kurt McKenzie	nm0001674	protagonist	major
tt1375670	Marcus Higgins	nm0005450	protagonist	major
tt1375670	Rob Hilliard	nm0001705	protagonist	major
tt1375670	Dickie Bailey	nm0703800	antagonist	major
tt1375670	Robideaux	nm0521781	antagonist	minor
tt1375670	Muzby	nm0333605	antagonist	minor
tt1375670	Tardio	nm1573849	antagonist	minor
tt1375670	Malcolm	nm0005218	antagonist	minor
tt1375670	Wiley	nm0000114	antagonist	minor
tt1385826	David Norris	nm0000354	protagonist	major
tt1385826	Elise Sellas	nm1289434	protagonist	major
tt1385826	Richardson	nm0805476	antagonist	major
tt1385826	Thompson	nm0000654	antagonist	major
tt1386588	Allen Gamble	nm0002071	protagonist	major
tt1386588	Terry Hoitz	nm0000242	protagonist	major
tt1386588	David Ershon	nm0176869	antagonist	major
tt1386588	Roger Wesley	nm0829032	antagonist	major
tt1386697	Amanda Waller	nm0205626	protagonist	major
tt1386697	Deadshot	nm0000226	protagonist	major
tt1386697	Harley Quinn	nm3053338	protagonist	major
tt1386697	Rick Flag	nm1172478	protagonist	major
tt1386697	Boomerang	nm2541974	protagonist	minor
tt1386697	Diablo	nm0379596	protagonist	minor
tt1386697	Killer Croc	nm0015382	protagonist	minor
tt1386697	Katana	nm7232332	protagonist	minor
tt1386697	Slipknot	nm0063440	protagonist	minor
tt1386697	Enchantress	nm5353321	antagonist	major
tt1386697	Incubus (as Alain Chanoine)	nm1736171	antagonist	minor
tt1386697	The Joker	nm0001467	antagonist	minor
tt1386703	Douglas Quaid	nm0268199	protagonist	major
tt1386703	Melina	nm0004754	protagonist	major
tt1386703	Cohaagen	nm0186505	antagonist	major
tt1386703	Lori Quaid	nm0000295	antagonist	major
tt1386703	Harry	nm0940158	antagonist	minor
tt1391137	Patricia	nm0001390	protagonist	major
tt1391137	Gavin	nm0948272	protagonist	major
tt1391137	Sheila	nm0779325	protagonist	major
tt1391137	Troy	nm0748541	protagonist	major
tt1391137	Terry	nm1347153	protagonist	major
tt1391137	Dianne	nm0495095	protagonist	major
tt1391137	Angela	nm0810103	protagonist	major
tt1391137	Marcus	nm0925220	protagonist	major
tt1391137	Mike	nm0429114	protagonist	major
tt1392170	Katniss Everdeen	nm2225369	protagonist	major
tt1392170	Peeta Mellark	nm1242688	protagonist	major
tt1392170	President Snow	nm0000661	antagonist	major
tt1392170	Seneca Crane	nm0004747	antagonist	major
tt1392170	Cato	nm1573253	antagonist	major
tt1392170	Clove	nm2265157	antagonist	minor
tt1392170	Marvel	nm4425051	antagonist	minor
tt1392170	Glimmer	nm1628079	antagonist	minor
tt1392190	Max Rockatansky	nm0362766	protagonist	major
tt1392190	Imperator Furiosa	nm0000234	protagonist	major
tt1392190	Nux	nm0396558	protagonist	minor
tt1392190	Toast the Knowing	nm2368789	protagonist	minor
tt1392190	The Splendid Angharad	nm2492819	protagonist	minor
tt1392190	Capable	nm2142336	protagonist	minor
tt1392190	The Dag	nm3880181	protagonist	minor
tt1392190	Cheedo the Fragile	nm5196907	protagonist	minor
tt1392190	Immortan Joe	nm0117412	antagonist	major
tt1392190	The Bullet Farmer	nm0141885	antagonist	minor
tt1392190	The People Eater	nm0397398	antagonist	minor
tt1392190	Rictus Erectus	nm0428923	antagonist	minor
tt1396218	Mr. Popper	nm0000120	protagonist	major
tt1396218	Nat Jones	nm0163988	antagonist	major
tt1396484	Bill Denbrough (as Jaeden Lieberher)	nm5897057	protagonist	major
tt1396484	Beverly Marsh	nm6096118	protagonist	major
tt1396484	Ben Hanscom	nm5582294	protagonist	major
tt1396484	Richie Tozier	nm6016511	protagonist	minor
tt1396484	Mike Hanlon	nm7483475	protagonist	minor
tt1396484	Eddie Kaspbrak	nm6244013	protagonist	minor
tt1396484	Stanley Uris	nm5200476	protagonist	minor
tt1396484	Pennywise	nm0803889	antagonist	major
tt1396484	Henry Bowers	nm5640595	antagonist	minor
tt1396484	Mr. Marsh	nm0091505	antagonist	minor
tt1397280	Bryan Mills	nm0000553	protagonist	major
tt1397280	Kim	nm1192254	protagonist	minor
tt1397280	Murad Krasniqi (as Rade Sherbedgia)	nm0784884	antagonist	major
tt1397514	Sean	nm1242688	protagonist	major
tt1397514	Hank	nm0425005	protagonist	major
tt1397514	Alexander	nm0000323	protagonist	major
tt1397514	Kailani	nm1227814	protagonist	major
tt1397514	Gabato	nm0350079	protagonist	major
tt1398426	Ice Cube	nm6578009	protagonist	major
tt1398426	Dr. Dre	nm3659660	protagonist	major
tt1398426	Eazy-E	nm4207146	protagonist	major
tt1398426	DJ Yella	nm0112932	protagonist	minor
tt1398426	MC Ren	nm0388038	protagonist	minor
tt1398426	Jerry Heller	nm0316079	antagonist	major
tt1398426	Suge Knight	nm3976974	antagonist	minor
tt1399103	Sam Witwicky	nm0479471	protagonist	major
tt1399103	Optimus Prime (voice)	nm0191520	protagonist	major
tt1399103	Carly	nm2492819	protagonist	minor
tt1399103	Simmons	nm0001806	protagonist	minor
tt1399103	Epps	nm0879085	protagonist	minor
tt1399103	Lennox	nm0241049	protagonist	minor
tt1399103	Dylan	nm0001131	antagonist	major
tt1401152	Dr. Martin Harris	nm0000553	protagonist	major
tt1401152	Gina	nm1208167	protagonist	major
tt1401152	Rodney Cole	nm0001449	antagonist	major
tt1401152	Elizabeth Harris	nm0005064	antagonist	major
tt1401152	Martin B	nm0001644	antagonist	major
tt1401152	Smith	nm0773968	antagonist	minor
tt1401152	Jones	nm1449783	antagonist	minor
tt1403865	Mattie Ross	nm2794962	protagonist	major
tt1403865	Rooster Cogburn	nm0000313	protagonist	major
tt1403865	LaBoeuf	nm0000354	protagonist	major
tt1403865	Tom Chaney	nm0000982	antagonist	major
tt1403865	Lucky Ned Pepper	nm0001608	antagonist	major
tt1403865	Emmett Quincy	nm1497570	antagonist	minor
tt1403865	Moon (The Kid)	nm1727304	antagonist	minor
tt1408101	Kirk	nm1517976	protagonist	major
tt1408101	Spock	nm0704270	protagonist	major
tt1408101	Scotty	nm0670408	protagonist	minor
tt1408101	Uhura (as Zoë Saldana)	nm0757855	protagonist	minor
tt1408101	Carol Marcus	nm1404408	protagonist	minor
tt1408101	Khan	nm1212722	antagonist	major
tt1408101	Marcus	nm0000693	antagonist	major
tt1408101	Thomas Harewood	nm0164929	antagonist	minor
tt1408253	Ben Barber	nm0366389	protagonist	major
tt1408253	James Payton	nm0001084	protagonist	major
tt1408253	Omar	nm0000401	antagonist	major
tt1408253	Santiago	nm0000491	antagonist	minor
tt1408253	Miggs	nm0130437	antagonist	minor
tt1409024	Agent J	nm0000226	protagonist	major
tt1409024	Agent K	nm0000169	protagonist	major
tt1409024	Young Agent K	nm0000982	protagonist	major
tt1409024	Boris The Animal	nm1318596	antagonist	major
tt14109724	David Cotton	nm0000123	protagonist	major
tt14109724	Georgia Cotton	nm0000210	protagonist	major
tt1411238	Emma	nm0000204	protagonist	major
tt1411238	Adam	nm0005110	protagonist	major
tt1411697	Stu	nm1159180	protagonist	major
tt1411697	Phil	nm0177896	protagonist	major
tt1411697	Alan	nm0302108	protagonist	major
tt1411697	Doug	nm0058581	protagonist	minor
tt1411697	Kingsley	nm0316079	antagonist	major
tt1411697	Fohn	nm1070323	antagonist	minor
tt14208870	Sammy Fabelman	nm5450413	protagonist	major
tt14208870	Younger Sammy Fabelman (as Mateo Zoryon Francis-DeFord)	nm12873476	protagonist	minor
tt14208870	Logan Hall	nm11809977	antagonist	minor
tt14208870	Chad Thomas	nm4625502	antagonist	minor
tt1430132	Logan	nm0413168	protagonist	major
tt1430132	Yukio	nm3822462	protagonist	minor
tt1430132	Mariko	nm5148840	protagonist	minor
tt1430132	Yashida (as Haruhiko Yamanouchi)	nm0945563	antagonist	major
tt1430132	Shingen	nm0760796	antagonist	minor
tt1430132	Harada	nm0498449	antagonist	minor
tt1430132	Noburo	nm0974575	antagonist	minor
tt1431045	Wade	nm0005351	protagonist	major
tt1431045	Deadpool	nm0005351	protagonist	major
tt1431045	Ajax	nm4534098	antagonist	major
tt1431045	Angel Dust	nm2442289	antagonist	minor
tt1431045	Recruiter	nm0715915	antagonist	minor
tt1440129	Lieutenant Alex Hopper	nm2018237	protagonist	major
tt1440129	Sam	nm2395937	protagonist	minor
tt1440129	Captain Yugi Nagata	nm0038355	protagonist	minor
tt1440129	Lieutenant Colonel Mick Canales	nm4748971	protagonist	minor
tt1440129	Cal Zapata	nm0512934	protagonist	minor
tt14439896	Stuart Long	nm0000242	protagonist	major
tt1446714	Elizabeth Shaw	nm0636426	protagonist	major
tt1446714	Charlie Holloway	nm1334869	protagonist	minor
tt1446714	Last Engineer	nm1613839	antagonist	major
tt1446714	David	nm1055413	antagonist	major
tt1446714	Meredith Vickers	nm0000234	antagonist	minor
tt1446714	Fifield	nm0365317	antagonist	minor
tt1454029	Skeeter Phelan	nm1297015	protagonist	major
tt1454029	Aibileen Clark	nm0205626	protagonist	major
tt1454029	Minny Jackson	nm0818055	protagonist	major
tt1454029	Hilly Holbrook	nm0397171	antagonist	major
tt1454029	Elizabeth Leefolt	nm1501738	antagonist	minor
tt1454468	Ryan Stone	nm0000113	protagonist	major
tt1454468	Matt Kowalski	nm0000123	protagonist	minor
tt1457767	Lorraine Warren	nm0267812	protagonist	major
tt1457767	Ed Warren	nm0933940	protagonist	major
tt1457767	Carolyn Perron	nm0000666	protagonist	major
tt1457767	Bathsheba	nm1177766	antagonist	major
tt1464335	Nathan Drake	nm4043618	protagonist	major
tt1464335	Victor Sullivan	nm0000242	protagonist	major
tt1464335	Jo Braddock	nm6616259	antagonist	major
tt1464335	Santiago Moncada	nm0000104	antagonist	minor
tt1464540	John	nm1641117	protagonist	major
tt1464540	Henri	nm0648249	protagonist	minor
tt1464540	Sam	nm2786608	protagonist	minor
tt1464540	Number 6	nm1954240	protagonist	minor
tt1464540	Mogadorian Commander	nm0243806	antagonist	major
tt1464540	Mark	nm1831976	antagonist	minor
tt1469304	Mitch Buchannon	nm0425005	protagonist	major
tt1469304	Matt Brody	nm1374980	protagonist	major
tt1469304	Summer Quinn	nm1275259	protagonist	minor
tt1469304	Ronnie Greenbaum	nm4723712	protagonist	minor
tt1469304	CJ Parker	nm4859097	protagonist	minor
tt1469304	Stephanie Holden	nm3947644	protagonist	minor
tt1469304	Victoria Leeds (as Priyanka Chopra)	nm1231899	antagonist	major
tt1469304	Captain Thorpe	nm1097364	antagonist	minor
tt1469304	Sgt. Ellerbee	nm5584344	antagonist	minor
tt1477834	Arthur	nm0597388	protagonist	major
tt1477834	Mera	nm1720028	protagonist	major
tt1477834	King Orm	nm0933940	antagonist	major
tt1477834	Manta	nm5584344	antagonist	major
tt1477834	Jesse (Manta's Father)	nm0004729	antagonist	minor
tt1478338	Annie	nm1325419	protagonist	major
tt1478338	Helen	nm0126284	antagonist	major
tt1483013	Jack	nm0000129	protagonist	major
tt1483013	Julia	nm1385871	protagonist	major
tt1483013	Sally	nm0502425	antagonist	major
tt1485796	P.T. Barnum	nm0413168	protagonist	major
tt1485796	Phillip Carlyle	nm1374980	protagonist	minor
tt1485796	Charity Barnum	nm0931329	protagonist	minor
tt1485796	Jenny Lind	nm0272581	antagonist	minor
tt1485796	James Gordon Bennett	nm0817027	antagonist	minor
tt1485796	Lead Protestor	nm0378175	antagonist	minor
tt1485796	Mr. Carlyle	nm0421120	antagonist	minor
tt1485796	Mrs. Carlyle	nm0014483	antagonist	minor
tt1489889	Calvin Joyner	nm0366389	protagonist	major
tt1489889	Bob Stone	nm0425005	protagonist	major
tt1489889	Phil	nm0666739	antagonist	major
tt1489889	Agent Pamela Harris	nm0752407	antagonist	major
tt1489889	Trevor	nm0000867	antagonist	minor
tt1496025	Selene	nm0000295	protagonist	major
tt1496025	David	nm3772243	protagonist	minor
tt1496025	Eve	nm2086223	protagonist	minor
tt1496025	Detective Sebastian	nm1013003	protagonist	minor
tt1496025	Dr. Jacob Lane	nm0001653	antagonist	major
tt1496025	Quint	nm0390285	antagonist	major
tt1499658	Nick Hendricks	nm0000867	protagonist	major
tt1499658	Dale Arbus	nm0206359	protagonist	major
tt1499658	Kurt Buckman	nm0837177	protagonist	major
tt1499658	Dave Harken	nm0000228	antagonist	major
tt1499658	Dr. Julia Harris, D.D.S.	nm0000098	antagonist	major
tt1499658	Bobby Pellit	nm0268199	antagonist	major
tt1502397	Mike	nm0000226	protagonist	major
tt1502397	Marcus	nm0001454	protagonist	major
tt1502397	Rita (as Paola Nunez)	nm1214769	protagonist	minor
tt1502397	Isabel Aretas	nm0215487	antagonist	major
tt1502397	Armando Aretas	nm0778501	antagonist	major
tt1502407	Laurie Strode	nm0000130	protagonist	major
tt1502407	Karen	nm0339460	protagonist	minor
tt1502407	Allyson	nm5506858	protagonist	minor
tt1502407	The Shape	nm0183921	antagonist	major
tt1502407	The Shape	nm0145309	antagonist	major
tt1502407	Dr. Sartain	nm0082211	antagonist	minor
tt1502712	Reed Richards	nm1886602	protagonist	major
tt1502712	Johnny Storm	nm0430107	protagonist	major
tt1502712	Sue Storm	nm0544718	protagonist	major
tt1502712	Ben Grimm	nm0068260	protagonist	major
tt1502712	Victor Von Doom	nm1527905	antagonist	major
tt1504320	King George VI	nm0000147	protagonist	major
tt1504320	Lionel Logue	nm0001691	protagonist	major
tt1504320	King Edward VIII	nm0001602	antagonist	minor
tt1504320	Archbishop Cosmo Lang	nm0001394	antagonist	minor
tt1515091	Sherlock Holmes	nm0000375	protagonist	major
tt1515091	Dr. John Watson	nm0000179	protagonist	major
tt1515091	Madam Simza Heron	nm0636426	protagonist	minor
tt1515091	Professor James Moriarty	nm0364813	antagonist	major
tt1515091	Colonel Sebastian Moran	nm2167957	antagonist	minor
tt1515091	Rene Heron	nm1953660	antagonist	minor
tt1517451	Ally	nm3078932	protagonist	major
tt1517451	Jack	nm0177896	protagonist	major
tt1517451	Rez Gavron	nm1969169	antagonist	minor
tt1524137	Chris Farraday	nm0000242	protagonist	major
tt1524137	Andy	nm2655177	protagonist	minor
tt1524137	Danny Raymer	nm0001305	protagonist	minor
tt1524137	Tim Briggs	nm0000610	antagonist	major
tt1524137	Sebastian Abney	nm0004936	antagonist	major
tt1524137	Gonzalo	nm0526019	antagonist	minor
tt1524137	Captain Camp	nm0799777	antagonist	minor
tt1524930	Rusty Griswold	nm1159180	protagonist	major
tt1524930	Debbie Griswold	nm0000775	protagonist	major
tt1524930	James Griswold	nm1711114	protagonist	minor
tt1524930	Kevin Griswold	nm4347315	protagonist	minor
tt1524930	Ethan	nm0515296	antagonist	minor
tt1528854	Brad Whitaker	nm0002071	protagonist	major
tt1528854	Dusty Mayron	nm0000242	antagonist	major
tt1535108	Max	nm0000354	protagonist	major
tt1535108	Frey	nm0103797	protagonist	minor
tt1535108	Spider	nm0609944	protagonist	minor
tt1535108	Julio	nm0526019	protagonist	minor
tt1535108	Delacourt	nm0000149	antagonist	major
tt1535108	Kruger	nm1663205	antagonist	major
tt1535108	John Carlyle	nm0001209	antagonist	minor
tt1535109	Captain Richard Phillips	nm0000158	protagonist	major
tt1535109	Muse	nm5831542	antagonist	major
tt1535109	Najee	nm5314015	antagonist	major
tt1535109	Bilal	nm5831543	antagonist	minor
tt1535109	Elmi	nm5831544	antagonist	minor
tt1535438	Kay	nm0000658	protagonist	major
tt1535438	Arnold	nm0000169	protagonist	major
tt1536044	Daniel Rey	nm1705210	protagonist	major
tt1536044	Kristi Rey	nm0337042	protagonist	major
tt1536044	Ali Rey	nm1454378	protagonist	major
tt1536044	Martine (as Vivis)	nm0173011	protagonist	minor
tt1536044	Katie	nm2209370	antagonist	major
tt15474916	Rose Cotter	nm1788739	protagonist	major
tt15474916	Joel	nm0973177	protagonist	minor
tt15474916	The Monstrosity	nm2804164	antagonist	major
tt1560220	Tallahassee	nm0000437	protagonist	major
tt1560220	Columbus	nm0251986	protagonist	major
tt1560220	Wichita	nm1297015	protagonist	major
tt1560220	Little Rock	nm1113550	protagonist	major
tt1560220	T-800 Z	nm4553619	antagonist	major
tt1560220	Ninja Zombie	nm3525727	antagonist	minor
tt1564349	Sawyer Nelson	nm1997480	protagonist	major
tt1564349	Winter	nm4675983	protagonist	major
tt1564367	Danny	nm0001191	protagonist	major
tt1564367	Katherine	nm0000098	protagonist	major
tt1570728	Cal	nm0136797	protagonist	major
tt1570728	Jacob	nm0331516	protagonist	major
tt1570728	Robbie	nm1501050	protagonist	minor
tt1570728	David Lindhagen	nm0000102	antagonist	minor
tt15791034	Tess	nm3569284	protagonist	major
tt15791034	AJ	nm0519043	protagonist	major
tt15791034	Keith	nm0803889	protagonist	minor
tt15791034	The Mother	nm1830723	antagonist	major
tt15791034	Frank	nm0104114	antagonist	minor
tt1583421	Roadblock	nm0425005	protagonist	major
tt1583421	Jaye	nm1597316	protagonist	major
tt1583421	Flint	nm1366616	protagonist	major
tt1583421	Snake Eyes	nm0661917	protagonist	major
tt1583421	Storm Shadow	nm0496932	protagonist	major
tt1583421	Duke	nm1475594	protagonist	minor
tt1583421	Jinx	nm1392388	protagonist	minor
tt1583421	General Joe Colton	nm0000246	protagonist	minor
tt1583421	Zartan	nm0903677	antagonist	major
tt1583421	Cobra Commander	nm3478396	antagonist	major
tt1583421	Firefly	nm0829032	antagonist	major
tt1587310	Maleficent	nm0001401	protagonist	major
tt1587310	Aurora	nm1102577	protagonist	major
tt1587310	Stefan	nm1663205	antagonist	major
tt1587310	King Henry	nm0186469	antagonist	minor
tt1588173	R	nm0396558	protagonist	major
tt1588173	Julie	nm1954240	protagonist	major
tt1588173	M	nm1117791	protagonist	minor
tt1588173	Nora (as Analeigh Tipton)	nm3006818	protagonist	minor
tt1588173	Grigio	nm0000518	antagonist	major
tt1591479	Lieutenant Rorke (as LCDR Rorke)	nm4918786	protagonist	major
tt1591479	Chief Dave (as SOC Dave)	nm4917569	protagonist	major
tt1591479	SO1 Sonny (as SOC Sonny)	nm4917354	protagonist	minor
tt1591479	Abu Shabal	nm0183039	antagonist	major
tt1591479	Christo	nm0891514	antagonist	major
tt1596343	Dominic Toretto	nm0004874	protagonist	major
tt1596343	Brian O'Conner	nm0908094	protagonist	major
tt1596343	Mia	nm0108287	protagonist	major
tt1596343	Vince	nm0776580	protagonist	minor
tt1596343	Roman	nm0879085	protagonist	minor
tt1596343	Tej (as Chris 'Ludacris' Bridges)	nm0524839	protagonist	minor
tt1596343	Han	nm0437646	protagonist	minor
tt1596343	Gisele	nm2933757	protagonist	minor
tt1596343	Leo	nm1578798	protagonist	minor
tt1596343	Santos	nm1885797	protagonist	minor
tt1596343	Reyes	nm0021835	antagonist	major
tt1596343	Hobbs	nm0425005	antagonist	major
tt1596343	Zizi	nm0409831	antagonist	minor
tt1596350	FDR Foster	nm1517976	protagonist	major
tt1596350	Tuck	nm0362766	protagonist	major
tt1596350	Lauren	nm0000702	protagonist	major
tt1596350	Heinrich	nm0001709	antagonist	major
tt1596365	Arthur Kipps	nm0705356	protagonist	major
tt1596365	Jennet	nm1022566	antagonist	major
tt1598778	Mitch Emhoff	nm0000354	protagonist	major
tt1598778	Dr. Ellis Cheever	nm0000401	protagonist	major
tt1598778	Dr. Erin Mears	nm0000701	protagonist	major
tt1598778	Dr. Ally Hextall	nm0000383	protagonist	major
tt1598778	Dr. Leonora Orantes	nm0182839	protagonist	major
tt1598778	Alan Krumwiede	nm0000179	antagonist	major
tt1598778	Sun Feng	nm1977856	antagonist	minor
tt1599348	Matt Weston	nm0005351	protagonist	major
tt1599348	Tobin Frost	nm0000243	protagonist	major
tt1599348	David Barlow	nm0322407	antagonist	major
tt1599348	Vargas	nm0267241	antagonist	major
tt1599348	Harlan Whitford	nm0001731	antagonist	minor
tt1599348	Keller	nm1172478	antagonist	minor
tt1605630	Jim	nm0004755	protagonist	major
tt1605630	Oz	nm0005098	protagonist	major
tt1605630	Kevin	nm0005272	protagonist	major
tt1605630	Finch	nm0858776	protagonist	major
tt1605630	Stifler	nm0005405	protagonist	major
tt1605630	Michelle	nm0004989	protagonist	minor
tt1605630	AJ (as Chuck Hittinger)	nm1778468	antagonist	minor
tt1605783	Gil	nm0005562	protagonist	major
tt1605783	Inez	nm1046097	antagonist	major
tt1605783	Paul	nm0790688	antagonist	minor
tt1606378	John McClane	nm0000246	protagonist	major
tt1606378	Jack McClane	nm2541974	protagonist	major
tt1606378	Komarov	nm0462407	antagonist	major
tt1606378	Irina	nm2568364	antagonist	major
tt1606378	Chagarin	nm0464038	antagonist	minor
tt1606378	Alik (as Rasha Bukvic)	nm1366568	antagonist	minor
tt1606389	Paige	nm1046097	protagonist	major
tt1606389	Leo	nm1475594	protagonist	major
tt1606389	Bill Thornton	nm0000554	antagonist	major
tt1606389	Jeremy	nm0005454	antagonist	minor
tt1620680	Meg	nm4977564	protagonist	major
tt1620680	Charles Wallace	nm8097993	protagonist	major
tt1620680	Calvin	nm5920962	protagonist	major
tt1620680	The It (voice)	nm0654648	antagonist	major
tt1620680	Red	nm0671567	antagonist	minor
tt1623205	Oz	nm0290556	protagonist	major
tt1623205	Glinda	nm0931329	protagonist	major
tt1623205	Finley	nm0103785	protagonist	minor
tt1623205	China Girl	nm1428821	protagonist	minor
tt1623205	Evanora	nm0001838	antagonist	major
tt1623205	Theodora	nm0005109	antagonist	major
tt1623205	Strongman	nm3020898	antagonist	minor
tt1628841	David Levinson	nm0000156	protagonist	major
tt1628841	Jake Morrison	nm2955013	protagonist	major
tt1628841	Dylan Hiller	nm1900772	protagonist	major
tt1628841	President Whitmore	nm0000597	protagonist	major
tt1628841	Charlie Miller	nm2506621	protagonist	minor
tt1628841	Rain Lao	nm2854802	protagonist	minor
tt1628841	Dr. Brakish Okun	nm0000653	protagonist	minor
tt1630029	Jake	nm0941777	protagonist	major
tt1630029	Neytiri (as Zoe Saldaña)	nm0757855	protagonist	major
tt1630029	Lo'ak	nm6839875	protagonist	minor
tt1630029	Kiri	nm0000244	protagonist	minor
tt1630029	Spider	nm5607823	protagonist	minor
tt1630029	Neteyam	nm7370588	protagonist	minor
tt1630029	Tuk	nm9304507	protagonist	minor
tt1630029	Quaritch	nm0002332	antagonist	major
tt1631867	Cage	nm0000129	protagonist	major
tt1631867	Rita	nm1289434	protagonist	major
tt1632708	Jamie	nm0005109	protagonist	major
tt1632708	Dylan	nm0005493	protagonist	major
tt1634106	Bloodshot	nm0004874	protagonist	major
tt1634106	KT (as Eiza Gonzalez)	nm2555462	protagonist	minor
tt1634106	Wilfred Wigans	nm2031358	protagonist	minor
tt1634106	Dr. Emil Harting	nm0001602	antagonist	major
tt1634106	Jimmy Dalton	nm1537825	antagonist	minor
tt1634106	Tibbs	nm1254025	antagonist	minor
tt1634106	Martin Axe	nm1527905	antagonist	minor
tt1636826	Thomas	nm3287038	protagonist	major
tt1636826	Costa	nm3967796	protagonist	major
tt1636826	JB	nm3967854	protagonist	major
tt1636826	Dax	nm3967702	protagonist	minor
tt1636826	T-Rick	nm0788617	antagonist	major
tt1637725	John Bennett	nm0000242	protagonist	major
tt1637725	Ted (voice)	nm0532235	protagonist	major
tt1637725	Lori Collins	nm0005109	protagonist	major
tt1637725	Donny	nm0000610	antagonist	major
tt1637725	Rex	nm0570364	antagonist	minor
tt1645170	Aladeen	nm0056187	protagonist	major
tt1645170	Zoey	nm0267506	protagonist	minor
tt1645170	Nadal	nm1727621	protagonist	minor
tt1645170	Tamir	nm0001426	antagonist	major
tt1646987	Perseus	nm0941777	protagonist	major
tt1646987	Agenor	nm1527905	protagonist	minor
tt1646987	Andromeda	nm0683253	protagonist	minor
tt1646987	Zeus	nm0000553	protagonist	minor
tt1646987	Ares (as Edgar Ramirez)	nm1183149	antagonist	major
tt1646987	Hades	nm0000146	antagonist	major
tt1646987	Minotaur	nm1872855	antagonist	minor
tt1648190	Jake	nm6999211	protagonist	major
tt1648190	Roland	nm0252961	protagonist	major
tt1648190	Walter	nm0000190	antagonist	major
tt1648190	Sayre	nm0355097	antagonist	minor
tt1650062	Joe Lamb	nm1525807	protagonist	major
tt1650062	Charles Kaznyk	nm4087524	protagonist	major
tt1650062	Alice Dainard	nm1102577	protagonist	major
tt1650062	Deputy Jackson Lamb	nm0151419	protagonist	minor
tt1650062	Cary	nm2619114	protagonist	minor
tt1650062	Preston	nm1517875	protagonist	minor
tt1650062	Martin	nm2773059	protagonist	minor
tt1650062	Colonel Nelec	nm0001187	antagonist	major
tt1661199	Cinderella	nm4141252	protagonist	major
tt1661199	Prince	nm0534635	protagonist	major
tt1661199	Stepmother	nm0000949	antagonist	major
tt1661199	Grand Duke	nm0001745	antagonist	minor
tt1661199	Drisella	nm2904789	antagonist	minor
tt1661199	Anastasia	nm0334441	antagonist	minor
tt1663202	Hugh Glass	nm0000138	protagonist	major
tt1663202	John Fitzgerald	nm0362766	antagonist	major
tt1663202	Elk Dog	nm0397258	antagonist	minor
tt1663202	Toussaint	nm2245285	antagonist	minor
tt1663662	Raleigh Becket	nm0402271	protagonist	major
tt1663662	Mako Mori	nm0452860	protagonist	major
tt1663662	Stacker Pentecost	nm0252961	protagonist	major
tt1663662	Dr. Newton Geiszler	nm0206359	protagonist	minor
tt1663662	Gottlieb	nm1218607	protagonist	minor
tt1663662	Chuck Hansen (as Rob Kazinsky)	nm2059117	protagonist	minor
tt1663662	Herc Hansen	nm0242882	protagonist	minor
tt1663662	Yancy Becket	nm1459109	protagonist	minor
tt1667353	Snow White	nm2934314	protagonist	major
tt1667353	Prince Alcott	nm2309517	protagonist	minor
tt1667353	The Queen	nm0000210	antagonist	major
tt1670345	J. Daniel Atlas	nm0251986	protagonist	major
tt1670345	Merritt McKinney	nm0000437	protagonist	major
tt1670345	Henley Reeves	nm0279545	protagonist	major
tt1670345	Jack Wilder	nm2002649	protagonist	major
tt1670345	Dylan Rhodes	nm0749263	protagonist	major
tt1670345	Alma Dray	nm0491259	protagonist	major
tt1670345	Thaddeus Bradley	nm0000151	antagonist	major
tt1670345	Arthur Tressler	nm0000323	antagonist	minor
tt1673434	Bella Swan	nm0829576	protagonist	major
tt1673434	Edward Cullen	nm1500155	protagonist	major
tt1673434	Jacob Black	nm1210124	protagonist	major
tt1673434	Alice Cullen	nm2230865	protagonist	minor
tt1673434	Dr. Carlisle Cullen	nm0004906	protagonist	minor
tt1673434	Aro	nm0790688	antagonist	major
tt1673434	Irina	nm1192254	antagonist	minor
tt1677720	Wade	nm4446467	protagonist	major
tt1677720	Parzival	nm4446467	protagonist	major
tt1677720	Samantha	nm4972453	protagonist	major
tt1677720	Art3mis	nm4972453	protagonist	major
tt1677720	Helen	nm2913119	protagonist	minor
tt1677720	Aech	nm2913119	protagonist	minor
tt1677720	Sho	nm8354830	protagonist	minor
tt1677720	Daito	nm3359104	protagonist	minor
tt1677720	Sorrento	nm0578853	antagonist	major
tt1677720	I-R0k	nm2554352	antagonist	minor
tt1677720	F'Nale Zandor	nm4789912	antagonist	minor
tt1698641	Alexander Cooper	nm4590837	protagonist	major
tt1698641	Ben Cooper	nm0136797	protagonist	minor
tt1698641	Kelly Cooper	nm0004950	protagonist	minor
tt1698641	Anthony Cooper	nm1910255	protagonist	minor
tt1698641	Emily Cooper	nm1748388	protagonist	minor
tt1698641	Celia	nm2254074	antagonist	minor
tt1698641	Ms. Suggs	nm0177639	antagonist	minor
tt1698641	Elliot Gibson	nm3419119	antagonist	minor
tt1702439	Katie	nm2584600	protagonist	major
tt1702439	Alex	nm0241049	protagonist	major
tt1702439	Tierney	nm2256017	antagonist	major
tt1706593	Andrew Detmer	nm2851530	antagonist	major
tt1706593	Matt Garetty	nm3887625	protagonist	major
tt1706593	Steve Montgomery	nm0430107	protagonist	minor
tt1706593	Richard Detmer	nm0446672	antagonist	minor
tt1707386	Jean Valjean	nm0413168	protagonist	major
tt1707386	Fantine	nm0004266	protagonist	minor
tt1707386	Cosette	nm1086543	protagonist	minor
tt1707386	Marius	nm1519666	protagonist	minor
tt1707386	Javert	nm0000128	antagonist	major
tt1707386	Thénardier	nm0056187	antagonist	minor
tt1723121	David Clark	nm0837177	protagonist	major
tt1723121	Rose O'Reilly	nm0000098	protagonist	major
tt1723121	Casey Mathis	nm0731075	protagonist	major
tt1723121	Kenny Rossmore	nm2401020	protagonist	major
tt1723121	Brad Gurdlinger	nm1159180	antagonist	major
tt1723121	Pablo Chacon	nm0803037	antagonist	major
tt1723121	One-Eye	nm2200632	antagonist	minor
tt1727824	Freddie Mercury	nm1785339	protagonist	major
tt1727824	Paul Prenter	nm1395602	antagonist	major
tt1727824	Ray Foster	nm0000196	antagonist	minor
tt1731141	Ender Wiggin	nm2633535	protagonist	major
tt1731141	Colonel Graff	nm0000148	antagonist	major
tt1731141	Bonzo Madrid	nm2030779	antagonist	minor
tt1735898	Snow White	nm0829576	protagonist	major
tt1735898	The Huntsman	nm1165110	protagonist	major
tt1735898	William	nm3510471	protagonist	minor
tt1735898	Ravenna	nm0000234	antagonist	major
tt1735898	Finn	nm0819874	antagonist	minor
tt1745960	Capt. Pete 'Maverick' Mitchell	nm0000129	protagonist	major
tt1745960	Lt. Bradley 'Rooster' Bradshaw	nm1886602	protagonist	major
tt1745960	Adm. Beau 'Cyclone' Simpson	nm0358316	antagonist	major
tt1745960	Radm. Chester 'Hammer' Cain	nm0000438	antagonist	minor
tt1753383	Bailey	nm1265802	protagonist	major
tt1753383	Ellie	nm1265802	protagonist	major
tt1753383	Tino	nm1265802	protagonist	major
tt1753383	Buddy (voice)	nm1265802	protagonist	major
tt1753383	Ethan - 8 Years Old	nm7291339	protagonist	major
tt1753383	Teen Ethan (as KJ Apa)	nm6216001	protagonist	major
tt1753383	Adult Ethan	nm0000598	protagonist	major
tt1753383	Todd	nm2383250	antagonist	minor
tt1753383	Ethan's Dad	nm0456186	antagonist	minor
tt1753383	Kidnapper	nm0916058	antagonist	minor
tt1764651	Barney Ross	nm0000230	protagonist	major
tt1764651	Lee Christmas	nm0005458	protagonist	minor
tt1764651	Yin Yang	nm0001472	protagonist	minor
tt1764651	Gunner Jensen	nm0000185	protagonist	minor
tt1764651	Hale Caesar	nm0187719	protagonist	minor
tt1764651	Toll Road	nm1330276	protagonist	minor
tt1764651	Billy The Kid	nm2955013	protagonist	minor
tt1764651	Maggie	nm0950544	protagonist	minor
tt1764651	Church	nm0000246	protagonist	minor
tt1764651	Trench	nm0000216	protagonist	minor
tt1764651	Booker	nm0001569	protagonist	minor
tt1764651	Vilain	nm0000241	antagonist	major
tt1764651	Hector	nm0012078	antagonist	major
tt1778304	Dennis (as Chris Smith)	nm2166469	protagonist	major
tt1778304	Julie	nm1584283	protagonist	major
tt1778304	Kristi (as Jessica Brown)	nm1053580	protagonist	major
tt1778304	Katie	nm3785503	protagonist	major
tt1778304	Grandma Lois	nm0285209	antagonist	major
tt1790809	Captain Jack Sparrow	nm0000136	protagonist	major
tt1790809	Henry Turner	nm4154798	protagonist	major
tt1790809	Carina Smyth	nm2546012	protagonist	major
tt1790809	Hector Barbossa	nm0001691	protagonist	major
tt1790809	Captain Salazar	nm0000849	antagonist	major
tt1790864	Thomas	nm3729721	protagonist	major
tt1790864	Minho	nm3859624	protagonist	minor
tt1790864	Teresa	nm2546012	protagonist	minor
tt1790864	Gally	nm2401020	antagonist	major
tt1790864	Ava Paige	nm0165101	antagonist	major
tt1790864	Ben	nm1146265	antagonist	minor
tt1790885	Maya	nm1567113	protagonist	major
tt1790885	Dan	nm0164809	protagonist	minor
tt1790885	Jessica	nm0000383	protagonist	minor
tt1790885	UBL	nm3476114	antagonist	major
tt1790885	Abu Ahmed	nm3226433	antagonist	minor
tt1790885	Ammar	nm3024530	antagonist	minor
tt1790886	Cam Brady	nm0002071	protagonist	major
tt1790886	Marty Huggins	nm0302108	protagonist	major
tt1790886	Glenn Motch	nm0001475	antagonist	major
tt1790886	Wade Motch	nm0000101	antagonist	major
tt1790886	Tim Wattley	nm0001518	antagonist	minor
tt1798684	Billy Hope	nm0350453	protagonist	major
tt1798684	Miguel 'Magic' Escobar	nm4205710	antagonist	major
tt1798684	Jordan Mains (as Curtis '50 Cent' Jackson)	nm1265067	antagonist	minor
tt1798684	Hector Escobar	nm4052890	antagonist	minor
tt1800241	Irving Rosenfeld	nm0000288	protagonist	major
tt1800241	Sydney Prosser	nm0010736	protagonist	major
tt1800241	Richie DiMaso	nm0177896	antagonist	major
tt1800241	Rosalyn Rosenfeld	nm2225369	antagonist	minor
tt1800241	Pete Musane	nm1658935	antagonist	minor
tt1809398	Louis Zamperini	nm1925239	protagonist	major
tt1809398	Young Louie	nm5521130	protagonist	minor
tt1809398	Phil	nm1727304	protagonist	minor
tt1809398	Watanabe (as Takamasa Ishihara)	nm2032193	antagonist	major
tt1823664	Annie	nm4832920	protagonist	major
tt1823664	Will Stacks	nm0004937	protagonist	major
tt1823664	Grace	nm0126284	protagonist	minor
tt1823664	Guy	nm0134072	antagonist	major
tt1823664	Hannigan	nm0000139	antagonist	minor
tt1825683	T'Challa	nm1569276	protagonist	major
tt1825683	Nakia	nm2143282	protagonist	minor
tt1825683	Okoye	nm1775091	protagonist	minor
tt1825683	Shuri	nm4004793	protagonist	minor
tt1825683	Erik Killmonger	nm0430107	antagonist	major
tt1825683	Ulysses Klaue	nm0785227	antagonist	minor
tt1825683	W'Kabi	nm2257207	antagonist	minor
tt1838556	Tom Dolan	nm0000553	protagonist	major
tt1838556	Annie Wilkins	nm0005532	protagonist	major
tt1838556	John Nivens	nm2541974	antagonist	major
tt1838556	Ramon Hall	nm6588867	antagonist	minor
tt1840309	Tris	nm0940362	protagonist	major
tt1840309	Four	nm3772243	protagonist	major
tt1840309	Jeanine	nm0000701	antagonist	major
tt1840309	Eric	nm2541974	antagonist	major
tt1840309	Peter	nm1886602	antagonist	minor
tt1843866	Steve Rogers	nm0262635	protagonist	major
tt1843866	Natasha Romanoff	nm0424060	protagonist	major
tt1843866	Nick Fury	nm0000168	protagonist	major
tt1843866	Sam Wilson	nm1107001	protagonist	major
tt1843866	Maria Hill	nm1130627	protagonist	minor
tt1843866	Alexander Pierce	nm0000602	antagonist	major
tt1843866	Winter Soldier	nm1659221	antagonist	major
tt1843866	Bucky Barnes	nm1659221	antagonist	major
tt1843866	Dr. Arnim Zola	nm0429363	antagonist	minor
tt1843866	Brock Rumlow	nm0342029	antagonist	minor
tt1843866	Jasper Sitwell (as Maximiliano Hernandez)	nm0380073	antagonist	minor
tt1843866	Georges Batroc	nm2017048	antagonist	minor
tt1853728	Django	nm0004937	protagonist	major
tt1853728	Dr. King Schultz	nm0910607	protagonist	major
tt1853728	Broomhilda von Shaft	nm0913488	protagonist	minor
tt1853728	Calvin Candie	nm0000138	antagonist	major
tt1853728	Stephen	nm0000168	antagonist	major
tt1853728	Ace Speck	nm0001664	antagonist	minor
tt1853728	Dicky Speck	nm0751638	antagonist	minor
tt1854564	Percy Jackson	nm0503567	protagonist	major
tt1854564	Annabeth	nm1275259	protagonist	major
tt1854564	Grover	nm1040365	protagonist	major
tt1854564	Tyson	nm0808022	protagonist	major
tt1854564	Clarisse	nm1628079	protagonist	minor
tt1854564	Luke	nm1831976	antagonist	major
tt1854564	Kronos	nm0460694	antagonist	major
tt1854564	Polyphemus	nm0537631	antagonist	minor
tt1856101	'K'	nm0331516	protagonist	major
tt1856101	Rick Deckard	nm0000148	protagonist	minor
tt1856101	Niander Wallace	nm0001467	antagonist	major
tt1856101	Luv	nm1679778	antagonist	major
tt1860357	Mike Williams	nm0000242	protagonist	major
tt1860357	Jimmy Harrell	nm0000621	protagonist	minor
tt1860357	Andrea Fleytas	nm1752221	protagonist	minor
tt1860357	Don Vidrine	nm0000518	antagonist	major
tt1860357	Bob Kaluza	nm0500894	antagonist	minor
tt1872181	Peter Parker	nm1940449	protagonist	major
tt1872181	Spider-Man	nm1940449	protagonist	major
tt1872181	Gwen Stacy	nm1297015	protagonist	major
tt1872181	Harry Osborn	nm2851530	antagonist	major
tt1872181	Max Dillon	nm0004937	antagonist	major
tt1872181	Electro	nm0004937	antagonist	major
tt1872181	Donald Menken	nm0272173	antagonist	minor
tt1872181	Aleksei Sytsevich	nm0316079	antagonist	minor
tt1872181	Gustav Fiers (The Gentleman)	nm0557219	antagonist	minor
tt1877830	The Batman	nm1500155	protagonist	major
tt1877830	Bruce Wayne	nm1500155	protagonist	major
tt1877830	Selina Kyle	nm2368789	protagonist	major
tt1877830	Lt. James Gordon	nm0942482	protagonist	major
tt1877830	The Riddler	nm0200452	antagonist	major
tt1877830	Carmine Falcone	nm0001806	antagonist	major
tt1877830	The Penguin	nm0268199	antagonist	minor
tt1877832	Logan	nm0413168	protagonist	major
tt1877832	Charles Xavier	nm0564215	protagonist	major
tt1877832	Hank	nm0396558	protagonist	minor
tt1877832	Kitty Pryde (as Ellen Page)	nm0680983	protagonist	minor
tt1877832	Dr. Bolivar Trask	nm0227759	antagonist	major
tt1877832	Magneto	nm0005212	antagonist	major
tt1877832	Mystique	nm2225369	antagonist	minor
tt1905041	Dominic Toretto	nm0004874	protagonist	major
tt1905041	Brian O'Conner	nm0908094	protagonist	major
tt1905041	Hobbs	nm0425005	protagonist	major
tt1905041	Letty	nm0735442	protagonist	major
tt1905041	Roman	nm0879085	protagonist	minor
tt1905041	Han	nm0437646	protagonist	minor
tt1905041	Gisele	nm2933757	protagonist	minor
tt1905041	Tej (as Chris 'Ludacris' Bridges)	nm0524839	protagonist	minor
tt1905041	Mia	nm0108287	protagonist	minor
tt1905041	Elena	nm0665235	protagonist	minor
tt1905041	Shaw	nm1812656	antagonist	major
tt1905041	Riley	nm2442289	antagonist	minor
tt1905041	Braga	nm0651159	antagonist	minor
tt1907668	Whip Whitaker	nm0000243	protagonist	major
tt1907668	Ellen Block	nm0502425	antagonist	minor
tt1915581	Magic Mike	nm1475594	protagonist	major
tt1915581	Dallas	nm0000190	antagonist	major
tt1915581	Tobias	nm0407101	antagonist	minor
tt1924435	Justin	nm0915458	protagonist	major
tt1924435	Ryan	nm2159926	protagonist	major
tt1924435	Mossi	nm0195439	antagonist	major
tt1924435	Brolin	nm0000412	antagonist	major
tt1929263	Todd Burpo	nm0001427	protagonist	major
tt1929263	Colton Burpo	nm5889877	protagonist	major
tt1929263	Sonja Burpo	nm0717709	protagonist	minor
tt1935859	Jake	nm2633535	protagonist	major
tt1935859	Miss Peregrine	nm1200692	protagonist	minor
tt1935859	Emma	nm3480246	protagonist	minor
tt1935859	Barron	nm0000168	antagonist	major
tt1935859	Dr. Golan	nm0005049	antagonist	minor
tt1935859	Ornithologist	nm0000391	antagonist	minor
tt1950186	Carroll Shelby	nm0000354	protagonist	major
tt1950186	Ken Miles	nm0000288	protagonist	major
tt1950186	Leo Beebe	nm0524197	antagonist	major
tt1950186	Enzo Ferrari	nm0320969	antagonist	major
tt1950186	Lorenzo Bandini	nm3272108	antagonist	minor
tt1951261	Alan	nm0302108	protagonist	major
tt1951261	Phil	nm0177896	protagonist	major
tt1951261	Stu	nm1159180	protagonist	major
tt1951261	Doug	nm0058581	protagonist	minor
tt1951261	Marshall	nm0000422	antagonist	major
tt1951261	Mr. Chow	nm0421822	antagonist	major
tt1951261	Black Doug	nm0258402	antagonist	minor
tt1951264	Katniss Everdeen	nm2225369	protagonist	major
tt1951264	Peeta Mellark	nm1242688	protagonist	major
tt1951264	President Snow	nm0000661	antagonist	major
tt1951264	Gloss	nm2024927	antagonist	minor
tt1951264	Cashmere	nm2027654	antagonist	minor
tt1951264	Brutus	nm0320234	antagonist	minor
tt1951264	Enobaria	nm0325707	antagonist	minor
tt1951265	Katniss Everdeen	nm2225369	protagonist	major
tt1951265	President Alma Coin	nm0000194	protagonist	minor
tt1951265	Gale Hawthorne	nm2955013	protagonist	minor
tt1951265	President Snow	nm0000661	antagonist	major
tt1951265	Peeta Mellark	nm1242688	antagonist	minor
tt1951266	Katniss Everdeen	nm2225369	protagonist	major
tt1951266	Peeta Mellark	nm1242688	protagonist	minor
tt1951266	Gale Hawthorne	nm2955013	protagonist	minor
tt1951266	President Snow	nm0000661	antagonist	major
tt1951266	President Alma Coin	nm0000194	antagonist	major
tt1959490	Noah	nm0000128	protagonist	major
tt1959490	Naameh	nm0000124	protagonist	minor
tt1959490	Ila	nm0914612	protagonist	minor
tt1959490	Ham	nm0503567	protagonist	minor
tt1959490	Shem	nm3150488	protagonist	minor
tt1959490	Tubal-cain	nm0935653	antagonist	major
tt1959563	Michael Bryce	nm0005351	protagonist	major
tt1959563	Darius Kincaid	nm0000168	protagonist	major
tt1959563	Amelia Roussel	nm1392388	protagonist	minor
tt1959563	Vladislav Dukhovich	nm0000198	antagonist	major
tt1959563	Jean Foucher	nm0021835	antagonist	minor
tt1964418	Casey Newton	nm1429380	protagonist	major
tt1964418	Frank Walker	nm0000123	protagonist	major
tt1964418	Athena	nm3864163	protagonist	major
tt1964418	Young Frank Walker	nm1740829	protagonist	minor
tt1964418	Nix	nm0491402	antagonist	major
tt1981115	Thor	nm1165110	protagonist	major
tt1981115	Jane Foster	nm0000204	protagonist	major
tt1981115	Loki	nm1089991	protagonist	minor
tt1981115	Malekith	nm0001172	antagonist	major
tt1981115	Algrim	nm0015382	antagonist	minor
tt1981677	Beca	nm0447695	protagonist	major
tt1981677	Jesse	nm2799457	protagonist	minor
tt1981677	Chloe	nm0811242	protagonist	minor
tt1981677	Aubrey	nm2319871	antagonist	major
tt1981677	Bumper (as Adam DeVine)	nm2796745	antagonist	major
tt1987680	Dell Scott	nm0366389	protagonist	major
tt1987680	Philip Lacasse	nm0186505	protagonist	major
tt2004420	Mac Radner	nm0736622	protagonist	major
tt2004420	Kelly Radner	nm0126284	protagonist	major
tt2004420	Teddy Sanders	nm1374980	antagonist	major
tt2004420	Pete	nm2002649	antagonist	minor
tt2015381	Peter Quill	nm0695435	protagonist	major
tt2015381	Gamora	nm0757855	protagonist	major
tt2015381	Drax	nm1176985	protagonist	major
tt2015381	Rocket (voice)	nm0177896	protagonist	major
tt2015381	Groot (voice)	nm0004874	protagonist	major
tt2015381	Ronan	nm1195855	antagonist	major
tt2015381	Nebula	nm2394794	antagonist	minor
tt2015381	Korath	nm0005023	antagonist	minor
tt2015381	Thanos (uncredited)	nm0000982	antagonist	minor
tt2023587	Annabel	nm1567113	protagonist	major
tt2023587	Lucas	nm0182666	protagonist	major
tt2023587	Mama	nm2306701	antagonist	major
tt2023587	Jeffrey	nm0182666	antagonist	minor
tt2024432	Sandy Patterson	nm0000867	protagonist	major
tt2024432	Diana	nm0565250	protagonist	major
tt2024432	Skiptracer	nm0001598	antagonist	major
tt2024432	Marisol	nm1270009	antagonist	minor
tt2024432	Julian (as Tip 'T.I.' Harris)	nm1939267	antagonist	minor
tt2024469	Bill Marks	nm0000553	protagonist	major
tt2024469	Jen Summers	nm0000194	protagonist	minor
tt2024469	Tom Bowen	nm1058940	antagonist	major
tt2024469	Zack White	nm1676649	antagonist	minor
tt2024469	Jack Hammond	nm0609845	antagonist	minor
tt2034800	William	nm0000354	protagonist	major
tt2034800	Commander Lin Mae	nm1320897	protagonist	major
tt2034800	Tovar	nm0050959	protagonist	minor
tt2034800	Strategist Wang	nm0490489	protagonist	minor
tt2034800	Peng Yong	nm1971183	protagonist	minor
tt2034800	Ballard	nm0000353	antagonist	minor
tt2066051	Elton John	nm5473782	protagonist	major
tt2066051	Young Reggie	nm10388022	protagonist	minor
tt2066051	Older Reggie	nm5598573	protagonist	minor
tt2066051	John Reid	nm0534635	antagonist	major
tt2066051	Sheila	nm0397171	antagonist	minor
tt2066051	Stanley	nm0533599	antagonist	minor
tt2076822	Todd	nm4043618	protagonist	major
tt2076822	Viola	nm5397459	protagonist	major
tt2076822	Mayor Prentiss	nm0586568	antagonist	major
tt2076822	Aaron	nm0654648	antagonist	minor
tt2076822	Davy Prentiss, Jr.	nm2679917	antagonist	minor
tt2083355	Harper	nm0004875	protagonist	major
tt2083355	Lance	nm0004820	protagonist	major
tt2083355	Mia	nm0004793	protagonist	major
tt2083355	Julian	nm0674782	protagonist	minor
tt2083355	Candace	nm0356021	protagonist	minor
tt2083355	Robyn	nm0005125	protagonist	minor
tt2083355	Jordan	nm0000505	protagonist	minor
tt2083355	Quentin	nm0005024	protagonist	minor
tt2083355	Shelby	nm0211726	antagonist	minor
tt2084970	Alan Turing	nm1212722	protagonist	major
tt2084970	Joan Clarke	nm0461136	protagonist	minor
tt2084970	Commander Denniston	nm0001097	antagonist	major
tt2084970	John Cairncross	nm1395602	antagonist	minor
tt2096672	Lloyd	nm0000120	protagonist	major
tt2096672	Harry	nm0001099	protagonist	major
tt2096672	Adele	nm0390229	antagonist	major
tt2096672	Travis	nm1443527	antagonist	minor
tt2096672	Captain Lippincott	nm1443527	antagonist	minor
tt2103254	Tammy	nm0565250	protagonist	major
tt2103254	Pearl	nm0000215	protagonist	major
tt2103281	Caesar	nm0785227	protagonist	major
tt2103281	Malcolm	nm0164809	protagonist	major
tt2103281	Koba	nm1527905	antagonist	major
tt2103281	Dreyfus	nm0000198	antagonist	major
tt2103281	Carver	nm0009716	antagonist	minor
tt2109248	Cade Yeager	nm0000242	protagonist	major
tt2109248	Optimus Prime (voice)	nm0191520	protagonist	major
tt2109248	Tessa Yeager (as Nicola Peltz)	nm2443758	protagonist	minor
tt2109248	Shane Dyson	nm2930503	protagonist	minor
tt2109248	Hound (voice)	nm0000422	protagonist	minor
tt2109248	Drift (voice)	nm0913822	protagonist	minor
tt2109248	Crosshairs (voice)	nm0224007	protagonist	minor
tt2109248	Harold Attinger	nm0001288	antagonist	major
tt2109248	Lockdown (voice)	nm0752699	antagonist	major
tt2109248	Galvatron (voice)	nm0919798	antagonist	major
tt2109248	James Savoy	nm0920038	antagonist	minor
tt2119532	Desmond Doss	nm1940449	protagonist	major
tt2119532	Sgt Howell	nm0000681	antagonist	minor
tt2119532	Captain Glover	nm0941777	antagonist	minor
tt2119543	Lewis Barnavelt	nm6236783	protagonist	major
tt2119543	Jonathan Barnavelt	nm0085312	protagonist	major
tt2119543	Florence Zimmerman	nm0000949	protagonist	major
tt2119543	Isaac Izard	nm0001492	antagonist	major
tt2119543	Selena Izard	nm0325989	antagonist	major
tt2119543	Tarby Corrigan	nm6129779	antagonist	minor
tt2120120	Brenner	nm0001191	protagonist	major
tt2120120	President Will Cooper	nm0416673	protagonist	major
tt2120120	Ludlow Lamonsoff	nm1265802	protagonist	major
tt2120120	Violet	nm1157358	protagonist	major
tt2120120	Eddie	nm0227759	protagonist	major
tt2120120	Matty Van Patten	nm3292692	protagonist	minor
tt2120120	Lady Lisa	nm1667364	antagonist	minor
tt2126355	Raymond Gaines	nm0425005	protagonist	major
tt2126355	Emma Gaines	nm0001303	protagonist	major
tt2126355	Blake Gaines	nm1275259	protagonist	major
tt2126355	Dr. Lawrence Hayes	nm0316079	protagonist	minor
tt2126355	Ben Taylor	nm3793639	protagonist	minor
tt2126355	Daniel Riddick	nm0344435	antagonist	minor
tt2140479	Christian Wolff	nm0000255	protagonist	major
tt2140479	Lamar Blackburn	nm0001475	antagonist	major
tt2140479	Brax	nm1256532	antagonist	minor
tt2140571	Lucy Gulliver	nm6543093	protagonist	major
tt2140571	Nick	nm4223882	protagonist	major
tt2140571	Max Vora	nm2064295	antagonist	major
tt2177771	Frank Stokes	nm0000123	protagonist	major
tt2177771	James Granger	nm0000354	protagonist	major
tt2177771	Claire Simone	nm0000949	protagonist	major
tt2177771	Richard Campbell	nm0000195	protagonist	minor
tt2177771	Preston Savitz	nm0000837	protagonist	minor
tt2177771	Walter Garfield	nm0000422	protagonist	minor
tt2177771	Jean Claude Clermont	nm0241121	protagonist	minor
tt2177771	Donald Jeffries	nm0095017	protagonist	minor
tt2177771	Viktor Stahl	nm0230649	antagonist	major
tt2177771	Colonel Wegner	nm0359675	antagonist	minor
tt2179136	Chris Kyle	nm0177896	protagonist	major
tt2179136	Mustafa	nm1879133	antagonist	major
tt2179136	The Butcher	nm1715024	antagonist	minor
tt2180411	Baker	nm0179479	protagonist	major
tt2180411	Baker's Wife	nm1289434	protagonist	major
tt2180411	Cinderella	nm0447695	protagonist	major
tt2180411	Jack	nm4948519	protagonist	major
tt2180411	Little Red Riding Hood	nm5116352	protagonist	major
tt2180411	Witch	nm0000658	antagonist	major
tt2180411	Giant	nm0209428	antagonist	major
tt2180411	Wolf	nm0000136	antagonist	minor
tt2184339	James Sandin	nm0000160	protagonist	major
tt2184339	Mary Sandin	nm0372176	protagonist	major
tt2184339	Charlie Sandin	nm1370269	protagonist	minor
tt2184339	Zoey Sandin	nm2560043	protagonist	minor
tt2184339	Polite Leader	nm1973422	antagonist	major
tt2184339	Mrs. Grace Ferrin	nm0054397	antagonist	major
tt2184339	Henry	nm1483372	antagonist	minor
tt2191701	Lenny Feder	nm0001191	protagonist	major
tt2191701	Eric Lamonsoff	nm0416673	protagonist	major
tt2191701	Kurt McKenzie	nm0001674	protagonist	major
tt2191701	Marcus Higgins	nm0005450	protagonist	major
tt2191701	Frat Boy Milo	nm0893257	antagonist	major
tt2191701	Tommy Cavanaugh	nm0042524	antagonist	minor
tt2191701	Duffy (as Alex Poncio)	nm4462041	antagonist	minor
tt2203939	Carly Whitten	nm0000139	protagonist	major
tt2203939	Kate King	nm0005182	protagonist	major
tt2203939	Amber	nm4478322	protagonist	major
tt2203939	Mark King	nm0182666	antagonist	major
tt2215285	George Needleman	nm0506405	protagonist	major
tt2215285	Madea	nm1347153	protagonist	major
tt2215285	Jake	nm0999075	protagonist	minor
tt2215285	Walter	nm0000792	antagonist	major
tt2226417	Josh Lambert	nm0933940	protagonist	major
tt2226417	Renai Lambert	nm0126284	protagonist	major
tt2226417	Lorraine Lambert	nm0001347	protagonist	major
tt2226417	Dalton Lambert	nm1339223	protagonist	major
tt2226417	Elise Rainier	nm0005417	protagonist	major
tt2226417	Carl	nm0183548	protagonist	minor
tt2226417	Specs	nm1191481	protagonist	minor
tt2226417	Tucker	nm0760151	protagonist	minor
tt2226417	Mother of Parker Crane	nm0084426	antagonist	major
tt2226417	Bride in Black	nm0280600	antagonist	major
tt2231461	Davis Okoye	nm0425005	protagonist	major
tt2231461	Dr. Kate Caldwell	nm0365140	protagonist	major
tt2231461	George	nm4272467	protagonist	major
tt2231461	Harvey Russell	nm0604742	protagonist	minor
tt2231461	Claire Wyden	nm0015196	antagonist	major
tt2231461	Brett Wyden	nm3821405	antagonist	minor
tt2239832	Cedric	nm0366389	protagonist	major
tt2239832	Michael (as Terrence J)	nm2413125	protagonist	major
tt2239832	Candace	nm0356021	protagonist	major
tt2239832	Zeke	nm0539082	protagonist	major
tt2239832	Mya	nm0328709	protagonist	major
tt2239832	Jeremy	nm1483196	protagonist	major
tt2239832	Kristen	nm0005517	protagonist	major
tt2239832	Dominic	nm1013003	protagonist	major
tt2239832	Lauren	nm0378245	protagonist	major
tt2239832	Bennett	nm0654139	protagonist	major
tt2239832	Tish	nm1018488	protagonist	major
tt2239832	Loretta	nm0507338	antagonist	major
tt2239832	Gail	nm1829292	antagonist	minor
tt2250912	Peter Parker	nm4043618	protagonist	major
tt2250912	Ned	nm8188622	protagonist	minor
tt2250912	Adrian Toomes	nm0000474	antagonist	major
tt2250912	Herman Schultz	nm0940158	antagonist	minor
tt2250912	Jackson Brice	nm1334869	antagonist	minor
tt2250912	Mac Gargan	nm3103126	antagonist	minor
tt2267998	Nick Dunne	nm0000255	protagonist	major
tt2267998	Amy Dunne	nm0683253	antagonist	major
tt2268016	Mike	nm1475594	protagonist	major
tt2268016	Big Dick Richie	nm0542133	protagonist	minor
tt2268016	Tarzan	nm0621760	protagonist	minor
tt2268016	Tobias	nm0407101	protagonist	minor
tt2268016	Ken	nm0093589	protagonist	minor
tt2268016	Tito	nm0735226	protagonist	minor
tt2278388	M. Gustave	nm0000146	protagonist	major
tt2278388	Zero	nm1727825	protagonist	major
tt2278388	Agatha	nm1519680	protagonist	minor
tt2278388	Dmitri	nm0004778	antagonist	major
tt2278388	Jopling	nm0000353	antagonist	major
tt2283336	Agent M	nm1935086	protagonist	major
tt2283336	Agent H	nm1165110	protagonist	major
tt2283336	Pawny (voice)	nm3529685	protagonist	minor
tt2283336	Agent High T	nm0000553	antagonist	major
tt2283336	Alien Twin	nm5362929	antagonist	minor
tt2283336	Alien Twin	nm5237543	antagonist	minor
tt2283336	Riza	nm0272581	antagonist	minor
tt2283336	Agent C	nm1245863	antagonist	minor
tt2283362	Spencer	nm0425005	protagonist	major
tt2283362	Fridge	nm0366389	protagonist	major
tt2283362	Bethany	nm0085312	protagonist	major
tt2283362	Martha	nm2394794	protagonist	major
tt2283362	Alex	nm2679917	protagonist	minor
tt2283362	Van Pelt	nm0134072	antagonist	major
tt2294449	Schmidt	nm1706767	protagonist	major
tt2294449	Jenko	nm1475594	protagonist	major
tt2294449	The Ghost	nm0001780	antagonist	major
tt2294449	Mercedes	nm3255459	antagonist	minor
tt2302755	Mike Banning	nm0124930	protagonist	major
tt2302755	Kang	nm0950935	antagonist	major
tt2302755	Forbes	nm0001518	antagonist	minor
tt2310332	Bilbo	nm0293509	protagonist	major
tt2310332	Thorin	nm0035514	protagonist	major
tt2310332	Bard	nm1812656	protagonist	major
tt2310332	Gandalf	nm0005212	protagonist	minor
tt2310332	Legolas	nm0089217	protagonist	minor
tt2310332	Tauriel	nm1431940	protagonist	minor
tt2310332	Thranduil	nm1195855	protagonist	minor
tt2310332	Azog	nm0071847	antagonist	major
tt2310332	Bolg	nm1732270	antagonist	minor
tt2310332	Smaug	nm1212722	antagonist	minor
tt2316204	Daniels	nm2239702	protagonist	major
tt2316204	Walter	nm1055413	protagonist	major
tt2316204	Tennessee	nm1144419	protagonist	minor
tt2316204	David	nm1055413	antagonist	major
tt2316204	Xenomorph	nm2377520	antagonist	minor
tt2316204	Neomorph	nm2377520	antagonist	minor
tt2322441	Anastasia Steele	nm0424848	protagonist	major
tt2322441	Christian Grey	nm1946193	protagonist	major
tt2322441	José	nm0711559	antagonist	minor
tt2334871	Emily Middleton	nm2154960	protagonist	major
tt2334871	Linda Middleton	nm0000443	protagonist	major
tt2334871	Morgado (as Oscar Jaenada)	nm1049982	antagonist	major
tt2334871	James	nm5290643	antagonist	minor
tt2334879	Cale	nm1475594	protagonist	major
tt2334879	President Sawyer	nm0004937	protagonist	major
tt2334879	Emily	nm1428821	protagonist	minor
tt2334879	Raphelson	nm0420955	antagonist	major
tt2334879	Walker	nm0000249	antagonist	major
tt2334879	Stenz	nm0164809	antagonist	major
tt2334879	Killick	nm0710271	antagonist	minor
tt2334879	Tyler	nm0801051	antagonist	minor
tt2345759	Nick Morton	nm0000129	protagonist	major
tt2345759	Jenny Halsey	nm1834115	protagonist	major
tt2345759	Sgt. Vail	nm2159926	protagonist	minor
tt2345759	Ahmanet	nm1154749	antagonist	major
tt2345759	Henry Jekyll	nm0000128	antagonist	minor
tt2361509	Ben	nm0000134	protagonist	major
tt2361509	Jules	nm0004266	protagonist	major
tt2379713	James Bond	nm0185819	protagonist	major
tt2379713	Madeleine	nm2244205	protagonist	major
tt2379713	M	nm0000146	protagonist	minor
tt2379713	Q	nm0924210	protagonist	minor
tt2379713	Moneypenny	nm0365140	protagonist	minor
tt2379713	Blofeld	nm0910607	antagonist	major
tt2379713	C	nm0778831	antagonist	major
tt2379713	Hinx	nm1176985	antagonist	minor
tt2379713	Marco Sciarra	nm0187361	antagonist	minor
tt2381249	Ethan Hunt	nm0000129	protagonist	major
tt2381249	Ilsa Faust	nm0272581	protagonist	major
tt2381249	Benji Dunn	nm0670408	protagonist	major
tt2381249	William Brandt	nm0719637	protagonist	minor
tt2381249	Luther Stickell	nm0000609	protagonist	minor
tt2381249	Lane	nm0365317	antagonist	major
tt2381249	Janik Vinter	nm0401638	antagonist	minor
tt2381249	Atlee	nm0564402	antagonist	minor
tt2381249	Alan Hunley	nm0000285	antagonist	minor
tt2381941	Nicky	nm0000226	protagonist	major
tt2381941	Jess	nm3053338	protagonist	major
tt2381941	Garriga	nm0763928	antagonist	major
tt2381941	Liyuan	nm0000703	antagonist	minor
tt2382320	James Bond	nm0185819	protagonist	major
tt2382320	Madeleine	nm2244205	protagonist	major
tt2382320	Nomi	nm2736476	protagonist	minor
tt2382320	Felix Leiter	nm0942482	protagonist	minor
tt2382320	Lyutsifer Safin	nm1785339	antagonist	major
tt2382320	Blofeld	nm0910607	antagonist	minor
tt2382320	Logan Ash	nm2915105	antagonist	minor
tt2382320	Valdo Obruchev	nm1399770	antagonist	minor
tt2382320	Primo (Cyclops)	nm8437705	antagonist	minor
tt2395427	Tony Stark	nm0000375	protagonist	major
tt2395427	Thor	nm1165110	protagonist	major
tt2395427	Bruce Banner	nm0749263	protagonist	major
tt2395427	Steve Rogers	nm0262635	protagonist	major
tt2395427	Natasha Romanoff	nm0424060	protagonist	major
tt2395427	Clint Barton	nm0719637	protagonist	major
tt2395427	Wanda Maximoff	nm0647634	protagonist	minor
tt2395427	Pietro Maximoff	nm1093951	protagonist	minor
tt2395427	Vision	nm0079273	protagonist	minor
tt2395427	Ultron	nm0000652	antagonist	major
tt2395427	Strucker	nm0470981	antagonist	minor
tt2395427	Thanos (uncredited)	nm0000982	antagonist	minor
tt2404435	Chisolm	nm0000243	protagonist	major
tt2404435	Josh Faraday	nm0695435	protagonist	major
tt2404435	Goodnight Robicheaux	nm0000160	protagonist	major
tt2404435	Jack Horne	nm0000352	protagonist	major
tt2404435	Billy Rocks	nm0496932	protagonist	major
tt2404435	Vasquez	nm2636310	protagonist	major
tt2404435	Red Harvest	nm2936232	protagonist	major
tt2404435	Emma Cullen	nm2247245	protagonist	major
tt2404435	Bartholomew Bogue	nm0765597	antagonist	major
tt2404435	Denali	nm0430885	antagonist	minor
tt2404435	McCann	nm1544217	antagonist	minor
tt2404435	Sheriff Harp	nm1694797	antagonist	minor
tt2404463	Ashburn	nm0000113	protagonist	major
tt2404463	Mullins	nm0565250	protagonist	major
tt2404463	Adam	nm0453115	antagonist	major
tt2404463	Julian	nm0567912	antagonist	minor
tt2406566	Lorraine Broughton	nm0000234	protagonist	major
tt2406566	David Percival	nm0564215	antagonist	major
tt2406566	Aleksander Bremovych (as Roland Moller)	nm3435612	antagonist	major
tt2406566	Yuri Bakhtin (as Jóhannes Jóhannesson)	nm1778512	antagonist	minor
tt2446042	Bryan Mills	nm0000553	protagonist	major
tt2446042	Stuart St. John	nm0779084	antagonist	major
tt2446042	Oleg Malankov	nm0819874	antagonist	major
tt2446042	Franck Dotzler	nm0001845	antagonist	minor
tt2452150	Aretha Franklin	nm1617685	protagonist	major
tt2452150	Young Aretha	nm11043444	protagonist	minor
tt2452150	Ted White	nm0005541	antagonist	major
tt2452150	C. L. Franklin	nm0001845	antagonist	major
tt2452244	Natalie	nm2313103	protagonist	major
tt2488496	Rey	nm5397459	protagonist	major
tt2488496	Finn	nm3915784	protagonist	major
tt2488496	Han Solo	nm0000148	protagonist	major
tt2488496	Poe Dameron	nm1209966	protagonist	minor
tt2488496	Princess Leia	nm0000402	protagonist	minor
tt2488496	Chewbacca	nm0562679	protagonist	minor
tt2488496	Kylo Ren	nm3485845	antagonist	major
tt2488496	Supreme Leader Snoke	nm0785227	antagonist	minor
tt2488496	General Hux	nm1727304	antagonist	minor
tt2527336	Rey	nm5397459	protagonist	major
tt2527336	Luke Skywalker	nm0000434	protagonist	major
tt2527336	Leia Organa	nm0000402	protagonist	major
tt2527336	Finn	nm3915784	protagonist	major
tt2527336	Poe Dameron	nm1209966	protagonist	major
tt2527336	Rose Tico	nm4511652	protagonist	major
tt2527336	Vice Admiral Holdo	nm0000368	protagonist	minor
tt2527336	Kylo Ren	nm3485845	antagonist	major
tt2527336	Snoke	nm0785227	antagonist	major
tt2527336	General Hux	nm1727304	antagonist	minor
tt2527336	Captain Phasma	nm3729225	antagonist	minor
tt2527336	DJ	nm0001125	antagonist	minor
tt2527338	Rey	nm5397459	protagonist	major
tt2527338	Finn	nm3915784	protagonist	major
tt2527338	Poe Dameron	nm1209966	protagonist	major
tt2527338	C-3PO	nm0000355	protagonist	minor
tt2527338	Chewbacca	nm6934058	protagonist	minor
tt2527338	Leia Organa (archive footage)	nm0000402	protagonist	minor
tt2527338	Kylo Ren	nm3485845	antagonist	major
tt2527338	Emperor Palpatine	nm0001519	antagonist	major
tt2528814	Josh Wheaton	nm2436499	protagonist	major
tt2528814	Professor Radisson	nm0001757	antagonist	major
tt2531344	Lisa	nm0005182	protagonist	major
tt2531344	Mitchell	nm1078479	protagonist	major
tt2531344	Hunter	nm0054697	protagonist	major
tt2531344	Julie	nm1105980	protagonist	major
tt2531344	Kayla	nm6543093	protagonist	major
tt2531344	Sam	nm4594069	protagonist	major
tt2531344	Ron	nm0170550	antagonist	minor
tt2531344	Cathy	nm0000153	antagonist	minor
tt2543164	Louise Banks	nm0010736	protagonist	major
tt2543164	Ian Donnelly	nm0719637	protagonist	minor
tt2543164	General Shang	nm0002245	antagonist	major
tt2543472	Auggie	nm5016878	protagonist	major
tt2543472	Via	nm4207679	protagonist	minor
tt2543472	Julian	nm7291339	antagonist	major
tt2543472	Julian's Mom (as Crystal Lowe)	nm0522909	antagonist	minor
tt2557478	Jake Pentecost	nm3915784	protagonist	major
tt2557478	Amara Namani	nm8314228	protagonist	major
tt2557478	Nate Lambert	nm2207222	protagonist	major
tt2557478	Mako Mori	nm0452860	protagonist	minor
tt2557478	Liwen Shao (as Jing Tian)	nm1320897	protagonist	minor
tt2557478	Hermann Gottlieb	nm1218607	protagonist	minor
tt2557478	Dr. Newton Geiszler	nm0206359	antagonist	major
tt2561572	James	nm0002071	protagonist	major
tt2561572	Darnell	nm0366389	protagonist	major
tt2561572	Martin	nm0005266	antagonist	major
tt2561572	Alissa	nm1555340	antagonist	minor
tt2561572	Gayle	nm0070115	antagonist	minor
tt2561572	Peter Penny	nm0314524	antagonist	minor
tt2567026	Alice Kingsleigh	nm1985859	protagonist	major
tt2567026	Hatter Tarrant Hightopp	nm0000136	protagonist	major
tt2567026	Iracebeth	nm0000307	antagonist	major
tt2567026	Time	nm0056187	antagonist	minor
tt2567026	Hamish	nm1095324	antagonist	minor
tt2568862	Joe Harding	nm0000323	protagonist	major
tt2568862	Willie Davis	nm0000151	protagonist	major
tt2568862	Albert Garner	nm0000273	protagonist	major
tt2568862	FBI Agent Arlen Hamer	nm0000369	antagonist	major
tt2582846	Hazel	nm0940362	protagonist	major
tt2582846	Gus	nm5052065	protagonist	major
tt2582846	Peter van Houten	nm0000353	antagonist	minor
tt2584384	Jojo	nm9877392	protagonist	major
tt2584384	Elsa	nm5057169	protagonist	major
tt2584384	Rosie	nm0424060	protagonist	minor
tt2584384	Adolf	nm0169806	antagonist	major
tt2637276	Ted (voice)	nm0532235	protagonist	major
tt2637276	John	nm0000242	protagonist	major
tt2637276	Samantha	nm1086543	protagonist	major
tt2637276	Tami-Lynn	nm1274797	protagonist	minor
tt2637276	Donny	nm0000610	antagonist	major
tt2660888	Captain James T. Kirk	nm1517976	protagonist	major
tt2660888	Commander Spock	nm0704270	protagonist	major
tt2660888	Doctor 'Bones' McCoy	nm0881631	protagonist	minor
tt2660888	Montgomery 'Scotty' Scott	nm0670408	protagonist	minor
tt2660888	Lieutenant Uhura	nm0757855	protagonist	minor
tt2660888	Sulu	nm0158626	protagonist	minor
tt2660888	Chekov	nm0947338	protagonist	minor
tt2660888	Jaylah	nm1154749	protagonist	minor
tt2660888	Krall	nm0252961	antagonist	major
tt2660888	Kalara	nm3575723	antagonist	minor
tt2674426	Lou Clark	nm3592338	protagonist	major
tt2674426	Will Traynor	nm3510471	protagonist	major
tt2692250	Larry Daley	nm0001774	protagonist	major
tt2692250	Nick Daley	nm1711114	protagonist	minor
tt2692250	Ahkmenrah	nm1785339	protagonist	minor
tt2692250	Teddy Roosevelt	nm0000245	protagonist	minor
tt2692250	Sir Lancelot	nm1405398	antagonist	major
tt2692250	Tilly	nm2313103	antagonist	minor
tt2702724	Michelle Darnell	nm0565250	protagonist	major
tt2702724	Claire	nm0068338	protagonist	major
tt2702724	Rachel	nm3993221	protagonist	minor
tt2702724	Renault	nm0227759	antagonist	major
tt2704998	Max	nm0000867	protagonist	major
tt2704998	Annie	nm1046097	protagonist	major
tt2704998	Brooks	nm0151419	protagonist	minor
tt2704998	Kevin	nm2031358	protagonist	minor
tt2704998	Michelle	nm3954896	protagonist	minor
tt2704998	Ryan	nm2915105	protagonist	minor
tt2704998	Sarah	nm1279721	protagonist	minor
tt2704998	Gary	nm0687146	antagonist	major
tt2704998	The Bulgarian	nm0355910	antagonist	major
tt2704998	Donald Anderton	nm0396812	antagonist	minor
tt2713180	Don 'Wardaddy' Collier	nm0000093	protagonist	major
tt2713180	Norman Ellison	nm0503567	protagonist	major
tt2713180	Boyd 'Bible' Swan	nm0479471	protagonist	minor
tt2713180	Grady 'Coon-Ass' Travis	nm1256532	protagonist	minor
tt2713180	Trini 'Gordo' Garcia	nm0671567	protagonist	minor
tt2713180	SS Captain Tiger Tank Commander (uncredited)	nm4888576	antagonist	minor
tt2713180	SS Sniper (as Jaime Fitzsimons)	nm2968738	antagonist	minor
tt2771200	Belle	nm0914612	protagonist	major
tt2771200	Beast	nm1405398	protagonist	major
tt2771200	Gaston	nm1812656	antagonist	major
tt2788732	Pete	nm4625502	protagonist	major
tt2788732	Elliot Vocals (voice)	nm0440885	protagonist	major
tt2788732	Grace	nm0397171	protagonist	major
tt2788732	Natalie	nm4802218	protagonist	minor
tt2788732	Meacham	nm0000602	protagonist	minor
tt2788732	Jack	nm0004747	protagonist	minor
tt2788732	Gavin	nm0881631	antagonist	major
tt2802144	Gary 'Eggsy' Unwin	nm5473782	protagonist	major
tt2802144	Harry Hart	nm0000147	protagonist	major
tt2802144	Merlin	nm0835016	protagonist	minor
tt2802144	Roxy	nm5824400	protagonist	minor
tt2802144	Valentine	nm0000168	antagonist	major
tt2802144	Gazelle	nm1154749	antagonist	minor
tt2802144	Arthur	nm0000323	antagonist	minor
tt2802144	Dean	nm1052141	antagonist	minor
tt2820852	Dominic Toretto	nm0004874	protagonist	major
tt2820852	Brian O'Conner	nm0908094	protagonist	major
tt2820852	Letty	nm0735442	protagonist	minor
tt2820852	Roman	nm0879085	protagonist	minor
tt2820852	Tej (as Chris 'Ludacris' Bridges)	nm0524839	protagonist	minor
tt2820852	Hobbs	nm0425005	protagonist	minor
tt2820852	Ramsey	nm2812026	protagonist	minor
tt2820852	Deckard Shaw	nm0005458	antagonist	major
tt2820852	Jakande	nm0005023	antagonist	major
tt2848292	Beca	nm0447695	protagonist	major
tt2848292	Chloe	nm0811242	protagonist	major
tt2848292	Emily	nm2794962	protagonist	major
tt2848292	Fat Amy	nm2313103	protagonist	major
tt2848292	Kommissar (as Birgitte Hjort-Sørensen)	nm2171898	antagonist	major
tt2848292	Pieter Krämer	nm2887579	antagonist	major
tt2854926	Hogan 'Hoagie' Malloy	nm1159180	protagonist	major
tt2854926	Bob Callahan	nm0358316	protagonist	major
tt2854926	Randy 'Chilli' Cilliano	nm2159926	protagonist	major
tt2854926	Kevin Sable	nm2868110	protagonist	major
tt2854926	Jerry Pierce	nm0719637	antagonist	major
tt2854926	Susan Rollins	nm0004753	antagonist	minor
tt2869728	James Payton	nm0001084	protagonist	major
tt2869728	Ben Barber	nm0366389	protagonist	major
tt2869728	Maya	nm1601397	protagonist	minor
tt2869728	Antonio Pope	nm0000973	antagonist	major
tt2869728	Troy	nm1412974	antagonist	minor
tt2869728	Port Commissioner Nuñez	nm1128418	antagonist	minor
tt2872518	Mack Phillips	nm0941777	protagonist	major
tt2872518	Young Mack Phillips	nm5364704	protagonist	minor
tt2872518	Mack's Dad	nm0357818	antagonist	minor
tt2872518	Murderer (uncredited)	nm2428155	antagonist	minor
tt2872732	Lucy	nm0424060	protagonist	major
tt2872732	Mr. Jang	nm0158856	antagonist	major
tt2872732	Richard	nm1561982	antagonist	minor
tt2908446	Tris	nm0940362	protagonist	major
tt2908446	Four	nm3772243	protagonist	major
tt2908446	Jeanine	nm0000701	antagonist	major
tt2908446	Eric	nm2541974	antagonist	minor
tt2908446	Max	nm0001616	antagonist	minor
tt2908446	Caleb	nm5052065	antagonist	minor
tt2935510	Roy McBride	nm0000093	protagonist	major
tt2935510	H. Clifford McBride	nm0000169	antagonist	major
tt2975578	Sergeant	nm0342029	protagonist	major
tt2975578	Eva Sanchez	nm0252238	protagonist	major
tt2975578	Cali	nm2954703	protagonist	major
tt2975578	Shane	nm1472917	protagonist	major
tt2975578	Liz	nm0760989	protagonist	major
tt2975578	Big Daddy	nm0174780	antagonist	major
tt2975590	Bruce Wayne	nm0000255	protagonist	major
tt2975590	Batman	nm0000255	protagonist	major
tt2975590	Clark Kent	nm0147147	protagonist	major
tt2975590	Superman	nm0147147	protagonist	major
tt2975590	Diana Prince	nm2933757	protagonist	minor
tt2975590	Lex Luthor	nm0251986	antagonist	major
tt3040964	Mowgli	nm5888481	protagonist	major
tt3040964	Baloo (voice)	nm0000195	protagonist	minor
tt3040964	Bagheera (voice)	nm0001426	protagonist	minor
tt3040964	Shere Khan (voice)	nm0252961	antagonist	major
tt3040964	Kaa (voice)	nm0424060	antagonist	minor
tt3040964	King Louie (voice)	nm0000686	antagonist	minor
tt3063516	Irving Zisman	nm0424216	protagonist	major
tt3063516	Billy	nm3850986	protagonist	major
tt3063516	Chuck (as Greg Harris)	nm0364739	antagonist	minor
tt3065204	Ed Warren	nm0933940	protagonist	major
tt3065204	Lorraine Warren	nm0267812	protagonist	major
tt3065204	Demon Nun	nm0007491	antagonist	major
tt3065204	Bill Wilkins	nm0012432	antagonist	minor
tt3076658	Adonis Johnson	nm0430107	protagonist	major
tt3076658	Rocky Balboa	nm0000230	protagonist	major
tt3076658	'Pretty' Ricky Conlan	nm6905689	antagonist	major
tt3076658	Danny 'Stuntman' Wheeler	nm3188266	antagonist	minor
tt3076658	Leo 'The Lion' Sporino (as Gabriel Rosado)	nm5137202	antagonist	minor
tt3079380	Susan Cooper	nm0565250	protagonist	major
tt3079380	Rick Ford	nm0005458	protagonist	minor
tt3079380	Nancy B. Artingstall	nm1635000	protagonist	minor
tt3079380	Bradley Fine	nm0000179	protagonist	minor
tt3079380	Aldo	nm0784818	protagonist	minor
tt3079380	Rayna Boyanov	nm0126284	antagonist	major
tt3079380	Sergio De Luca	nm0134072	antagonist	major
tt3079380	Karen Walker	nm1072555	antagonist	minor
tt3079380	Lia	nm3668216	antagonist	minor
tt3104988	Rachel Chu	nm2090422	protagonist	major
tt3104988	Nick Young	nm6525901	protagonist	major
tt3104988	Eleanor Young	nm0000706	antagonist	major
tt3104988	Amanda Ling	nm2728286	antagonist	minor
tt3110958	J. Daniel Atlas	nm0251986	protagonist	major
tt3110958	Dylan Rhodes	nm0749263	protagonist	major
tt3110958	Merritt McKinney	nm0000437	protagonist	major
tt3110958	Jack Wilder	nm2002649	protagonist	major
tt3110958	Lula	nm0135221	protagonist	major
tt3110958	Walter Mabry	nm0705356	antagonist	major
tt3110958	Arthur Tressler	nm0000323	antagonist	major
tt3110958	Chase McKinney	nm0000437	antagonist	minor
tt3110958	Owen Case	nm3858223	antagonist	minor
tt3152624	Amy	nm2154960	protagonist	major
tt3152624	Aaron	nm0352778	protagonist	major
tt3152624	Dianna	nm0842770	antagonist	minor
tt3183660	Newt	nm1519666	protagonist	major
tt3183660	Tina	nm2239702	protagonist	major
tt3183660	Jacob Kowalski	nm0283945	protagonist	major
tt3183660	Queenie	nm0837223	protagonist	minor
tt3183660	Graves	nm0268199	antagonist	major
tt3183660	Credence Barebone	nm3009232	antagonist	minor
tt3183660	Mary Lou	nm0608090	antagonist	minor
tt3183660	Grindelwald	nm0000136	antagonist	minor
tt3195644	Quinn Brenner	nm2640887	protagonist	major
tt3195644	Elise Rainier	nm0005417	protagonist	major
tt3195644	Specs	nm1191481	protagonist	minor
tt3195644	Tucker	nm0760151	protagonist	minor
tt3195644	The Man Who Can't Breathe	nm0533197	antagonist	major
tt3195644	Bride in Black	nm0280600	antagonist	minor
tt3210686	Jesus	nm0604430	protagonist	major
tt3210686	John	nm0460517	protagonist	minor
tt3210686	Peter	nm0787430	protagonist	minor
tt3210686	Mary Magdalene	nm2362244	protagonist	minor
tt3210686	Caiaphas	nm0771621	antagonist	major
tt3210686	Pilate	nm0382854	antagonist	major
tt3210686	Judas	nm3798784	antagonist	minor
tt3224458	Lloyd Vogel	nm0722629	protagonist	major
tt3224458	Fred Rogers	nm0000158	protagonist	major
tt3224458	Jerry Vogel	nm0177933	antagonist	major
tt3228774	Estella	nm1297015	protagonist	major
tt3228774	Cruella	nm1297015	protagonist	major
tt3228774	Jasper	nm2181128	protagonist	minor
tt3228774	Horace	nm3236159	protagonist	minor
tt3228774	The Baroness	nm0000668	antagonist	major
tt3263904	Chesley 'Sully' Sullenberger	nm0000158	protagonist	major
tt3263904	Jeff Skiles	nm0001173	protagonist	minor
tt3281548	Jo March	nm1519680	protagonist	major
tt3281548	Amy March	nm6073955	protagonist	major
tt3281548	Meg March	nm0914612	protagonist	major
tt3281548	Beth March	nm7340546	protagonist	major
tt3300542	Mike Banning	nm0124930	protagonist	major
tt3300542	Benjamin Asher	nm0001173	protagonist	major
tt3300542	VP Allan Trumbull	nm0000151	protagonist	minor
tt3300542	Aamir Barkawi (as Alon Moni Aboutboul)	nm0009530	antagonist	major
tt3300542	Kamran Barkawi	nm0958206	antagonist	major
tt3300542	MI5 Intel John Lancaster	nm1171145	antagonist	minor
tt3300542	Sultan Mansoor	nm1304635	antagonist	minor
tt3315342	Logan	nm0413168	protagonist	major
tt3315342	Laura	nm6748436	protagonist	major
tt3315342	Charles	nm0001772	protagonist	major
tt3315342	Caliban	nm0580351	protagonist	minor
tt3315342	Pierce	nm2933542	antagonist	major
tt3315342	Dr. Rice	nm0001290	antagonist	major
tt3315342	X-24	nm0413168	antagonist	major
tt3322940	Mia	nm1834115	protagonist	major
tt3322940	John	nm1782235	protagonist	major
tt3322940	Demonic Figure (uncredited)	nm1177766	antagonist	major
tt3371366	Cade Yeager	nm0000242	protagonist	major
tt3371366	Vivian Wembly	nm2652095	protagonist	major
tt3371366	Optimus Prime (voice)	nm0191520	protagonist	major
tt3371366	Bumblebee (voice)	nm0007321	protagonist	major
tt3371366	Sir Edmund Burton	nm0000164	protagonist	minor
tt3371366	Izabella (as Isabela Moner)	nm5097044	protagonist	minor
tt3371366	Colonel William Lennox	nm0241049	protagonist	minor
tt3371366	Quintessa	nm2110418	antagonist	major
tt3371366	Megatron (voice)	nm0919798	antagonist	major
tt3385516	Professor Charles Xavier	nm0564215	protagonist	major
tt3385516	Raven	nm2225369	protagonist	major
tt3385516	Jean Grey	nm3849842	protagonist	major
tt3385516	Scott Summers	nm4446467	protagonist	major
tt3385516	Hank McCoy	nm0396558	protagonist	minor
tt3385516	Kurt Wagner	nm2240346	protagonist	minor
tt3385516	Peter Maximoff	nm1404239	protagonist	minor
tt3385516	En Sabah Nur	nm1209966	antagonist	major
tt3385516	Erik Lehnsherr	nm1055413	antagonist	major
tt3385516	Ororo Munroe	nm3381295	antagonist	minor
tt3385516	Angel	nm5228887	antagonist	minor
tt3385516	Psylocke	nm1601397	antagonist	minor
tt3385516	Col. William Stryker	nm2890541	antagonist	minor
tt3387520	Stella Nicholls (as Zoe Colletti)	nm2292661	protagonist	major
tt3387520	Ramon Morales	nm3585613	protagonist	major
tt3387520	Auggie Hilderbrandt	nm3513522	protagonist	minor
tt3387520	Chuck Steinberg	nm4847206	protagonist	minor
tt3387520	Sarah Bellows	nm5707203	antagonist	major
tt3387520	Tommy Milner	nm3641002	antagonist	minor
tt3387520	Harold the Scarecrow	nm0825209	antagonist	minor
tt3387520	Big Toe Corpse	nm2306701	antagonist	minor
tt3387520	Pale Lady	nm0825209	antagonist	minor
tt3387520	Jangly Man	nm8911148	antagonist	minor
tt3393786	Jack Reacher	nm0000129	protagonist	major
tt3393786	Turner	nm1130627	protagonist	major
tt3393786	Gen. Harkness	nm0460694	antagonist	major
tt3393786	The Hunter	nm1738176	antagonist	major
tt3393786	Col. Morgan	nm0564697	antagonist	minor
tt3393786	Sheriff	nm0235103	antagonist	minor
tt3402236	Hercule Poirot	nm0000110	protagonist	major
tt3402236	Bouc	nm5290643	protagonist	minor
tt3402236	Caroline Hubbard	nm0000201	antagonist	major
tt3402236	Edward Ratchett	nm0000136	antagonist	major
tt3402236	Dr. Arbuthnot	nm1502434	antagonist	minor
tt3402236	Miss Mary Debenham	nm5397459	antagonist	minor
tt3410834	Tris	nm0940362	protagonist	major
tt3410834	Four	nm3772243	protagonist	major
tt3410834	Caleb	nm5052065	protagonist	minor
tt3410834	Christina	nm2368789	protagonist	minor
tt3410834	David	nm0001099	antagonist	major
tt3410834	Peter	nm1886602	antagonist	minor
tt3410834	Evelyn	nm0915208	antagonist	minor
tt3410834	Edgar	nm4103976	antagonist	minor
tt3450650	Paul Blart	nm0416673	protagonist	major
tt3450650	Maya Blart	nm2263115	protagonist	minor
tt3450650	Vincent Sofel	nm0568180	antagonist	major
tt3450958	Caesar	nm0785227	protagonist	major
tt3450958	Maurice	nm0465269	protagonist	minor
tt3450958	Rocket	nm1024953	protagonist	minor
tt3450958	Bad Ape	nm0001872	protagonist	minor
tt3450958	Nova	nm6403233	protagonist	minor
tt3450958	Luca	nm1027678	protagonist	minor
tt3450958	The Colonel	nm0000437	antagonist	major
tt3450958	Red Donkey	nm0648153	antagonist	minor
tt3450958	Winter	nm0006820	antagonist	minor
tt3450958	Preacher	nm2474632	antagonist	minor
tt3480822	Natasha Romanoff	nm0424060	protagonist	major
tt3480822	Yelena Belova	nm6073955	protagonist	major
tt3480822	Melina	nm0001838	protagonist	minor
tt3480822	Alexei	nm1092086	protagonist	minor
tt3480822	Dreykov	nm0935653	antagonist	major
tt3480822	Taskmaster	nm1385871	antagonist	major
tt3480822	Secretary Ross	nm0000458	antagonist	minor
tt3498820	Steve Rogers	nm0262635	protagonist	major
tt3498820	Bucky Barnes	nm1659221	protagonist	major
tt3498820	Sam Wilson	nm1107001	protagonist	minor
tt3498820	Zemo	nm0117709	antagonist	major
tt3498820	Tony Stark	nm0000375	antagonist	major
tt3498820	Secretary of State Thaddeus Ross	nm0000458	antagonist	minor
tt3498820	Brock Rumlow	nm0342029	antagonist	minor
tt3501632	Thor	nm1165110	protagonist	major
tt3501632	Loki	nm1089991	protagonist	minor
tt3501632	Valkyrie	nm1935086	protagonist	minor
tt3501632	Hulk	nm0749263	protagonist	minor
tt3501632	Bruce Banner	nm0749263	protagonist	minor
tt3501632	Hela	nm0000949	antagonist	major
tt3501632	Grandmaster	nm0000156	antagonist	minor
tt3501632	Skurge	nm0881631	antagonist	minor
tt3501632	Surtur (voice)	nm0000317	antagonist	minor
tt3513548	Richard Jewell	nm3236159	protagonist	major
tt3513548	Watson Bryant	nm0005377	protagonist	major
tt3513548	Tom Shaw	nm0358316	antagonist	major
tt3513548	Kathy Scruggs	nm1312575	antagonist	major
tt3513548	Eric Rudolph	nm3373328	antagonist	minor
tt3532216	Barry Seal	nm0000129	protagonist	major
tt3532216	Monty 'Schafer'	nm1727304	antagonist	major
tt3532216	JB	nm2655177	antagonist	minor
tt3564472	Ryan Pierce	nm0356021	protagonist	major
tt3564472	Sasha Franklin	nm0001451	protagonist	major
tt3564472	Lisa Cooper	nm0000586	protagonist	major
tt3564472	Dina	nm1840504	protagonist	major
tt3564472	Stewart Pierce	nm1591496	antagonist	major
tt3564472	Simone	nm3831822	antagonist	minor
tt3567288	Becca	nm4609822	protagonist	major
tt3567288	Tyler	nm4590837	protagonist	major
tt3567288	Nana	nm0241759	antagonist	major
tt3567288	Pop Pop	nm0574513	antagonist	major
tt3581652	Tony	nm5052065	protagonist	major
tt3581652	María	nm10399505	protagonist	major
tt3581652	Bernardo	nm3174725	antagonist	major
tt3581652	Chino	nm10399506	antagonist	major
tt3581652	Riff	nm4576311	antagonist	minor
tt3612126	Detective Muldoon	nm2057859	protagonist	major
tt3612126	Peter Spencer	nm0158626	protagonist	minor
tt3612126	Lorna Moody	nm0915865	protagonist	minor
tt3612126	Fiona Landers	nm0923105	antagonist	major
tt3612126	Melinda Landers	nm8624879	antagonist	major
tt3612126	Kayako Ghost	nm1770380	antagonist	minor
tt3612126	Sam Landers (as Dave Brown)	nm0113357	antagonist	minor
tt3628584	Calvin	nm0001084	protagonist	major
tt3628584	Yummy	nm2997492	antagonist	major
tt3628584	Marquis	nm2946456	antagonist	minor
tt3628584	Jay	nm3309959	antagonist	minor
tt3631112	Rachel	nm1289434	protagonist	major
tt3631112	Tom	nm0857620	antagonist	major
tt3659388	Mark Watney	nm0000354	protagonist	major
tt3682448	James B. Donovan	nm0000158	protagonist	major
tt3691740	Sophie	nm6982717	protagonist	major
tt3691740	BFG	nm0753314	protagonist	major
tt3691740	Fleshlumpeater	nm1318596	antagonist	major
tt3691740	Bloodbottler (voice)	nm0352778	antagonist	minor
tt3704428	Elvis	nm2581521	protagonist	major
tt3704428	Colonel Tom Parker	nm0000158	antagonist	major
tt3704428	Senator Eastland	nm0068431	antagonist	minor
tt3717490	Jason (Red Ranger)	nm4223882	protagonist	major
tt3717490	Kimberly (Pink Ranger)	nm4305463	protagonist	major
tt3717490	Billy (Blue Ranger)	nm5518972	protagonist	major
tt3717490	Zack (Black Ranger)	nm3485108	protagonist	major
tt3717490	Trini (Yellow Ranger)	nm3121384	protagonist	major
tt3717490	Rita Repulsa	nm0006969	antagonist	major
tt3717490	Goldar	nm0851317	antagonist	minor
tt3717490	Putties (voice)	nm0851317	antagonist	minor
tt3731562	James Conrad	nm1089991	protagonist	major
tt3731562	Mason Weaver	nm0488953	protagonist	major
tt3731562	Hank Marlow	nm0000604	protagonist	major
tt3731562	Kong	nm1527905	protagonist	major
tt3731562	Kong	nm1024953	protagonist	major
tt3731562	Preston Packard	nm0000168	antagonist	major
tt3741700	Dr. Mark Russell	nm0151419	protagonist	major
tt3741700	Madison Russell	nm5611121	protagonist	major
tt3741700	Godzilla	nm0324270	protagonist	major
tt3741700	Dr. Ishiro Serizawa	nm0913822	protagonist	minor
tt3741700	Mothra	nm10706978	protagonist	minor
tt3741700	King Ghidorah	nm10706977	antagonist	major
tt3741700	Alan Jonah	nm0001097	antagonist	major
tt3741700	Dr. Emma Russell	nm0267812	antagonist	major
tt3741700	Rodan	nm10706979	antagonist	minor
tt3741834	Young Saroo	nm8061218	protagonist	major
tt3741834	Saroo Brierley	nm2353862	protagonist	major
tt3741834	Noor	nm1318578	antagonist	minor
tt3741834	Rama	nm1596350	antagonist	minor
tt3748528	Jyn Erso	nm0428065	protagonist	major
tt3748528	Cassian Andor	nm0526019	protagonist	major
tt3748528	K-2SO	nm0876138	protagonist	minor
tt3748528	Chirrut Îmwe	nm0947447	protagonist	minor
tt3748528	Baze Malbus	nm0422638	protagonist	minor
tt3748528	Bodhi Rook	nm1981893	protagonist	minor
tt3748528	Orson Krennic	nm0578853	antagonist	major
tt3748528	Governor Tarkin	nm0377844	antagonist	major
tt3748528	Darth Vader	nm1872855	antagonist	minor
tt3760922	Toula	nm0889522	protagonist	major
tt3760922	Gus	nm0176073	protagonist	major
tt3760922	Maria	nm0443577	protagonist	major
tt3760922	Paris	nm4502102	protagonist	major
tt3760922	Ian	nm0179173	protagonist	minor
tt3766354	Robert McCall	nm0000243	protagonist	major
tt3766354	Miles Whittaker	nm5480894	protagonist	minor
tt3766354	Susan Plummer	nm0502425	protagonist	minor
tt3766354	Dave York	nm0050959	antagonist	major
tt3766354	Kovac (as Garrett A. Golden)	nm9354673	antagonist	minor
tt3766354	Ari	nm3522652	antagonist	minor
tt3766354	Resnik	nm0769157	antagonist	minor
tt3778644	Han Solo	nm2403277	protagonist	major
tt3778644	Chewbacca	nm6934058	protagonist	major
tt3778644	Qi'ra	nm3592338	protagonist	major
tt3778644	Lando Calrissian	nm2255973	protagonist	minor
tt3778644	Dryden Vos	nm0079273	antagonist	major
tt3778644	Beckett	nm0000437	antagonist	major
tt3778644	Enfys Nest	nm7210986	antagonist	minor
tt3783958	Sebastian	nm0331516	protagonist	major
tt3783958	Mia	nm1297015	protagonist	major
tt3794354	Sonic (voice)	nm2355635	protagonist	major
tt3794354	Tom	nm0005188	protagonist	major
tt3794354	Maddie	nm1754366	protagonist	minor
tt3794354	Dr. Robotnik	nm0000120	antagonist	major
tt3811906	Madison Mitchell	nm1834115	protagonist	major
tt3811906	Sydney Lake	nm4487976	protagonist	minor
tt3811906	Gabriel (voice)	nm2616557	antagonist	major
tt3811906	Gabriel (Physical Performer)	nm10894712	antagonist	major
tt3811906	Derek Mitchell	nm1831976	antagonist	minor
tt3832914	Elizabeth Jordan (as Priscilla Shirer)	nm2068185	protagonist	major
tt3832914	Tony Jordan	nm3956954	protagonist	major
tt3832914	Clara Williams	nm1620433	protagonist	minor
tt3861390	Holt Farrier	nm0268199	protagonist	major
tt3861390	Milly Farrier	nm9135274	protagonist	major
tt3861390	Joe Farrier	nm9134452	protagonist	major
tt3861390	Colette Marchant	nm1200692	protagonist	minor
tt3861390	V. A. Vandevere	nm0000474	antagonist	major
tt3861390	Rufus Sorghum	nm2898547	antagonist	minor
tt3862750	Leah	nm0005125	protagonist	major
tt3862750	Carter	nm1013003	antagonist	major
tt3890160	Baby	nm5052065	protagonist	major
tt3890160	Debora	nm4141252	protagonist	minor
tt3890160	Doc	nm0000228	antagonist	major
tt3890160	Bats	nm0004937	antagonist	major
tt3890160	Buddy	nm0358316	antagonist	major
tt3890160	Darling	nm2555462	antagonist	minor
tt3896198	Peter Quill	nm0695435	protagonist	major
tt3896198	Gamora	nm0757855	protagonist	major
tt3896198	Drax	nm1176985	protagonist	major
tt3896198	Rocket (voice)	nm0177896	protagonist	major
tt3896198	Baby Groot (voice)	nm0004874	protagonist	major
tt3896198	Yondu	nm0740264	protagonist	major
tt3896198	Nebula	nm2394794	protagonist	minor
tt3896198	Mantis	nm2962353	protagonist	minor
tt3896198	Kraglin	nm0348231	protagonist	minor
tt3896198	Ego	nm0000621	antagonist	major
tt3896198	Ayesha	nm4456120	antagonist	minor
tt3896198	Taserface	nm2884388	antagonist	minor
tt3949660	Leonardo	nm5293935	protagonist	major
tt3949660	Raphael	nm2024927	protagonist	major
tt3949660	Donatello	nm0397386	protagonist	major
tt3949660	Michelangelo	nm0279720	protagonist	major
tt3949660	April O'Neil	nm1083271	protagonist	major
tt3949660	Casey Jones	nm1854386	protagonist	major
tt3949660	Vernon Fenwick	nm0004715	protagonist	minor
tt3949660	Shredder	nm0974575	antagonist	major
tt3949660	Krang (voice)	nm0004951	antagonist	major
tt3949660	Baxter Stockman	nm1347153	antagonist	minor
tt3949660	Bebop	nm0930637	antagonist	minor
tt3949660	Rocksteady (as Sheamus)	nm2546897	antagonist	minor
tt3949660	Karai	nm0410893	antagonist	minor
tt4046784	Thomas	nm3729721	protagonist	major
tt4046784	Aris	nm5015107	protagonist	minor
tt4046784	Brenda	nm4023073	protagonist	minor
tt4046784	Jorge	nm0002064	protagonist	minor
tt4046784	Minho	nm3859624	protagonist	minor
tt4046784	Ava Paige	nm0165101	antagonist	major
tt4046784	Janson	nm0318821	antagonist	major
tt4046784	Teresa	nm2546012	antagonist	minor
tt4052882	Nancy	nm0515116	protagonist	major
tt4094724	Senator Charlie Roan	nm0593310	protagonist	major
tt4094724	Leo Barnes	nm0342029	protagonist	major
tt4094724	Joe Dixon	nm0932112	protagonist	minor
tt4094724	Marcos (as Joseph Julian Soria)	nm1928515	protagonist	minor
tt4094724	Laney Rucker	nm3340597	protagonist	minor
tt4094724	Minister Edwidge Owens	nm0001717	antagonist	major
tt4094724	Earl Danzinger	nm0785352	antagonist	major
tt4094724	Chief Couper	nm0680392	antagonist	minor
tt4094724	Tall Eric Busmalis	nm2592774	antagonist	minor
tt4094724	Harmon James	nm0048336	antagonist	minor
tt4123430	Newt Scamander	nm1519666	protagonist	major
tt4123430	Jacob Kowalski	nm0283945	protagonist	minor
tt4123430	Tina Goldstein	nm2239702	protagonist	minor
tt4123430	Albus Dumbledore	nm0000179	protagonist	minor
tt4123430	Grindelwald	nm0000136	antagonist	major
tt4123430	Grimmson	nm0797614	antagonist	minor
tt4123430	Yusuf Kama	nm0618986	antagonist	minor
tt4123432	Albus Dumbledore	nm0000179	protagonist	major
tt4123432	Newt Scamander	nm1519666	protagonist	major
tt4123432	Jacob Kowalski	nm0283945	protagonist	minor
tt4123432	Theseus Scamander	nm4360085	protagonist	minor
tt4123432	Eulalie 'Lally' Hicks	nm1790970	protagonist	minor
tt4123432	Bunty Broadacre	nm4021273	protagonist	minor
tt4123432	Yusuf Kama	nm0618986	protagonist	minor
tt4123432	Gellert Grindelwald	nm0586568	antagonist	major
tt4123432	Credence Barebone	nm3009232	antagonist	major
tt4123432	Anton Vogel	nm0557908	antagonist	minor
tt4123432	Vinda Rosier	nm5304426	antagonist	minor
tt4123432	Carrow	nm3007817	antagonist	minor
tt4123432	Helmut	nm8461408	antagonist	minor
tt4123432	Zabini	nm5438664	antagonist	minor
tt4154664	Carol Danvers	nm0488953	protagonist	major
tt4154664	Vers	nm0488953	protagonist	major
tt4154664	Nick Fury	nm0000168	protagonist	major
tt4154664	Talos	nm0578853	protagonist	minor
tt4154664	Maria Rambeau	nm2736476	protagonist	minor
tt4154664	Yon-Rogg	nm0000179	antagonist	major
tt4154664	Supreme Intelligence	nm0000906	antagonist	major
tt4154664	Ronan	nm1195855	antagonist	minor
tt4154756	Tony Stark	nm0000375	protagonist	major
tt4154756	Thor	nm1165110	protagonist	major
tt4154756	Bruce Banner	nm0749263	protagonist	major
tt4154756	Doctor Strange	nm1212722	protagonist	major
tt4154756	Steve Rogers	nm0262635	protagonist	major
tt4154756	Peter Quill	nm0695435	protagonist	major
tt4154756	Gamora	nm0757855	protagonist	major
tt4154756	Vision	nm0079273	protagonist	major
tt4154756	Wanda Maximoff	nm0647634	protagonist	major
tt4154756	Peter Parker	nm4043618	protagonist	minor
tt4154756	Natasha Romanoff	nm0424060	protagonist	minor
tt4154756	Sam Wilson	nm1107001	protagonist	minor
tt4154756	James Rhodes	nm0000332	protagonist	minor
tt4154756	T'Challa	nm1569276	protagonist	minor
tt4154756	Bucky Barnes	nm1659221	protagonist	minor
tt4154756	Nebula	nm2394794	protagonist	minor
tt4154756	Mantis	nm2962353	protagonist	minor
tt4154756	Drax	nm1176985	protagonist	minor
tt4154756	Rocket (voice)	nm0177896	protagonist	minor
tt4154756	Groot (voice)	nm0004874	protagonist	minor
tt4154756	Thanos	nm0000982	antagonist	major
tt4154756	Ebony Maw	nm2534167	antagonist	minor
tt4154756	Cull Obsidian	nm1024953	antagonist	minor
tt4154756	Proxima Midnight	nm4689420	antagonist	minor
tt4154756	Corvus Glaive (as Michael Shaw)	nm4473692	antagonist	minor
tt4154796	Tony Stark	nm0000375	protagonist	major
tt4154796	Steve Rogers	nm0262635	protagonist	major
tt4154796	Bruce Banner	nm0749263	protagonist	major
tt4154796	Thor	nm1165110	protagonist	major
tt4154796	Natasha Romanoff	nm0424060	protagonist	major
tt4154796	Scott Lang	nm0748620	protagonist	major
tt4154796	Nebula	nm2394794	protagonist	major
tt4154796	Clint Barton	nm0719637	protagonist	minor
tt4154796	Rocket (voice)	nm0177896	protagonist	minor
tt4154796	James Rhodes	nm0000332	protagonist	minor
tt4154796	Thanos	nm0000982	antagonist	major
tt4160708	Rocky	nm3994408	protagonist	major
tt4160708	Alex	nm1910255	protagonist	major
tt4160708	Money	nm4683167	protagonist	minor
tt4160708	The Blind Man	nm0002332	antagonist	major
tt4196776	Jason Bourne	nm0000354	protagonist	major
tt4196776	Nicky Parsons	nm0005466	protagonist	minor
tt4196776	CIA Director Robert Dewey	nm0000169	antagonist	major
tt4196776	Asset	nm0001993	antagonist	major
tt4196776	Heather Lee	nm2539953	antagonist	major
tt4244994	Sir Jean de Carrouges	nm0000354	protagonist	major
tt4244994	Marguerite de Carrouges	nm3069650	protagonist	major
tt4244994	Jacques Le Gris	nm3485845	antagonist	major
tt4244994	Pierre d'Alençon	nm0000255	antagonist	minor
tt4257926	Christy Beam	nm0004950	protagonist	major
tt4257926	Anna Beam	nm4814017	protagonist	major
tt4257926	Kevin Beam	nm0376540	protagonist	minor
tt4425200	John Wick	nm0000206	protagonist	major
tt4425200	Santino D'Antonio	nm1249052	antagonist	major
tt4425200	Ares	nm3199307	antagonist	minor
tt4425200	Cassian	nm0996669	antagonist	minor
tt4425200	Abram	nm0001780	antagonist	minor
tt4438848	Mac Radner	nm0736622	protagonist	major
tt4438848	Kelly Radner	nm0126284	protagonist	major
tt4438848	Teddy Sanders	nm1374980	protagonist	major
tt4438848	Jimmy	nm0054697	protagonist	minor
tt4438848	Paula	nm0303013	protagonist	minor
tt4438848	Shelby	nm1631269	antagonist	major
tt4438848	Beth	nm4169922	antagonist	major
tt4438848	Nora	nm2788156	antagonist	major
tt4465564	Anastasia Steele	nm0424848	protagonist	major
tt4465564	Christian Grey	nm1946193	protagonist	major
tt4465564	Jack Hyde	nm0425053	antagonist	minor
tt4465564	Leila	nm2757333	antagonist	minor
tt4465564	Elena Lincoln	nm0000107	antagonist	minor
tt4477536	Anastasia Steele	nm0424848	protagonist	major
tt4477536	Christian Grey	nm1946193	protagonist	major
tt4477536	Jack Hyde	nm0425053	antagonist	major
tt4477536	Liz	nm0697201	antagonist	minor
tt4500922	Thomas	nm3729721	protagonist	major
tt4500922	Newt	nm1032473	protagonist	major
tt4500922	Minho	nm3859624	protagonist	minor
tt4500922	Frypan	nm2766708	protagonist	minor
tt4500922	Gally	nm2401020	protagonist	minor
tt4500922	Brenda	nm4023073	protagonist	minor
tt4500922	Janson	nm0318821	antagonist	major
tt4500922	Ava Paige	nm0165101	antagonist	major
tt4513678	Phoebe	nm5085683	protagonist	major
tt4513678	Trevor	nm6016511	protagonist	major
tt4513678	Callie	nm4689420	protagonist	major
tt4513678	Podcast	nm10594234	protagonist	minor
tt4513678	Lucky	nm9305936	protagonist	minor
tt4513678	Grooberson	nm0748620	protagonist	minor
tt4513678	The Ghost Farmer (Egon Spengler)	nm0348409	protagonist	minor
tt4513678	Ray Stantz	nm0000101	protagonist	minor
tt4513678	Peter Venkman	nm0000195	protagonist	minor
tt4513678	Winston Zeddemore	nm0001368	protagonist	minor
tt4513678	Gozer (uncredited)	nm1312575	antagonist	major
tt4513678	Gozer (voice)	nm0013037	antagonist	major
tt4513678	Spirit of Gozer	nm8616975	antagonist	major
tt4513678	Muncher (voice)	nm1265802	antagonist	minor
tt4513678	Ivo Shandor	nm0799777	antagonist	minor
tt4532038	Ed	nm0000134	protagonist	major
tt4532038	Peter	nm4625502	protagonist	major
tt4532038	8th Grade Monster	nm5902264	antagonist	minor
tt4575576	Christopher Robin	nm0000191	protagonist	major
tt4575576	Winnie the Pooh	nm0191906	protagonist	major
tt4575576	Madeline Robin	nm6432607	protagonist	minor
tt4575576	Evelyn Robin	nm2017943	protagonist	minor
tt4575576	Giles Winslow	nm0309693	antagonist	major
tt4630562	Dom	nm0004874	protagonist	major
tt4630562	Hobbs	nm0425005	protagonist	major
tt4630562	Letty	nm0735442	protagonist	major
tt4630562	Deckard	nm0005458	protagonist	major
tt4630562	Roman	nm0879085	protagonist	minor
tt4630562	Tej Parker (as Chris 'Ludacris' Bridges)	nm0524839	protagonist	minor
tt4630562	Ramsey	nm2812026	protagonist	minor
tt4630562	Mr. Nobody	nm0000621	protagonist	minor
tt4630562	Owen	nm1812656	protagonist	minor
tt4630562	Cipher	nm0000234	antagonist	major
tt4630562	Rhodes	nm1970465	antagonist	minor
tt4649466	Eggsy	nm5473782	protagonist	major
tt4649466	Harry Hart	nm0000147	protagonist	major
tt4649466	Merlin	nm0835016	protagonist	minor
tt4649466	Poppy	nm0000194	antagonist	major
tt4649466	Charlie	nm5685205	antagonist	major
tt4649466	Whiskey	nm0050959	antagonist	minor
tt4649466	President of the United States	nm0339304	antagonist	minor
tt4651520	Amy	nm0005109	protagonist	major
tt4651520	Carla	nm1063517	protagonist	minor
tt4651520	Kiki	nm0068338	protagonist	minor
tt4651520	Gwendolyn	nm0000775	antagonist	major
tt4651520	Stacy	nm0000586	antagonist	minor
tt4651520	Vicky	nm1754239	antagonist	minor
tt4651520	Mike	nm1378589	antagonist	minor
tt4682266	Dani Moonstar	nm7385556	protagonist	major
tt4682266	Rahne Sinclair	nm3586035	protagonist	major
tt4682266	Illyana Rasputin	nm5896355	protagonist	major
tt4682266	Sam Guthrie	nm6390427	protagonist	major
tt4682266	Roberto da Costa (as Henry Zaga)	nm6723114	protagonist	major
tt4682266	Dr. Reyes	nm0103797	antagonist	major
tt4701182	Charlie	nm2794962	protagonist	major
tt4701182	Bumblebee (voice)	nm3729721	protagonist	major
tt4701182	Memo	nm7449863	protagonist	minor
tt4701182	Shatter (voice)	nm0000291	antagonist	major
tt4701182	Dropkick (voice)	nm0857620	antagonist	major
tt4701182	Agent Burns	nm1078479	antagonist	minor
tt4701182	Blitzwing (voice)	nm0811875	antagonist	minor
tt4765284	Beca	nm0447695	protagonist	major
tt4765284	Fat Amy	nm2313103	protagonist	major
tt4765284	Chloe	nm0811242	protagonist	minor
tt4765284	Aubrey	nm2319871	protagonist	minor
tt4765284	Emily	nm2794962	protagonist	minor
tt4765284	Fergus	nm0001475	antagonist	major
tt4777008	Maleficent	nm0001401	protagonist	major
tt4777008	Aurora	nm1102577	protagonist	major
tt4777008	Prince Philip	nm6170168	protagonist	minor
tt4777008	Queen Ingrith	nm0000201	antagonist	major
tt4777008	Gerda	nm2893183	antagonist	minor
tt4779682	Jonas Taylor	nm0005458	protagonist	major
tt4779682	Suyin (as Li Bingbing)	nm0508356	protagonist	major
tt4779682	Morris	nm0933988	antagonist	minor
tt4786282	Rebecca	nm1954240	protagonist	major
tt4786282	Martin	nm5145655	protagonist	major
tt4786282	Bret	nm2856658	protagonist	minor
tt4786282	Diana	nm2151188	antagonist	major
tt4846340	Katherine G. Johnson	nm0378245	protagonist	major
tt4846340	Dorothy Vaughan	nm0818055	protagonist	major
tt4846340	Mary Jackson	nm1847117	protagonist	major
tt4846340	Vivian Mitchell	nm0000379	antagonist	major
tt4846340	Paul Stafford	nm1433588	antagonist	major
tt4846340	White Librarian	nm0341421	antagonist	minor
tt4881806	Owen Grady	nm0695435	protagonist	major
tt4881806	Claire Dearing	nm0397171	protagonist	major
tt4881806	Maisie Lockwood	nm9830820	protagonist	minor
tt4881806	Franklin Webb	nm6819854	protagonist	minor
tt4881806	Zia Rodriguez	nm4427331	protagonist	minor
tt4881806	Eli Mills	nm1245863	antagonist	major
tt4881806	Ken Wheatley	nm0505971	antagonist	minor
tt4881806	Mr. Eversoll	nm0429363	antagonist	minor
tt4881806	Dr. Wu	nm0000703	antagonist	minor
tt4912910	Ethan Hunt	nm0000129	protagonist	major
tt4912910	Ilsa Faust	nm0272581	protagonist	minor
tt4912910	Benji Dunn	nm0670408	protagonist	minor
tt4912910	Luther Stickell	nm0000609	protagonist	minor
tt4912910	August Walker	nm0147147	antagonist	major
tt4912910	Solomon Lane	nm0365317	antagonist	major
tt4912910	Nils Debruuk	nm0427379	antagonist	minor
tt4912910	Lark Decoy	nm2403982	antagonist	minor
tt4913966	Anna	nm0004802	protagonist	major
tt4913966	Chris	nm9361594	protagonist	minor
tt4913966	Samantha	nm5972330	protagonist	minor
tt4913966	Rafael	nm0190441	protagonist	minor
tt4913966	La Llorona	nm1581544	antagonist	major
tt4913966	Patricia Alvarez	nm0892383	antagonist	minor
tt4916630	Bryan Stevenson	nm0430107	protagonist	major
tt4916630	Walter McMillian	nm0004937	protagonist	major
tt4916630	Eva Ansley	nm0488953	protagonist	minor
tt4916630	Tommy Chapman	nm1245863	antagonist	major
tt4916630	Ralph Myers	nm0625789	antagonist	minor
tt4972582	Casey Cooke	nm5896355	protagonist	major
tt4972582	Claire Benoit	nm4726634	protagonist	minor
tt4972582	Marcia	nm4088627	protagonist	minor
tt4972582	Dennis	nm0564215	antagonist	major
tt4972582	Patricia	nm0564215	antagonist	major
tt4972582	The Beast	nm0564215	antagonist	major
tt4972582	Hedwig	nm0564215	antagonist	minor
tt4972582	Uncle John	nm0377034	antagonist	minor
tt4998632	Will Sharp	nm5584344	protagonist	major
tt4998632	Danny Sharp	nm0350453	protagonist	major
tt4998632	Cam Thompson (as Eiza Gonzalez)	nm2555462	protagonist	major
tt4998632	Captain Monroe	nm0226813	antagonist	major
tt4998632	Papi	nm0553436	antagonist	minor
tt4998632	FBI Agent Anson Clark	nm1218757	antagonist	minor
tt4998632	Officer Mark	nm2336180	antagonist	minor
tt5013056	Tommy	nm7887725	protagonist	major
tt5013056	Mr. Dawson	nm0753314	protagonist	major
tt5013056	Farrier	nm0362766	protagonist	major
tt5013056	Alex	nm4089170	protagonist	minor
tt5013056	Gibson	nm2902567	protagonist	minor
tt5013056	Peter	nm6077951	protagonist	minor
tt5013056	Collins	nm4110963	protagonist	minor
tt5028340	Mary Poppins	nm1289434	protagonist	major
tt5028340	Michael Banks	nm0924210	protagonist	major
tt5028340	Annabel	nm5177929	protagonist	major
tt5028340	John	nm8127149	protagonist	major
tt5028340	Georgie	nm8773781	protagonist	major
tt5028340	Jack	nm0592135	protagonist	major
tt5028340	Jane Banks	nm0607865	protagonist	minor
tt5028340	Wilkins	nm0000147	antagonist	major
tt5028340	Wolf	nm0000147	antagonist	minor
tt5028340	Weasel	nm1506183	antagonist	minor
tt5028340	Badger	nm0842596	antagonist	minor
tt5034838	Nathan Lind	nm0002907	protagonist	major
tt5034838	Madison Russell	nm5611121	protagonist	major
tt5034838	Ilene Andrews	nm0356017	protagonist	major
tt5034838	Jia	nm10544447	protagonist	major
tt5034838	Godzilla (uncredited)	nm0324270	protagonist	major
tt5034838	Bernie Hayes	nm3109964	protagonist	minor
tt5034838	Josh Valentine	nm5421877	protagonist	minor
tt5034838	Walter Simmons	nm0065007	antagonist	major
tt5034838	Maia Simmons	nm2555462	antagonist	minor
tt5034838	Ren Serizawa	nm1040419	antagonist	minor
tt5052448	Chris Washington	nm2257207	protagonist	major
tt5052448	Rod Williams	nm2577076	protagonist	minor
tt5052448	Rose Armitage	nm4129745	antagonist	major
tt5052448	Missy Armitage	nm0001416	antagonist	major
tt5052448	Dean Armitage	nm0925966	antagonist	major
tt5052448	Jeremy Armitage	nm2655177	antagonist	major
tt5052448	Jim Hudson	nm0740535	antagonist	minor
tt5052448	Walter	nm5436968	antagonist	minor
tt5052448	Georgina	nm3340597	antagonist	minor
tt5095030	Scott Lang	nm0748620	protagonist	major
tt5095030	Hope Van Dyne	nm1431940	protagonist	major
tt5095030	Dr. Hank Pym	nm0000140	protagonist	major
tt5095030	Luis	nm0671567	protagonist	minor
tt5095030	Dave (as Tip 'T.I.' Harris)	nm1939267	protagonist	minor
tt5095030	Kurt	nm2810287	protagonist	minor
tt5095030	Ava	nm4789912	antagonist	major
tt5095030	Sonny Burch	nm0324658	antagonist	major
tt5095030	Dr. Bill Foster	nm0000401	antagonist	minor
tt5095030	Jimmy Woo	nm1320827	antagonist	minor
tt5108870	Dr. Michael Morbius	nm0001467	protagonist	major
tt5108870	Milo	nm1741002	antagonist	major
tt5108870	Agent Simon Stroud	nm0879085	antagonist	minor
tt5108870	Agent Rodriguez	nm1371339	antagonist	minor
tt5117670	Peter Rabbit (voice)	nm0179479	protagonist	major
tt5117670	Benjamin Bunny (voice)	nm0600461	protagonist	minor
tt5117670	Flopsy	nm3053338	protagonist	minor
tt5117670	Mopsy (voice)	nm4456120	protagonist	minor
tt5117670	Cotton-Tail (voice)	nm5397459	protagonist	minor
tt5117670	Mr. Thomas McGregor	nm1727304	antagonist	major
tt5117670	Old Mr. McGregor	nm0000554	antagonist	minor
tt5140878	Janice (as Talitha Bateman)	nm5145057	protagonist	major
tt5140878	Linda	nm5157662	protagonist	major
tt5140878	Sister Charlotte	nm2362713	protagonist	major
tt5140878	Annabelle Demon	nm1177766	antagonist	major
tt5140878	Annabelle Higgins (uncredited)	nm0642893	antagonist	minor
tt5164214	Debbie Ocean	nm0000113	protagonist	major
tt5164214	Lou	nm0000949	protagonist	major
tt5164214	Rose Weil	nm0000307	protagonist	minor
tt5164214	Amita	nm1411676	protagonist	minor
tt5164214	Nine Ball	nm1982597	protagonist	minor
tt5164214	Constance	nm5377144	protagonist	minor
tt5164214	Tammy	nm0005299	protagonist	minor
tt5164214	Daphne Kluger	nm0004266	protagonist	minor
tt5164214	Claude Becker	nm0035514	antagonist	major
tt5164214	John Frazier	nm0179479	antagonist	minor
tt5308322	Tree Gelbman	nm1557329	protagonist	major
tt5308322	Carter Davis	nm3441152	protagonist	minor
tt5308322	Lori Spengler	nm4384329	antagonist	major
tt5308322	John Tombs	nm2513232	antagonist	minor
tt5325452	Madea	nm1347153	protagonist	major
tt5325452	Brian	nm1347153	protagonist	major
tt5325452	Aunt Bam	nm0204322	protagonist	minor
tt5325452	Hattie	nm4776479	protagonist	minor
tt5325452	Joe	nm1347153	protagonist	minor
tt5325452	Jonathan	nm6257719	antagonist	major
tt5325452	Tiffany	nm4024158	antagonist	minor
tt5433138	Dominic Toretto	nm0004874	protagonist	major
tt5433138	Letty	nm0735442	protagonist	minor
tt5433138	Roman	nm0879085	protagonist	minor
tt5433138	Tej (as Chris 'Ludacris' Bridges)	nm0524839	protagonist	minor
tt5433138	Ramsey	nm2812026	protagonist	minor
tt5433138	Mia	nm0108287	protagonist	minor
tt5433138	Han	nm0437646	protagonist	minor
tt5433138	Jakob	nm1078479	antagonist	major
tt5433138	Otto	nm3697676	antagonist	major
tt5433138	Cipher	nm0000234	antagonist	major
tt5463162	Wade Wilson	nm0005351	protagonist	major
tt5463162	Deadpool	nm0005351	protagonist	major
tt5463162	Domino	nm5939164	protagonist	minor
tt5463162	Colossus (voice)	nm1292973	protagonist	minor
tt5463162	Negasonic Teenage Warhead	nm6552202	protagonist	minor
tt5463162	Cable	nm0000982	antagonist	major
tt5463162	Voice of Juggernaut	nm0005351	antagonist	minor
tt5463162	Headmaster	nm0550371	antagonist	minor
tt5503686	Destiny	nm2090422	protagonist	major
tt5503686	Ramona	nm0000182	protagonist	major
tt5503686	Dawn	nm5483400	antagonist	minor
tt5523010	Clara	nm3237775	protagonist	major
tt5523010	Phillip	nm9028320	protagonist	minor
tt5523010	Sugar Plum	nm0461136	antagonist	major
tt5523010	The Mouse King (uncredited)	nm2005945	antagonist	minor
tt5657846	Brad	nm0002071	protagonist	major
tt5657846	Dusty	nm0000242	protagonist	major
tt5657846	Kurt	nm0000154	antagonist	major
tt5657846	Roger	nm1078479	antagonist	minor
tt5697572	Victoria	nm8667557	protagonist	major
tt5697572	Mr. Mistoffelees	nm5685224	protagonist	minor
tt5697572	Grizabella	nm1617685	protagonist	minor
tt5697572	Macavity	nm0252961	antagonist	major
tt5697572	Bombalurina	nm2357847	antagonist	minor
tt5697572	Growltiger	nm0935653	antagonist	minor
tt5726086	Elise Rainier	nm0005417	protagonist	major
tt5726086	Specs	nm1191481	protagonist	minor
tt5726086	Tucker	nm0760151	protagonist	minor
tt5726086	Imogen Rainier	nm3312826	protagonist	minor
tt5726086	KeyFace	nm2306701	antagonist	major
tt5726086	Ted Garza	nm0009716	antagonist	minor
tt5726086	Gerald Rainier	nm1577637	antagonist	minor
tt5727208	Howard Ratner	nm0001191	protagonist	major
tt5727208	Arno	nm0091899	antagonist	major
tt5727208	Phil	nm10430125	antagonist	major
tt5727208	Nico	nm10430126	antagonist	major
tt5727208	Demany	nm3147751	antagonist	minor
tt5758778	Will Sawyer	nm0425005	protagonist	major
tt5758778	Sarah Sawyer	nm0000117	protagonist	minor
tt5758778	Kores Botha	nm3435612	antagonist	major
tt5758778	Xia	nm5050883	antagonist	minor
tt5758778	Mr. Pierce	nm0852965	antagonist	minor
tt5758778	Ben	nm1032567	antagonist	minor
tt5774060	Norah Price	nm0829576	protagonist	major
tt5774060	Captain Lucien	nm0001993	protagonist	minor
tt5774060	Emily Haversham	nm3725055	protagonist	minor
tt5774060	Liam Smith	nm0302330	protagonist	minor
tt5774060	Paul Abel	nm2554352	protagonist	minor
tt5774060	Rodrigo Nagenda	nm6974206	protagonist	minor
tt5814060	Sister Irene	nm3920288	protagonist	major
tt5814060	Father Burke (as Demian Bichir)	nm0065007	protagonist	major
tt5814060	Frenchie	nm2997552	protagonist	major
tt5814060	The Nun	nm0007491	antagonist	major
tt5814060	Duke	nm0825209	antagonist	minor
tt5834426	Brian Harper	nm0933940	protagonist	major
tt5834426	Jocinda Fowler	nm0000932	protagonist	major
tt5834426	KC Houseman	nm4263213	protagonist	major
tt5884052	Tim Goodman	nm6819854	protagonist	major
tt5884052	Detective Pikachu	nm0005351	protagonist	major
tt5884052	Lucy Stevens	nm1105980	protagonist	minor
tt5884052	Howard Clifford	nm0631490	antagonist	major
tt5884052	Roger Clifford	nm1357218	antagonist	minor
tt5886046	Zoey Davis	nm5347988	protagonist	major
tt5886046	Ben Miller	nm2383250	protagonist	major
tt5886046	Jason Walker	nm1337350	protagonist	minor
tt5886046	Mike Nolan	nm0479527	protagonist	minor
tt5886046	Amanda Harper	nm2832695	protagonist	minor
tt5886046	Danny Khan	nm6516135	protagonist	minor
tt5886046	Games Master WooTan Yu	nm0905691	antagonist	major
tt5886046	Puzzle Maker (uncredited)	nm1046562	antagonist	major
tt6133466	Dmitri	nm5002057	protagonist	major
tt6133466	Nya	nm6280112	protagonist	major
tt6133466	Isaiah	nm4725341	protagonist	major
tt6133466	Chief of Staff - Arlo Sabian	nm1113773	antagonist	major
tt6133466	Skeletor	nm3864996	antagonist	minor
tt6133466	Capital A	nm6756931	antagonist	minor
tt6139732	Aladdin	nm4565815	protagonist	major
tt6139732	Jasmine	nm4305463	protagonist	major
tt6139732	Genie	nm0000226	protagonist	major
tt6139732	Jafar	nm3092471	antagonist	major
tt6139732	Iago (voice)	nm0876138	antagonist	minor
tt6146586	John Wick	nm0000206	protagonist	major
tt6146586	Sofia	nm0000932	protagonist	minor
tt6146586	The Adjudicator	nm3545872	antagonist	major
tt6146586	Zero	nm0001092	antagonist	major
tt6146586	Berrada	nm0283492	antagonist	minor
tt6146586	Ernest	nm9912877	antagonist	minor
tt6189022	Mike Banning	nm0124930	protagonist	major
tt6189022	Wade Jennings	nm0396812	antagonist	major
tt6189022	VP Kirby	nm0625789	antagonist	major
tt6217804	Madea	nm1347153	protagonist	major
tt6217804	Tiffany	nm4024158	protagonist	major
tt6217804	Brian	nm1347153	protagonist	major
tt6217804	Joe	nm1347153	protagonist	minor
tt6217804	Aunt Bam	nm0204322	protagonist	minor
tt6217804	Hattie	nm4776479	protagonist	minor
tt6217804	Derrick #1	nm3707706	antagonist	major
tt6217804	Derrick #2	nm0238253	antagonist	major
tt6246322	The Blind Man	nm0002332	protagonist	major
tt6246322	Phoenix	nm6388677	protagonist	major
tt6246322	Raylan	nm0786639	antagonist	major
tt6246322	Mother	nm0642605	antagonist	minor
tt6264654	Guy	nm0005351	protagonist	major
tt6264654	Millie	nm3069650	protagonist	major
tt6264654	Molotovgirl	nm3069650	protagonist	major
tt6264654	Keys	nm6564737	protagonist	major
tt6264654	Buddy	nm2577076	protagonist	minor
tt6264654	Antwan	nm0169806	antagonist	major
tt6264654	Dude (as Aaron Reed)	nm9619603	antagonist	minor
tt6294822	Kay Graham	nm0000658	protagonist	major
tt6294822	Ben Bradlee	nm0000158	protagonist	major
tt6294822	Daniel Ellsberg	nm0722629	protagonist	minor
tt6294822	Ben Bagdikian	nm0644022	protagonist	minor
tt6294822	Robert McNamara	nm0339304	antagonist	minor
tt6320628	Peter Parker	nm4043618	protagonist	major
tt6320628	Spider-Man	nm4043618	protagonist	major
tt6320628	Quentin Beck	nm0350453	antagonist	major
tt6320628	William Ginter Riva	nm0082526	antagonist	minor
tt6320628	J. Jonah Jameson	nm0799777	antagonist	minor
tt6334354	Bloodsport	nm0252961	protagonist	major
tt6334354	Harley Quinn	nm3053338	protagonist	major
tt6334354	Ratcatcher 2	nm6403016	protagonist	major
tt6334354	Colonel Rick Flag	nm1172478	protagonist	major
tt6334354	Polka-Dot Man	nm2810287	protagonist	minor
tt6334354	King Shark (voice)	nm0000230	protagonist	minor
tt6334354	Amanda Waller	nm0205626	antagonist	major
tt6334354	Peacemaker	nm1078479	antagonist	major
tt6334354	Presidente General Silvio Luna	nm0098709	antagonist	minor
tt6334354	Thinker	nm0134922	antagonist	minor
tt6343314	Adonis Johnson	nm0430107	protagonist	major
tt6343314	Rocky Balboa	nm0000230	protagonist	major
tt6343314	Bianca	nm1935086	protagonist	minor
tt6343314	Viktor Drago (as Florian 'Big Nasty' Munteanu)	nm8108730	antagonist	major
tt6343314	Ivan Drago	nm0000185	antagonist	major
tt6359956	Amy	nm0005109	protagonist	major
tt6359956	Kiki	nm0068338	protagonist	major
tt6359956	Carla	nm1063517	protagonist	major
tt6359956	Ruth	nm0004724	antagonist	major
tt6359956	Sandy	nm0385644	antagonist	major
tt6359956	Isis	nm0000215	antagonist	major
tt6394270	Megyn Kelly	nm0000234	protagonist	major
tt6394270	Gretchen Carlson	nm0000173	protagonist	major
tt6394270	Kayla Pospisil	nm3053338	protagonist	major
tt6394270	Roger Ailes	nm0001475	antagonist	major
tt6398184	Lady Mary	nm1890784	protagonist	major
tt6398184	Tom Branson	nm1395602	protagonist	major
tt6398184	Violet Crawley	nm0001749	protagonist	major
tt6398184	Anna Bates	nm0296219	protagonist	minor
tt6398184	Thomas Barrow	nm1674947	protagonist	minor
tt6398184	Mr Wilson	nm0354069	antagonist	major
tt6398184	Major Chetwode	nm1304386	antagonist	minor
tt6398184	Miss Lawton	nm0528462	antagonist	minor
tt6398184	Monsieur Courbet	nm1930256	antagonist	minor
tt6443346	Teth Adam	nm0425005	protagonist	major
tt6443346	Black Adam	nm0425005	protagonist	major
tt6443346	Adrianna Tomaz	nm1083404	protagonist	major
tt6443346	Hawkman	nm0388038	protagonist	major
tt6443346	Dr. Fate	nm0000112	protagonist	major
tt6443346	Amon Tomaz	nm5156567	protagonist	minor
tt6443346	Atom Smasher	nm3170207	protagonist	minor
tt6443346	Cyclone	nm9165599	protagonist	minor
tt6443346	Ishmael	nm3092471	antagonist	major
tt6443346	Sabbac	nm3092471	antagonist	major
tt6443346	King Ahk-Ton	nm3092471	antagonist	minor
tt6443346	Amanda Waller (uncredited)	nm0205626	antagonist	minor
tt6450186	Bart	nm8722479	protagonist	major
tt6450186	Arthur	nm0000598	antagonist	major
tt6450804	Dani Ramos	nm0721376	protagonist	major
tt6450804	Grace	nm4496875	protagonist	major
tt6450804	Sarah Connor	nm0000157	protagonist	major
tt6450804	Carl	nm0000216	protagonist	major
tt6450804	REV-9	nm1890981	antagonist	major
tt6450804	T-800	nm0000216	antagonist	minor
tt6475714	Artemis	nm0000170	protagonist	major
tt6475714	Hunter	nm1388074	protagonist	major
tt6475714	The Admiral	nm0000579	protagonist	minor
tt6565702	Jean Grey	nm3849842	protagonist	major
tt6565702	Professor Charles Xavier	nm0564215	protagonist	major
tt6565702	Scott Summers	nm4446467	protagonist	minor
tt6565702	Raven	nm2225369	protagonist	minor
tt6565702	Kurt Wagner	nm2240346	protagonist	minor
tt6565702	Vuk	nm1567113	antagonist	major
tt6565702	Erik Lehnsherr	nm1055413	antagonist	minor
tt6565702	Hank McCoy	nm0396558	antagonist	minor
tt6644200	Evelyn Abbott	nm1289434	protagonist	major
tt6644200	Lee Abbott	nm1024677	protagonist	major
tt6644200	Regan Abbott	nm8075925	protagonist	major
tt6644200	Marcus Abbott	nm7415871	protagonist	major
tt6644200	Beau Abbott	nm9330804	protagonist	minor
tt6673612	Dr. John Dolittle	nm0000375	protagonist	major
tt6673612	Tommy Stubbins	nm6708646	protagonist	major
tt6673612	Lord Thomas Badgley	nm0000980	antagonist	major
tt6673612	Dr. Blair Müdfly	nm0790688	antagonist	major
tt6673612	King Rassouli	nm0000104	antagonist	minor
tt6673612	Barry (voice)	nm0000146	antagonist	minor
tt6710474	Evelyn Wang	nm0000706	protagonist	major
tt6710474	Waymond Wang	nm0702841	protagonist	major
tt6710474	Jobu Tupaki	nm3513533	antagonist	major
tt6710474	Gong Gong	nm0393222	antagonist	minor
tt6723592	Protagonist	nm0913475	protagonist	major
tt6723592	Neil	nm1500155	protagonist	major
tt6723592	Kat	nm4456120	protagonist	major
tt6723592	Ives	nm1093951	protagonist	minor
tt6723592	Sator	nm0000110	antagonist	major
tt6723592	Priya	nm0438092	antagonist	minor
tt6723592	Volkov	nm0464305	antagonist	minor
tt6751668	Ki Taek (as Song Kang Ho)	nm0814280	protagonist	major
tt6751668	Chung Sook (as Chang Hyae Jin)	nm4525883	protagonist	major
tt6751668	Ki Jung (as Park So Dam)	nm6476224	protagonist	major
tt6751668	Ki Woo (as Choi Woo Shik)	nm6079248	protagonist	major
tt6751668	Moon Gwang (as Lee Jung Eun)	nm7553003	antagonist	major
tt6751668	Geun Se (as Park Myeong Hoon)	nm3745391	antagonist	major
tt6751668	Dong Ik (as Lee Sun Kyun)	nm1310525	antagonist	minor
tt6781982	Teddy	nm0366389	protagonist	major
tt6781982	Stewart	nm0453115	antagonist	minor
tt6806448	Hobbs	nm0425005	protagonist	major
tt6806448	Shaw	nm0005458	protagonist	major
tt6806448	Hattie	nm3948952	protagonist	major
tt6806448	Brixton	nm0252961	antagonist	major
tt6806448	Eteon Director (as Champ Nightengale)	nm0005351	antagonist	minor
tt6823368	David Dunn	nm0000246	protagonist	major
tt6823368	Elijah Price	nm0000168	protagonist	major
tt6823368	Kevin Wendell Crumb	nm0564215	protagonist	major
tt6823368	Joseph Dunn	nm0004829	protagonist	minor
tt6823368	Casey Cooke	nm5896355	protagonist	minor
tt6823368	Mrs. Price	nm0940128	protagonist	minor
tt6823368	Dr. Ellie Staple	nm0005299	antagonist	major
tt6823368	The Beast	nm0564215	antagonist	major
tt6856242	Orlando Oxford	nm0000146	protagonist	major
tt6856242	Conrad Oxford	nm6170168	protagonist	major
tt6856242	Shola	nm0005023	protagonist	minor
tt6856242	Polly	nm2605345	protagonist	minor
tt6856242	Morton	nm0328828	antagonist	major
tt6856242	Grigori Rasputin	nm0406975	antagonist	minor
tt6856242	Mata Hari	nm5638960	antagonist	minor
tt6857112	Adelaide Wilson	nm2143282	protagonist	major
tt6857112	Gabe Wilson	nm6328300	protagonist	major
tt6857112	Zora Wilson	nm8630978	protagonist	major
tt6857112	Jason Wilson	nm8256189	protagonist	major
tt6857112	Red	nm2143282	antagonist	major
tt6857112	Abraham	nm6328300	antagonist	minor
tt6857112	Umbrae	nm8630978	antagonist	minor
tt6857112	Pluto	nm8256189	antagonist	minor
tt6857166	Diane	nm0000473	protagonist	major
tt6857166	Vivian	nm0000404	protagonist	major
tt6857166	Carol	nm0005460	protagonist	major
tt6857166	Sharon	nm0000298	protagonist	major
tt6902332	Jim	nm0000553	protagonist	major
tt6902332	Miguel	nm10840908	protagonist	major
tt6902332	Mauricio	nm0704696	antagonist	major
tt6911608	Sophie	nm1086543	protagonist	major
tt6911608	Young Donna	nm4141252	protagonist	major
tt6920084	Claire Redfield	nm2546012	protagonist	major
tt6920084	Chris Redfield	nm2064412	protagonist	major
tt6920084	Leon Kennedy	nm2240326	protagonist	major
tt6920084	Jill Valentine	nm4789912	protagonist	major
tt6920084	William Birkin	nm0568180	antagonist	major
tt6920084	Albert Wesker	nm2584392	antagonist	minor
tt6924650	Edwin Layton	nm0933940	protagonist	major
tt6924650	Dick Best	nm4534098	protagonist	major
tt6924650	Chester W. Nimitz	nm0000437	protagonist	major
tt6924650	Joseph Rochefort	nm1000502	protagonist	minor
tt6924650	Wade McClusky	nm1812656	protagonist	minor
tt6924650	Isoroku Yamamoto	nm0870317	antagonist	major
tt6924650	Tamon Yamaguchi	nm0038355	antagonist	major
tt6924650	Chuichi Nagumo	nm0475165	antagonist	minor
tt6924650	Kaku Tomeo	nm1593219	antagonist	minor
tt6966692	Tony Lip	nm0001557	protagonist	major
tt6966692	Dr. Donald Shirley	nm0991810	protagonist	major
tt6977338	Max	nm5016878	protagonist	major
tt6977338	Lucas	nm5470093	protagonist	major
tt6977338	Thor	nm4054776	protagonist	major
tt6977338	Hannah	nm1094137	antagonist	major
tt6977338	Lily	nm6377764	antagonist	major
tt7040874	Stephanie Smothers	nm0447695	protagonist	major
tt7040874	Emily Nelson	nm0515116	antagonist	major
tt7054636	Madea	nm1347153	protagonist	major
tt7054636	Vianne	nm0363885	protagonist	major
tt7054636	A.J.	nm5077296	protagonist	major
tt7054636	Renee	nm1559278	antagonist	major
tt7054636	Anthony	nm0604608	antagonist	minor
tt7069210	Ed Warren	nm0933940	protagonist	major
tt7069210	Lorraine Warren	nm0267812	protagonist	major
tt7069210	Arne Cheyenne Johnson	nm4754741	protagonist	minor
tt7069210	The Occultist	nm0094163	antagonist	major
tt7069210	Demon (uncredited)	nm0926697	antagonist	minor
tt7097896	Eddie Brock	nm0362766	protagonist	major
tt7097896	Venom	nm0362766	protagonist	major
tt7097896	Anne Weying	nm0931329	protagonist	minor
tt7097896	Cletus Kasady	nm0000437	antagonist	major
tt7097896	Carnage	nm0000437	antagonist	major
tt7097896	Frances Barrison	nm0365140	antagonist	major
tt7126948	Diana Prince	nm2933757	protagonist	major
tt7126948	Steve Trevor	nm1517976	protagonist	major
tt7126948	Maxwell Lord	nm0050959	antagonist	major
tt7126948	Barbara Minerva	nm1325419	antagonist	major
tt7131622	Rick Dalton	nm0000138	protagonist	major
tt7131622	Cliff Booth	nm0000093	protagonist	major
tt7131622	Sharon Tate	nm3053338	protagonist	minor
tt7131622	Tex Watson	nm2581521	antagonist	major
tt7131622	'Sadie'	nm5700898	antagonist	major
tt7131622	'Katie'	nm2295293	antagonist	minor
tt7131622	Charlie	nm0380632	antagonist	minor
tt7131622	'Flowerchild'	nm1638321	antagonist	minor
tt7134096	Stephanie Patrick	nm0515116	protagonist	major
tt7134096	Mark Serra	nm1250791	antagonist	major
tt7134096	Reza Mohammed	nm5601350	antagonist	major
tt7144666	Finney	nm9296746	protagonist	major
tt7144666	Gwen	nm6421259	protagonist	minor
tt7144666	The Grabber	nm0000160	antagonist	major
tt7144666	Terrence	nm0001111	antagonist	minor
tt7286456	Arthur Fleck	nm0001618	protagonist	major
tt7286456	Murray Franklin	nm0000134	antagonist	major
tt7286456	Thomas Wayne	nm0191442	antagonist	major
tt7286456	Detective Burke	nm0924154	antagonist	minor
tt7286456	Detective Garrity	nm0131966	antagonist	minor
tt7349950	Mike Hanlon	nm2248149	protagonist	major
tt7349950	Bill Denbrough	nm0564215	protagonist	major
tt7349950	Ben Hanscom	nm1216008	protagonist	major
tt7349950	Beverly Marsh	nm1567113	protagonist	major
tt7349950	Richie Tozier	nm0352778	protagonist	major
tt7349950	Eddie Kaspbrak	nm0710447	protagonist	major
tt7349950	Stanley Uris	nm2811167	protagonist	minor
tt7349950	Pennywise	nm0803889	antagonist	major
tt7349950	Henry Bowers	nm0335242	antagonist	minor
tt7401588	Pete	nm0000242	protagonist	major
tt7401588	Ellie	nm0126284	protagonist	major
tt7401588	Lizzy (as Isabela Moner)	nm5097044	protagonist	major
tt7401588	Juan (as Gustavo Quiroz)	nm4851894	protagonist	minor
tt7401588	Lita	nm6423395	protagonist	minor
tt7401588	Carla	nm1242120	antagonist	major
tt7401588	Jacob	nm3485972	antagonist	minor
tt7504726	Live Action Reference Performance of Buck	nm1024953	protagonist	major
tt7504726	John Thornton	nm0000148	protagonist	major
tt7504726	Hal	nm1405398	antagonist	major
tt7510346	Kate Mandell	nm4496875	protagonist	major
tt7510346	Quint	nm0298495	antagonist	major
tt7510346	Miles Fairchild	nm6016511	antagonist	minor
tt7545266	Mia Carter	nm1840504	protagonist	major
tt7545266	Mel Paige	nm0126284	protagonist	major
tt7545266	Claire Luna	nm0000161	antagonist	major
tt7547410	Dora (as Isabela Moner)	nm5097044	protagonist	major
tt7547410	Diego	nm5302788	protagonist	major
tt7547410	Sammy	nm5136993	protagonist	minor
tt7547410	Randy	nm4228345	protagonist	minor
tt7547410	Boots (voice)	nm0001803	protagonist	minor
tt7547410	Alejandro	nm0220240	antagonist	major
tt7547410	Powell	nm0607325	antagonist	minor
tt7547410	Swiper (voice)	nm0001125	antagonist	minor
tt7634968	Ali Davis	nm0378245	protagonist	major
tt7634968	Nick Ivers	nm0098372	antagonist	major
tt7634968	Ethan Fowler	nm0428319	antagonist	minor
tt7657566	Hercule Poirot	nm0000110	protagonist	major
tt7657566	Bouc	nm5290643	protagonist	minor
tt7657566	Jacqueline de Bellefort	nm8076281	antagonist	major
tt7657566	Simon Doyle	nm2309517	antagonist	major
tt7693316	Jesse Brown	nm3718007	protagonist	major
tt7693316	Tom Hudner	nm1412974	protagonist	major
tt7713068	Harley Quinn	nm3053338	protagonist	major
tt7713068	Renee Montoya	nm0001609	protagonist	minor
tt7713068	Helena Bertinelli	nm0935541	protagonist	minor
tt7713068	Dinah Lance	nm0810619	protagonist	minor
tt7713068	Cassandra Cain	nm5300686	protagonist	minor
tt7713068	Roman Sionis	nm0000191	antagonist	major
tt7713068	Victor Zsasz	nm0582149	antagonist	minor
tt7740510	Julia Meadows	nm0005392	protagonist	major
tt7740510	Lucas Weaver	nm8864596	protagonist	major
tt7740510	Paul Meadows	nm0687146	protagonist	minor
tt7740510	Frank Weaver	nm2020278	antagonist	major
tt7740510	Aiden Weaver	nm9510736	antagonist	minor
tt7798646	Mae Morton	nm4793987	protagonist	major
tt7798646	Michael Block	nm3147751	protagonist	major
tt7798646	Young Christine Eames	nm6001320	protagonist	minor
tt7888964	Hutch Mansell	nm0644022	protagonist	major
tt7888964	Yulian Kuznetsov (as Alexey Serebryakov)	nm0148516	antagonist	major
tt7888964	Teddy Kuznetsov	nm5952124	antagonist	minor
tt7959026	Earl Stone	nm0000142	protagonist	major
tt7959026	Agent Colin Bates	nm0177896	antagonist	major
tt7959026	Gustavo	nm0004286	antagonist	major
tt7959026	Agent Treviño	nm0671567	antagonist	minor
tt7959026	Laton	nm0000412	antagonist	minor
tt7975244	Spencer	nm1842974	protagonist	major
tt7975244	Martha	nm2367353	protagonist	major
tt7975244	Fridge	nm3843144	protagonist	major
tt7975244	Bethany	nm5589690	protagonist	major
tt7975244	Eddie	nm0000362	protagonist	major
tt7975244	Milo	nm0000418	protagonist	major
tt7975244	Bravestone	nm0425005	protagonist	major
tt7975244	Ruby	nm2394794	protagonist	major
tt7975244	Oberon	nm0085312	protagonist	major
tt7975244	Mouse	nm0366389	protagonist	major
tt7975244	Ming	nm5377144	protagonist	major
tt7975244	Alex	nm0004988	protagonist	minor
tt7975244	Seaplane	nm2679917	protagonist	minor
tt7975244	Jurgen the Brutal	nm0564920	antagonist	major
tt8004664	Oliver	nm7309485	protagonist	major
tt8004664	Sarah	nm1843026	protagonist	major
tt8004664	Marty	nm0302330	protagonist	minor
tt8041270	Owen Grady	nm0695435	protagonist	major
tt8041270	Claire Dearing	nm0397171	protagonist	major
tt8041270	Ellie Sattler	nm0000368	protagonist	major
tt8041270	Alan Grant	nm0000554	protagonist	major
tt8041270	Maisie Lockwood	nm9830820	protagonist	major
tt8041270	Ian Malcolm	nm0000156	protagonist	minor
tt8041270	Kayla Watts	nm1986622	protagonist	minor
tt8041270	Lewis Dodgson	nm0001714	antagonist	major
tt8079248	Jack Malik	nm2797744	protagonist	major
tt8079248	Debra Hammer	nm0571952	antagonist	major
tt8093700	Nanisca	nm0205626	protagonist	major
tt8093700	Nawi	nm9096847	protagonist	major
tt8093700	Izogie	nm2736476	protagonist	minor
tt8093700	Oba Ade	nm9805459	antagonist	major
tt8093700	Santo Ferreira	nm2842005	antagonist	minor
tt8244784	Crystal	nm2365811	protagonist	major
tt8244784	Athena	nm0005476	antagonist	major
tt8244784	Richard	nm1097351	antagonist	minor
tt8244784	Martin (as Dean West)	nm1706076	antagonist	minor
tt8244784	Peter	nm2079627	antagonist	minor
tt8244784	Liberty	nm3582715	antagonist	minor
tt8244784	Sgt. Dale	nm3153753	antagonist	minor
tt8244784	Crisis Mike	nm2762669	antagonist	minor
tt8332922	Regan Abbott	nm8075925	protagonist	major
tt8332922	Evelyn Abbott	nm1289434	protagonist	major
tt8332922	Emmett	nm0614165	protagonist	major
tt8332922	Marcus Abbott	nm7415871	protagonist	major
tt8350360	Judy Warren	nm5085683	protagonist	major
tt8350360	Mary Ellen	nm5589690	protagonist	major
tt8350360	Daniela Rios	nm4396442	protagonist	major
tt8350360	Ed Warren	nm0933940	protagonist	minor
tt8350360	Lorraine Warren	nm0267812	protagonist	minor
tt8350360	Bob Palmeri	nm7630848	protagonist	minor
tt8350360	Bee	nm5343317	antagonist	major
tt8350360	Demon	nm5928076	antagonist	major
tt8350360	Bride	nm0418853	antagonist	minor
tt8356942	Mace	nm1567113	protagonist	major
tt8356942	Marie Schmidt	nm1208167	protagonist	major
tt8356942	Khadijah Adiyeme	nm2143282	protagonist	major
tt8356942	Graciela Rivera	nm0004851	protagonist	major
tt8356942	Lin Mi Sheng	nm1549063	protagonist	major
tt8356942	Nick Fowler	nm1659221	antagonist	major
tt8356942	Elijah Clarke	nm0002076	antagonist	major
tt8356942	Larry Marks	nm1479034	antagonist	minor
tt8367814	Michael Pearson	nm0000190	protagonist	major
tt8367814	Ray	nm0402271	protagonist	major
tt8367814	Matthew	nm0834989	antagonist	major
tt8367814	Dry Eye	nm6525901	antagonist	major
tt8367814	Fletcher	nm0000424	antagonist	major
tt8367814	Big Dave	nm0550371	antagonist	minor
tt8367814	Aslan's Father	nm2111117	antagonist	minor
tt8376234	Peter Rabbit (voice)	nm0179479	protagonist	major
tt8376234	Bea	nm0126284	protagonist	minor
tt8376234	Mr. Thomas McGregor	nm1727304	protagonist	minor
tt8376234	Barnabas (voice)	nm0416694	antagonist	major
tt8376234	Nigel Basil-Jones	nm0654648	antagonist	major
tt8385148	Michael Bryce	nm0005351	protagonist	major
tt8385148	Sonia Kincaid	nm0000161	protagonist	major
tt8385148	Darius Kincaid	nm0000168	protagonist	major
tt8385148	Aristotle Papdopolous	nm0000104	antagonist	major
tt8385148	Senior	nm0000151	antagonist	major
tt8385148	Carlo	nm1115654	antagonist	minor
tt8404256	Snake Eyes	nm6525901	protagonist	major
tt8404256	Tommy	nm4010671	protagonist	major
tt8404256	Kenta	nm3042346	antagonist	major
tt8404256	Baroness	nm2216549	antagonist	minor
tt8544498	Jack	nm0000255	protagonist	major
tt8579674	Lance Corporal Schofield	nm1126657	protagonist	major
tt8579674	Lance Corporal Blake	nm2835616	protagonist	major
tt8579674	German Pilot	nm4130813	antagonist	minor
tt8579674	German Sniper (as Bogdan Kumsackij)	nm6308467	antagonist	minor
tt8847712	Arthur Howitzer, Jr.	nm0000195	protagonist	major
tt8847712	Moses Rosenthaler	nm0001125	protagonist	major
tt8847712	Lucinda Krementz	nm0000531	protagonist	major
tt8847712	Zeffirelli	nm3154303	protagonist	major
tt8847712	Roebuck Wright	nm0942482	protagonist	major
tt8847712	J.K.L. Berensen	nm0842770	protagonist	minor
tt8847712	Nescaffier (as Stephen Park)	nm0661950	protagonist	minor
tt8847712	Herbsaint Sazerac	nm0005562	protagonist	minor
tt8847712	Julian Cadazio	nm0004778	antagonist	minor
tt8847712	The Chauffeur	nm0001570	antagonist	minor
tt8946378	Marta Cabrera	nm1869101	protagonist	major
tt8946378	Benoit Blanc	nm0185819	protagonist	major
tt8946378	Ransom Drysdale	nm0262635	antagonist	major
tt9032400	Sersi	nm2110418	protagonist	major
tt9032400	Phastos	nm3109964	protagonist	minor
tt9032400	Makkari	nm4248765	protagonist	minor
tt9032400	Druig	nm4422686	protagonist	minor
tt9032400	Thena	nm0001401	protagonist	minor
tt9032400	Ajak	nm0000161	protagonist	minor
tt9032400	Gilgamesh (as Don Lee)	nm3011350	protagonist	minor
tt9032400	Ikaris	nm0534635	antagonist	major
tt9032400	Arishem (voice)	nm0443286	antagonist	major
tt9032400	Sprite	nm7186321	antagonist	minor
tt9032400	Kro	nm0803889	antagonist	minor
tt9086228	Gretel	nm6096118	protagonist	major
tt9086228	Hansel (as Samuel J. Leakey)	nm10356694	protagonist	major
tt9086228	Witch	nm0000481	antagonist	major
tt9086228	Witch	nm2681284	antagonist	major
tt9086228	Mother	nm0642605	antagonist	minor
tt9114286	Shuri	nm4004793	protagonist	major
tt9114286	Ramonda	nm0000291	protagonist	minor
tt9114286	Okoye	nm1775091	protagonist	minor
tt9114286	Nakia	nm2143282	protagonist	minor
tt9114286	Riri	nm9584861	protagonist	minor
tt9114286	M'Baku	nm6328300	protagonist	minor
tt9114286	Everett Ross	nm0293509	protagonist	minor
tt9114286	Namor (as Tenoch Huerta Mejía)	nm2204178	antagonist	major
tt9114286	Namora	nm5870099	antagonist	minor
tt9114286	Valentina Allegra de Fontaine	nm0000506	antagonist	minor
tt9173418	Liza	nm0005017	protagonist	major
tt9173418	Jude	nm7486593	protagonist	major
tt9173418	Sean	nm1466859	protagonist	minor
tt9173418	Joseph	nm0408591	antagonist	major
tt9173418	Burglar #1 (uncredited)	nm1029283	antagonist	minor
tt9173418	Burglar #2 (uncredited)	nm0418744	antagonist	minor
tt9208444	Joe Gatto	nm2665746	protagonist	major
tt9208444	James Murray	nm2098978	protagonist	major
tt9208444	Brian Quinn	nm1978079	protagonist	major
tt9208444	Sal Vulcano	nm1742600	protagonist	major
tt9208444	Paula Abdul	nm0000716	antagonist	major
tt9214832	Emma Woodhouse	nm5896355	protagonist	major
tt9214832	Mr. Knightley	nm1926865	protagonist	major
tt9243804	Gawain	nm2353862	protagonist	major
tt9243804	Green Knight	nm0408591	antagonist	major
tt9243804	Scavenger	nm4422686	antagonist	minor
tt9243804	First Thief	nm7643331	antagonist	minor
tt9243804	Second Thief	nm1677757	antagonist	minor
tt9271672	Ann	nm1859932	protagonist	major
tt9271672	Father Dante	nm2111303	protagonist	minor
tt9271672	Taxi Driver	nm3460528	antagonist	minor
tt9340860	Margaret Blackledge	nm0000178	protagonist	major
tt9340860	George Blackledge	nm0000126	protagonist	major
tt9340860	Blanche Weboy	nm0544334	antagonist	major
tt9340860	Donnie Weboy (as William Brittain)	nm4311291	antagonist	major
tt9340860	Bill Weboy	nm0232998	antagonist	minor
tt9347730	Anthony McCoy	nm5584344	protagonist	major
tt9347730	Brianna Cartwright	nm3500582	protagonist	major
tt9347730	William Burke	nm0231458	antagonist	major
tt9347730	Daniel Robitaille	nm0865302	antagonist	major
tt9347730	Sherman Fields	nm2726586	antagonist	minor
tt9357050	Evan Hansen	nm4805317	protagonist	major
tt9376612	Shang-Chi	nm4855517	protagonist	major
tt9376612	Katy	nm5377144	protagonist	minor
tt9376612	Xialing	nm12000124	protagonist	minor
tt9376612	Xu Wenwu (as Tony Leung)	nm0504897	antagonist	major
tt9411972	Kya Clark	nm8402992	protagonist	major
tt9411972	Chase Andrews	nm6170168	antagonist	major
tt9411972	Pa	nm0226813	antagonist	minor
tt9419056	Gerry Fenn	nm0604742	protagonist	major
tt9419056	Alice	nm8408599	protagonist	major
tt9419056	Natalie Gates	nm1051221	protagonist	minor
tt9419056	Delgarde	nm0604430	protagonist	minor
tt9419056	Father Hagan	nm0006669	protagonist	minor
tt9419056	Mary of Elnor (Entity)	nm10894712	antagonist	major
tt9419884	Doctor Stephen Strange	nm1212722	protagonist	major
tt9419884	America Chavez	nm7961780	protagonist	major
tt9419884	Wong	nm0938950	protagonist	minor
tt9419884	Dr. Christine Palmer	nm1046097	protagonist	minor
tt9419884	Wanda Maximoff	nm0647634	antagonist	major
tt9419884	The Scarlet Witch	nm0647634	antagonist	major
tt9419884	Baron Mordo	nm0252230	antagonist	minor
tt9419884	Professor Charles Xavier	nm0001772	antagonist	minor
tt9419884	Reed Richards	nm1024677	antagonist	minor
tt9419884	Captain Carter	nm2017943	antagonist	minor
tt9419884	Black Bolt	nm0609845	antagonist	minor
tt9620288	Richard Williams	nm0000226	protagonist	major
tt9620288	Venus Williams	nm5181138	protagonist	major
tt9620288	Serena Williams	nm9403098	protagonist	minor
tt9620288	Arantxa Sanchez Vicario (as Marcela Zacarías)	nm8655926	antagonist	minor
tt9764362	Margot	nm5896355	protagonist	major
tt9764362	Chef Slowik	nm0000146	antagonist	major
tt9764362	Elsa	nm2186865	antagonist	minor
tt9764362	Tyler	nm0396558	antagonist	minor
tt9779516	Jeremy (as KJ Apa)	nm6216001	protagonist	major
tt9779516	Melissa	nm1429380	protagonist	major
tt9844522	Zoey Davis	nm5347988	protagonist	major
tt9844522	Ben Miller	nm2383250	protagonist	major
