movie_id	year	ratio_all	ratio_fem	ratio_all_human	ratio_fem_human
10.cloverfield._tt1179933	2016	0.005017	0.007722	0.005017	0.007722
10.things.i.hat_tt0147800	1999	0.215294	0.307563	0.215294	0.307563
101_dalmations	1996	0.091983	0.289062	0.091983	0.289062
102.dalmatians_tt0211181	2000	0.064950	0.139975	0.064950	0.139975
12.years.a.slav_tt2024544		0.000000		0.000000	
127.hours_tt1542344		0.000000		0.000000	
12_monkeys	1996	0.032950	0.080224	0.032950	0.080224
13.going.on.30_tt0337563	2004	0.439490	0.468932	0.439490	0.468932
1408_tt0450385	2007	0.007425	0.074419	0.007425	0.074419
17.again_tt0974661	2009	0.110341	0.235763	0.110341	0.235763
1917	2020	0.000000		0.000000	
2.guns_tt1272878	2013	0.000000	0.000000	0.000000	0.000000
2010.the.year.w_tt0086837	1984	0.001543	0.006390	0.001543	0.006390
2012m	2009	0.052360	0.179067	0.052360	0.179067
21_jump_street	2012	0.024450	0.110294	0.024450	0.110294
21_tt0478087	2008	0.074116	0.205696	0.074116	0.205696
22_jump_street	2014	0.020116	0.125000	0.020116	0.125000
27.dresses_tt0988595	2008	0.319825	0.362288	0.319825	0.362288
28.years.later_tt10548174	2025	0.000000	0.000000	0.000000	0.000000
2_fast_2_furious_fs	2003	0.003119	0.020779	0.003119	0.020779
3.ninjas_tt0103596	1992	0.001862	0.046875	0.001862	0.046875
300	2007	0.000000	0.000000	0.000000	0.000000
300_rise_of_an_empire	2014	0.000000	0.000000	0.000000	0.000000
310.to.yuma_tt0381849	2007	0.014408	0.051233	0.014408	0.051233
355_tt8356942	2022	0.290490	0.384275	0.290490	0.384275
40_year_old_virgin	2005	0.060490	0.133574	0.060490	0.133574
42_tt0453562	2013	0.012162	0.093264	0.012162	0.093264
48_hours	1983	0.010726	0.062500	0.010726	0.062500
500.days.of.sum_tt1022603		0.000000		0.000000	
5050_tt1306980		0.000000		0.000000	
50_first_dates	2004	0.037177	0.072215	0.037177	0.072215
8_below	2006	0.007893	0.048148	0.007893	0.048148
8_mile	2002	0.011583	0.053435	0.011583	0.053435
8mm_tt0134273	1999	0.001894	0.015038	0.001894	0.015038
a.bad.moms.chri_tt6359956	2017	0.581292	0.653317	0.581292	0.653317
a.beautiful.day_tt3224458	2020	0.056180	0.148026	0.056180	0.148026
a.chorus.line_tt0088915		0.000000		0.000000	
a.christmas.sto_tt0085334	1983	0.000000	0.000000	0.000000	0.000000
a.civil.action_tt0120633	1999	0.006770	0.051852	0.006770	0.051852
a.cry.in.the.da_tt0094924		0.000000		0.000000	
a.dogs.purpose_tt1753383	2017	0.020870	0.077754	0.020870	0.077754
a.good.day.to.d_tt1606378	2013	0.000000	0.000000	0.000000	0.000000
a.history.of.vi_tt0399146		0.000000		0.000000	
a.knights.tale_tt0183790	2001	0.073484	0.248264	0.073484	0.248264
a.little.prince_tt0113670		0.000000		0.000000	
a.low.down.dirt_tt0110399	1994	0.028676	0.072897	0.028676	0.072897
a.madea.family._tt7054636	2019	0.305748	0.438210	0.305748	0.438210
a.man.called.ot_tt7405458	2023	0.016746	0.042857	0.016746	0.042857
a.nightmare.on._tt0087800	1985	0.176644	0.240964	0.176644	0.240964
a.nightmare.on._tt0097981	1989	0.113865	0.237480	0.113865	0.237480
a.nightmare.on._tt1179056	2010	0.049790	0.096176	0.049790	0.096176
a.passage.to.in_tt0087892	1985	0.083271	0.170992	0.083271	0.170992
a.private.funct_tt0089838		0.000000		0.000000	
a.quiet.place.p_tt8332922	2021	0.097500	0.163522	0.097500	0.163522
a.river.runs.th_tt0105265	1992	0.023810	0.097923	0.023810	0.097923
a.room.with.a.v_tt0091867	1987	0.279441	0.403458	0.279441	0.403458
a.separation_tt1832382		0.000000		0.000000	
a.serious.man_tt1019452		0.000000		0.000000	
a.soldiers.stor_tt0088146	1984	0.000000	0.000000	0.000000	0.000000
a.sunday.in.the_tt0088318		0.000000		0.000000	
a.thin.line.bet_tt0117891	1996	0.056399	0.090592	0.056399	0.090592
a.walk.in.the.c_tt0114887	1995	0.102916	0.190779	0.102916	0.190779
a.world.apart_tt0096464		0.000000		0.000000	
a.wrinkle.in.ti_tt1620680	2018	0.201180	0.296780	0.201180	0.296780
about.a.boy_tt0276751	2002	0.054167	0.126418	0.054167	0.126418
about.schmidt_tt0257360	2003	0.019255	0.047022	0.019255	0.047022
about_last_night	1986	0.209573	0.279310	0.209573	0.279310
absence_of_malice	1982	0.025545	0.049635	0.025545	0.049635
absolute.power_tt0118548	1997	0.007321	0.018149	0.007321	0.018149
abyss	1989	0.036025	0.098305	0.036025	0.098305
accidental.tour_tt0094606	1989	0.007702	0.019108	0.007702	0.019108
accountant.2_tt7068946	2025	0.013451	0.045217	0.013451	0.045217
accountant_tt2140479	2016	0.007471	0.020378	0.007471	0.020378
accused_tt0094608	1988	0.325135	0.418812	0.325135	0.418812
ace.ventura.when.nature.calls_tt0112281	1995	0.000000	0.000000	0.000000	0.000000
ace_ventura	1994	0.011044	0.029730	0.011044	0.029730
across.the.univ_tt0445922		0.000000		0.000000	
act.of.valor_tt1591479	2012	0.000000	0.000000	0.000000	0.000000
action.jackson_tt0094612	1988	0.000000	0.000000	0.000000	0.000000
ad.astra_tt2935510	2019	0.000879	0.006329	0.000879	0.006329
adaptation._tt0268126		0.000000		0.000000	
addams.family.v_tt0106220	1993	0.227407	0.364176	0.227407	0.364176
addams_family	1991	0.153894	0.284235	0.153894	0.284235
adjustment.bure_tt1385826	2011	0.015094	0.044248	0.015094	0.044248
adventures.in.b_tt0092513	1987	0.145648	0.221223	0.145648	0.221223
adventures.of.p_tt0109045		0.000000		0.000000	
affliction_tt0118564		0.000000		0.000000	
against.all.odd_tt0086859	1984	0.013798	0.036468	0.013798	0.036468
age.of.innocenc_tt0106226	1993	0.126336	0.179806	0.126336	0.179806
agnes.of.god_tt0088683	1985	0.550287	0.609873	0.550287	0.609873
air.america_tt0099005	1990	0.000000	0.000000	0.000000	0.000000
air.jordan_tt16419074	2023	0.002695	0.020513	0.002695	0.020513
air_force_one_fs	1997	0.057377	0.195699	0.057377	0.195699
airplane.ii.the_tt0083530	1982	0.068241	0.160494	0.068241	0.160494
airplane_tt0080339		0.000000		0.000000	
aladdin	2019	0.059624	0.171068	0.059624	0.171068
alexander.and.t_tt1698641	2014	0.210690	0.326590	0.210690	0.326590
alice.through.t_tt2567026	2016	0.171802	0.261400	0.171802	0.261400
alice_in_wonderland	2010	0.173209	0.263433	0.173209	0.263433
alien._tt18412256	2024	0.009920	0.033762	0.009920	0.033762
alien.covenant_tt2316204	2017	0.044345	0.124650	0.044345	0.124650
alien.nation_tt0094631	1988	0.000000	0.000000	0.000000	0.000000
alien.resurrect_tt0118583	1997	0.117610	0.236842	0.117610	0.236842
alien.vs..preda_tt0370263	2004	0.005997	0.016529	0.005997	0.016529
alien_2	1986	0.133363	0.237868	0.133363	0.237868
alien_3	1992	0.000000	0.000000	0.000000	0.000000
alita.battle.an_tt0437086	2019	0.047964	0.081853	0.047964	0.081853
alive_tt0106246	1993	0.009718	0.113636	0.009718	0.113636
all.night.long_tt0082001	1981	0.078550	0.129032	0.078550	0.129032
all.quiet.on.th_tt1016150		0.000000		0.000000	
all.the.right.m_tt0085154	1983	0.000000	0.000000	0.000000	0.000000
all_of_me_fs	1984	0.066602	0.123435	0.066602	0.123435
allegiant_tt3410834	2016	0.160966	0.231660	0.160966	0.231660
almost.famous_tt0181875		0.000000		0.000000	
along.came.a.sp_tt0164334	2001	0.072741	0.139241	0.072741	0.139241
along_came_polly_fs	2004	0.074912	0.147222	0.074912	0.147222
altered_states	1980	0.000000	0.000000	0.000000	0.000000
always_tt0096794	1990	0.000000	0.000000	0.000000	0.000000
amadeus_tt0086879	1985	0.027833	0.109162	0.027833	0.109162
amazing_spiderman	2012	0.008533	0.042000	0.008533	0.042000
amazing_spiderman_2	2014	0.010817	0.048301	0.010817	0.048301
ambulance_tt4998632	2022	0.007973	0.042328	0.007973	0.042328
american.hustle_tt1800241	2014	0.058565	0.107527	0.058565	0.107527
american.made_tt3532216	2017	0.013464	0.093617	0.013464	0.093617
american.pie.2_tt0252866	2001	0.100962	0.221636	0.100962	0.221636
american.presid_tt0112346	1995	0.153218	0.242468	0.153218	0.242468
american.reunio_tt1605630	2012	0.057294	0.131347	0.057294	0.131347
american.splend_tt0305206		0.000000		0.000000	
american.underd_tt11729298	2022	0.019988	0.065606	0.019988	0.065606
american_beauty	2000	0.171906	0.285948	0.171906	0.285948
american_gangster	2007	0.028822	0.186992	0.028822	0.186992
american_gigolo	1980	0.023734	0.061983	0.023734	0.061983
american_pie	1999	0.094313	0.181575	0.094313	0.181575
american_sniper	2015	0.000475	0.003106	0.000475	0.003106
american_wedding	2003	0.151055	0.296248	0.151055	0.296248
american_werewolf_in_london	1981	0.000000	0.000000	0.000000	0.000000
americas_sweethearts	2001	0.181425	0.304716	0.181425	0.304716
amistad_tt0118607		0.000000		0.000000	
amityville.horr_tt0384806	2005	0.059459	0.134146	0.059459	0.134146
amlie_tt0211915		0.000000		0.000000	
amour_tt1602620		0.000000		0.000000	
amsterdam_tt10304142	2022	0.088479	0.155134	0.088479	0.155134
an.education_tt1174732		0.000000		0.000000	
anaconda	1997	0.045839	0.107261	0.045839	0.107261
analyze_this	1999	0.011532	0.084848	0.011532	0.084848
anchorman.2.the_tt1229340	2013	0.032333	0.082742	0.032333	0.082742
anchorman_fs	2004	0.023198	0.060215	0.023198	0.060215
angel.has.falle_tt6189022	2019	0.009188	0.069091	0.009188	0.069091
angels.in.the.o_tt0109127	1994	0.000000	0.000000	0.000000	0.000000
angels_and_demons	2009	0.008084	0.027375	0.008084	0.027375
anger_management	2003	0.041248	0.172566	0.041248	0.172566
animal_tt0255798	2001	0.001308	0.005797	0.001308	0.005797
annabelle.comes_tt8350360	2019	0.388476	0.456332	0.388476	0.456332
annabelle.creat_tt5140878	2017	0.292768	0.382033	0.292768	0.382033
annabelle_tt3322940	2014	0.112047	0.158145	0.112047	0.158145
annie_fs	1982	0.435897	0.521168	0.435897	0.521168
annie_tt1823664	2014	0.302439	0.378759	0.302439	0.378759
another_48_hrs	1990	0.006110	0.059406	0.006110	0.059406
ant_man_and_the_wasp	2018	0.039695	0.099048	0.039695	0.099048
antlers_tt7740510	2021	0.034247	0.071429	0.034247	0.071429
antman	2015	0.005863	0.025090	0.005863	0.025090
antman.quantumania_tt10954600	2023	0.088906	0.187755	0.088906	0.187755
any_which_way_you_can	1980	0.067480	0.155629	0.067480	0.155629
anyone.but.you_tt26047818	2024	0.238866	0.352690	0.238866	0.352690
apollo13	1995	0.033455	0.228216	0.033455	0.228216
aquaman	2019	0.006903	0.027350	0.006903	0.027350
aquaman.and.the_tt9663764	2024	0.005505	0.046875	0.005505	0.046875
arachnophobia	1990	0.013333	0.076023	0.013333	0.076023
are.we.done.yet_tt0422774	2007	0.088667	0.205442	0.088667	0.205442
are_we_there_yet	2005	0.036199	0.076923	0.036199	0.076923
argo	2012	0.043235	0.182796	0.043235	0.182796
armageddon	1998	0.001708	0.015957	0.001708	0.015957
arrival	2016	0.029923	0.058161	0.029923	0.058161
arthur_full	1982	0.073353	0.133880	0.073353	0.133880
artificial_intelligence_fs	2001	0.020513	0.062500	0.020513	0.062500
artist_tt1655442		0.000000		0.000000	
as_good_as_it_gets_fs	1998	0.072041	0.127530	0.072041	0.127530
ateam_tt0429493	2010	0.001808	0.012438	0.001808	0.012438
atlantic.city_tt0080388		0.000000		0.000000	
atomic.blonde_tt2406566	2017	0.042629	0.097363	0.042629	0.097363
atonement_tt0783233		0.000000		0.000000	
austin.powers.i_tt0118655	1997	0.060213	0.126400	0.060213	0.126400
austin_powers_the_spy_who_shagged_me	1999	0.023824	0.057864	0.023824	0.057864
avatar	2022	0.006298	0.056000	0.006298	0.056000
avatar.the.way._tt1630029	2023	0.000000	0.000000	0.000000	0.000000
avengers	2012	0.003177	0.015686	0.003177	0.015686
avengers_age_of_ultron	2015	0.014349	0.049470	0.014349	0.049470
avengers_endgame	2019	0.022859	0.082633	0.022859	0.082633
avengers_infinity_war	2018	0.029483	0.119281	0.029483	0.119281
aviator	2005	0.038894	0.145631	0.038894	0.145631
awakening_tt0080402	1980	0.055819	0.126685	0.055819	0.126685
awakenings	1991	0.084356	0.224490	0.084356	0.224490
babe	1995	0.004691	0.050420	0.004691	0.050420
babel_tt0449467		0.000000		0.000000	
babettes.feast_tt0092603		0.000000		0.000000	
baby.boom_tt0092605	1987	0.127139	0.182777	0.127139	0.182777
baby.mama_tt0871426	2008	0.373947	0.420861	0.373947	0.420861
baby_driver	2017	0.005345	0.023985	0.005345	0.023985
bachelor_party	1984	0.151982	0.423313	0.151982	0.423313
back_to_school	1986	0.017621	0.054496	0.017621	0.054496
back_to_the_future_2_fs	1989	0.008174	0.063158	0.008174	0.063158
back_to_the_future_3_fs	1990	0.010556	0.057034	0.010556	0.057034
back_to_the_future_fs	1986	0.054355	0.291045	0.054355	0.291045
backdraft	1991	0.001958	0.017045	0.001958	0.017045
backroads	1981	0.050000	0.085938	0.050000	0.085938
bad.boys.4_tt4919268	2024	0.030776	0.118584	0.030776	0.118584
bad_boys	1995	0.004268	0.020619	0.004268	0.020619
bad_boys_2	2003	0.007291	0.067385	0.007291	0.067385
bad_boys_for_life	2020	0.044734	0.182163	0.044734	0.182163
bad_moms	2016	0.578358	0.625000	0.578358	0.625000
bad_teacher	2011	0.295036	0.350099	0.295036	0.350099
ballerina_tt7181546	2025	0.061413	0.132009	0.061413	0.132009
banshees.of.ini_tt11813216		0.000000		0.000000	
barbershop.2.ba_tt0337579	2004	0.019576	0.057878	0.019576	0.057878
barbershop.the._tt3628584	2016	0.127054	0.252993	0.127054	0.252993
barbershop_tt0303714	2002	0.001257	0.006329	0.001257	0.006329
barbie_tt1517268	2023	0.364712	0.512465	0.364712	0.512465
basic_instinct	1992	0.028340	0.057003	0.028340	0.057003
batman	1989	0.001854	0.008499	0.001854	0.008499
batman_and_robin	1997	0.021116	0.080306	0.021116	0.080306
batman_begins	2005	0.000000	0.000000	0.000000	0.000000
batman_forever	1995	0.011345	0.062687	0.011345	0.062687
batman_returns	1992	0.005354	0.025424	0.005354	0.025424
batman_tt1877830	2022	0.001346	0.007958	0.001346	0.007958
batman_vs_superman	2016	0.021343	0.087591	0.021343	0.087591
battle.creek.br_tt0080436	1980	0.003925	0.028986	0.003925	0.028986
battle.los.ange_tt1217613	2011	0.013477	0.125523	0.013477	0.125523
battleship_tt1440129	2012	0.001102	0.006637	0.001102	0.006637
baywatch_tt1469304	2017	0.104667	0.233457	0.104667	0.233457
bc_10000	2008	0.000000	0.000000	0.000000	0.000000
be.cool_tt0377471	2005	0.070999	0.166881	0.070999	0.166881
beaches	1989	0.370629	0.430311	0.370629	0.430311
bean_tt0118689	1997	0.022918	0.121457	0.022918	0.121457
bear_tt0095800	1989	0.000000		0.000000	
beast_tt13223398	2022	0.391975	0.647959	0.391975	0.647959
beasts.of.the.s_tt2125435		0.000000		0.000000	
beautiful_mind	2002	0.008425	0.025743	0.008425	0.025743
beauty_and_the_beast	2017	0.099865	0.206128	0.099865	0.206128
because.i.said._tt0490084	2007	0.390780	0.443639	0.390780	0.443639
bedtime.stories_tt0960731	2008	0.136411	0.267276	0.136411	0.267276
beekeeper_tt15314262	2024	0.008813	0.035941	0.008813	0.035941
beethoven_tt0103786	1992	0.118442	0.299197	0.118442	0.299197
beethovens.2nd_tt0106375	1994	0.116505	0.230088	0.116505	0.230088
beetlejuice	1988	0.163738	0.251843	0.163738	0.251843
beetlejuice.2_tt2049403	2024	0.217344	0.322866	0.217344	0.322866
before.sunset_tt0381681		0.000000		0.000000	
behind.enemy.li_tt0159273	2001	0.000000		0.000000	
being.john.malk_tt0120601		0.000000		0.000000	
belfast_tt12789558		0.000000		0.000000	
benchwarmers_tt0437863	2006	0.013130	0.093633	0.013130	0.093633
bend.it.like.be_tt0286499		0.000000		0.000000	
best.christmas._tt2347285	2024	0.052830	0.118788	0.052830	0.118788
best.defense_tt0086955	1984	0.013240	0.059859	0.013240	0.059859
best.exotic.marigold.hotel_tt1412386		0.000000		0.000000	
best.friends_tt0083641	1983	0.170833	0.216169	0.170833	0.216169
best.in.show_tt0218839		0.000000		0.000000	
best.man.holida_tt2083355	2013	0.247916	0.403860	0.247916	0.403860
best_little_whorehouse_in_texas	1982	0.088435	0.196544	0.088435	0.196544
betrayed_tt0094731	1988	0.044805	0.064208	0.044805	0.064208
beverly.hills.c_tt0109254	1994	0.000592	0.005155	0.000592	0.005155
beverly_hills_chihuahua	2008	0.045131	0.222222	0.045131	0.222222
beverly_hills_cop	1985	0.000000	0.000000	0.000000	0.000000
beverly_hills_cop_2	1987	0.001502	0.013514	0.001502	0.013514
bewitched_tt0374536	2005	0.154930	0.217391	0.154930	0.217391
bfg_tt3691740	2016	0.080564	0.137694	0.080564	0.137694
big	1988	0.010109	0.025194	0.010109	0.025194
big.fat.liar_tt0265298	2002	0.061078	0.144476	0.061078	0.144476
big.fish_tt0319061	2004	0.049117	0.166355	0.049117	0.166355
big.mommas.hous_tt0421729	2006	0.121375	0.272947	0.121375	0.272947
big.short_tt1596363		0.000000		0.000000	
big_business	1988	0.381970	0.486391	0.381970	0.486391
big_chill	1983	0.216549	0.316195	0.216549	0.316195
big_daddy	1999	0.048303	0.147705	0.048303	0.147705
big_fat_greek_wedding_fs	2002	0.451135	0.529548	0.451135	0.529548
big_mammas_house	2000	0.083799	0.208044	0.083799	0.208044
bill..teds.bogu_tt0101452	1991	0.098891	0.453390	0.098891	0.453390
bill..teds.exce_tt0096928	1989	0.041596	0.308176	0.041596	0.308176
billy.elliot_tt0249462		0.000000		0.000000	
biloxi_blues	1988	0.000000	0.000000	0.000000	0.000000
bird_on_a_wire	1990	0.032602	0.077037	0.032602	0.077037
birdcage	1996	0.187751	0.481959	0.187751	0.481959
birdman.or.the._tt2562232		0.000000		0.000000	
birds_of_prey	2020	0.259447	0.362205	0.259447	0.362205
black.adam_tt6443346	2022	0.000322	0.001852	0.000322	0.001852
black.mass_tt1355683	2015	0.002292	0.018634	0.002292	0.018634
black.panther.w_tt9114286	2022	0.210723	0.359320	0.210723	0.359320
black.phone.2_tt29644189	2025	0.016026	0.041322	0.016026	0.041322
black.phone_tt7144666	2022	0.007037	0.033582	0.007037	0.033582
black.rain_tt0096933	1989	0.000000	0.000000	0.000000	0.000000
black.sheep_tt0115697	1996	0.002626	0.022857	0.002626	0.022857
black.swan_tt0947798	2011	0.301120	0.349026	0.301120	0.349026
black.widow_tt0090738	1987	0.178318	0.242424	0.178318	0.242424
black.widow_tt3480822	2021	0.196928	0.339812	0.196928	0.339812
black_hawk_down	2002	0.000000		0.000000	
black_panther	2018	0.194771	0.420508	0.194771	0.420508
blackkklansman_tt7349662		0.000000		0.000000	
blade	1998	0.018795	0.057269	0.018795	0.057269
blade.ii_tt0187738	2002	0.000818	0.005571	0.000818	0.005571
blade.runner.20_tt1856101	2017	0.029536	0.090239	0.029536	0.090239
blade.runner_tt0083658	1982	0.001689	0.007407	0.001689	0.007407
blades_of_glory	2007	0.066225	0.272277	0.066225	0.272277
blair_witch_fs	1999	0.000000	0.000000	0.000000	0.000000
blame.it.on.rio_tt0086973	1984	0.067002	0.129870	0.067002	0.129870
blank.check_tt0109287	1994	0.003550	0.017143	0.003550	0.017143
blind_date	1987	0.097808	0.234818	0.097808	0.234818
blind_side	2010	0.135821	0.243533	0.135821	0.243533
blockers_tt2531344	2018	0.280681	0.351471	0.280681	0.351471
bloodshot_tt1634106	2020	0.000000	0.000000	0.000000	0.000000
blow_tt0221027	2001	0.047000	0.149206	0.047000	0.149206
blown.away_tt0109303	1994	0.031085	0.132022	0.031085	0.132022
blue.beetle_tt9362930	2023	0.111227	0.281374	0.111227	0.281374
blue.streak_tt0181316	1999	0.000000	0.000000	0.000000	0.000000
blue.velvet_tt0090756		0.000000		0.000000	
blue_thunder	1983	0.000000	0.000000	0.000000	0.000000
blues_brothers	1980	0.004556	0.029851	0.004556	0.029851
bobby_tt0308055		0.000000		0.000000	
body_heat	1981	0.003454	0.010152	0.003454	0.010152
bodyguard	1993	0.021474	0.051342	0.021474	0.051342
bohemian_rhapsody	2018	0.003955	0.021978	0.003955	0.021978
bombshell_tt6394270	2020	0.364706	0.453880	0.364706	0.453880
bone.collector_tt0145681	1999	0.044199	0.085816	0.044199	0.085816
boo.2.a.madea.h_tt6217804	2017	0.294118	0.452977	0.294118	0.452977
boo.a.madea.hal_tt5325452	2016	0.273023	0.418953	0.273023	0.418953
boogie.nights_tt0118749		0.000000		0.000000	
book.club_tt6857166	2018	0.343662	0.412860	0.343662	0.412860
book_of_eli	2010	0.042532	0.112272	0.042532	0.112272
boomerang	1992	0.123967	0.200000	0.123967	0.200000
borat	2006	0.000000	0.000000	0.000000	0.000000
born_on_the_fourth_of_july	1990	0.072324	0.265957	0.072324	0.265957
boss_tt2702724	2016	0.501182	0.593007	0.501182	0.593007
bounty.hunter_tt1038919	2010	0.053763	0.092359	0.053763	0.092359
bourne_identity	2002	0.000571	0.002024	0.000571	0.002024
bourne_legacy	2012	0.038737	0.113440	0.038737	0.113440
bourne_supremacy	2004	0.030088	0.106918	0.030088	0.106918
bourne_ultimatum	2007	0.009374	0.038869	0.009374	0.038869
bowfinger_tt0131325	1999	0.055616	0.181495	0.055616	0.181495
boxer_tt0118760		0.000000		0.000000	
boyhood_tt1065073		0.000000		0.000000	
boyz_n_the_hood	1991	0.018059	0.080808	0.018059	0.080808
brady.bunch.mov_tt0112572	1995	0.353156	0.462275	0.353156	0.462275
brahms.the.boy._tt9173418	2020	0.016978	0.025907	0.016978	0.025907
braveheart	1995	0.015721	0.094096	0.015721	0.094096
brazil_tt0088846		0.000000		0.000000	
breakdown_tt0118771	1997	0.000000	0.000000	0.000000	0.000000
breakfast_club	1985	0.072006	0.126452	0.072006	0.126452
breakin_fs	1984	0.005051	0.009509	0.005051	0.009509
breaking.the.wa_tt0115751		0.000000		0.000000	
breakup	2006	0.087989	0.135776	0.087989	0.135776
breathless_tt0085276	1983	0.000000	0.000000	0.000000	0.000000
brewsters_millions	1985	0.040851	0.120603	0.040851	0.120603
bride.wars_tt0901476	2009	0.438228	0.510870	0.438228	0.510870
bridesmaids	2011	0.559879	0.608123	0.559879	0.608123
bridge.of.spies_tt3682448	2015	0.025227	0.227273	0.025227	0.227273
bridges_of_madison_county	1995	0.037559	0.046377	0.037559	0.046377
bridget.joness._tt0243155	2001	0.256955	0.348907	0.256955	0.348907
bring.it.on_tt0204946	2000	0.439509	0.557450	0.439509	0.557450
bringing_down_the_house_fs	2003	0.188175	0.258594	0.188175	0.258594
brno_tt0889583	2009	0.000000	0.000000	0.000000	0.000000
broadcast.news_tt0092699	1988	0.087986	0.143646	0.087986	0.143646
brokeback.mount_tt0388795	2006	0.017117	0.058104	0.017117	0.058104
broken.hearts.g_tt2140571	2020	0.374198	0.426829	0.374198	0.426829
broken_arrow	1996	0.000000	0.000000	0.000000	0.000000
bronco_billy	1980	0.010506	0.028205	0.010506	0.028205
brooklyn_tt2381111		0.000000		0.000000	
brubaker	1980	0.000000	0.000000	0.000000	0.000000
bruce_almighty	2003	0.034307	0.097510	0.034307	0.097510
bucket_list	2008	0.007790	0.047904	0.007790	0.047904
bugsy_tt0101516	1992	0.017899	0.055961	0.017899	0.055961
bull_durham	1988	0.040349	0.114551	0.040349	0.114551
bullet.train_tt12593682	2022	0.001369	0.007752	0.001369	0.007752
bulworth_tt0118798		0.000000		0.000000	
bumblebee_tt4701182	2019	0.052205	0.108535	0.052205	0.108535
burbs_tt0096734	1989	0.068750	0.266990	0.068750	0.266990
burlesque_tt1126591		0.000000		0.000000	
burn.after.read_tt0887883	2008	0.011894	0.024809	0.011894	0.024809
burning_tt7282468		0.000000		0.000000	
bustin_loose	1981	0.025458	0.071429	0.025458	0.071429
butler	2013	0.035880	0.100162	0.035880	0.100162
butterfly.effec_tt0289879	2004	0.022773	0.051593	0.022773	0.051593
cable_guy_fs	1996	0.033361	0.172414	0.033361	0.172414
caddyshack	1980	0.016514	0.094737	0.016514	0.094737
cadillac.man_tt0099204	1990	0.071741	0.182628	0.071741	0.182628
call.me.by.your_tt5726616		0.000000		0.000000	
call_of_the_wild	2020	0.006038	0.054795	0.006038	0.054795
campaign	2012	0.058020	0.183585	0.058020	0.183585
candyman_tt9347730	2021	0.002997	0.008798	0.002997	0.008798
cannonball.run._tt0087032	1984	0.098226	0.553571	0.098226	0.553571
cannonball_run	1981	0.076991	0.266871	0.076991	0.266871
cant.buy.me.lov_tt0092718	1987	0.176101	0.303797	0.176101	0.303797
cape_fear	1991	0.087424	0.202492	0.087424	0.202492
capote_tt0379725		0.000000		0.000000	
captain_america	2011	0.014878	0.075862	0.014878	0.075862
captain_america_civil_war	2016	0.009897	0.054545	0.009897	0.054545
captain_america_winter_soldier	2014	0.012285	0.057566	0.012285	0.057566
captain_marvel	2019	0.116052	0.208800	0.116052	0.208800
captain_phillips	2013	0.000000	0.000000	0.000000	0.000000
carlitos.way_tt0106519	1993	0.010456	0.043651	0.010456	0.043651
carol_tt2402927		0.000000		0.000000	
casino_royale	2006	0.013031	0.053265	0.013031	0.053265
casino_tt0112641	1995	0.005319	0.020080	0.005319	0.020080
casper	1995	0.000000	0.000000	0.000000	0.000000
castaway	2001	0.030508	0.171975	0.030508	0.171975
casualties.of.w_tt0097027		0.000000		0.000000	
cat.in.the.hat_tt0312528	2003	0.053239	0.109643	0.053239	0.109643
catch.me.if.you_tt0264464	2003	0.062802	0.192878	0.062802	0.192878
cats_and_dogs	2001	0.004866	0.033223	0.004866	0.033223
cats_tt5697572	2020	0.145636	0.257914	0.145636	0.257914
cattle.annie.an_tt0082145	1981	0.098436	0.290761	0.098436	0.290761
cell_tt0209958	2000	0.032567	0.076119	0.032567	0.076119
central_intelligence	2016	0.003735	0.016097	0.003735	0.016097
challengers_tt16426418	2024	0.018610	0.050083	0.018610	0.050083
changing.lanes_tt0264472	2002	0.020408	0.074176	0.020408	0.074176
chaos.walking_tt2076822	2021	0.012559	0.032258	0.012559	0.032258
chariots_of_fire	1982	0.011749	0.078947	0.011749	0.078947
charlie.wilsons_tt0472062		0.000000		0.000000	
charlie_and_the_chocolate_factory	2005	0.144380	0.359513	0.144380	0.359513
charlies.angels_tt0305357	2003	0.249227	0.417469	0.249227	0.417469
charlies_angels	2000	0.218037	0.362429	0.218037	0.362429
charlottes.web_tt0413895	2006	0.072453	0.276712	0.072453	0.276712
cheaper_by_the_dozen	2004	0.196755	0.350181	0.196755	0.350181
cheech_and_chongs_next_movie	1980	0.064516	0.305556	0.064516	0.305556
chicago	2003	0.128915	0.268178	0.128915	0.268178
children.of.a.l_tt0090830	1986	0.038835	0.063492	0.038835	0.063492
childs.play.2_tt0099253	1990	0.035681	0.096203	0.035681	0.096203
childs.play_tt0094862	1988	0.025597	0.069767	0.025597	0.069767
chocolat_tt0241303	2001	0.200597	0.306378	0.200597	0.306378
christmas.with._tt0388419	2004	0.092195	0.158406	0.092195	0.158406
christmas_vacation	1989	0.203353	0.411504	0.203353	0.411504
christopher.rob_tt4575576	2018	0.032432	0.120438	0.032432	0.120438
chronicle_tt1706593	2012	0.002481	0.026316	0.002481	0.026316
chronicles.of.n_tt0980970	2010	0.032683	0.098257	0.032683	0.098257
chronicles.of.r_tt0296572	2004	0.005790	0.026616	0.005790	0.026616
chronicles_of_narnia_prince_caspian	2008	0.096995	0.297550	0.096995	0.297550
cider.house.rul_tt0124315	2000	0.092387	0.242697	0.092387	0.242697
cinderella	2015	0.233747	0.366972	0.233747	0.366972
cinderella.man_tt0352248	2005	0.009109	0.073955	0.009109	0.073955
city.heat_tt0087062	1984	0.027523	0.106007	0.027523	0.106007
city.slickers.i_tt0109439	1994	0.000000	0.000000	0.000000	0.000000
city_of_angels	1998	0.047929	0.089666	0.047929	0.089666
city_slickers	1991	0.011605	0.069498	0.011605	0.069498
civil.war_tt17279496	2024	0.127168	0.249057	0.127168	0.249057
clash_of_the_titans	2010	0.021356	0.108696	0.021356	0.108696
class_tt0085346	1983	0.018359	0.084577	0.018359	0.084577
clear_and_present_danger	1994	0.022713	0.168182	0.022713	0.168182
click	2006	0.065179	0.175079	0.065179	0.175079
client	1994	0.030454	0.081241	0.030454	0.081241
cliffhanger	1993	0.003713	0.018987	0.003713	0.018987
closer_tt0376541		0.000000		0.000000	
cloverfield_tt1060277	2008	0.225434	0.402062	0.225434	0.402062
clueless	1995	0.331048	0.397647	0.331048	0.397647
coach.carter_tt0393162	2005	0.070347	0.265683	0.070347	0.265683
coal_miners_daughter	1980	0.069444	0.094340	0.069444	0.094340
cobra	1986	0.005045	0.023499	0.005045	0.023499
cocaine.bear_tt14209916	2023	0.049973	0.135766	0.049973	0.135766
cocktail	1988	0.022817	0.057072	0.022817	0.057072
cocoon	1985	0.079310	0.203991	0.079310	0.203991
code.of.silence_tt0088936	1985	0.000000	0.000000	0.000000	0.000000
cold.mountain_tt0159365	2004	0.095238	0.204807	0.095238	0.204807
collateral	2004	0.016698	0.066502	0.016698	0.066502
color_of_money	1986	0.034529	0.075145	0.034529	0.075145
color_purple	1986	0.301760	0.399113	0.301760	0.399113
colors	1988	0.001521	0.024096	0.001521	0.024096
come.play_tt8004664	2020	0.025187	0.093103	0.025187	0.093103
coming_to_america	1988	0.082581	0.179021	0.082581	0.179021
commando	1985	0.001071	0.004184	0.001071	0.004184
commitments_tt0101605		0.000000		0.000000	
competition_tt0080556	1980	0.140722	0.239407	0.140722	0.239407
con_air	1997	0.007953	0.073482	0.007953	0.073482
conan_the_barbarian	1982	0.003931	0.021186	0.003931	0.021186
conan_the_destroyer	1984	0.062500	0.157303	0.062500	0.157303
conclave_tt20215234	2024	0.000000	0.000000	0.000000	0.000000
congo	1995	0.002886	0.008368	0.002886	0.008368
conjuring	2013	0.191919	0.315051	0.191919	0.315051
conjuring.last._tt22898462	2025	0.048951	0.135266	0.048951	0.135266
conjuring.the.d_tt7069210	2021	0.077815	0.162818	0.077815	0.162818
conjuring_2	2016	0.202940	0.309483	0.202940	0.309483
conspiracy_theory	1997	0.014085	0.028340	0.014085	0.028340
constant.garden_tt0387131		0.000000		0.000000	
constantine	2005	0.006122	0.018293	0.006122	0.018293
contact	1997	0.067276	0.087948	0.067276	0.087948
contagion_tt1598778	2011	0.031959	0.078283	0.031959	0.078283
continental_divide	1981	0.017214	0.038596	0.017214	0.038596
contraband_tt1524137	2012	0.005371	0.056497	0.005371	0.056497
cool_runnings	1993	0.000000		0.000000	
cop.._tt0106613	1993	0.013765	0.123457	0.013765	0.123457
cop.land_tt0118887	1997	0.004500	0.028249	0.004500	0.028249
cotton.club_tt0087089		0.000000		0.000000	
count.of.monte._tt0245844	2002	0.004822	0.030189	0.004822	0.030189
couples_retreat	2009	0.125668	0.238579	0.125668	0.238579
courage_under_fire	1996	0.000000	0.000000	0.000000	0.000000
cowboys_and_aliens	2011	0.005734	0.032573	0.005734	0.032573
coyote.ugly_tt0200550	2000	0.234053	0.303898	0.234053	0.303898
crash_tt0375679	2005	0.027132	0.077951	0.027132	0.077951
crazy.stupid.lo_tt1570728	2011	0.167126	0.272482	0.167126	0.272482
crazy_rich_asians	2018	0.467208	0.578720	0.467208	0.578720
creed	2015	0.002065	0.008264	0.002065	0.008264
creed.iii_tt11145118	2023	0.020288	0.081197	0.020288	0.081197
creed_2	2018	0.047418	0.193548	0.047418	0.193548
creepshow_tt0083767	1982	0.010394	0.101064	0.010394	0.101064
crimes.and.misd_tt0097123		0.000000		0.000000	
crimes.of.the.h_tt0090886		0.000000		0.000000	
crimson_tide	1995	0.000000	0.000000	0.000000	0.000000
critical.condit_tt0092798	1987	0.041556	0.107551	0.041556	0.107551
crocodile_dundee	1987	0.026258	0.044776	0.026258	0.044776
crocodile_dundee_2	1988	0.011786	0.043333	0.011786	0.043333
crouching_tiger_hidden_dragon	2001	0.197522	0.277563	0.197522	0.277563
crow	1994	0.005956	0.044643	0.005956	0.044643
cruel.intention_tt0139134	1999	0.182927	0.230496	0.182927	0.230496
cruella_tt3228774	2021	0.184628	0.272196	0.184628	0.272196
crumb_tt0109508		0.000000		0.000000	
cry.freedom_tt0092804		0.000000		0.000000	
crying_game	1993	0.000000	0.000000	0.000000	0.000000
cujo_tt0085382	1983	0.006689	0.015306	0.006689	0.015306
curious.case.of_tt0421715	2009	0.046272	0.108871	0.046272	0.108871
curly.sue_tt0101635	1991	0.198723	0.268319	0.198723	0.268319
curse.of.la.llo_tt4913966	2019	0.070015	0.142636	0.070015	0.142636
d2.the.mighty.d_tt0109520	1994	0.101705	0.307560	0.101705	0.307560
dad_tt0097142	1989	0.102151	0.258503	0.102151	0.258503
daddy_day_care	2003	0.084367	0.215190	0.084367	0.215190
daddys.home.2_tt5657846	2017	0.128171	0.344910	0.128171	0.344910
daddys.home_tt1528854	2016	0.076059	0.177170	0.076059	0.177170
dallas.buyers.c_tt0790636		0.000000		0.000000	
dan.in.real.lif_tt0480242	2007	0.328652	0.457031	0.328652	0.457031
dances_with_wolves_fs	1991	0.009453	0.069091	0.009453	0.069091
dangerous.liais_tt0094947	1989	0.189831	0.234965	0.189831	0.234965
dangerous_minds	1995	0.252729	0.309353	0.252729	0.309353
dantes_peak	1997	0.103471	0.234421	0.103471	0.234421
daredevil	2003	0.002674	0.013201	0.002674	0.013201
dark.crystal_tt0083791	1983	0.000000		0.000000	
dark.shadows_tt1077368	2012	0.102917	0.180154	0.102917	0.180154
dark.tower_tt1648190	2017	0.009984	0.059561	0.009984	0.059561
dark_knight	2008	0.013455	0.093664	0.013455	0.093664
dark_knight_rises	2012	0.008873	0.045276	0.008873	0.045276
darkest.hour_tt4555426		0.000000		0.000000	
darkman_tt0099365	1990	0.000000	0.000000	0.000000	0.000000
date_night	2010	0.091388	0.139785	0.091388	0.139785
dave	1993	0.041096	0.111111	0.041096	0.111111
davinci_code	2006	0.038363	0.076271	0.038363	0.076271
dawn.of.the.dea_tt0363547	2004	0.073721	0.171930	0.073721	0.171930
dawn_of_the_planet_of_the_apes	2014	0.006875	0.040359	0.006875	0.040359
day.the.earth.s_tt0970416	2008	0.050420	0.106624	0.050420	0.106624
day_after_tomorrow	2004	0.032609	0.118329	0.032609	0.118329
days_of_thunder	1990	0.001026	0.008065	0.001026	0.008065
dead.again_tt0101669	1991	0.040837	0.074007	0.040837	0.074007
dead.man.walkin_tt0112818	1996	0.183085	0.228005	0.183085	0.228005
dead.man_tt0112817		0.000000		0.000000	
dead.men.dont.w_tt0083798	1982	0.007719	0.019231	0.007719	0.019231
dead.ringers_tt0094964		0.000000		0.000000	
dead.zone_tt0085407	1983	0.000000	0.000000	0.000000	0.000000
dead_poets_society	1989	0.008661	0.099099	0.008661	0.099099
dead_pool	1988	0.000000	0.000000	0.000000	0.000000
dead_tt0092843		0.000000		0.000000	
deadpool	2016	0.017794	0.059122	0.017794	0.059122
deadpool.and.wolverine_tt6263850	2024	0.020661	0.142487	0.020661	0.142487
deadpool_2	2018	0.031472	0.141434	0.031472	0.141434
dear.evan.hanse_tt9357050	2021	0.098888	0.198357	0.098888	0.198357
dear.john_tt0989757	2010	0.011565	0.027778	0.011565	0.027778
death.of.mr..la_tt0456149		0.000000		0.000000	
death.on.the.ni_tt7657566	2022	0.199572	0.361757	0.199572	0.361757
death_becomes_her	1992	0.287716	0.412674	0.287716	0.412674
deathtrap_tt0083806	1982	0.049069	0.138756	0.049069	0.138756
deceived_tt0101694	1991	0.104294	0.155393	0.104294	0.155393
deep_blue_sea	1999	0.038513	0.114973	0.038513	0.114973
deep_impact	1998	0.170213	0.323484	0.170213	0.323484
deepwater.horiz_tt1860357	2016	0.001740	0.012295	0.001740	0.012295
deja.vu_tt0453467	2006	0.001739	0.009311	0.001739	0.009311
delta.force_tt0090927	1986	0.074547	0.378378	0.074547	0.378378
demolition_man	1993	0.006223	0.022609	0.006223	0.022609
dennis_the_menace	1993	0.033259	0.140625	0.033259	0.140625
departed	2006	0.000742	0.005376	0.000742	0.005376
descendants_tt1033575		0.000000		0.000000	
desperately.see_tt0089017	1985	0.080000	0.124138	0.080000	0.124138
detective_pikachu	2019	0.000000	0.000000	0.000000	0.000000
deuce.bigalow.m_tt0205000	1999	0.017075	0.049892	0.017075	0.049892
devil_wears_prada	2006	0.410189	0.467610	0.410189	0.467610
devils.advocate_tt0118971	1997	0.078585	0.183476	0.078585	0.183476
devils.own_tt0118972	1997	0.011283	0.063745	0.011283	0.063745
devotion_tt7693316	2022	0.000000	0.000000	0.000000	0.000000
diary.of.a.mad._tt0422093	2005	0.149624	0.204733	0.149624	0.204733
diary.of.a.wimp_tt1196141	2010	0.018076	0.093023	0.018076	0.093023
dick_tracy	1990	0.017639	0.061905	0.017639	0.061905
dictator_tt1645170	2012	0.045502	0.149153	0.045502	0.149153
die.hard.2.movie_tt0099423	1990	0.015639	0.166667	0.015639	0.166667
die_another_day	2002	0.031178	0.118421	0.031178	0.118421
die_hard_vengeance	1995	0.005418	0.050847	0.005418	0.050847
diehard	1988	0.011538	0.096774	0.011538	0.096774
diner_tt0083833		0.000000		0.000000	
dinner.for.schm_tt0427152	2010	0.030502	0.094891	0.030502	0.094891
dirty.rotten.sc_tt0095031	1989	0.014981	0.030000	0.014981	0.030000
dirty_dancing_fs	1987	0.240858	0.300787	0.240858	0.300787
disclosure_tt0109635	1995	0.097834	0.172142	0.097834	0.172142
distinguished.g_tt0104114	1992	0.041124	0.107527	0.041124	0.107527
district_9	2009	0.000000	0.000000	0.000000	0.000000
disturbia_tt0486822	2007	0.014715	0.039861	0.014715	0.039861
divergent	2014	0.198365	0.266013	0.198365	0.266013
divine.secrets._tt0279778	2002	0.407439	0.483077	0.407439	0.483077
diving.bell.and_tt0401383		0.000000		0.000000	
django.unchaine_tt1853728	2013	0.040123	0.220339	0.040123	0.220339
do.the.right.th_tt0097216	1989	0.019632	0.094675	0.019632	0.094675
doc_hollywood_fs	1991	0.048251	0.114613	0.048251	0.114613
doctor.strange._tt9419884	2022	0.064270	0.122118	0.064270	0.122118
doctor_strange	2016	0.005714	0.022075	0.005714	0.022075
doctor_tt0101746	1991	0.045936	0.105691	0.045936	0.105691
dodgeball	2004	0.049337	0.139430	0.049337	0.139430
dog_tt11252248	2022	0.015106	0.117188	0.015106	0.117188
dolittle	2020	0.019348	0.152174	0.019348	0.152174
dolphin.tale_tt1564349	2011	0.099947	0.233167	0.099947	0.233167
donnie.brasco_tt0119008	1997	0.008864	0.082707	0.008864	0.082707
dont.breathe.2_tt6246322	2021	0.000000	0.000000	0.000000	0.000000
dont.say.a.word_tt0260866	2001	0.036284	0.089832	0.036284	0.089832
dont.worry.darl_tt10731256	2022	0.215995	0.312386	0.215995	0.312386
dont_breathe	2016	0.000840	0.002232	0.000840	0.002232
doors_tt0101761	1991	0.074173	0.226776	0.074173	0.226776
dora.and.the.lo_tt7547410	2019	0.208177	0.328391	0.208177	0.328391
double.impact_tt0101764	1991	0.000000	0.000000	0.000000	0.000000
double_jeopardy	1999	0.108992	0.163432	0.108992	0.163432
down.to.earth_tt0231775	2001	0.032895	0.085653	0.032895	0.085653
down_and_out_in_beverly_hills	1986	0.101740	0.221574	0.101740	0.221574
downhill_tt4558376	2020	0.177716	0.246803	0.177716	0.246803
downton.abbey.a_tt11703710	2022	0.435725	0.527697	0.435725	0.527697
downton.abbey.t_tt31888477	2025	0.332195	0.451276	0.332195	0.451276
downton_abbey	2019	0.425078	0.577513	0.425078	0.577513
dr_dolittle_2_fs	2001	0.066714	0.133238	0.066714	0.133238
dr_dolittle_fs	1998	0.062069	0.134328	0.062069	0.134328
dracula	1992	0.032653	0.101266	0.032653	0.101266
dracula.untold_tt0829150	2014	0.013748	0.064189	0.013748	0.064189
dragnet	1987	0.021462	0.083551	0.021462	0.083551
dragon.the.bruc_tt0106770	1993	0.028112	0.105263	0.028112	0.105263
dragonheart_tt0116136	1996	0.004228	0.021818	0.004228	0.021818
dragonslayer	1981	0.009276	0.031746	0.009276	0.031746
dream.team_tt0097235	1989	0.003749	0.020513	0.003749	0.020513
dreamgirls_tt0443489	2007	0.230523	0.386866	0.230523	0.386866
drive.my.car_tt14039582		0.000000		0.000000	
drive_movie_tt0780504		0.000000		0.000000	
driving_miss_daisy	1990	0.041985	0.066667	0.041985	0.066667
drugstore.cowbo_tt0097240		0.000000		0.000000	
due_date	2010	0.016846	0.158228	0.016846	0.158228
dukes_of_hazzard_fs	2005	0.040952	0.212346	0.040952	0.212346
dumb.and.dumber_tt2096672	2014	0.098790	0.253886	0.098790	0.253886
dumb_and_dumber	1995	0.031149	0.094771	0.031149	0.094771
dumbo	2019	0.051447	0.124306	0.051447	0.124306
dune.part.two_tt15239678	2024	0.049557	0.165545	0.049557	0.165545
dune_tt0087182	1984	0.042638	0.167102	0.042638	0.167102
dune_tt1160419	2021	0.019171	0.078467	0.019171	0.078467
dungeons..drago_tt2906216	2023	0.136628	0.291925	0.136628	0.291925
dunkirk	2017	0.000000		0.000000	
dying.young_tt0101787	1991	0.062562	0.083554	0.062562	0.083554
eagle_eye	2008	0.013876	0.035545	0.013876	0.035545
east.is.east_tt0166175		0.000000		0.000000	
easter.sunday_tt11952606	2022	0.017650	0.061588	0.017650	0.061588
eastern.promise_tt0765443		0.000000		0.000000	
easy_money	1983	0.114569	0.313953	0.114569	0.313953
eat.pray.love_tt0879870	2010	0.174806	0.236420	0.174806	0.236420
ed.wood_tt0109707		0.000000		0.000000	
eddie_tt0116168	1996	0.037718	0.067591	0.037718	0.067591
edge_of_tomorrow	2014	0.004122	0.011905	0.004122	0.011905
educating.rita_tt0085478	1983	0.036281	0.050235	0.036281	0.050235
edward.scissorh_tt0099487	1991	0.141487	0.250531	0.141487	0.250531
election_tt0126886		0.000000		0.000000	
elephant.man_tt0080678		0.000000		0.000000	
elf	2003	0.008094	0.034268	0.008094	0.034268
elizabeth_tt0127536		0.000000		0.000000	
elvis_tt3704428	2022	0.017746	0.087209	0.017746	0.087209
elysium_tt1535108	2013	0.021149	0.101770	0.021149	0.101770
emerald.forest_tt0089087	1985	0.010512	0.098765	0.010512	0.098765
emma._tt9214832	2020	0.401682	0.463087	0.401682	0.463087
empire.of.the.s_tt0092965		0.000000		0.000000	
empire_strikes_back	1997	0.000000	0.000000	0.000000	0.000000
enchanted.april_tt0101811		0.000000		0.000000	
encino.man_tt0104187	1992	0.037718	0.201031	0.037718	0.201031
end.of.days_tt0146675	1999	0.010066	0.046043	0.010066	0.046043
end.of.the.affa_tt0172396		0.000000		0.000000	
enders_tt1731141	2013	0.009192	0.042506	0.009192	0.042506
endless.love_tt0082329	1981	0.098340	0.175799	0.098340	0.175799
enemies.a.love._tt0097276		0.000000		0.000000	
enemy.at.the.ga_tt0215750	2001	0.009744	0.065574	0.009744	0.065574
enemy_of_the_state	1998	0.000929	0.008333	0.000929	0.008333
english.patient_tt0116209	1997	0.020470	0.045273	0.020470	0.045273
entity_tt0082334	1983	0.065900	0.112500	0.065900	0.112500
entrapment	1999	0.001204	0.002418	0.001204	0.002418
entre.nous_tt0085370		0.000000		0.000000	
epic.movie_tt0799949	2007	0.158318	0.311815	0.158318	0.311815
equalizer	2014	0.000000	0.000000	0.000000	0.000000
equalizer.2_tt3766354	2018	0.001842	0.018634	0.001842	0.018634
equalizer.3_tt17024450	2023	0.005460	0.020202	0.005460	0.020202
eragon_tt0449010	2006	0.001778	0.016043	0.001778	0.016043
eraser	1996	0.003324	0.014989	0.003324	0.014989
erin_brockovich	2000	0.133531	0.160000	0.133531	0.160000
ernest.goes.to._tt0092974	1987	0.000000	0.000000	0.000000	0.000000
ernest.saves.ch_tt0095107	1988	0.021912	0.073579	0.021912	0.073579
escape.room.tou_tt9844522	2021	0.096583	0.180426	0.096583	0.180426
escape.room_tt5886046	2019	0.061331	0.151288	0.061331	0.151288
et	1985	0.024523	0.115880	0.024523	0.115880
eternal.sunshin_tt0338013		0.000000		0.000000	
eternals_tt9032400	2021	0.121450	0.201742	0.121450	0.201742
european_vacation	1985	0.235818	0.394052	0.235818	0.394052
evan_almighty	2007	0.043553	0.117647	0.043553	0.117647
ever.after.a.ci_tt0120631	1998	0.266797	0.402163	0.266797	0.402163
every.man.for.h_tt0079854		0.000000		0.000000	
everyone.says.i_tt0116242		0.000000		0.000000	
everything.ever_tt6710474	2022	0.251578	0.332777	0.251578	0.332777
evil.dead.rise_tt13345606	2023	0.077017	0.195046	0.077017	0.195046
evita_tt0116250	1997	0.017481	0.061372	0.017481	0.061372
excalibur	1981	0.022222	0.100977	0.022222	0.100977
executive_decision	1996	0.015190	0.143836	0.015190	0.143836
exit.wounds_tt0242445	2001	0.000000	0.000000	0.000000	0.000000
exorcism.of.emi_tt0404032	2005	0.134027	0.199034	0.134027	0.199034
exorcist.iii_tt0099528	1990	0.016765	0.076923	0.016765	0.076923
exorcist_tt12921446	2023	0.044135	0.103107	0.044135	0.103107
expendables	2010	0.000000	0.000000	0.000000	0.000000
expendables.2_tt1764651	2012	0.003967	0.022472	0.003967	0.022472
extremely.loud._tt0477302		0.000000		0.000000	
eyes.wide.shut_tt0120663	1999	0.042017	0.120192	0.042017	0.120192
f1.the.movie_tt16311594	2025	0.012761	0.053288	0.012761	0.053288
f9.the.fast.sag_tt5433138	2021	0.055305	0.163515	0.055305	0.163515
fabelmans_tt14208870	2022	0.128319	0.246809	0.128319	0.246809
faceoff	1997	0.018316	0.069428	0.018316	0.069428
failure_to_launch	2006	0.146482	0.234483	0.146482	0.234483
falcon.and.the._tt0087231	1985	0.009213	0.070652	0.009213	0.070652
fall.guy_tt1684562	2024	0.029197	0.092486	0.029197	0.092486
falling.down_tt0106856	1993	0.032976	0.093458	0.032976	0.093458
fame	1980	0.096313	0.191919	0.096313	0.191919
fanny.and.alexa_tt0083922		0.000000		0.000000	
fantastic.beast_tt4123432	2022	0.067173	0.177196	0.067173	0.177196
fantastic.four._tt10676052	2025	0.007380	0.024242	0.007380	0.024242
fantastic.four_tt1502712	2015	0.002962	0.012821	0.002962	0.012821
fantastic_beasts	2016	0.104485	0.249370	0.104485	0.249370
fantastic_beasts_grindelwald	2018	0.044289	0.113772	0.044289	0.113772
fantastic_four	2005	0.016628	0.047936	0.016628	0.047936
fantastic_four_rise_of_the_silver_surfer	2007	0.051753	0.129167	0.051753	0.129167
fantasy_island	2020	0.200886	0.337748	0.200886	0.337748
far.from.heaven_tt0297884		0.000000		0.000000	
far_and_away	1992	0.053147	0.136201	0.053147	0.136201
fargo_tt0116282		0.000000		0.000000	
fast.and.the.fu_tt0463985	2006	0.020874	0.076923	0.020874	0.076923
fast.times.at.r_tt0083929	1982	0.093776	0.220273	0.093776	0.220273
fast.x_tt5433140	2023	0.018768	0.080226	0.018768	0.080226
fast_and_furious	2009	0.007435	0.036217	0.007435	0.036217
fast_and_furious_6	2013	0.049724	0.147683	0.049724	0.147683
fast_and_furious_hobbs_and_shaw	2019	0.014837	0.054479	0.014837	0.054479
fast_and_the_furious	2001	0.014181	0.075325	0.014181	0.075325
fast_five	2011	0.017207	0.063415	0.017207	0.063415
fatal_attraction	1988	0.074208	0.124810	0.074208	0.124810
fate_of_the_furious	2017	0.029421	0.097462	0.029421	0.097462
father.of.the.b_tt0113041	1995	0.186813	0.285061	0.186813	0.285061
father.stu_tt14439896	2022	0.014678	0.050328	0.014678	0.050328
father_of_the_bride	1992	0.248848	0.361930	0.248848	0.361930
father_tt10272386		0.000000		0.000000	
fault_in_our_stars	2014	0.156374	0.194503	0.156374	0.194503
favourite_tt5083738		0.000000		0.000000	
fences_tt2671706		0.000000		0.000000	
ferris_bueller	1986	0.030346	0.078611	0.030346	0.078611
few_good_men	1993	0.000000	0.000000	0.000000	0.000000
field_of_dreams	1989	0.176750	0.321121	0.176750	0.321121
fiendish.plot_tt0080731	1980	0.000000	0.000000	0.000000	0.000000
fifth_element	1997	0.008113	0.036609	0.008113	0.036609
fifty.shades.fr_tt4477536	2018	0.182895	0.255280	0.182895	0.255280
fifty_shades_darker	2017	0.162061	0.200555	0.162061	0.200555
fifty_shades_of_grey	2015	0.114251	0.152584	0.114251	0.152584
fighter_tt0964517	2011	0.157480	0.321027	0.157480	0.321027
final.analysis_tt0104265	1992	0.046944	0.082942	0.046944	0.082942
final.destinati_tt0195714	2000	0.045455	0.113712	0.045455	0.113712
final.destinati_tt0414982	2006	0.151323	0.250657	0.151323	0.250657
final.destinati_tt1144884	2009	0.135915	0.335652	0.135915	0.335652
final.destinati_tt9619824	2025	0.015547	0.045994	0.015547	0.045994
finding.neverla_tt0308644		0.000000		0.000000	
firefox	1982	0.000000	0.000000	0.000000	0.000000
firm_fs	1993	0.017896	0.055858	0.017896	0.055858
first.cow_tt9231040		0.000000		0.000000	
first.family_tt0080739	1980	0.071816	0.269036	0.071816	0.269036
first.knight_tt0113071	1995	0.008180	0.019876	0.008180	0.019876
first.purge_tt6133466	2018	0.086226	0.247987	0.086226	0.247987
first_wives_club	1996	0.543133	0.597117	0.543133	0.597117
fish_called_wanda	1988	0.044759	0.097187	0.044759	0.097187
fisher.king_tt0101889	1991	0.071361	0.236593	0.071361	0.236593
five.nights.at._tt30274401	2025	0.039735	0.085271	0.039735	0.085271
five.nights.at._tt4589218	2023	0.021645	0.061824	0.021645	0.061824
flamingo.kid_tt0087265	1985	0.017647	0.113924	0.017647	0.113924
flash_gordon	1980	0.031250	0.101695	0.031250	0.101695
flash_tt0439572	2023	0.002523	0.018970	0.002523	0.018970
flashdance	1983	0.131653	0.218605	0.131653	0.218605
flatliners	1990	0.015032	0.043659	0.015032	0.043659
fletch	1985	0.005413	0.023392	0.005413	0.023392
fletch.lives_tt0097366	1989	0.002910	0.014881	0.002910	0.014881
flight	2012	0.022177	0.061972	0.022177	0.061972
flight.of.the.n_tt0091059	1986	0.003642	0.026455	0.003642	0.026455
flightplan	2005	0.320738	0.424419	0.320738	0.424419
flintstones	1994	0.103792	0.269896	0.103792	0.269896
florida.project_tt5649144		0.000000		0.000000	
flubber	1997	0.009960	0.043353	0.009960	0.043353
fly	1986	0.000000	0.000000	0.000000	0.000000
focus_tt2381941	2015	0.004167	0.008333	0.004167	0.008333
fools.gold_tt0770752	2008	0.060207	0.140969	0.060207	0.140969
footloose	1984	0.079687	0.167488	0.079687	0.167488
for_your_eyes_only	1981	0.023781	0.103509	0.023781	0.103509
forbidden.kingd_tt0865556	2008	0.009452	0.050505	0.009452	0.050505
force_awakens	2016	0.014258	0.035891	0.014258	0.035891
forces.of.natur_tt0141098	1999	0.063830	0.114875	0.063830	0.114875
ford_v_ferrari	2020	0.000000	0.000000	0.000000	0.000000
forever.purge_tt10327252	2021	0.084816	0.214072	0.084816	0.214072
forever.young_tt0104291	1993	0.001890	0.006116	0.001890	0.006116
forget.paris_tt0113097	1995	0.117920	0.187316	0.117920	0.187316
forgetting.sara_tt0800039	2008	0.065990	0.119388	0.065990	0.119388
forgotten_tt0356618	2004	0.038397	0.053118	0.038397	0.053118
formula_tt0080754	1980	0.003413	0.010638	0.003413	0.010638
forrest_gump	1994	0.023158	0.069841	0.023158	0.069841
four.brothers_tt0430105	2005	0.007973	0.075472	0.007973	0.075472
four_christmases	2008	0.229067	0.316529	0.229067	0.316529
four_seasons	1981	0.352318	0.550725	0.352318	0.550725
four_weddings_and_a_funeral	1994	0.193050	0.271370	0.193050	0.271370
foxcatcher_tt1100089		0.000000		0.000000	
foxes_tt0080756	1980	0.308465	0.416667	0.308465	0.416667
freakier.friday_tt31956415	2025	0.406628	0.526208	0.406628	0.526208
freaky_friday	2003	0.442945	0.509527	0.442945	0.509527
freaky_tt10919380	2020	0.110161	0.188956	0.110161	0.188956
fred.claus_tt0486583	2007	0.011653	0.051527	0.011653	0.051527
freddy.vs..jaso_tt0329101	2003	0.068606	0.196232	0.068606	0.196232
freddys.dead.th_tt0101917	1991	0.032173	0.094595	0.032173	0.094595
free.guy_tt6264654	2021	0.021863	0.064516	0.021863	0.064516
free_willy	1993	0.006400	0.028674	0.006400	0.028674
french.dispatch_tt8847712	2021	0.111570	0.322388	0.111570	0.322388
french.kiss_tt0113117	1995	0.068385	0.096910	0.068385	0.096910
french.lieutena_tt0082416		0.000000		0.000000	
frequency_tt0186151	2000	0.006132	0.046809	0.006132	0.046809
friday.night.li_tt0390022	2004	0.004762	0.104762	0.004762	0.104762
friday.the.13th_tt0758746	2009	0.041394	0.109195	0.041394	0.109195
friday_the_13_6_jason_lives	1986	0.000000	0.000000	0.000000	0.000000
friday_the_13th	1980	0.267760	0.365672	0.267760	0.365672
friday_the_13th_2	1981	0.105008	0.165816	0.105008	0.165816
friday_the_13th_3	1982	0.067985	0.124434	0.067985	0.124434
friday_the_13th_7_new_blood	1988	0.033033	0.064422	0.033033	0.064422
friday_the_13th_final_chapter	1984	0.091995	0.191067	0.091995	0.191067
friday_the_13th_new_beginning	1985	0.038914	0.167969	0.038914	0.167969
fried_green_tomatoes	1992	0.308108	0.435669	0.308108	0.435669
friends.with.be_tt1632708	2011	0.108019	0.162411	0.108019	0.162411
fright.night_tt0089175	1985	0.008642	0.035000	0.008642	0.035000
fugitive	1993	0.001065	0.010152	0.001065	0.010152
full.monty_tt0119164		0.000000		0.000000	
full_metal_jacket	1987	0.000000	0.000000	0.000000	0.000000
fun.with.dick.a_tt0369441	2006	0.125354	0.224619	0.125354	0.224619
funhouse_tt0082427	1981	0.145655	0.253191	0.145655	0.253191
funny.farm_tt0095188	1988	0.037109	0.080679	0.037109	0.080679
furiosa_tt12037194	2024	0.007708	0.042969	0.007708	0.042969
furious_7	2015	0.023977	0.111695	0.023977	0.111695
fury_road	2015	0.140499	0.438994	0.140499	0.438994
fury_tt2713180	2014	0.013889	0.185185	0.013889	0.185185
fx_tt0089118	1986	0.018272	0.115183	0.018272	0.115183
g.i..jane_tt0119173	1997	0.039782	0.106982	0.039782	0.106982
galaxy.quest_tt0177789	2000	0.044594	0.114062	0.044594	0.114062
game.night_tt2704998	2018	0.171220	0.259191	0.171220	0.259191
game_plan	2007	0.125849	0.226504	0.125849	0.226504
game_tt0119174	1997	0.003946	0.017903	0.003946	0.017903
gandhi	1983	0.042077	0.212121	0.042077	0.212121
gangs.of.new.yo_tt0217505		0.000000		0.000000	
gemini.man_tt1025100	2019	0.000000	0.000000	0.000000	0.000000
generals_daughter	1999	0.002832	0.008798	0.002832	0.008798
gentlemen	2020	0.008111	0.063063	0.008111	0.063063
george_of_the_jungle_fs	1997	0.135541	0.218698	0.135541	0.218698
get.him.to.the._tt1226229	2010	0.026497	0.100746	0.026497	0.100746
get_hard	2015	0.013937	0.090032	0.013937	0.090032
get_out	2017	0.057011	0.117834	0.057011	0.117834
get_shorty	1995	0.014577	0.057471	0.014577	0.057471
get_smart_fs	2008	0.006841	0.020556	0.006841	0.020556
ghost	1990	0.119065	0.210867	0.119065	0.210867
ghost.and.the.d_tt0116409	1996	0.000000	0.000000	0.000000	0.000000
ghost.story_tt0082449	1982	0.004010	0.015015	0.004010	0.015015
ghost_rider	2007	0.012658	0.055851	0.012658	0.055851
ghostb_tt21235248	2024	0.059113	0.186047	0.059113	0.186047
ghostbusters.afterlife_tt4513678	2021	0.096839	0.176578	0.096839	0.176578
ghostbusters_1984	1984	0.002477	0.010101	0.002477	0.010101
ghostbusters_2	1989	0.013751	0.053254	0.013751	0.053254
ghostbusters_2016	2016	0.495693	0.653251	0.495693	0.653251
ghosts.of.girlf_tt0821640	2009	0.226263	0.352201	0.226263	0.352201
gi_joe_retaliation	2013	0.006010	0.032895	0.006010	0.032895
gi_joe_the_rise_of_cobra	2009	0.002545	0.009804	0.002545	0.009804
girl.on.the.tra_tt3631112	2016	0.182615	0.225645	0.182615	0.225645
girls_trip	2017	0.714159	0.761321	0.714159	0.761321
gladiator	2000	0.000000	0.000000	0.000000	0.000000
gladiator.2_tt9218128	2024	0.000938	0.007273	0.000938	0.007273
glass	2019	0.064748	0.182278	0.064748	0.182278
gloria_tt0080798	1980	0.001381	0.002146	0.001381	0.002146
glory_tt0097441	1990	0.000000	0.000000	0.000000	0.000000
godfather.part._tt0099674	1991	0.053533	0.136612	0.053533	0.136612
gods.and.monste_tt0120684		0.000000		0.000000	
gods.not.dead_tt2528814	2014	0.039052	0.106087	0.039052	0.106087
godzilla	1998	0.029191	0.136082	0.029191	0.136082
godzilla.and.ko_tt14539740	2024	0.100310	0.279539	0.100310	0.279539
godzilla.vs..ko_tt5034838	2021	0.082521	0.209913	0.082521	0.209913
godzilla2014	2014	0.011610	0.061983	0.011610	0.061983
godzilla_king_of_the_monsters	2019	0.105222	0.247442	0.105222	0.247442
going.in.style_tt2568862	2017	0.016588	0.162791	0.016588	0.162791
golden.compass_tt0385752	2007	0.172093	0.239815	0.172093	0.239815
golden_child	1987	0.000546	0.002079	0.000546	0.002079
goldeneye	1995	0.009022	0.033569	0.009022	0.033569
goldmember	2002	0.045568	0.135618	0.045568	0.135618
gone_girl	2014	0.120496	0.169298	0.120496	0.169298
gone_in_60_seconds	2000	0.000396	0.003876	0.000396	0.003876
good.boys_tt6977338	2019	0.092860	0.346690	0.092860	0.346690
good.night.and._tt0433383		0.000000		0.000000	
good.son_tt0107034	1993	0.001292	0.004950	0.001292	0.004950
good_morning_vietnam	1988	0.000000		0.000000	
good_will_hunting	1998	0.000000	0.000000	0.000000	0.000000
goodbye.childre_tt0092593		0.000000		0.000000	
goodbye.to.lang_tt2400275		0.000000		0.000000	
goodfellas_tt0099685	1990	0.052800	0.180822	0.052800	0.180822
goonies	1985	0.109732	0.292683	0.109732	0.292683
goosebumps_tt1051904	2015	0.023759	0.063564	0.023759	0.063564
gorillas.in.the_tt0095243	1988	0.033931	0.050428	0.033931	0.050428
gosford.park_tt0280707		0.000000		0.000000	
gothika_tt0348836	2003	0.062633	0.091331	0.062633	0.091331
gran_torino	2009	0.024481	0.090659	0.024481	0.090659
grand.budapest._tt2278388	2014	0.009991	0.056995	0.009991	0.056995
grand.canyon_tt0101969	1992	0.050998	0.115288	0.050998	0.115288
gravity	2013	0.000000	0.000000	0.000000	0.000000
great.debaters_tt0427309		0.000000		0.000000	
great.wall_tt2034800	2017	0.000000	0.000000	0.000000	0.000000
great_gatsby	2013	0.020481	0.069259	0.020481	0.069259
great_muppet_caper	1981	0.006780	0.057143	0.006780	0.057143
great_outdoors	1988	0.042809	0.124756	0.042809	0.124756
greatest_showman	2018	0.125146	0.281046	0.125146	0.281046
green.book_tt6966692	2019	0.029302	0.228155	0.029302	0.228155
green.card_tt0099699	1991	0.209622	0.266085	0.209622	0.266085
green.knight_tt9243804	2021	0.004136	0.020000	0.004136	0.020000
green.mile_tt0120689	2000	0.002100	0.021834	0.002100	0.021834
green_hornet	2011	0.001512	0.011538	0.001512	0.011538
green_lantern	2011	0.000000	0.000000	0.000000	0.000000
gregorys.girl_tt0082477		0.000000		0.000000	
gremlins	1984	0.018910	0.064394	0.018910	0.064394
gremlins.2.the._tt0099700	1990	0.065107	0.209836	0.065107	0.209836
gretel..hansel_tt9086228	2020	0.170848	0.237542	0.170848	0.237542
greystoke	1984	0.001449	0.009091	0.001449	0.009091
grifters_tt0099703		0.000000		0.000000	
groundhog_day	1993	0.090677	0.165888	0.090677	0.165888
grown_ups	2010	0.232405	0.470287	0.232405	0.470287
grown_ups_2	2013	0.127309	0.317164	0.127309	0.317164
grudge	2004	0.068771	0.102867	0.068771	0.102867
grudge_2020	2020	0.034682	0.054264	0.034682	0.054264
grumpier.old.me_tt0113228	1996	0.083770	0.174545	0.083770	0.174545
grumpy_old_men_fs	1994	0.005714	0.019337	0.005714	0.019337
guardian_tt0406816	2006	0.007004	0.058824	0.007004	0.058824
guardians.of.th_tt6791350	2023	0.016633	0.059312	0.016633	0.059312
guardians_of_the_galaxy	2014	0.008834	0.033613	0.008834	0.033613
guardians_of_the_galaxy_2	2017	0.024144	0.097865	0.024144	0.097865
guarding.tess_tt0109951	1994	0.017094	0.043210	0.017094	0.043210
guess.who_tt0372237	2005	0.172626	0.305677	0.172626	0.305677
gung.ho_tt0091159	1986	0.006747	0.052941	0.006747	0.052941
hacksaw.ridge_tt2119532	2016	0.002902	0.023490	0.002902	0.023490
hairspray	2007	0.256327	0.386364	0.256327	0.386364
halloween.ends_tt10665342	2022	0.064785	0.160317	0.064785	0.160317
halloween.h20.2_tt0120694	1998	0.078717	0.125000	0.078717	0.125000
halloween.kills_tt10665338	2021	0.091875	0.240278	0.091875	0.240278
halloween_2	1981	0.057564	0.114667	0.057564	0.114667
halloween_tt0373883	2007	0.037908	0.142450	0.037908	0.142450
halloween_tt1502407	2018	0.109709	0.234192	0.109709	0.234192
hancock	2008	0.003672	0.017442	0.003672	0.017442
hand_that_rocks_the_cradle	1992	0.226459	0.306316	0.226459	0.306316
hand_tt0082497	1981	0.018987	0.044226	0.018987	0.044226
hangover_2	2011	0.091738	0.242105	0.091738	0.242105
hangover_3	2013	0.016260	0.123348	0.016260	0.123348
hangover_fs	2009	0.011310	0.060317	0.011310	0.060317
hannah.and.her._tt0091167	1986	0.183946	0.390071	0.183946	0.390071
hannah.montana._tt1114677	2009	0.232086	0.321006	0.232086	0.321006
hannibal	2001	0.005872	0.015674	0.005872	0.015674
happening_tt0949731	2008	0.208683	0.376263	0.208683	0.376263
happy.death.day_tt5308322	2017	0.172515	0.222978	0.172515	0.222978
happy.gilmore_tt0116483	1996	0.036364	0.156028	0.036364	0.156028
happygolucky_tt1045670		0.000000		0.000000	
hard.target_tt0107076	1993	0.030332	0.155340	0.030332	0.155340
hard.way_tt0102004	1991	0.034506	0.222707	0.034506	0.222707
hard_to_kill	1990	0.003255	0.018692	0.003255	0.018692
harlem_nights	1989	0.008982	0.030822	0.008982	0.030822
harry.and.the.h_tt0093148	1987	0.019927	0.071834	0.019927	0.071834
harry_potter_azkaban	2004	0.037290	0.119522	0.037290	0.119522
harry_potter_chamber_of_secrets	2002	0.062395	0.218935	0.062395	0.218935
harry_potter_deathly_hallows_1	2010	0.071475	0.156338	0.071475	0.156338
harry_potter_deathly_hallows_2	2011	0.106963	0.274401	0.106963	0.274401
harry_potter_goblet_of_fire	2005	0.134527	0.378963	0.134527	0.378963
harry_potter_half_blood_prince	2009	0.112257	0.344507	0.112257	0.344507
harry_potter_phoenix	2007	0.180626	0.343241	0.180626	0.343241
harry_potter_sorcerers_stone	2001	0.037336	0.115942	0.037336	0.115942
haunted.mansion_tt0338094	2003	0.110032	0.206373	0.110032	0.206373
haunted.mansion_tt1695843	2023	0.052193	0.156168	0.052193	0.156168
haunting	1999	0.231993	0.307095	0.231993	0.307095
haunting.in.con_tt0492044	2009	0.033170	0.078306	0.033170	0.078306
he.knows_tt0080850	1980	0.064286	0.125348	0.064286	0.125348
heartbeeps_tt0082507	1981	0.007538	0.023529	0.007538	0.023529
heartbreak.ridg_tt0091187	1986	0.000540	0.004630	0.000540	0.004630
heartburn_tt0091188	1986	0.331507	0.394137	0.331507	0.394137
heat.and.dust_tt0084058		0.000000		0.000000	
heat_2013	2013	0.503910	0.581454	0.503910	0.581454
heat_tt0113277	1996	0.009029	0.049383	0.009029	0.049383
heaven.is.for.r_tt1929263	2014	0.082759	0.196721	0.082759	0.196721
heavenly.creatu_tt0110005		0.000000		0.000000	
hell.or.high.wa_tt2582782		0.000000		0.000000	
hellboy.ii.the._tt0411477	2008	0.014130	0.042718	0.014130	0.042718
hellboy_tt0167190	2004	0.000000	0.000000	0.000000	0.000000
help	2011	0.632538	0.671781	0.632538	0.671781
her_tt1798709		0.000000		0.000000	
herbie.fully.lo_tt0400497	2005	0.046803	0.099020	0.046803	0.099020
hercules_tt1267297	2014	0.013305	0.060386	0.013305	0.060386
hero.at.large_tt0080863	1980	0.007299	0.020067	0.007299	0.020067
hes.just.not.th_tt1001508	2009	0.204750	0.245821	0.204750	0.245821
hidalgo_tt0317648	2004	0.003240	0.022814	0.003240	0.022814
hidden_figures	2017	0.256085	0.392220	0.256085	0.392220
hide.and.seek_tt0382077	2005	0.081585	0.143639	0.081585	0.143639
high.crimes_tt0257756	2002	0.071381	0.107322	0.071381	0.107322
high.road.to.ch_tt0085678	1983	0.049111	0.107607	0.049111	0.107607
high_school_musical_3	2008	0.233774	0.390562	0.233774	0.390562
higher.learning_tt0113305	1995	0.095928	0.310850	0.095928	0.310850
history_of_the_world_part_1	1981	0.084379	0.231975	0.084379	0.231975
hitch	2005	0.104436	0.165775	0.104436	0.165775
hitchhikers.gui_tt0371724	2005	0.011465	0.036364	0.011465	0.036364
hitmans.bodygua_tt1959563	2017	0.020872	0.110024	0.020872	0.110024
hitmans.wifes.b_tt8385148	2021	0.006829	0.019774	0.006829	0.019774
hobbit_battle_of_the_five_armies	2015	0.002582	0.022305	0.002582	0.022305
hobbit_desolation_of_smaug	2014	0.000378	0.004854	0.000378	0.004854
hobbit_unexpected_journey	2013	0.000000	0.000000	0.000000	0.000000
hocus.pocus_tt0107120	2020	0.415028	0.552336	0.415028	0.552336
holes_tt0311289	2003	0.017972	0.067591	0.017972	0.067591
hollow_man	2000	0.143777	0.261039	0.143777	0.261039
home_alone	1991	0.043542	0.225191	0.043542	0.225191
home_alone_2	1993	0.027444	0.123393	0.027444	0.123393
homeward.bound._tt0107131	1993	0.022939	0.162437	0.022939	0.162437
homeward.bound._tt0116552	1996	0.014004	0.183333	0.014004	0.183333
honest.thief_tt1838556	2020	0.000000	0.000000	0.000000	0.000000
honey_i_blew_up_the_kid_fs	1992	0.031989	0.091270	0.031989	0.091270
honey_i_shrunk_the_kids_fs	1989	0.052450	0.184915	0.052450	0.184915
honeymoon.in.ve_tt0104438	1992	0.009185	0.027211	0.009185	0.027211
honeysuckle.ros_tt0080888	1980	0.040483	0.099650	0.040483	0.099650
hook	1992	0.035605	0.165714	0.035605	0.165714
hoop.dreams_tt0110057		0.000000		0.000000	
hoosiers_tt0091217	1987	0.000000	0.000000	0.000000	0.000000
hope.and.glory_tt0093209		0.000000		0.000000	
hope.floats_tt0119313	1998	0.298348	0.380893	0.298348	0.380893
hope.springs_tt1535438	2012	0.075878	0.099112	0.075878	0.099112
horrible_bosses	2011	0.006548	0.043307	0.006548	0.043307
horse_whisperer	1998	0.123059	0.201911	0.123059	0.201911
hot.dog....the._tt0087425	1984	0.000000	0.000000	0.000000	0.000000
hot.shots.part._tt0107144	1993	0.020969	0.068720	0.020969	0.068720
hot_shots	1991	0.000734	0.003704	0.000734	0.003704
hotel.for.dogs_tt0785006	2009	0.092076	0.195962	0.092076	0.195962
hotel.rwanda_tt0395169		0.000000		0.000000	
hours_tt0274558		0.000000		0.000000	
house.of.gucci_tt11214590	2021	0.056410	0.137500	0.056410	0.137500
house.of.mirth_tt0200720		0.000000		0.000000	
house.on.haunte_tt0185371	1999	0.053251	0.107098	0.053251	0.107098
house.party_tt0099800	1990	0.144044	0.394937	0.144044	0.394937
house.with.a.cl_tt2119543	2018	0.009843	0.026930	0.009843	0.026930
house_tt0091223	1986	0.003484	0.047059	0.003484	0.047059
housesitter_tt0104452	1992	0.233753	0.309293	0.233753	0.309293
how.stella.got._tt0120703	1998	0.267876	0.312968	0.267876	0.312968
how.to.train_tt26743210	2025	0.028831	0.130751	0.028831	0.130751
how_the_grinch_stole_christmas	2000	0.017182	0.075988	0.017182	0.075988
how_to_lose_a_guy_in_10_days	2003	0.261756	0.329294	0.261756	0.329294
howard.the.duck_tt0091225	1986	0.023348	0.059887	0.023348	0.059887
howards.end_tt0104454		0.000000		0.000000	
hugo_tt0970179		0.000000		0.000000	
hulk	2008	0.005136	0.018832	0.005136	0.018832
hulk_2003_fs	2003	0.001992	0.005941	0.001992	0.005941
hunger.games.th_tt10545296	2023	0.050096	0.120370	0.050096	0.120370
hunger_games	2012	0.121175	0.182896	0.121175	0.182896
hunger_games_catching_fire	2013	0.154040	0.216773	0.154040	0.216773
hunger_games_mockingjay_1	2014	0.184861	0.256637	0.184861	0.256637
hunger_games_mockingjay_2	2015	0.225564	0.277008	0.225564	0.277008
hunt_for_red_october	1990	0.000000	0.000000	0.000000	0.000000
hunt_tt8244784	2020	0.120584	0.183626	0.120584	0.183626
hurricane_tt0174856	2000	0.022053	0.077151	0.022053	0.077151
hurt.locker_tt0887912		0.000000		0.000000	
hustlers	2019	0.518874	0.616639	0.518874	0.616639
i.am.number.fou_tt1464540	2011	0.028416	0.096115	0.028416	0.096115
i.can.only.imag_tt6450186	2018	0.030988	0.110092	0.030988	0.110092
i.daniel.blake_tt5168192		0.000000		0.000000	
i.love.trouble_tt0110093	1994	0.043820	0.074074	0.043820	0.074074
i.love.you.man_tt1155056	2009	0.097171	0.287796	0.097171	0.287796
i.still.believe_tt9779516	2020	0.026241	0.048303	0.026241	0.048303
i.still.know.wh_tt0130018	1998	0.172301	0.319515	0.172301	0.319515
i_am_legend	2008	0.051357	0.221757	0.051357	0.221757
i_know_what_you_did_last_summer	1997	0.168348	0.307604	0.168348	0.307604
i_now_pronounce_you_chuck_and_larry	2007	0.022762	0.090543	0.022762	0.090543
i_robot	2004	0.000000	0.000000	0.000000	0.000000
identity_thief	2013	0.062587	0.112594	0.062587	0.112594
ides.of.march_tt1124035		0.000000		0.000000	
if.beale.street_tt7125860		0.000000		0.000000	
il.postino_tt0110877		0.000000		0.000000	
imitation.game_tt2084970	2015	0.016592	0.056399	0.016592	0.056399
immortals_tt1253864	2011	0.014449	0.078431	0.014449	0.078431
impractical.jok_tt9208444	2020	0.000000	0.000000	0.000000	0.000000
in.bruges_tt0780536		0.000000		0.000000	
in.god.we.trust_tt0080917	1980	0.002927	0.018750	0.002927	0.018750
in.the.army.now_tt0110123	1994	0.003865	0.015094	0.003865	0.015094
in.the.bedroom_tt0247425		0.000000		0.000000	
in.the.heights_tt1321510	2021	0.164831	0.313178	0.164831	0.313178
in.the.name.of._tt0107207		0.000000		0.000000	
in_and_out	1997	0.220814	0.425087	0.220814	0.425087
in_the_line_of_fire	1993	0.004079	0.017964	0.004079	0.017964
inception	2010	0.015186	0.053763	0.015186	0.053763
incredible_shrinking_woman	1981	0.065495	0.119534	0.065495	0.119534
indecent_proposal	1993	0.016293	0.028537	0.016293	0.028537
independence_day	1996	0.022979	0.101576	0.022979	0.101576
independence_day_resurgence	2016	0.028191	0.092426	0.028191	0.092426
indian.in.the.c_tt0113419	1995	0.003956	0.080000	0.003956	0.080000
indiana.jones.dial_tt1462764	2023	0.008884	0.024468	0.008884	0.024468
indiana_jones_crystal_skull	2008	0.021201	0.078534	0.021201	0.078534
infidel_tt11229780	2020	0.052632	0.125741	0.052632	0.125741
inglourious_basterds	2009	0.040301	0.101375	0.040301	0.101375
innerspace_tt0093260	1987	0.046811	0.145877	0.046811	0.145877
inside.llewyn.d_tt2042568		0.000000		0.000000	
inside_man	2006	0.005038	0.024691	0.005038	0.024691
insider_tt0140352		0.000000		0.000000	
insidious.5_tt13405778	2023	0.004851	0.014553	0.004851	0.014553
insidious.chapt_tt2226417	2013	0.056241	0.124620	0.056241	0.124620
insidious.chapt_tt3195644	2015	0.141197	0.201274	0.141197	0.201274
insidious.the.l_tt5726086	2018	0.130724	0.196231	0.130724	0.196231
insomnia_tt0278504	2002	0.003664	0.012968	0.003664	0.012968
inspector_gadget	1999	0.037783	0.128755	0.037783	0.128755
instant.family_tt7401588	2018	0.459738	0.537320	0.459738	0.537320
insurgent	2015	0.177419	0.254581	0.177419	0.254581
intern_tt2361509	2015	0.064569	0.097541	0.064569	0.097541
internal.affair_tt0099850	1990	0.051103	0.119565	0.051103	0.119565
interpreter_tt0373926	2005	0.015129	0.030712	0.015129	0.030712
interstellar	2014	0.017575	0.041797	0.017575	0.041797
interview_with_a_vampire	1994	0.016997	0.059211	0.016997	0.059211
into.the.woods_tt2180411	2015	0.267364	0.367179	0.267364	0.367179
invasion.u.s.a._tt0089348	1985	0.001408	0.022222	0.001408	0.022222
invincible_tt0445990	2006	0.001071	0.006079	0.001071	0.006079
invisible_man	2020	0.168103	0.209452	0.168103	0.209452
invitation_tt12873562	2022	0.161055	0.219587	0.161055	0.219587
irishman_tt1302006		0.000000		0.000000	
iron.eagle_tt0091278	1986	0.009160	0.160714	0.009160	0.160714
iron_man	2008	0.006842	0.029340	0.006842	0.029340
iron_man_2	2010	0.039754	0.174636	0.039754	0.174636
iron_man_3	2013	0.023602	0.121495	0.023602	0.121495
island_tt0080934	1980	0.000000		0.000000	
isnt.it.romantic_tt2452244	2019	0.188821	0.220893	0.188821	0.220893
it	2017	0.014892	0.052800	0.014892	0.052800
it.could.happen_tt0110167	1994	0.106716	0.165242	0.106716	0.165242
it.ends.with.us_tt10655524	2024	0.123165	0.165808	0.123165	0.165808
it_2	2019	0.005890	0.019487	0.005890	0.019487
italian_job	2003	0.000929	0.004662	0.000929	0.004662
its.complicated_tt1230414	2010	0.207287	0.249112	0.207287	0.249112
jack	1996	0.007468	0.023585	0.007468	0.023585
jack.and.jill_tt0810913	2011	0.023781	0.097324	0.023781	0.097324
jack.reacher.ne_tt3393786	2016	0.079556	0.163654	0.079556	0.163654
jack.the.giant._tt1351685	2013	0.003548	0.016509	0.003548	0.016509
jackal_tt0119395	1997	0.009241	0.041791	0.009241	0.041791
jackass.present_tt3063516	2013	0.000000	0.000000	0.000000	0.000000
jacobs.ladder_tt0099871	1990	0.003100	0.014535	0.003100	0.014535
jagged_edge	1985	0.068051	0.093207	0.068051	0.093207
jarhead_tt0418763	2005	0.000000	0.000000	0.000000	0.000000
jason_bourne	2016	0.005476	0.021667	0.005476	0.021667
jaws.the.reveng_tt0093300	1987	0.137327	0.294466	0.137327	0.294466
jaws_revenge	1983	0.000000	0.000000	0.000000	0.000000
jazz_singer	1980	0.028754	0.065375	0.028754	0.065375
jean.de.florett_tt0091288		0.000000		0.000000	
jerry_maguire	1997	0.094105	0.208238	0.094105	0.208238
jesus.revolutio_tt10098448	2023	0.066106	0.164117	0.066106	0.164117
jewel_of_the_nile	1986	0.011965	0.034050	0.011965	0.034050
jfk_tt0102138	1992	0.022963	0.118547	0.022963	0.118547
jingle_all_the_way	1996	0.011111	0.074468	0.011111	0.074468
jo.jo.dancer.yo_tt0091295	1986	0.025020	0.055160	0.025020	0.055160
joe.versus.the._tt0099892	1990	0.003672	0.009317	0.003672	0.009317
john.carter_tt0401729	2012	0.001330	0.006881	0.001330	0.006881
john.q_tt0251160	2002	0.084351	0.200000	0.084351	0.200000
john.wick.4_tt10366206	2023	0.000000	0.000000	0.000000	0.000000
john.wick.chapt_tt4425200	2017	0.001898	0.015957	0.001898	0.015957
john_wick_3	2019	0.000000	0.000000	0.000000	0.000000
jojo.rabbit_tt2584384	2020	0.026897	0.070397	0.026897	0.070397
joker	2019	0.000000	0.000000	0.000000	0.000000
joker.folie..de_tt11315808	2024	0.024744	0.081921	0.024744	0.081921
journey_2_the_mysterious_island	2012	0.013626	0.040909	0.013626	0.040909
journey_to_the_center_of_the_earth	2008	0.000000	0.000000	0.000000	0.000000
joy.luck.club_tt0107282	1993	0.419429	0.474774	0.419429	0.474774
joy_tt2446980		0.000000		0.000000	
judas.and.the.b_tt9784798		0.000000		0.000000	
judge.dredd_tt0113492	1995	0.017782	0.080952	0.017782	0.080952
julie..julia_tt1135503	2009	0.372495	0.418628	0.372495	0.418628
jumanji_the_next_level	2020	0.050193	0.119816	0.050193	0.119816
jumanji_tt0113497	1996	0.088608	0.225460	0.088608	0.225460
jumanji_welcome_to_the_jungle	2018	0.005752	0.018680	0.005752	0.018680
jumper_tt0489099	2008	0.003252	0.012232	0.003252	0.012232
jumpin.jack.fla_tt0091306	1986	0.156528	0.196279	0.156528	0.196279
jungle.2.jungle_tt0119432	1997	0.047784	0.157534	0.047784	0.157534
jungle.cruise_tt0870154	2021	0.013537	0.032834	0.013537	0.032834
jungle.fever_tt0102175	1991	0.068718	0.150224	0.068718	0.150224
jungle_book	2016	0.000000		0.000000	
junior_tt0110216	1994	0.100098	0.188192	0.100098	0.188192
juno	2008	0.351476	0.401475	0.351476	0.401475
jurassic.world._tt8041270	2022	0.158151	0.297256	0.158151	0.297256
jurassic.world.rebirth_tt31036941	2025	0.009667	0.028450	0.009667	0.028450
jurassic_park	1993	0.024159	0.070529	0.024159	0.070529
jurassic_park_3	2001	0.001517	0.005291	0.001517	0.005291
jurassic_world	2015	0.036833	0.095989	0.036833	0.095989
jurassic_world_fallen_kingdom	2018	0.080367	0.187421	0.080367	0.187421
just.cause_tt0113501	1995	0.026578	0.105263	0.026578	0.105263
just.married_tt0305711	2003	0.039016	0.062246	0.039016	0.062246
just_go_with_it	2011	0.274590	0.331273	0.274590	0.331273
just_mercy	2020	0.024584	0.095092	0.024584	0.095092
justice_league	2017	0.025102	0.094778	0.025102	0.094778
k9_tt0097637	1989	0.003900	0.033557	0.003900	0.033557
kagemusha_tt0080979		0.000000		0.000000	
kangaroo.jack_tt0257568	2003	0.000000	0.000000	0.000000	0.000000
karate.kid.2_tt1674782	2025	0.016463	0.057692	0.016463	0.057692
karate.kid.part2.movie_tt0091326	1986	0.047297	0.144118	0.047297	0.144118
karate.kid.part_tt0097647	1989	0.000000	0.000000	0.000000	0.000000
karate_kid	1984	0.048583	0.157895	0.048583	0.157895
karate_kid_2010	2010	0.020687	0.074294	0.020687	0.074294
kicking..scream_tt0384642	2005	0.064359	0.312057	0.064359	0.312057
kid_tt0219854	2000	0.022945	0.063158	0.022945	0.063158
kids.are.all.ri_tt0842926		0.000000		0.000000	
kill.bill.vol.._tt0266697	2003	0.142968	0.254470	0.142968	0.254470
kill.bill.vol.._tt0378194	2004	0.053763	0.095109	0.053763	0.095109
killers.of.the._tt5537002	2023	0.046967	0.151181	0.046967	0.151181
killing_fields	1985	0.000000	0.000000	0.000000	0.000000
kindergarten_cop_fs	1991	0.118796	0.226708	0.118796	0.226708
king.of.the.mou_tt0082619	1981	0.015873	0.071942	0.015873	0.071942
king.ralph_tt0102216	1991	0.026954	0.100334	0.026954	0.100334
king.richard_tt9620288	2021	0.246349	0.456471	0.246349	0.456471
king_kong	2006	0.004323	0.020472	0.004323	0.020472
kingdom.of.the._tt11389872	2024	0.001325	0.006192	0.001325	0.006192
kingdom_tt0431197	2007	0.002312	0.013921	0.002312	0.013921
kings.man_tt6856242	2022	0.001512	0.010101	0.001512	0.010101
kings_speech	2011	0.035823	0.126685	0.035823	0.126685
kingsman	2015	0.017598	0.087719	0.017598	0.087719
kingsman.the.go_tt4649466	2017	0.009084	0.036220	0.009084	0.036220
kinsey_tt0362269		0.000000		0.000000	
kiss.the.girls_tt0119468	1997	0.018315	0.043732	0.018315	0.043732
klumps	2000	0.040474	0.113260	0.040474	0.113260
knight.and.day_tt1013743	2010	0.039825	0.057616	0.039825	0.057616
knives_out	2020	0.136957	0.201761	0.136957	0.201761
knocked_up	2007	0.207596	0.303191	0.207596	0.303191
knowing_tt0448011	2009	0.040564	0.123214	0.040564	0.123214
kong_skull_island	2017	0.031421	0.124774	0.031421	0.124774
kpax_tt0272152	2001	0.048448	0.192192	0.048448	0.192192
kramer_v_kramer	1980	0.016287	0.042735	0.016287	0.042735
krull_tt0085811	1983	0.001529	0.010000	0.001529	0.010000
l.a..confidenti_tt0119488		0.000000		0.000000	
l.a..story_tt0102250	1991	0.033447	0.078025	0.033447	0.078025
la_bamba	1987	0.050000	0.141058	0.050000	0.141058
la_la_land	2017	0.097489	0.144737	0.097489	0.144737
ladder.49_tt0349710	2004	0.000000	0.000000	0.000000	0.000000
lady.bird_tt4925292		0.000000		0.000000	
ladyhawke_tt0089457	1985	0.000000	0.000000	0.000000	0.000000
lake.house_tt0410297	2006	0.136218	0.290102	0.136218	0.290102
lara.croft.tomb_tt0325703	2003	0.000989	0.002055	0.000989	0.002055
lara_croft_tomb_raider	2001	0.001433	0.002956	0.001433	0.002956
largent_tt0085180		0.000000		0.000000	
last.boy.scout_tt0102266	1992	0.003516	0.028340	0.003516	0.028340
last.dragon_tt0089461	1985	0.013825	0.042000	0.013825	0.042000
last.duel_tt4244994	2021	0.100898	0.227111	0.100898	0.227111
last.king.of.sc_tt0455590		0.000000		0.000000	
last.married_tt0081032	1980	0.206704	0.312896	0.206704	0.312896
last.samurai_tt0325710	2003	0.000000	0.000000	0.000000	0.000000
last.song_tt1294226	2010	0.124758	0.186473	0.124758	0.186473
last.starfighte_tt0087597	1984	0.068022	0.321033	0.068022	0.321033
last.vegas_tt1204975	2013	0.005796	0.027027	0.005796	0.027027
last_action_hero_fs	1993	0.003636	0.040323	0.003636	0.040323
last_airbender	2010	0.038702	0.131915	0.038702	0.131915
last_crusade	1989	0.000000	0.000000	0.000000	0.000000
last_emperor	1988	0.052251	0.221088	0.052251	0.221088
last_jedi	2018	0.034752	0.072951	0.034752	0.072951
last_of_the_mohicans	1992	0.063559	0.195652	0.063559	0.195652
law.abiding.cit_tt1197624	2009	0.009409	0.053030	0.009409	0.053030
lawnmower.man_tt0104692	1992	0.000000	0.000000	0.000000	0.000000
league.of.extra_tt0311429	2003	0.000000	0.000000	0.000000	0.000000
league_of_their_own	1992	0.339644	0.522968	0.339644	0.522968
lean.on.me_tt0097722	1989	0.239614	0.461825	0.239614	0.461825
leaving.las.veg_tt0113627	1996	0.032221	0.053435	0.032221	0.053435
legal_eagles	1986	0.107631	0.186630	0.107631	0.186630
legally.blonde._tt0333780	2003	0.412698	0.477636	0.412698	0.477636
legally_blonde	2001	0.483939	0.543103	0.483939	0.543103
legend_of_tarzan	2016	0.005657	0.033835	0.005657	0.033835
legend_of_the_lone_ranger_fs	1981	0.000000	0.000000	0.000000	0.000000
legends_of_the_fall	1995	0.018280	0.058925	0.018280	0.058925
lemony_snicket	2004	0.218391	0.339286	0.218391	0.339286
les.misrables_tt1707386	2013	0.073250	0.187954	0.073250	0.187954
let.him.go_tt9340860	2020	0.156618	0.237989	0.156618	0.237989
lethal_weapon	1987	0.015054	0.124260	0.015054	0.124260
lethal_weapon_2	1989	0.025346	0.171875	0.025346	0.171875
lethal_weapon_3	1992	0.017747	0.083172	0.017747	0.083172
lethal_weapon_4	1998	0.029993	0.252149	0.029993	0.252149
lets.be.cops_tt1924435	2014	0.009236	0.069620	0.009236	0.069620
letters.from.iw_tt0498380		0.000000		0.000000	
liar_liar	1997	0.094476	0.151476	0.094476	0.151476
licence.to.kill_tt0097742	1989	0.018767	0.081395	0.018767	0.081395
license.to.driv_tt0095519	1988	0.018755	0.073826	0.018755	0.073826
license.to.wed_tt0762114	2007	0.182250	0.292994	0.182250	0.292994
licorice.pizza_tt11271038	2022	0.164029	0.240000	0.164029	0.240000
life.is.beautif_tt0118799	1999	0.037551	0.131054	0.037551	0.131054
life.is.sweet_tt0100024		0.000000		0.000000	
life_of_pi	2012	0.001042	0.009804	0.001042	0.009804
life_tt0123964	1999	0.006056	0.070175	0.006056	0.070175
lights.out_tt4786282	2016	0.123845	0.192806	0.123845	0.192806
like.father.lik_tt0093418	1987	0.008258	0.040146	0.008258	0.040146
like.mike_tt0308506	2002	0.014035	0.094915	0.014035	0.094915
like_a_boss	2020	0.679731	0.740000	0.679731	0.740000
limitless_tt1219289	2011	0.004090	0.022901	0.004090	0.022901
lincoln	2012	0.033195	0.170213	0.033195	0.170213
lincoln.lawyer_tt1189340	2011	0.012528	0.049563	0.012528	0.049563
lion_tt3741834	2017	0.021785	0.062595	0.021785	0.062595
little.fockers_tt0970866	2011	0.113885	0.236757	0.113885	0.236757
little.man_tt0430304	2006	0.035372	0.109395	0.035372	0.109395
little.mermaid_tt5971474	2023	0.068404	0.123675	0.068404	0.123675
little.miss.mar_tt0081063	1980	0.032765	0.096154	0.032765	0.096154
little.miss.sun_tt0449059	2006	0.138462	0.243557	0.138462	0.243557
little.shop.of._tt0091419	1987	0.050949	0.204819	0.050949	0.204819
little.things_tt10016180	2021	0.008333	0.063380	0.008333	0.063380
little_rascals	1994	0.004662	0.022857	0.004662	0.022857
little_women	1995	0.471056	0.535484	0.471056	0.535484
little_women_2020	2020	0.361620	0.435829	0.361620	0.435829
live_free_or_die_hard	2007	0.000583	0.004357	0.000583	0.004357
lives.of.others_tt0405094		0.000000		0.000000	
living_daylights	1987	0.003263	0.013158	0.003263	0.013158
local.hero_tt0085859		0.000000		0.000000	
lock.up_tt0097770	1989	0.000000	0.000000	0.000000	0.000000
logan	2017	0.020372	0.070552	0.020372	0.070552
london.has.fall_tt3300542	2016	0.010966	0.058496	0.010966	0.058496
lone.ranger_tt1210819	2013	0.006133	0.036093	0.006133	0.036093
lone_survivor	2014	0.000000		0.000000	
long.kiss.goodn_tt0116908	1996	0.030013	0.071875	0.030013	0.071875
long.riders_tt0081071	1980	0.004448	0.033520	0.004448	0.033520
longest_yard	2005	0.000000	0.000000	0.000000	0.000000
longlegs_tt23468450	2024	0.103491	0.169043	0.103491	0.169043
look_whos_talking	1990	0.083896	0.138535	0.083896	0.138535
looper_tt1276104	2012	0.001714	0.007229	0.001714	0.007229
lost.boys_tt0093437	1987	0.006369	0.029024	0.006369	0.029024
lost.city_tt13320622	2022	0.026284	0.044979	0.026284	0.044979
lost.in.transla_tt0335266		0.000000		0.000000	
lost_in_space	1998	0.059151	0.197302	0.059151	0.197302
lost_world	1997	0.065242	0.200000	0.065242	0.200000
lotr_fellowship	2002	0.000000	0.000000	0.000000	0.000000
lotr_return_of_the_king	2004	0.000339	0.005525	0.000339	0.005525
lotr_two_towers	2003	0.003963	0.043137	0.003963	0.043137
love.actually_tt0314331	2003	0.094842	0.174134	0.094842	0.174134
lucky.one_tt1327194	2012	0.049287	0.118402	0.049287	0.118402
lucy	2014	0.019366	0.041985	0.019366	0.041985
m2046_tt0212712		0.000000		0.000000	
m3gan_tt8760708	2023	0.153846	0.246552	0.153846	0.246552
ma_tt7958736	2019	0.423626	0.494865	0.423626	0.494865
mad_max_thunderdome	1985	0.041082	0.130573	0.041082	0.130573
madame.web_tt11057302	2024	0.212998	0.319149	0.212998	0.319149
made_in_america_fs	1993	0.313592	0.418394	0.313592	0.418394
madea.goes.to.j_tt1142800	2009	0.256388	0.333333	0.256388	0.333333
madeas.family.r_tt0455612	2006	0.374086	0.466146	0.374086	0.466146
madeas.witness._tt2215285	2012	0.103135	0.269397	0.103135	0.269397
madness.of.king_tt0110428		0.000000		0.000000	
magic.mike.xxl_tt2268016	2015	0.081505	0.226744	0.081505	0.226744
magic_mike	2012	0.055127	0.139276	0.055127	0.139276
magnificent_seven	2016	0.003426	0.034483	0.003426	0.034483
maid.in.manhatt_tt0252076	2002	0.223124	0.292553	0.223124	0.292553
major.league.ii_tt0110442	1994	0.010458	0.065844	0.010458	0.065844
major_league	1989	0.002681	0.015936	0.002681	0.015936
malcolm.x_tt0104797	1992	0.039725	0.156977	0.039725	0.156977
maleficent	2014	0.161064	0.246253	0.161064	0.246253
maleficent_mistress_of_evil	2019	0.160437	0.289175	0.160437	0.289175
malice	1993	0.011439	0.024948	0.011439	0.024948
malignant_tt3811906	2021	0.160261	0.297101	0.160261	0.297101
mama_tt2023587	2013	0.166938	0.306886	0.166938	0.306886
mamma_mia	2008	0.342603	0.471669	0.342603	0.471669
mamma_mia_2	2018	0.339891	0.472196	0.339891	0.472196
man.in.the.iron_tt0120744	1998	0.001808	0.011538	0.001808	0.011538
man.of.the.hous_tt0113755	1995	0.000000	0.000000	0.000000	0.000000
man.on.fire_tt0328107	2004	0.007032	0.027697	0.007032	0.027697
man.on.the.moon_tt0125664		0.000000		0.000000	
man.who.wasnt.t_tt0243133		0.000000		0.000000	
man_of_steel	2013	0.015805	0.051163	0.015805	0.051163
manchester.by.t_tt4034228		0.000000		0.000000	
manchurian.cand_tt0368008	2004	0.020393	0.062069	0.020393	0.062069
mannequin	1987	0.037678	0.100271	0.037678	0.100271
marked_for_death	1990	0.002322	0.027523	0.002322	0.027523
marksman_tt6902332	2021	0.001667	0.010811	0.001667	0.010811
marley..me_tt0822832	2009	0.038389	0.090774	0.038389	0.090774
marriage.story_tt7653254		0.000000		0.000000	
married.to.the._tt0095593	1988	0.068560	0.126126	0.068560	0.126126
marry.me_tt10223460	2022	0.197748	0.252816	0.197748	0.252816
martian	2015	0.042591	0.143070	0.042591	0.143070
marvels_tt10676048	2023	0.390172	0.509667	0.390172	0.509667
mary_poppins_returns	2019	0.189880	0.334215	0.189880	0.334215
mask_1985	1985	0.111868	0.167394	0.111868	0.167394
mask_1994	1994	0.000000	0.000000	0.000000	0.000000
mask_of_zorro	1998	0.009677	0.051873	0.009677	0.051873
master.and.comm_tt0311113	2003	0.000000		0.000000	
master_tt1560747		0.000000		0.000000	
match.point_tt0416320		0.000000		0.000000	
matilda_tt0117008	1996	0.305740	0.410675	0.305740	0.410675
matrix	1999	0.012959	0.046225	0.012959	0.046225
matrix.resurrec_tt10838180	2021	0.039778	0.116637	0.039778	0.116637
matrix_reloaded	2003	0.015935	0.050932	0.015935	0.050932
matrix_revolutions	2003	0.027485	0.090498	0.027485	0.090498
mauritanian_tt4761112		0.000000		0.000000	
maverick	1994	0.007756	0.027491	0.007756	0.027491
maze.runner.the_tt4046784	2015	0.070528	0.187500	0.070528	0.187500
maze.runner.the_tt4500922	2018	0.025830	0.069193	0.025830	0.069193
maze_runner	2014	0.004219	0.021583	0.004219	0.021583
me.before.you_tt2674426	2016	0.201748	0.238177	0.201748	0.238177
me_myself_and_irene	2000	0.001537	0.005698	0.001537	0.005698
mean.girls_tt11762114	2024	0.481006	0.555842	0.481006	0.555842
mean_girls	2004	0.544029	0.605776	0.544029	0.605776
meaning.of.life_tt0085959	1983	0.015699	0.149254	0.015699	0.149254
medicine.man_tt0104839	1992	0.000000	0.000000	0.000000	0.000000
meet.joe.black_tt0119643	1998	0.020619	0.044818	0.020619	0.044818
meet_the_fockers	2005	0.201835	0.414739	0.201835	0.414739
meet_the_parents	2000	0.177006	0.315736	0.177006	0.315736
meg	2018	0.055533	0.151648	0.055533	0.151648
meg.2.the.trenc_tt9224104	2023	0.057299	0.191489	0.057299	0.191489
melancholia_tt1527186		0.000000		0.000000	
melvin.and.howa_tt0081150		0.000000		0.000000	
memphis.belle_tt0100133	1990	0.000000	0.000000	0.000000	0.000000
men.in.black.in_tt2283336	2019	0.039890	0.070388	0.039890	0.070388
men.of.honor_tt0203019	2000	0.004610	0.025575	0.004610	0.025575
men_in_black	1997	0.000000	0.000000	0.000000	0.000000
men_in_black_2	2002	0.002256	0.008310	0.002256	0.008310
men_in_black_3	2012	0.001107	0.009804	0.001107	0.009804
menu_tt9764362	2022	0.258194	0.354128	0.258194	0.354128
message.in.a.bo_tt0139462	1999	0.099373	0.163959	0.099373	0.163959
mexican_tt0236493	2001	0.000000	0.000000	0.000000	0.000000
miami.vice_tt0430357	2006	0.011926	0.045045	0.011926	0.045045
michael_fs	1997	0.070996	0.149909	0.070996	0.149909
mickey.17_tt12299608	2025	0.099017	0.225473	0.099017	0.225473
micki..maude_tt0087718	1985	0.157088	0.215789	0.157088	0.215789
midnight.in.par_tt1605783	2011	0.151767	0.302905	0.151767	0.302905
midnight_run	1988	0.003729	0.117647	0.003729	0.117647
midway_tt6924650	2019	0.000000	0.000000	0.000000	0.000000
mighty.ducks_tt0104868	1992	0.034645	0.174556	0.034645	0.174556
mighty.morphin._tt0113820	1995	0.048766	0.273312	0.048766	0.273312
milk_tt1013753		0.000000		0.000000	
million_dollar_baby	2005	0.080452	0.154681	0.080452	0.154681
minari_tt10633456		0.000000		0.000000	
minecraft_tt3566834	2025	0.057986	0.250569	0.057986	0.250569
minority_report	2002	0.029276	0.116564	0.029276	0.116564
miracle_tt0349825	2004	0.001826	0.020725	0.001826	0.020725
miracles.from.h_tt4257926	2016	0.305914	0.399290	0.305914	0.399290
mirror.has.two._tt0117057	1996	0.202220	0.242165	0.202220	0.242165
mirror.mirror_tt1667353	2012	0.064192	0.121880	0.064192	0.121880
misery_tt0100157	1990	0.003317	0.005772	0.003317	0.005772
miss.congeniali_tt0212346	2001	0.340864	0.447254	0.340864	0.447254
miss_peregrine	2016	0.121994	0.275148	0.121994	0.275148
missing.in.acti_tt0087727	1984	0.000000	0.000000	0.000000	0.000000
missing_tt0084335		0.000000		0.000000	
mission.impossi_tt9603208	2025	0.035434	0.119091	0.035434	0.119091
mission.impossi_tt9603212	2023	0.031422	0.081294	0.031422	0.081294
mission.to.mars_tt0183523	2000	0.010593	0.029940	0.010593	0.029940
mission_impossible	1996	0.020567	0.069212	0.020567	0.069212
mission_impossible_2	2000	0.001475	0.007286	0.001475	0.007286
mission_impossible_3	2006	0.036312	0.144762	0.036312	0.144762
mission_impossible_4	2012	0.008257	0.034483	0.008257	0.034483
mission_impossible_fallout	2018	0.006623	0.029364	0.006623	0.029364
mission_tt0091530		0.000000		0.000000	
mississippi.bur_tt0095647	1989	0.011034	0.094675	0.011034	0.094675
mo.money_tt0104897	1992	0.015468	0.074906	0.015468	0.074906
modern.romance_tt0082764	1981	0.004619	0.015038	0.004619	0.015038
mona.lisa_tt0091538		0.000000		0.000000	
money.pit_tt0091541	1986	0.034294	0.074850	0.034294	0.074850
money.train_tt0113845	1995	0.005435	0.032129	0.005435	0.032129
moneyball_tt1210166	2011	0.001336	0.021505	0.001336	0.021505
monster.hunter_tt6475714	2020	0.010707	0.026110	0.010707	0.026110
monster_in_law	2005	0.482736	0.529883	0.482736	0.529883
monuments.men_tt2177771	2014	0.001963	0.013514	0.001963	0.013514
moonfall_tt5834426	2022	0.013112	0.036797	0.013112	0.036797
moonlight_tt4975722		0.000000		0.000000	
moonlighting_tt0084354		0.000000		0.000000	
moonrise.kingdo_tt1748122		0.000000		0.000000	
moonstruck	1988	0.177149	0.247438	0.177149	0.247438
morbius_tt5108870	2022	0.008915	0.045113	0.008915	0.045113
mortal.kombat_tt0293429	2021	0.008976	0.039286	0.008976	0.039286
mortal_kombat_fs	1995	0.006931	0.042471	0.006931	0.042471
moscow.on.the.h_tt0087747	1984	0.007212	0.044444	0.007212	0.044444
motel.hell_tt0081184	1980	0.163055	0.315369	0.163055	0.315369
motorcycle.diar_tt0318462		0.000000		0.000000	
moulin.rouge_tt0203009	2001	0.012976	0.035427	0.012976	0.035427
mr..poppers.pen_tt1396218	2011	0.123194	0.247706	0.123194	0.247706
mr..turner_tt2473794		0.000000		0.000000	
mr_deeds	2002	0.017052	0.049759	0.017052	0.049759
mr_hollands_opus	1996	0.040161	0.085763	0.040161	0.085763
mr_mom_fs	1983	0.120045	0.240363	0.120045	0.240363
mr_mrs_smith	2005	0.044972	0.090680	0.044972	0.090680
mrs..brown_tt0119280		0.000000		0.000000	
mrs..henderson._tt0413015		0.000000		0.000000	
mrs_doubtfire	1994	0.155616	0.268692	0.155616	0.268692
much.ado.about._tt0107616		0.000000		0.000000	
mule_tt7959026	2018	0.060558	0.347032	0.060558	0.347032
mulholland.driv_tt0166924		0.000000		0.000000	
mummy	1999	0.000000	0.000000	0.000000	0.000000
mummy_returns_fs	2001	0.032442	0.111446	0.032442	0.111446
mummy_tomb_of_the_dragon_emperor	2008	0.033664	0.111908	0.033664	0.111908
mummy_tt2345759	2017	0.020440	0.056769	0.020440	0.056769
munich_tt0408306		0.000000		0.000000	
muppet.treasure_tt0117110	1996	0.000000	0.000000	0.000000	0.000000
muppets.take.ma_tt0087755	1984	0.015449	0.050000	0.015449	0.050000
muppets_tt1204342	2011	0.042553	0.126316	0.042553	0.126316
murder.on.the.o_tt3402236	2017	0.094891	0.220339	0.094891	0.220339
murphys.romance_tt0089643	1986	0.099678	0.145199	0.099678	0.145199
music.and.lyric_tt0758766	2007	0.157480	0.229095	0.157480	0.229095
my.big.fat.gree_tt3760922	2016	0.448143	0.550747	0.448143	0.550747
my.cousin.vinny_tt0104952	1992	0.007468	0.020755	0.007468	0.020755
my.favorite.mar_tt0120764	1999	0.013094	0.036750	0.013094	0.036750
my.favorite.yea_tt0084370	1982	0.053109	0.136213	0.053109	0.136213
my.girl_tt0102492	1991	0.142176	0.184864	0.142176	0.184864
my.left.foot_tt0097937		0.000000		0.000000	
my.tutor_tt0085980	1983	0.020958	0.047727	0.020958	0.047727
my.week.with.ma_tt1655420		0.000000		0.000000	
my_best_friends_wedding	1997	0.315891	0.357065	0.315891	0.357065
my_bodyguard	1980	0.044444	0.165803	0.044444	0.165803
mystic.river_tt0327056		0.000000		0.000000	
nacho_libre	2006	0.002402	0.012295	0.002402	0.012295
naked.gun_tt3402138	2025	0.000550	0.003115	0.000550	0.003115
naked.lunch_tt0102511		0.000000		0.000000	
naked_gun	1989	0.032287	0.107463	0.032287	0.107463
naked_gun_25	1991	0.016681	0.050505	0.016681	0.050505
naked_gun_3313	1994	0.113056	0.223988	0.113056	0.223988
narnia	2006	0.138217	0.234797	0.138217	0.234797
national_treasure	2004	0.004678	0.018081	0.004678	0.018081
national_treasure_2	2008	0.016925	0.050429	0.016925	0.050429
natural	1984	0.000497	0.002342	0.000497	0.002342
natural.born.ki_tt0110632	1994	0.014692	0.053082	0.014692	0.053082
navy.seals_tt0100232	1990	0.000656	0.005988	0.000656	0.005988
nebraska_tt1821549		0.000000		0.000000	
necessary.rough_tt0102517	1991	0.001571	0.010417	0.001571	0.010417
negotiator_tt0120768	1998	0.001124	0.008021	0.001124	0.008021
neighbors	2014	0.102819	0.192347	0.102819	0.192347
neighbors.2.sor_tt4438848	2016	0.382270	0.543696	0.382270	0.543696
neighbors_tt0082801	1982	0.118774	0.280120	0.118774	0.280120
nell_tt0110638		0.000000		0.000000	
net_tt0113957	1995	0.030659	0.056220	0.030659	0.056220
never.been.kiss_tt0151738	1999	0.362270	0.435306	0.362270	0.435306
never.cry.wolf_tt0086005	1984	0.000000		0.000000	
never.rarely.so_tt7772582		0.000000		0.000000	
never_say_never_again	1983	0.008340	0.036101	0.008340	0.036101
neverending.sto_tt0088323	1984	0.000000	0.000000	0.000000	0.000000
new_jack_city	1991	0.040913	0.180556	0.040913	0.180556
new_mutants	2020	0.379509	0.484346	0.379509	0.484346
next.friday_tt0195945	2000	0.010743	0.070588	0.010743	0.070588
nicholas.nickle_tt0309912		0.000000		0.000000	
night.at.the.mu_tt2692250	2014	0.048670	0.122013	0.048670	0.122013
night.of.the.sh_tt0084422		0.000000		0.000000	
night.school_tt6781982	2018	0.149457	0.259587	0.149457	0.259587
night.shift_tt0084412	1982	0.093713	0.224432	0.093713	0.224432
night.swim_tt9682428	2024	0.109325	0.242857	0.109325	0.242857
night_at_the_museum	2007	0.021667	0.071298	0.021667	0.071298
night_at_the_museum_battle_of_the_smithsonian	2009	0.061224	0.151596	0.061224	0.151596
nighthawks	1981	0.000000	0.000000	0.000000	0.000000
nightmare.alley_tt7740496		0.000000		0.000000	
nightmare_on_elm_street_3	1987	0.172026	0.305278	0.172026	0.305278
nightmare_on_elm_street_4	1988	0.076521	0.151948	0.076521	0.151948
nine_months	1995	0.111208	0.182857	0.111208	0.182857
nine_to_five	1980	0.355472	0.446009	0.355472	0.446009
nine_tt0875034		0.000000		0.000000	
no.country.for._tt0477348	2007	0.005236	0.045455	0.005236	0.045455
no.hard.feeling_tt15671028	2023	0.148851	0.183818	0.148851	0.183818
no.reservations_tt0481141	2007	0.304743	0.376559	0.304743	0.376559
no.strings.atta_tt1411238	2011	0.259768	0.355491	0.259768	0.355491
no.time.to.die_tt2382320	2021	0.021702	0.062424	0.021702	0.062424
no.way.out_tt0093640	1987	0.002278	0.010811	0.002278	0.010811
noah	2014	0.048744	0.143064	0.048744	0.143064
nobody_tt7888964	2021	0.003123	0.030769	0.003123	0.030769
nobodys.fool_tt0110684	1995	0.014015	0.045699	0.014015	0.045699
nomadland_tt9770150		0.000000		0.000000	
nonstop_tt2024469	2014	0.041290	0.114422	0.041290	0.114422
nope_tt10954984	2022	0.001792	0.005155	0.001792	0.005155
norbit	2007	0.054363	0.157350	0.054363	0.157350
northman_tt11138512	2022	0.046465	0.141104	0.046465	0.141104
nosferatu_tt5040012	2025	0.000000	0.000000	0.000000	0.000000
notebook_tt0332280	2004	0.132061	0.185423	0.132061	0.185423
nothing.in.comm_tt0091653	1986	0.028571	0.063415	0.028571	0.063415
nothing.to.lose_tt0119807	1997	0.010043	0.084337	0.010043	0.084337
notting_hill	1999	0.089699	0.137634	0.089699	0.137634
now.you.see.me._tt3110958	2016	0.025316	0.061569	0.025316	0.061569
now_you_see_me	2013	0.011619	0.032397	0.011619	0.032397
nude.bomb_tt0081249	1980	0.004078	0.032258	0.004078	0.032258
nun	2018	0.062647	0.120301	0.062647	0.120301
nun.2_tt10160976	2023	0.202350	0.312500	0.202350	0.312500
nutcracker.and._tt5523010	2018	0.170397	0.241309	0.170397	0.241309
nuts_tt0093660	1987	0.199791	0.250328	0.199791	0.250328
nutty_professor	1996	0.018369	0.055679	0.018369	0.055679
o.brother.where_tt0190590		0.000000		0.000000	
oblivion_tt1483013	2013	0.048119	0.123055	0.048119	0.123055
obsessed_tt1198138	2009	0.088827	0.146950	0.088827	0.146950
oceans_11_fs	2002	0.001871	0.012195	0.001871	0.012195
oceans_13	2007	0.004850	0.038168	0.004850	0.038168
oceans_8	2018	0.441395	0.546875	0.441395	0.546875
oceans_twelve	2004	0.026531	0.083067	0.026531	0.083067
octopussy	1983	0.019894	0.109756	0.019894	0.109756
officer_and_a_gentleman	1983	0.091776	0.238390	0.091776	0.238390
oh.god.book.ii_tt0081268	1980	0.171018	0.224700	0.171018	0.224700
oh.god_tt0087835	1984	0.026190	0.192982	0.026190	0.192982
oh.heavenly.dog_tt0081269	1980	0.018061	0.076923	0.018061	0.076923
old.school_tt0302886	2003	0.063655	0.190769	0.063655	0.190769
old_tt10954652	2021	0.178528	0.325275	0.178528	0.325275
olympus.has.fal_tt2302755	2013	0.005838	0.029979	0.005838	0.029979
omen_3	1981	0.012270	0.048780	0.012270	0.048780
omen_tt0466909	2006	0.023914	0.108262	0.023914	0.108262
on.deadly.groun_tt0110725	1994	0.005882	0.033784	0.005882	0.033784
on_golden_pond	1982	0.100654	0.207547	0.100654	0.207547
once.upon.a.tim_tt0285823	2003	0.000000	0.000000	0.000000	0.000000
once.upon.a.time.in.america_tt0087843		0.000000		0.000000	
once_upon_a_time_in_hollywood	2019	0.108457	0.303249	0.108457	0.303249
one.battle.afte_tt30144839	2025	0.031197	0.084862	0.031197	0.084862
one.of.them.days_tt32221196	2025	0.451811	0.539194	0.451811	0.539194
open.range_tt0316356	2003	0.000000	0.000000	0.000000	0.000000
oppenheimer_tt15398776	2023	0.003924	0.027368	0.003924	0.027368
ordinary_people	1980	0.038529	0.092437	0.038529	0.092437
other.peoples.money_tt0102609	1991	0.045351	0.088692	0.045351	0.088692
other.woman_tt2203939	2014	0.436862	0.506282	0.436862	0.506282
other_guys	2010	0.005063	0.036364	0.005063	0.036364
others	2001	0.477108	0.525896	0.477108	0.525896
out.for.justice_tt0102614	1991	0.014298	0.075556	0.014298	0.075556
out.of.sight_tt0120780	1998	0.032278	0.081470	0.032278	0.081470
out_of_africa	1986	0.019900	0.030252	0.019900	0.030252
outbreak	1995	0.015262	0.079545	0.015262	0.079545
outland	1981	0.000000	0.000000	0.000000	0.000000
outrageous_fortune	1987	0.411765	0.531558	0.411765	0.531558
outsiders_tt0086066	1983	0.037275	0.261261	0.037275	0.261261
oz_the_great_and_powerful	2013	0.072036	0.149412	0.072036	0.149412
pacific.heights_tt0100318	1990	0.078749	0.144841	0.078749	0.144841
pacific.rim.upr_tt2557478	2018	0.040035	0.115190	0.040035	0.115190
pacific_rim	2013	0.003210	0.017284	0.003210	0.017284
pacifier	2005	0.126424	0.273736	0.126424	0.273736
paddington.in.p_tt5822536	2025	0.202591	0.436548	0.202591	0.436548
paddington_tt1109624	2015	0.067935	0.188679	0.067935	0.188679
pale_rider	1985	0.034722	0.151515	0.034722	0.151515
panic_room	2002	0.098503	0.228443	0.098503	0.228443
pans.labyrinth_tt0457430		0.000000		0.000000	
paper_tt0110771	1994	0.090202	0.173913	0.090202	0.173913
paranormal.acti_tt1536044	2010	0.055928	0.156250	0.055928	0.156250
paranormal_activity	2009	0.008333	0.012903	0.008333	0.012903
paranormal_activity_3	2011	0.084677	0.216495	0.084677	0.216495
parasite	2020	0.234826	0.436229	0.234826	0.436229
parent_trap	1998	0.250588	0.309818	0.250588	0.309818
parenthood	1989	0.171963	0.273403	0.171963	0.273403
paris.texas_tt0087884		0.000000		0.000000	
passenger.57_tt0105104	1992	0.014540	0.088670	0.014540	0.088670
passengers_tt1355644	2016	0.001610	0.003704	0.001610	0.003704
passion_of_the_christ	2004	0.055702	0.248244	0.055702	0.248244
patch_fs	1999	0.037333	0.131250	0.037333	0.131250
patriot	2000	0.052900	0.330882	0.052900	0.330882
patriot_games	1992	0.037764	0.169492	0.037764	0.169492
paul.blart.mall_tt3450650	2015	0.034430	0.091655	0.034430	0.091655
paul_blart_mall_cop	2009	0.066202	0.189189	0.066202	0.189189
payback	1999	0.001414	0.006689	0.001414	0.006689
pearl_harbor	2001	0.040048	0.210443	0.040048	0.210443
pee_wees_big_adventure	1985	0.000821	0.004785	0.000821	0.004785
peggy_sue_got_married_fs	1986	0.283133	0.347120	0.283133	0.347120
pelican_brief	1994	0.026696	0.059113	0.026696	0.059113
pennies.from.heaven_tt0082894		0.000000		0.000000	
people.vs..larr_tt0117318		0.000000		0.000000	
percy.jackson.._tt0814255	2010	0.094682	0.187179	0.094682	0.187179
percy.jackson.s_tt1854564	2013	0.074286	0.166193	0.074286	0.166193
perfect.guy_tt3862750	2015	0.081818	0.119159	0.081818	0.119159
perfect_murder	1998	0.045662	0.101695	0.045662	0.101695
perfect_storm	2000	0.053459	0.263158	0.053459	0.263158
pet.sematary_tt0837563	2019	0.049107	0.122222	0.049107	0.122222
pet_sematary	1989	0.058563	0.191860	0.058563	0.191860
peter_rabbit	2018	0.007892	0.031461	0.007892	0.031461
peter_rabbit_2	2021	0.010938	0.042222	0.010938	0.042222
petes.dragon_tt2788732	2016	0.041548	0.116800	0.041548	0.116800
petite.maman_tt13204490		0.000000		0.000000	
phantom.of.the._tt0293508		0.000000		0.000000	
phantom.thread_tt5776858		0.000000		0.000000	
phantom_menace	1999	0.025785	0.133172	0.025785	0.133172
phenomenon	1996	0.045328	0.118182	0.045328	0.118182
philadelphia	1994	0.033333	0.145038	0.033333	0.145038
philomena_tt2431286		0.000000		0.000000	
photograph	2020	0.153415	0.204173	0.153415	0.204173
pianist_tt0253474		0.000000		0.000000	
piano_tt0107822		0.000000		0.000000	
pineapple_express	2008	0.011787	0.075697	0.011787	0.075697
pink.floyd.the._tt0084503	1982	0.001418	0.019048	0.001418	0.019048
pink_panther	2006	0.005878	0.025000	0.005878	0.025000
pirates_at_worlds_end	2007	0.018678	0.057143	0.018678	0.057143
pirates_black_pearl	2003	0.008155	0.029412	0.008155	0.029412
pirates_dead_mans_chest	2006	0.003261	0.017937	0.003261	0.017937
pirates_dead_men_tell_no_tales	2017	0.004523	0.018092	0.004523	0.018092
pirates_of_the_caribbean_on_stranger_tides	2011	0.007069	0.028668	0.007069	0.028668
pitch.perfect.3_tt4765284	2017	0.570489	0.672949	0.570489	0.672949
pitch.perfect_tt1981677	2012	0.521659	0.653580	0.521659	0.653580
pitch_perfect_2	2015	0.514584	0.657032	0.514584	0.657032
pixels_tt2120120	2015	0.042934	0.116317	0.042934	0.116317
places.in.the.h_tt0087921	1984	0.020604	0.037500	0.020604	0.037500
planes.trains.._tt0093748	1987	0.013838	0.172414	0.013838	0.172414
planet_of_the_apes_2001	2001	0.009739	0.049217	0.009739	0.049217
platoon	1987	0.000000		0.000000	
player_tt0105151		0.000000		0.000000	
pleasantville_tt0120789	1998	0.088889	0.181256	0.088889	0.181256
point_break	1991	0.008050	0.067708	0.008050	0.067708
police.academy._tt0093756	1987	0.060942	0.215686	0.060942	0.215686
police.academy._tt0095882	1988	0.079734	0.378947	0.079734	0.378947
police_academy_2	1985	0.020000	0.104167	0.020000	0.104167
police_academy_3	1986	0.097222	0.290954	0.097222	0.290954
police_academy_fs	1984	0.044683	0.177305	0.044683	0.177305
poltergeist	1982	0.193841	0.365188	0.193841	0.365188
poltergeist_2	1986	0.176960	0.313025	0.176960	0.313025
popeye	1980	0.043769	0.153247	0.043769	0.153247
porkys	1982	0.026971	0.116071	0.026971	0.116071
porkys.revenge_tt0089826	1985	0.064904	0.232759	0.064904	0.232759
porkys_2	1983	0.042631	0.113636	0.042631	0.113636
poseidon_tt0409182	2006	0.052301	0.159236	0.052301	0.159236
post_tt6294822	2018	0.128272	0.225287	0.128272	0.225287
postcards.from._tt0100395	1990	0.473333	0.501176	0.473333	0.501176
power.of.the.do_tt10293406		0.000000		0.000000	
power.rangers_tt3717490	2017	0.092186	0.242215	0.092186	0.242215
practical.magic_tt0120791	1998	0.350993	0.446880	0.350993	0.446880
precious_tt0929632		0.000000		0.000000	
predator	1987	0.000000	0.000000	0.000000	0.000000
predator.2_tt0100403	1990	0.004082	0.052632	0.004082	0.052632
premonition_tt0477071	2007	0.214029	0.266517	0.214029	0.266517
presidio_tt0095897	1988	0.000998	0.004310	0.000998	0.004310
prestige_tt0482571	2006	0.004117	0.015652	0.004117	0.015652
presumed_innocent	1990	0.007919	0.023026	0.007919	0.023026
pretty_in_pink	1986	0.185859	0.238034	0.185859	0.238034
pretty_woman	1990	0.094915	0.150538	0.094915	0.150538
prey.for.the.de_tt9271672	2022	0.075287	0.120073	0.075287	0.120073
pride..prejudic_tt0414387		0.000000		0.000000	
pride_tt3169706		0.000000		0.000000	
primal_fear	1996	0.058492	0.132712	0.058492	0.132712
primary.colors_tt0119942	1998	0.236007	0.385671	0.236007	0.385671
prince.of.the.c_tt0082945	1981	0.000000	0.000000	0.000000	0.000000
prince_of_persia	2010	0.003140	0.015267	0.003140	0.015267
prince_of_tides	1992	0.027514	0.045383	0.027514	0.045383
princess.bride_tt0093779	1987	0.005567	0.020725	0.005567	0.020725
princess_diaries_2	2004	0.326316	0.423002	0.326316	0.423002
princess_diaries_fs	2001	0.434001	0.539056	0.434001	0.539056
private.school_tt0086143	1983	0.247232	0.369485	0.247232	0.369485
private_benjamin_fs	1980	0.322404	0.392810	0.322404	0.392810
prizzis.honor_tt0089841	1985	0.008787	0.016502	0.008787	0.016502
problem_child	1990	0.002653	0.014286	0.002653	0.014286
producers_tt0395251		0.000000		0.000000	
project.x_tt1636826	2012	0.004711	0.042553	0.004711	0.042553
prometheus	2012	0.051793	0.133848	0.051793	0.133848
promising.young_tt9620292		0.000000		0.000000	
proposal	2009	0.200236	0.255271	0.200236	0.255271
psycho_2	1983	0.069790	0.138520	0.069790	0.138520
public.enemies_tt1152836	2009	0.007834	0.036554	0.007834	0.036554
pulp_fiction	1995	0.018868	0.057292	0.018868	0.057292
punchline_tt0095927	1988	0.061980	0.107544	0.061980	0.107544
purge.anarchy_tt2975578	2014	0.240469	0.409182	0.240469	0.409182
purge.election._tt4094724	2016	0.051282	0.147335	0.051282	0.147335
purge_tt2184339	2013	0.088597	0.171157	0.088597	0.171157
purple.rose.of._tt0089853		0.000000		0.000000	
purple_rain_fs	1984	0.000880	0.002786	0.000880	0.002786
pursuit_of_happyness	2007	0.004162	0.040816	0.004162	0.040816
quantum_of_solace	2008	0.000365	0.001456	0.000365	0.001456
queen_tt0436697		0.000000		0.000000	
quest.for.fire_tt0082484	1982	0.000000	0.000000	0.000000	0.000000
quiet.place.day.one_tt13433802	2024	0.006258	0.020000	0.006258	0.020000
quiet_place	2018	0.088677	0.162907	0.088677	0.162907
quiz.show_tt0110932		0.000000		0.000000	
race.to.witch.m_tt1075417	2009	0.058032	0.138138	0.058032	0.138138
racing.stripes_tt0376105	2005	0.003509	0.018182	0.003509	0.018182
radio.days_tt0093818		0.000000		0.000000	
raggedy.man_tt0082969	1981	0.000000	0.000000	0.000000	0.000000
raging_bull	1980	0.016008	0.085859	0.016008	0.085859
ragtime_tt0082970	1981	0.071161	0.166250	0.071161	0.166250
raiders_of_the_lost_ark	1982	0.000000	0.000000	0.000000	0.000000
rainmaker_tt0119978	1997	0.014378	0.047393	0.014378	0.047393
rainman	1989	0.000000	0.000000	0.000000	0.000000
raising.arizona_tt0093822	1987	0.011390	0.064935	0.011390	0.064935
rambo_2	1985	0.000000	0.000000	0.000000	0.000000
rambo_3	1988	0.000000	0.000000	0.000000	0.000000
rambo_first_blood	1982	0.000000		0.000000	
rampage_tt2231461	2018	0.024739	0.057107	0.024739	0.057107
ran_tt0089881		0.000000		0.000000	
ransom	1996	0.037559	0.128773	0.037559	0.128773
rat.race_tt0250687	2001	0.184096	0.406739	0.184096	0.406739
ray_tt0350258	2004	0.035344	0.086705	0.035344	0.086705
reader_tt0976051		0.000000		0.000000	
ready.to.wear_tt0110907		0.000000		0.000000	
ready_player_one	2018	0.041877	0.171598	0.041877	0.171598
real_steel	2011	0.007504	0.035211	0.007504	0.035211
red.eye_tt0421239	2005	0.138981	0.178876	0.138981	0.178876
red.heat_tt0095963	1988	0.000000	0.000000	0.000000	0.000000
red.one_tt14948432	2024	0.007048	0.040632	0.007048	0.040632
red.rocket_tt13453006		0.000000		0.000000	
red_dawn	1984	0.008427	0.098901	0.008427	0.098901
red_dragon	2002	0.010366	0.042254	0.010366	0.042254
red_tt1245526	2010	0.049352	0.119760	0.049352	0.119760
reds	1982	0.038789	0.080396	0.038789	0.080396
regarding_henry	1991	0.077228	0.144444	0.077228	0.144444
reign.of.fire_tt0253556	2002	0.000728	0.004329	0.000728	0.004329
remains.of.the._tt0107943		0.000000		0.000000	
remember_the_titans	2000	0.004289	0.038961	0.004289	0.038961
replacements_tt0191397	2000	0.012415	0.112628	0.012415	0.112628
resident.evil.a_tt1220634	2010	0.114896	0.205006	0.114896	0.205006
resident.evil.e_tt0432021	2007	0.058919	0.133252	0.058919	0.133252
resident.evil.w_tt6920084	2021	0.001004	0.002506	0.001004	0.002506
respect_tt2452150	2021	0.256063	0.315155	0.256063	0.315155
return_of_the_jedi	1997	0.003525	0.024055	0.003525	0.024055
reuben.reuben_tt0084591		0.000000		0.000000	
revenant	2016	0.000000	0.000000	0.000000	0.000000
revenge.of.the._tt0093857	1987	0.000000	0.000000	0.000000	0.000000
revenge_of_the_nerds	1984	0.008419	0.045918	0.008419	0.045918
revenge_of_the_sith	2005	0.004742	0.048387	0.004742	0.048387
reversal.of.fortune_tt0100486		0.000000		0.000000	
revolutionary.r_tt0959337		0.000000		0.000000	
rhinestone_tt0088001	1984	0.044510	0.069984	0.044510	0.069984
rhythm.section_tt7134096	2020	0.021195	0.033777	0.021195	0.033777
richard.jewell_tt3513548	2020	0.015674	0.044346	0.015674	0.044346
ride_along	2014	0.000000	0.000000	0.000000	0.000000
ride_along_2	2016	0.030646	0.112469	0.030646	0.112469
rider_tt6217608		0.000000		0.000000	
right.stuff_tt0086197		0.000000		0.000000	
ring	2002	0.116078	0.184422	0.116078	0.184422
ring_2_fs	2005	0.075783	0.117798	0.075783	0.117798
rise_of_skywalker	2020	0.041764	0.086660	0.041764	0.086660
rise_of_the_planet_of_the_apes	2011	0.006440	0.048035	0.006440	0.048035
rising_sun	1993	0.003273	0.020101	0.003273	0.020101
risky_business	1983	0.021798	0.072072	0.021798	0.072072
river.wild_tt0110997	1994	0.012582	0.030612	0.012582	0.030612
road.house_tt0098206	1989	0.011212	0.058608	0.011212	0.058608
road.trip_tt0215129	2000	0.040936	0.145329	0.040936	0.145329
road.warrior_tt0082694	1982	0.002259	0.032258	0.002259	0.032258
road_to_perdition	2002	0.000000	0.000000	0.000000	0.000000
roadie_tt0081433	1980	0.040564	0.085661	0.040564	0.085661
robin.hood.men._tt0107977	1993	0.083105	0.319298	0.083105	0.319298
robin_hood	2010	0.016313	0.087146	0.016313	0.087146
robin_hood_prince_of_thieves	1991	0.008386	0.044944	0.008386	0.044944
robocop	1987	0.000000	0.000000	0.000000	0.000000
robocop_2	1990	0.020266	0.064777	0.020266	0.064777
robocop_tt1234721	2014	0.028483	0.115265	0.028483	0.115265
rock	1996	0.000000	0.000000	0.000000	0.000000
rocketeer	1991	0.013141	0.048951	0.013141	0.048951
rocketman	2019	0.018494	0.132075	0.018494	0.132075
rocky.v_tt0100507	1990	0.010714	0.042857	0.010714	0.042857
rocky_3	1982	0.010108	0.047782	0.010108	0.047782
rocky_4	1986	0.003581	0.023055	0.003581	0.023055
rogue_nation	2015	0.000000	0.000000	0.000000	0.000000
rogue_one	2017	0.022133	0.065554	0.022133	0.065554
role.models_tt0430922	2008	0.026767	0.072254	0.026767	0.072254
rollover_tt0083006	1981	0.008997	0.019663	0.008997	0.019663
roma_tt6155172		0.000000		0.000000	
romancing_the_stone	1984	0.053292	0.100592	0.053292	0.100592
romeo..juliet_tt0117509	1996	0.067761	0.244275	0.067761	0.244275
romeo.must.die_tt0165929	2000	0.008933	0.037106	0.008933	0.037106
ronin_tt0122690	1998	0.000000	0.000000	0.000000	0.000000
rookie	1993	0.000000	0.000000	0.000000	0.000000
rookie_tt0265662	2002	0.001562	0.012000	0.001562	0.012000
room_tt3170832		0.000000		0.000000	
roxanne_fs	1987	0.068758	0.209559	0.068758	0.209559
royal.tenenbaum_tt0265666	2002	0.074713	0.194030	0.074713	0.194030
rules.of.engage_tt0160797	2000	0.000000	0.000000	0.000000	0.000000
rumble.in.the.b_tt0113326	1996	0.006429	0.035714	0.006429	0.035714
runaway.train_tt0089941		0.000000		0.000000	
runaway_bride	1999	0.175293	0.245648	0.175293	0.245648
running.man_tt0093894	1987	0.010606	0.048951	0.010606	0.048951
running.on.empty_tt0096018		0.000000		0.000000	
running.scared_tt0091875	1986	0.003499	0.022321	0.003499	0.022321
rush_hour	1998	0.007733	0.082278	0.007733	0.082278
rush_hour_2	2001	0.059817	0.217391	0.059817	0.217391
rush_hour_3_fs	2007	0.018002	0.072600	0.018002	0.072600
rush_tt1979320		0.000000		0.000000	
ruthless_people	1986	0.086598	0.195349	0.086598	0.195349
rv	2006	0.244521	0.425507	0.244521	0.425507
sabrina_tt0114319		0.000000		0.000000	
safe.haven_tt1702439	2013	0.061550	0.117391	0.061550	0.117391
safe_house	2012	0.007496	0.069106	0.007496	0.069106
safe_tt0114323		0.000000		0.000000	
sahara_tt0318649	2005	0.001162	0.007299	0.001162	0.007299
saint_tt0120053	1997	0.023415	0.070568	0.023415	0.070568
salmon.fishing._tt1441952		0.000000		0.000000	
salt	2010	0.008205	0.018038	0.008205	0.018038
san_andreas	2015	0.051908	0.100990	0.051908	0.100990
sandlot_tt0108037	1993	0.000000	0.000000	0.000000	0.000000
santa.claus.the_tt0089961	1985	0.026685	0.098701	0.026685	0.098701
santa_clause	1994	0.006696	0.029703	0.006696	0.029703
santa_clause_2	2002	0.021809	0.058074	0.021809	0.058074
santa_clause_3	2006	0.181107	0.329775	0.181107	0.329775
save_the_last_dance	2001	0.194282	0.260767	0.194282	0.260767
saving_private_ryan	1998	0.002693	0.030928	0.002693	0.030928
saw.10_tt21807222	2023	0.092631	0.177585	0.092631	0.177585
saw.iv_tt0890870	2007	0.010233	0.050808	0.010233	0.050808
saw.v_tt1132626	2008	0.058920	0.199630	0.058920	0.199630
saw_2	2005	0.032895	0.088652	0.032895	0.088652
saw_3	2006	0.116573	0.220745	0.116573	0.220745
scarface_tt0086250	1984	0.033375	0.150418	0.033375	0.150418
scary.movie.2_tt0257106	2001	0.094522	0.189655	0.094522	0.189655
scary.stories.t_tt3387520	2019	0.031333	0.062169	0.031333	0.062169
scary_movie	2000	0.137017	0.201111	0.137017	0.201111
scary_movie_3	2003	0.124151	0.224330	0.124151	0.224330
scary_movie_4	2006	0.158436	0.313327	0.158436	0.313327
scent_of_a_woman	1993	0.001221	0.012422	0.001221	0.012422
schindlers_list	1994	0.191522	0.481905	0.191522	0.481905
school.of.rock_tt0332379	2003	0.290678	0.435279	0.290678	0.435279
scooby_doo	2002	0.077189	0.181081	0.077189	0.181081
scooby_doo_2	2004	0.105327	0.285246	0.105327	0.285246
score_tt0227445	2001	0.000000	0.000000	0.000000	0.000000
scorpion.king_tt0277296	2002	0.019629	0.073022	0.019629	0.073022
scream	1997	0.106310	0.172222	0.106310	0.172222
scream.6_tt17663992	2023	0.321651	0.433141	0.321651	0.433141
scream_2	1997	0.182703	0.253175	0.182703	0.253175
scream_3	2000	0.183429	0.262687	0.183429	0.262687
scream_tt11245972	2022	0.283723	0.382038	0.283723	0.382038
scrooged	1988	0.054829	0.145215	0.054829	0.145215
sea_of_love	1989	0.002868	0.008152	0.002868	0.008152
seabiscuit_fs	2003	0.004965	0.030769	0.004965	0.030769
secret.garden_tt0108071	1993	0.076923	0.105882	0.076923	0.105882
secret_of_my_success	1987	0.055308	0.124000	0.055308	0.124000
secretariat_tt1028576	2010	0.229822	0.355180	0.229822	0.355180
secrets..lies_tt0117589		0.000000		0.000000	
see_no_evil_hear_no_evil	1989	0.018486	0.076642	0.018486	0.076642
selma_tt1020072	2015	0.048399	0.147505	0.048399	0.147505
sense.and.sensi_tt0114388	1996	0.541978	0.589512	0.541978	0.589512
serendipity_tt0240890	2001	0.124352	0.254237	0.124352	0.254237
serpent.and.the_tt0096071	1988	0.009002	0.031792	0.009002	0.031792
set.it.off_tt0117603	1996	0.278907	0.418095	0.278907	0.418095
seven	1995	0.000000	0.000000	0.000000	0.000000
sex.lies.and.vi_tt0098724	1989	0.078727	0.109302	0.078727	0.109302
sex_and_the_city	2008	0.496818	0.538159	0.496818	0.538159
sex_and_the_city_2	2010	0.467678	0.530797	0.467678	0.530797
shack_tt2872518	2017	0.060261	0.129070	0.060261	0.129070
shadow_tt0111143	1994	0.001427	0.008621	0.001427	0.008621
shadowlands_tt0108101	1994	0.025872	0.052995	0.025872	0.052995
shaft_2000	2000	0.026185	0.107969	0.026185	0.107969
shaggy.dog_tt0393735	2006	0.060721	0.150235	0.060721	0.150235
shakespeare_in_love	1999	0.079812	0.177546	0.079812	0.177546
shallow.hal_tt0256380	2001	0.026679	0.071782	0.026679	0.071782
shallows_tt4052882	2016	0.000000	0.000000	0.000000	0.000000
shangchi.and.th_tt9376612	2021	0.132020	0.242534	0.132020	0.242534
shanghai.knight_tt0300471	2003	0.005682	0.035191	0.005682	0.035191
shanghai.noon_tt0184894	2000	0.002185	0.013889	0.002185	0.013889
shape.of.water_tt5580390		0.000000		0.000000	
sharkys_machine_fs	1982	0.000000	0.000000	0.000000	0.000000
shawshank.redem_tt0111161		0.000000		0.000000	
shazam	2019	0.060190	0.233456	0.060190	0.233456
shazam.fury.of._tt10151854	2023	0.158683	0.294913	0.158683	0.294913
sherlock_holmes	2010	0.000000	0.000000	0.000000	0.000000
sherlock_holmes_game_of_shadows	2012	0.005399	0.025692	0.005399	0.025692
shes.all.that_tt0160862	1999	0.214751	0.306028	0.214751	0.306028
shine_tt0117631		0.000000		0.000000	
shining	1980	0.036866	0.101695	0.036866	0.101695
shirley.valentine_tt0098319		0.000000		0.000000	
shoot.to.kill_tt0096098	1988	0.000000	0.000000	0.000000	0.000000
shooter_tt0822854	2007	0.000417	0.002899	0.000417	0.002899
short.circuit.2_tt0096101	1988	0.000000	0.000000	0.000000	0.000000
short.cuts_tt0108122		0.000000		0.000000	
short_circuit	1986	0.005269	0.018595	0.005269	0.018595
shutter_island	2010	0.004923	0.031915	0.004923	0.031915
sideways_tt0375063	2005	0.039807	0.113793	0.039807	0.113793
siege_tt0133952	1998	0.005233	0.014327	0.005233	0.014327
signs	2002	0.003527	0.012500	0.003527	0.012500
silence.of.the._tt0083079	1981	0.023022	0.039900	0.023022	0.039900
silence_of_the_lambs	1991	0.037356	0.053719	0.037356	0.053719
silkwood	1984	0.195473	0.240506	0.195473	0.240506
silver_linings_playbook	2013	0.063433	0.114350	0.063433	0.114350
silverado	1985	0.017306	0.124324	0.017306	0.124324
simple.favor_tt7040874	2018	0.297685	0.337079	0.297685	0.337079
sin.city_tt0401792	2005	0.055524	0.148092	0.055524	0.148092
single.white.fe_tt0105414	1992	0.242585	0.308625	0.242585	0.308625
sinners_tt31193180	2025	0.082522	0.189160	0.082522	0.189160
sister.act.2.ba_tt0108147	1993	0.510014	0.613597	0.510014	0.613597
sister_act	1992	0.577105	0.663043	0.577105	0.663043
six.pack_tt0084690	1982	0.020833	0.058824	0.020833	0.058824
six_days_seven_nights	1998	0.027613	0.043818	0.027613	0.043818
sixteen.candles_tt0088128	1984	0.296353	0.390782	0.296353	0.390782
sixth_sense	1999	0.015827	0.070513	0.015827	0.070513
sky.high_tt0405325	2005	0.167080	0.319734	0.167080	0.319734
skyfall	2012	0.013210	0.042796	0.013210	0.042796
skyscraper_tt5758778	2018	0.022602	0.103687	0.022602	0.103687
sleepers	1996	0.008009	0.061135	0.008009	0.061135
sleeping_with_the_enemy	1991	0.064000	0.091603	0.064000	0.091603
sleepless_in_seattle_fs	1993	0.114047	0.187643	0.114047	0.187643
sleepwalkers_tt0105428	1992	0.106464	0.192771	0.106464	0.192771
sleepy_hollow	1999	0.032396	0.129278	0.032396	0.129278
sliver_tt0108162	1993	0.107566	0.145320	0.107566	0.145320
slumdog_millionaire	2009	0.000461	0.003690	0.000461	0.003690
small.soldiers_tt0122718	1998	0.022075	0.078534	0.022075	0.078534
smile.2_tt29268110	2024	0.208776	0.254091	0.208776	0.254091
smile_tt15474916	2022	0.221071	0.251969	0.221071	0.251969
smokey_and_the_bandit_2	1980	0.000000	0.000000	0.000000	0.000000
snake.eyes_tt0120832	1998	0.011006	0.045161	0.011006	0.045161
snake.eyes_tt8404256	2021	0.011350	0.050667	0.011350	0.050667
snatched_tt2334871	2017	0.194088	0.258160	0.194088	0.258160
sneakers_tt0105435	1992	0.002611	0.012245	0.002611	0.012245
snow.day_tt0184907	2000	0.085156	0.150552	0.085156	0.150552
snow.dogs_tt0281373	2002	0.027998	0.120455	0.027998	0.120455
snow.white_tt6208148	2025	0.044444	0.085620	0.044444	0.085620
snow_white_and_the_huntsman	2012	0.035327	0.081181	0.035327	0.081181
soapdish_tt0102951	1991	0.393232	0.478014	0.393232	0.478014
sob_tt0083015		0.000000		0.000000	
social.network.movie_tt1285016	2010	0.024540	0.081752	0.024540	0.081752
solo	2018	0.006979	0.026906	0.006979	0.026906
some.kind.of.he_tt0083107	1982	0.020258	0.076389	0.020258	0.076389
something_about_mary	1998	0.097808	0.185600	0.097808	0.185600
something_to_talk_about	1995	0.194643	0.270136	0.194643	0.270136
somethings.gott_tt0337741	2004	0.168884	0.223275	0.168884	0.223275
somewhere.in.ti_tt0081534	1980	0.025381	0.061475	0.025381	0.061475
sommersby	1993	0.040698	0.085217	0.040698	0.085217
son.in.law_tt0108186	1993	0.094679	0.185135	0.094679	0.185135
son.of.god_tt3210686	2014	0.021341	0.120690	0.021341	0.120690
sonic.the.hedge_tt12412888	2022	0.042401	0.220524	0.042401	0.220524
sonic.the.hedge_tt18259086	2025	0.001976	0.013699	0.001976	0.013699
sonic_the_hedgehog	2020	0.019502	0.095745	0.019502	0.095745
sophies.choice_tt0084707	1983	0.012097	0.018000	0.012097	0.018000
sorcerers.appre_tt0963966	2010	0.002840	0.016018	0.002840	0.016018
soul.food_tt0120169	1997	0.266567	0.401345	0.266567	0.401345
soul.man_tt0091991	1986	0.016425	0.038117	0.016425	0.038117
sound.of.freedom_tt7599146	2023	0.000000	0.000000	0.000000	0.000000
sound.of.metal_tt5363618		0.000000		0.000000	
source.code_tt0945513	2011	0.002952	0.006369	0.002952	0.006369
southpaw_tt1798684	2015	0.038268	0.137681	0.038268	0.137681
space_cowboys	2000	0.031088	0.123007	0.031088	0.123007
spaceballs_fs	1987	0.007944	0.027304	0.007944	0.027304
spacehunter.adv_tt0086346	1983	0.018644	0.071895	0.018644	0.071895
spawn_tt0120177	1997	0.002203	0.015326	0.002203	0.015326
speak.no.evil_tt27534307	2024	0.141127	0.279042	0.141127	0.279042
specialist	1994	0.000000	0.000000	0.000000	0.000000
species	1995	0.040711	0.088424	0.040711	0.088424
spectre	2015	0.000874	0.003559	0.000874	0.003559
speed	1994	0.067888	0.260331	0.067888	0.260331
speed.2.cruise._tt0120179	1997	0.048023	0.162420	0.048023	0.162420
sphere_tt0120184	1998	0.000980	0.004040	0.000980	0.004040
sphinx_tt0083113	1981	0.000000	0.000000	0.000000	0.000000
spiderman	2002	0.019112	0.071567	0.019112	0.071567
spiderman.no.wa_tt10872600	2022	0.002712	0.009695	0.002712	0.009695
spiderman_2_fs	2004	0.023049	0.071778	0.023049	0.071778
spiderman_3	2007	0.037017	0.105505	0.037017	0.105505
spiderman_far_from_home	2019	0.052928	0.159061	0.052928	0.159061
spiderman_homecoming	2017	0.031467	0.178241	0.031467	0.178241
spiderwick.chro_tt0416236	2008	0.076389	0.221328	0.076389	0.221328
spies_like_us_fs	1986	0.000658	0.004854	0.000658	0.004854
spiral_tt10342730	2021	0.006518	0.051282	0.006518	0.051282
splash	1984	0.028440	0.085399	0.028440	0.085399
split	2017	0.151899	0.204380	0.151899	0.204380
spotlight_tt1895587		0.000000		0.000000	
spring.break_tt0086352	1983	0.053305	0.202429	0.053305	0.202429
spy	2015	0.272511	0.370439	0.272511	0.370439
spy.game_tt0266987	2001	0.002206	0.022901	0.002206	0.022901
spy.kids.2.isla_tt0287717	2002	0.093378	0.174533	0.093378	0.174533
spy_kids	2001	0.065126	0.122047	0.065126	0.122047
spy_kids_3	2003	0.039474	0.116883	0.039474	0.116883
squid.and.the.w_tt0367089		0.000000		0.000000	
st..vincent_tt2170593		0.000000		0.000000	
st_elmos_fire	1985	0.161180	0.229402	0.161180	0.229402
stakeout	1987	0.002200	0.008016	0.002200	0.008016
stand_by_me	1986	0.000000	0.000000	0.000000	0.000000
star.trek.insur_tt0120844	1998	0.048760	0.163435	0.048760	0.163435
star.wars.episo_tt0076759	1997	0.004995	0.039370	0.004995	0.039370
star_is_born	2018	0.028259	0.048212	0.028259	0.048212
star_trek_2	1982	0.055672	0.150568	0.055672	0.150568
star_trek_3	1984	0.024368	0.088235	0.024368	0.088235
star_trek_4	1987	0.039216	0.105012	0.039216	0.105012
star_trek_5_final_frontier	1989	0.013514	0.118644	0.013514	0.118644
star_trek_6	1991	0.035559	0.119221	0.035559	0.119221
star_trek_beyond	2016	0.009034	0.058608	0.009034	0.058608
star_trek_first_contact	1996	0.039130	0.109980	0.039130	0.109980
star_trek_generations	1994	0.052786	0.172662	0.052786	0.172662
star_trek_into_darkness	2013	0.006441	0.032345	0.006441	0.032345
star_trek_xi	2009	0.009850	0.061290	0.009850	0.061290
star_wars_2_attack_of_the_clones	2002	0.023681	0.126074	0.023681	0.126074
stardust.memori_tt0081554	1980	0.116766	0.265306	0.116766	0.265306
stargate.movie_tt0111282	1994	0.019052	0.121302	0.019052	0.121302
starship.troope_tt0120201	1997	0.093036	0.208537	0.093036	0.208537
starsky_and_hutch	2004	0.053412	0.394737	0.053412	0.394737
staying_alive	1983	0.044346	0.097403	0.044346	0.097403
steel.magnolias_tt0098384	1990	0.665605	0.747318	0.665605	0.747318
step.up.2.the.s_tt1023481	2008	0.127756	0.246250	0.127756	0.246250
step.up_tt0462590	2006	0.080915	0.183312	0.080915	0.183312
step_brothers	2008	0.025029	0.071786	0.025029	0.071786
stepford.wives_tt0327162	2004	0.271807	0.407235	0.271807	0.407235
stepmom_tt0120686	1999	0.429302	0.492669	0.429302	0.492669
stigmata_tt0145531	1999	0.063793	0.159254	0.063793	0.159254
still.crazy_tt0149151		0.000000		0.000000	
still.smokin_tt0086366	1983	0.000000	0.000000	0.000000	0.000000
stillwater_tt10696896	2021	0.028413	0.058908	0.028413	0.058908
stir_crazy	1980	0.000000	0.000000	0.000000	0.000000
stomp.the.yard_tt0775539	2007	0.011596	0.056689	0.011596	0.056689
stop.or.my.mom._tt0105477	1992	0.040105	0.073600	0.040105	0.073600
straight_outta_compton	2015	0.007780	0.057471	0.007780	0.057471
stranger.than.p_tt0088184		0.000000		0.000000	
strangers_tt0482606	2008	0.000000	0.000000	0.000000	0.000000
strangers_tt22050754	2024	0.029345	0.055794	0.029345	0.055794
strictly.ballro_tt0105488		0.000000		0.000000	
stripes	1981	0.054336	0.320988	0.054336	0.320988
striptease_tt0117765	1996	0.107759	0.192555	0.107759	0.192555
stuart_little	2000	0.077119	0.233933	0.077119	0.233933
student.bodies_tt0083133	1981	0.000000		0.000000	
stunt.man_tt0081568		0.000000		0.000000	
sudden_impact	1984	0.030093	0.080247	0.030093	0.080247
suicide.squad_tt6334354	2021	0.044948	0.116953	0.044948	0.116953
suicide_squad	2016	0.031601	0.088372	0.031601	0.088372
sully	2016	0.035027	0.119159	0.035027	0.119159
sum_of_all_fears	2002	0.003564	0.036765	0.003564	0.036765
summer.hours_tt0836700		0.000000		0.000000	
summer.rental_tt0090098	1985	0.053898	0.180645	0.053898	0.180645
summer.school_tt0094072	1987	0.119670	0.208134	0.119670	0.208134
sunshine_tt0145503		0.000000		0.000000	
super_8	2011	0.013776	0.050228	0.013776	0.050228
superbad	2007	0.049211	0.202597	0.049211	0.202597
superman_2	1981	0.031915	0.094192	0.031915	0.094192
superman_3	1983	0.035755	0.149038	0.035755	0.149038
superman_returns	2006	0.011394	0.034562	0.011394	0.034562
superman_tt5950044	2025	0.011147	0.037915	0.011147	0.037915
survivors_tt0086397	1983	0.000000	0.000000	0.000000	0.000000
swat	2003	0.031965	0.093909	0.031965	0.093909
sweeney.todd.th_tt0408236		0.000000		0.000000	
sweet.hereafter_tt0120255		0.000000		0.000000	
sweet_home_alabama	2002	0.200890	0.268251	0.200890	0.268251
sweetie_tt0098725		0.000000		0.000000	
sword_and_the_sorcerer	1982	0.000936	0.004202	0.000936	0.004202
swordfish_tt0244244	2001	0.019351	0.095679	0.019351	0.095679
tag_tt2854926	2018	0.086262	0.185658	0.086262	0.185658
taken	2009	0.055169	0.192042	0.055169	0.192042
taken_2	2012	0.014804	0.056259	0.014804	0.056259
taken_3	2015	0.003551	0.021311	0.003551	0.021311
taking.of.pelha_tt1111422	2009	0.000810	0.014286	0.000810	0.014286
talented.mr..ri_tt0134119	2000	0.024158	0.078189	0.024158	0.078189
talk.to.her_tt0287467		0.000000		0.000000	
talk.to.me_tt10638522	2023	0.169460	0.229219	0.169460	0.229219
talladega_nights	2006	0.012552	0.058824	0.012552	0.058824
tammy_tt2103254	2014	0.391950	0.471333	0.391950	0.471333
tango_and_cash	1990	0.004345	0.045714	0.004345	0.045714
taps	1982	0.000000	0.000000	0.000000	0.000000
teachers_tt0088242	1984	0.031535	0.070764	0.031535	0.070764
ted	2012	0.028028	0.087912	0.028028	0.087912
ted.2_tt2637276	2015	0.042432	0.104639	0.042432	0.104639
teen_wolf	1985	0.100444	0.268409	0.100444	0.268409
teenage.mutant._tt0108308	1993	0.026245	0.105405	0.026245	0.105405
teenage.mutant._tt3949660	2016	0.034020	0.121990	0.034020	0.121990
temple_of_doom	1984	0.000000	0.000000	0.000000	0.000000
tender.mercies_tt0086423		0.000000		0.000000	
tenet	2020	0.001068	0.005181	0.001068	0.005181
tequila.sunrise_tt0096244	1988	0.006364	0.019022	0.006364	0.019022
terabithia_fs	2007	0.087679	0.162939	0.087679	0.162939
terminal_tt0362227	2004	0.009143	0.029197	0.009143	0.029197
terminator	1984	0.017903	0.051565	0.017903	0.051565
terminator.dark_tt6450804	2019	0.250766	0.419166	0.250766	0.419166
terminator_2	1991	0.009796	0.033557	0.009796	0.033557
terminator_3	2003	0.013675	0.035556	0.013675	0.035556
terminator_genisys	2015	0.009642	0.027668	0.009642	0.027668
terminator_salvation	2009	0.020270	0.075000	0.020270	0.075000
terms_of_endearment	1984	0.174044	0.214907	0.174044	0.214907
terrifier.3_tt27911000	2024	0.019673	0.092982	0.019673	0.092982
texas.chainsaw._tt0324216	2003	0.081687	0.213687	0.081687	0.213687
thank.you.for.s_tt0427944		0.000000		0.000000	
thelma_and_louise	1991	0.207420	0.349432	0.207420	0.349432
theory.of.every_tt2980516		0.000000		0.000000	
there.will.be.b_tt0469494		0.000000		0.000000	
thin.red.line_tt0120863		0.000000		0.000000	
thing_tt0084787	1982	0.000000		0.000000	
things.are.toug_tt0084788	1982	0.003344	0.025641	0.003344	0.025641
think.like.a.ma_tt2239832	2014	0.259534	0.502392	0.259534	0.502392
think_like_a_man	2012	0.151527	0.247051	0.151527	0.247051
this.christmas_tt0937375	2007	0.321762	0.449024	0.321762	0.449024
this.means.war_tt1596350	2012	0.111289	0.236633	0.111289	0.236633
this_is_the_end	2013	0.003219	0.070588	0.003219	0.070588
thomas_crown_affair	1999	0.014540	0.029557	0.014540	0.029557
thor	2011	0.044568	0.159681	0.044568	0.159681
thor.love.and.t_tt10648342	2022	0.093066	0.250614	0.093066	0.250614
thor_dark_world	2013	0.066532	0.210863	0.066532	0.210863
thor_ragnarok	2017	0.016469	0.058824	0.016469	0.058824
three.amigos_tt0092086	1986	0.023030	0.143396	0.023030	0.143396
three.billboard_tt5027774		0.000000		0.000000	
three.colors.re_tt0111495		0.000000		0.000000	
three.fugitives_tt0098471	1989	0.001030	0.041667	0.001030	0.041667
three.kings_tt0120188	1999	0.002401	0.033613	0.002401	0.033613
three_men_and_a_baby	1988	0.004334	0.026144	0.004334	0.026144
three_men_and_a_little_lady	1990	0.076487	0.130016	0.076487	0.130016
three_musketeers	1993	0.009247	0.054475	0.009247	0.054475
throw.momma.fro_tt0094142	1988	0.015192	0.044271	0.015192	0.044271
thunderbolts_tt20969586	2025	0.141830	0.236800	0.141830	0.236800
ticket.to.parad_tt14109724	2022	0.244913	0.313404	0.244913	0.313404
tightrope	1984	0.034568	0.095672	0.034568	0.095672
till_tt4960748		0.000000		0.000000	
time.machine_tt0268695	2002	0.008511	0.027778	0.008511	0.027778
time.travelers._tt0452694	2009	0.077503	0.120200	0.077503	0.120200
time_bandits	1982	0.000000	0.000000	0.000000	0.000000
time_to_kill	1996	0.043581	0.117647	0.043581	0.117647
timecop_tt0111438	1994	0.001527	0.008043	0.001527	0.008043
tin.men_tt0094155	1987	0.004171	0.026846	0.004171	0.026846
tin_cup	1996	0.045735	0.125884	0.045735	0.125884
tinker.tailor.s_tt1340800		0.000000		0.000000	
titanic	2012	0.106317	0.232323	0.106317	0.232323
tmnt_1990	1990	0.000000	0.000000	0.000000	0.000000
tmnt_2	1991	0.002128	0.018868	0.002128	0.018868
tmnt_2014	2014	0.046512	0.102142	0.046512	0.102142
to.live.and.die_tt0090180	1985	0.009669	0.085366	0.009669	0.085366
to.wong.foo.tha_tt0114682	1995	0.116746	0.342697	0.116746	0.342697
tomb.raider_tt1365519	2018	0.042545	0.067222	0.042545	0.067222
tombstone_tt0108358	1994	0.032676	0.147632	0.032676	0.147632
tommy.boy_tt0114694	1995	0.015272	0.080645	0.015272	0.080645
tomorrow_never_dies	1998	0.013118	0.059451	0.013118	0.059451
tomorrowland	2015	0.177908	0.293088	0.177908	0.293088
tooth.fairy_tt0808510	2010	0.049976	0.176166	0.049976	0.176166
tootsie	1983	0.070130	0.146739	0.070130	0.146739
top.gun.maveric_tt1745960	2022	0.005674	0.040094	0.005674	0.040094
top.secret_tt0088286	1984	0.002240	0.007692	0.002240	0.007692
top_gun	1986	0.010857	0.064846	0.010857	0.064846
topsyturvy_tt0151568		0.000000		0.000000	
total.recall_tt1386703	2012	0.020400	0.058411	0.020400	0.058411
total_recall	1990	0.015982	0.055336	0.015982	0.055336
tough.guys_tt0092105	1986	0.008675	0.065868	0.008675	0.065868
tourist_tt1243957		0.000000		0.000000	
tower.heist_tt0471042	2011	0.021046	0.082938	0.021046	0.082938
town	2010	0.000491	0.002208	0.000491	0.002208
toy_tt0084809	1983	0.000818	0.005917	0.000818	0.005917
tr_tt14444726		0.000000		0.000000	
trading_places	1983	0.006702	0.036101	0.006702	0.036101
traffic	2001	0.040530	0.142077	0.040530	0.142077
training_day	2001	0.000514	0.007042	0.000514	0.007042
trainwreck	2015	0.212297	0.277483	0.212297	0.277483
transformers	2007	0.010454	0.045855	0.010454	0.045855
transformers.ri_tt5090568	2023	0.014439	0.069663	0.014439	0.069663
transformers_age_of_extinction	2014	0.012420	0.058333	0.012420	0.058333
transformers_dark_of_the_moon	2011	0.019829	0.087031	0.019829	0.087031
transformers_last_knight	2017	0.013400	0.062774	0.013400	0.062774
transformers_revenge_of_the_fallen	2009	0.008163	0.041494	0.008163	0.041494
trap_tt26753003	2024	0.166110	0.260131	0.166110	0.260131
tree.of.life_tt0478304		0.000000		0.000000	
triangle.of.sad_tt7322224		0.000000		0.000000	
tron	1982	0.000000	0.000000	0.000000	0.000000
tron.ares_tt6604188	2025	0.010903	0.031250	0.010903	0.031250
tron_legacy	2011	0.009315	0.057432	0.009315	0.057432
tropic_thunder	2008	0.005243	0.114583	0.005243	0.114583
troy	2004	0.008515	0.042959	0.008515	0.042959
true_grit	2011	0.000000	0.000000	0.000000	0.000000
true_lies	1994	0.024197	0.079268	0.024197	0.079268
truman_show	1998	0.032520	0.095238	0.032520	0.095238
truth.about.cat_tt0117979	1996	0.273404	0.318859	0.273404	0.318859
tucker.the.man._tt0096316	1988	0.067439	0.280702	0.067439	0.280702
turner_and_hooch	1989	0.000000	0.000000	0.000000	0.000000
turning_tt7510346	2020	0.209867	0.263889	0.209867	0.263889
tuxedo_tt0290095	2002	0.011728	0.036466	0.011728	0.036466
twilight	2008	0.161894	0.220366	0.161894	0.220366
twilight_breaking_dawn_1	2011	0.132103	0.208749	0.132103	0.208749
twilight_breaking_dawn_2	2012	0.225886	0.333333	0.225886	0.333333
twilight_eclipse	2010	0.116162	0.168293	0.116162	0.168293
twilight_new_moon	2009	0.144670	0.182109	0.144670	0.182109
twilight_zone	1983	0.124871	0.361194	0.124871	0.361194
twins_fs	1989	0.059034	0.240876	0.059034	0.240876
twister	1996	0.090909	0.175481	0.090909	0.175481
twisters_tt12584954	2024	0.053695	0.114737	0.053695	0.114737
two.weeks.notic_tt0313737	2002	0.208566	0.286445	0.208566	0.286445
u.s..marshals_tt0120873	1998	0.010256	0.073864	0.010256	0.073864
u571	2000	0.003434	0.555556	0.003434	0.555556
ugly.truth_tt1142988	2009	0.154405	0.194064	0.154405	0.194064
unbearable.ligh_tt0096332		0.000000		0.000000	
unbearable.weig_tt11291274	2022	0.030595	0.093588	0.030595	0.093588
unbreakable	2000	0.019934	0.122449	0.019934	0.122449
unbroken_tt1809398	2015	0.009696	0.245902	0.009696	0.245902
uncharted_tt1464335	2022	0.010219	0.036332	0.010219	0.036332
uncle_buck	1989	0.072617	0.119701	0.072617	0.119701
uncommon.valor_tt0086508	1984	0.001739	0.057143	0.001739	0.057143
uncut_gems	2020	0.012446	0.056373	0.012446	0.056373
under.siege.2.d_tt0114781	1995	0.016419	0.108772	0.016419	0.108772
under_siege	1992	0.000000	0.000000	0.000000	0.000000
under_the_rainbow	1981	0.021041	0.096939	0.021041	0.096939
underdog_tt0467110	2007	0.000615	0.013158	0.000615	0.013158
underwater	2020	0.092920	0.177215	0.092920	0.177215
underworld.awak_tt1496025	2012	0.054355	0.129283	0.054355	0.129283
underworld.evol_tt0401855	2006	0.001889	0.005502	0.001889	0.005502
unfaithful_tt0250797	2002	0.043883	0.079042	0.043883	0.079042
unforgiven	1992	0.038556	0.281250	0.038556	0.281250
unhinged	2020	0.018065	0.029724	0.018065	0.029724
unholy_tt9419056	2021	0.054138	0.127737	0.054138	0.127737
universal.soldi_tt0105698	1992	0.017251	0.060194	0.017251	0.060194
unknown_tt1401152	2011	0.019363	0.054878	0.019363	0.054878
unlawful_entry	1992	0.027985	0.059406	0.027985	0.059406
unstoppable_tt0477080	2010	0.015605	0.076446	0.015605	0.076446
untitled.bob.ma_tt8521778	2024	0.032334	0.144876	0.032334	0.144876
untouchables	1987	0.000000	0.000000	0.000000	0.000000
up.close..perso_tt0118055	1996	0.084786	0.122146	0.084786	0.122146
up.in.the.air_tt1193138		0.000000		0.000000	
upside	2019	0.021412	0.066427	0.021412	0.066427
urban.legend_tt0146336	1998	0.187466	0.299391	0.187466	0.299391
us	2019	0.124507	0.213225	0.124507	0.213225
usual.suspects_tt0114814		0.000000		0.000000	
v.for.vendetta_tt0434409	2006	0.024572	0.061947	0.024572	0.061947
vacation	1983	0.236142	0.401130	0.236142	0.401130
vacation_tt1524930	2015	0.076561	0.127232	0.076561	0.127232
valentines_day	2010	0.132812	0.210093	0.132812	0.210093
valley.girl_tt0086525	1983	0.222336	0.314949	0.222336	0.314949
van_helsing_fs	2004	0.018922	0.078098	0.018922	0.078098
vanilla.sky_tt0259711	2001	0.011892	0.031384	0.011892	0.031384
vantage.point_tt0443274	2008	0.026490	0.129032	0.026490	0.129032
varsity.blues_tt0139699	1999	0.003316	0.021834	0.003316	0.021834
venom	2018	0.032583	0.113402	0.032583	0.113402
venom.3_tt16366836	2024	0.062599	0.268623	0.062599	0.268623
venom.let.there_tt7097896	2021	0.026555	0.107955	0.026555	0.107955
vera.drake_tt0383694		0.000000		0.000000	
verdict	1983	0.031963	0.087866	0.031963	0.087866
vertical.limit_tt0190865	2000	0.008502	0.031941	0.008502	0.031941
vice_tt6266538		0.000000		0.000000	
vicky.cristina._tt0497465		0.000000		0.000000	
victorvictoria_tt0084865	1982	0.033666	0.053360	0.033666	0.053360
view_to_a_kill	1985	0.024755	0.085209	0.024755	0.085209
village	2004	0.261214	0.380769	0.261214	0.380769
violent.night_tt12003946	2022	0.062345	0.213922	0.062345	0.213922
visit_tt3567288	2015	0.290625	0.424658	0.290625	0.424658
volcano_tt0120461	1997	0.020528	0.075851	0.020528	0.075851
volunteers_tt0090274	1985	0.000000	0.000000	0.000000	0.000000
vow	2012	0.147776	0.184258	0.147776	0.184258
wag.the.dog_tt0120885	1998	0.054748	0.126984	0.054748	0.126984
waiting.to.exha_tt0114885	1996	0.262829	0.286104	0.262829	0.286104
walk_the_line	2005	0.080745	0.150507	0.080745	0.150507
wall.street_tt0094291	1988	0.041830	0.193939	0.041830	0.193939
waltz.with.bash_tt1185616		0.000000		0.000000	
wanted_fs	2008	0.003976	0.016327	0.003976	0.016327
war.horse_tt1568911		0.000000		0.000000	
war.room_tt3832914	2015	0.173107	0.287548	0.173107	0.287548
war_for_the_planet_of_the_apes	2017	0.003506	0.033557	0.003506	0.033557
war_games	1983	0.005788	0.020642	0.005788	0.020642
war_of_the_roses	1990	0.034853	0.067241	0.034853	0.067241
war_of_the_worlds	2005	0.025961	0.079365	0.025961	0.079365
war_with_grandpa	2020	0.088620	0.227612	0.088620	0.227612
warm.bodies_tt1588173	2013	0.065765	0.121729	0.065765	0.121729
watchmen	2009	0.036757	0.133945	0.036757	0.133945
water.for.eleph_tt1067583	2011	0.036519	0.086397	0.036519	0.086397
waterboy	1998	0.031650	0.113801	0.031650	0.113801
waterworld	1995	0.035300	0.120462	0.035300	0.120462
way.back_tt8544498	2020	0.012206	0.098592	0.012206	0.098592
waynes.world.2_tt0108525	1993	0.003300	0.013201	0.003300	0.013201
waynes_world	1992	0.017483	0.047847	0.017483	0.047847
we.were.soldier_tt0277434	2002	0.041667	0.454023	0.041667	0.454023
weapons_tt26581740	2025	0.004598	0.015873	0.004598	0.015873
wedding.planner_tt0209475	2001	0.298625	0.352668	0.298625	0.352668
wedding.ringer_tt0884732	2015	0.067691	0.204142	0.067691	0.204142
wedding_crashers	2005	0.059724	0.135347	0.059724	0.135347
wedding_singer	1998	0.142170	0.220682	0.142170	0.220682
weekend.at.bern_tt0098627	1989	0.000000	0.000000	0.000000	0.000000
weird.science_tt0090305	1985	0.066770	0.147009	0.066770	0.147009
were_the_millers	2013	0.260297	0.432299	0.260297	0.432299
west.side.story_tt3581652	2021	0.122862	0.276224	0.122862	0.276224
what.dreams.may_tt0120889	1998	0.002861	0.008677	0.002861	0.008677
what.happens.in_tt1033643	2008	0.219963	0.311247	0.219963	0.311247
what.men.want_tt7634968	2019	0.207834	0.257567	0.207834	0.257567
what_about_bob	1991	0.178082	0.394794	0.178082	0.394794
what_lies_beneath	2000	0.116167	0.162602	0.116167	0.162602
what_women_want	2001	0.064841	0.099230	0.064841	0.099230
whats.love.got._tt0108551	1993	0.257492	0.317373	0.257492	0.317373
when.a.man.love_tt0111693	1994	0.168350	0.206044	0.168350	0.206044
when_harry_met_sally	1989	0.195122	0.233766	0.195122	0.233766
where.the.buffa_tt0081748	1980	0.002649	0.043478	0.002649	0.043478
where.the.crawd_tt9411972	2022	0.041130	0.063327	0.041130	0.063327
where.the.wild._tt0386117	2009	0.000000	0.000000	0.000000	0.000000
while_you_were_sleeping	1995	0.195824	0.246600	0.195824	0.246600
whiplash_tt2582802		0.000000		0.000000	
white.chicks_tt0381707	2004	0.228235	0.483068	0.228235	0.483068
white.fang_tt0103247	1991	0.000000	0.000000	0.000000	0.000000
white.house.down_tt2334879	2013	0.020766	0.071862	0.020766	0.071862
white.nights_tt0090319	1986	0.004490	0.011986	0.004490	0.011986
white.noise_tt0375210	2005	0.003115	0.013793	0.003115	0.013793
white_men_cant_jump	1992	0.024540	0.083333	0.024540	0.083333
whitney.houston_tt12193804	2022	0.173209	0.221594	0.173209	0.221594
who.framed.roge_tt0096438		0.000000		0.000000	
whole.nine.yard_tt0190138	2000	0.051911	0.102564	0.051911	0.102564
wholly.moses_tt0081751	1980	0.016043	0.070588	0.016043	0.070588
why.did.i.get.m_tt0906108	2007	0.339015	0.411968	0.339015	0.411968
why.did.i.get.m_tt1391137	2010	0.294625	0.380789	0.294625	0.380789
wicked.for.good_tt19847976	2025	0.175736	0.289236	0.175736	0.289236
wicked_tt1262426	2025	0.315663	0.464539	0.315663	0.464539
wild_hogs	2007	0.007985	0.043046	0.007985	0.043046
wild_wild_west	1999	0.018994	0.092643	0.018994	0.092643
wildcats_tt0092214	1986	0.133078	0.202329	0.133078	0.202329
willow	1988	0.015789	0.091371	0.015789	0.091371
wings.of.desire_tt0093191		0.000000		0.000000	
winters.bone_tt1399683		0.000000		0.000000	
witches_of_eastwick	1987	0.203438	0.297071	0.203438	0.297071
without.a.paddl_tt0364751	2004	0.027418	0.287958	0.027418	0.287958
witness	1985	0.012646	0.035616	0.012646	0.035616
wolf	1994	0.022300	0.050398	0.022300	0.050398
wolf.of.wall.st_tt0993846	2014	0.029588	0.118557	0.029588	0.118557
wolfen	1981	0.000000	0.000000	0.000000	0.000000
wolfman_tt0780653	2010	0.009873	0.048276	0.009873	0.048276
wolverine	2013	0.043074	0.092729	0.043074	0.092729
woman.in.black_tt1596365	2012	0.000000	0.000000	0.000000	0.000000
woman.in.red_tt0088414	1984	0.058252	0.116022	0.058252	0.116022
woman.king_tt8093700	2022	0.334061	0.492912	0.334061	0.492912
women.on.the.ve_tt0095675		0.000000		0.000000	
women.talking_tt13669038		0.000000		0.000000	
wonder	2017	0.233333	0.356549	0.233333	0.356549
wonder.boys_tt0185014		0.000000		0.000000	
wonder_woman	2017	0.088420	0.163350	0.088420	0.163350
wonder_woman_1984	2021	0.090137	0.200000	0.090137	0.200000
wonka_tt6166392	2024	0.063207	0.139773	0.063207	0.139773
working_girl	1989	0.397218	0.426202	0.397218	0.426202
world.according_tt0084917	1982	0.087061	0.158200	0.087061	0.158200
world.trade.cen_tt0469641	2006	0.060327	0.217712	0.060327	0.217712
world_is_not_enough	1999	0.034760	0.098676	0.034760	0.098676
world_war_z	2013	0.040852	0.138235	0.040852	0.138235
wrath.of.man_tt11083552	2021	0.001285	0.017391	0.001285	0.017391
wrath.of.the.ti_tt1646987	2012	0.002762	0.017621	0.002762	0.017621
x2	2003	0.055600	0.159353	0.055600	0.159353
x_files	1998	0.012650	0.046296	0.012650	0.046296
xanadu	1980	0.049491	0.134921	0.049491	0.134921
xmen	2000	0.014119	0.041018	0.014119	0.041018
xmen.dark.phoen_tt6565702	2019	0.081897	0.162393	0.081897	0.162393
xmen_apocalypse	2016	0.059961	0.153010	0.059961	0.153010
xmen_days_of_future_past	2014	0.003788	0.031746	0.003788	0.031746
xmen_first_class	2011	0.051610	0.155585	0.051610	0.155585
xmen_origins_wolverine	2009	0.009050	0.061111	0.009050	0.061111
xmen_the_last_stand	2006	0.042529	0.106017	0.042529	0.106017
xxx	2002	0.001885	0.010204	0.001885	0.010204
y.tu.mam.tambin_tt0245574		0.000000		0.000000	
year.of.the.dragon_tt0090350	1985	0.008844	0.031707	0.008844	0.031707
yentl_tt0086619	1984	0.173380	0.209968	0.173380	0.209968
yes.man_tt1068680	2008	0.041943	0.101786	0.041943	0.101786
yesterday_tt8079248	2019	0.049396	0.133713	0.049396	0.133713
yi.yi.a.one.and_tt0244316		0.000000		0.000000	
you_me_and_dupree	2006	0.010864	0.028986	0.010864	0.028986
young.guns.ii_tt0100994	1990	0.000000	0.000000	0.000000	0.000000
young_doctors_in_love	1982	0.032727	0.084507	0.032727	0.084507
young_guns_fs	1988	0.000000	0.000000	0.000000	0.000000
yours.mine..our_tt0443295	2005	0.215894	0.363839	0.215894	0.363839
youve_got_mail	1999	0.222672	0.302198	0.222672	0.302198
zapped_tt0084945	1982	0.107328	0.200000	0.107328	0.200000
zelig_tt0086637		0.000000		0.000000	
zero.dark.thirt_tt1790885	2013	0.047100	0.119867	0.047100	0.119867
zohan	2008	0.048760	0.161245	0.048760	0.161245
zombieland.doub_tt1560220	2019	0.184168	0.304000	0.184168	0.304000
zombieland_tt1156398	2009	0.066712	0.206751	0.066712	0.206751
zookeeper_tt1222817	2011	0.087133	0.158525	0.087133	0.158525
zoot.suit_tt0083365	1981	0.055172	0.157635	0.055172	0.157635
